site_id,current_date,future_date,days_ahead,current_rating,future_rating,current_severity,future_severity,borough,on_street,from_street,to_street
110010118430118450,2018-04-14,2018-09-01,140,9.110000,9.190000,0.098888889,0.090000000,Manhattan,1 AVENUE,EAST 72 STREET,EAST 73 STREET
110010118430118450,2018-09-01,2019-08-17,350,9.190000,9.110000,0.090000000,0.098888889,Manhattan,1 AVENUE,EAST 72 STREET,EAST 73 STREET
110010118430118450,2019-08-17,2020-10-03,413,9.110000,8.390000,0.098888889,0.178888889,Manhattan,1 AVENUE,EAST 72 STREET,EAST 73 STREET
110010118430118450,2020-10-03,2022-04-23,567,8.390000,7.890000,0.178888889,0.234444444,Manhattan,1 AVENUE,EAST 72 STREET,EAST 73 STREET
110010118430118450,2022-04-23,2023-01-14,266,7.890000,8.000000,0.234444444,0.222222222,Manhattan,1 AVENUE,EAST 72 STREET,EAST 73 STREET
110010118430118450,2023-01-14,2024-03-24,435,8.000000,6.270000,0.222222222,0.414444444,Manhattan,1 AVENUE,EAST 72 STREET,EAST 73 STREET
110010118430118450,2024-03-24,2025-07-06,469,6.270000,7.560000,0.414444444,0.271111111,Manhattan,1 AVENUE,EAST 72 STREET,EAST 73 STREET
110010118430118450,2025-07-06,2026-07-10,369,7.560000,8.770000,0.271111111,0.136666667,Manhattan,1 AVENUE,EAST 72 STREET,EAST 73 STREET
110010118450118470,2018-04-14,2018-09-01,140,8.050000,9.930000,0.216666667,0.007777778,Manhattan,1 AVENUE,EAST 73 STREET,EAST 74 STREET
110010118450118470,2018-09-01,2019-08-17,350,9.930000,9.930000,0.007777778,0.007777778,Manhattan,1 AVENUE,EAST 73 STREET,EAST 74 STREET
110010118450118470,2019-08-17,2020-10-03,413,9.930000,8.250000,0.007777778,0.194444444,Manhattan,1 AVENUE,EAST 73 STREET,EAST 74 STREET
110010118450118470,2020-10-03,2022-04-23,567,8.250000,8.000000,0.194444444,0.222222222,Manhattan,1 AVENUE,EAST 73 STREET,EAST 74 STREET
110010118450118470,2022-04-23,2023-01-14,266,8.000000,9.010000,0.222222222,0.110000000,Manhattan,1 AVENUE,EAST 73 STREET,EAST 74 STREET
110010118450118470,2023-01-14,2024-03-24,435,9.010000,7.750000,0.110000000,0.250000000,Manhattan,1 AVENUE,EAST 73 STREET,EAST 74 STREET
110010118450118470,2024-03-24,2025-07-06,469,7.750000,7.410000,0.250000000,0.287777778,Manhattan,1 AVENUE,EAST 73 STREET,EAST 74 STREET
110010118450118470,2025-07-06,2026-07-10,369,7.410000,8.140000,0.287777778,0.206666667,Manhattan,1 AVENUE,EAST 73 STREET,EAST 74 STREET
110010118470118490,2018-04-14,2018-09-01,140,9.110000,9.930000,0.098888889,0.007777778,Manhattan,1 AVENUE,EAST 74 STREET,EAST 75 STREET
110010118470118490,2018-09-01,2019-08-17,350,9.930000,9.110000,0.007777778,0.098888889,Manhattan,1 AVENUE,EAST 74 STREET,EAST 75 STREET
110010118470118490,2019-08-17,2020-10-03,413,9.110000,8.390000,0.098888889,0.178888889,Manhattan,1 AVENUE,EAST 74 STREET,EAST 75 STREET
110010118470118490,2020-10-03,2022-04-23,567,8.390000,8.770000,0.178888889,0.136666667,Manhattan,1 AVENUE,EAST 74 STREET,EAST 75 STREET
110010118470118490,2022-04-23,2023-01-14,266,8.770000,9.110000,0.136666667,0.098888889,Manhattan,1 AVENUE,EAST 74 STREET,EAST 75 STREET
110010118470118490,2023-01-14,2024-03-24,435,9.110000,7.790000,0.098888889,0.245555556,Manhattan,1 AVENUE,EAST 74 STREET,EAST 75 STREET
110010118470118490,2024-03-24,2025-07-06,469,7.790000,7.560000,0.245555556,0.271111111,Manhattan,1 AVENUE,EAST 74 STREET,EAST 75 STREET
110010118470118490,2025-07-06,2026-07-10,369,7.560000,8.240000,0.271111111,0.195555556,Manhattan,1 AVENUE,EAST 74 STREET,EAST 75 STREET
110010118490118510,2018-04-14,2018-09-01,140,9.110000,9.930000,0.098888889,0.007777778,Manhattan,1 AVENUE,EAST 75 STREET,EAST 76 STREET
110010118490118510,2018-09-01,2019-08-17,350,9.930000,9.110000,0.007777778,0.098888889,Manhattan,1 AVENUE,EAST 75 STREET,EAST 76 STREET
110010118490118510,2019-08-17,2020-10-03,413,9.110000,8.490000,0.098888889,0.167777778,Manhattan,1 AVENUE,EAST 75 STREET,EAST 76 STREET
110010118490118510,2020-10-03,2022-04-23,567,8.490000,8.590000,0.167777778,0.156666667,Manhattan,1 AVENUE,EAST 75 STREET,EAST 76 STREET
110010118490118510,2022-04-23,2023-01-14,266,8.590000,9.010000,0.156666667,0.110000000,Manhattan,1 AVENUE,EAST 75 STREET,EAST 76 STREET
110010118490118510,2023-01-14,2024-03-24,435,9.010000,7.360000,0.110000000,0.293333333,Manhattan,1 AVENUE,EAST 75 STREET,EAST 76 STREET
110010118490118510,2024-03-24,2025-07-06,469,7.360000,7.410000,0.293333333,0.287777778,Manhattan,1 AVENUE,EAST 75 STREET,EAST 76 STREET
110010118490118510,2025-07-06,2026-07-10,369,7.410000,6.900000,0.287777778,0.344444444,Manhattan,1 AVENUE,EAST 75 STREET,EAST 76 STREET
110010118510118530,2018-06-02,2018-09-01,91,9.110000,9.930000,0.098888889,0.007777778,Manhattan,1 AVENUE,EAST 76 STREET,EAST 77 STREET
110010118510118530,2018-09-01,2019-08-17,350,9.930000,9.930000,0.007777778,0.007777778,Manhattan,1 AVENUE,EAST 76 STREET,EAST 77 STREET
110010118510118530,2019-08-17,2020-10-03,413,9.930000,8.390000,0.007777778,0.178888889,Manhattan,1 AVENUE,EAST 76 STREET,EAST 77 STREET
110010118510118530,2020-10-03,2022-04-23,567,8.390000,8.150000,0.178888889,0.205555556,Manhattan,1 AVENUE,EAST 76 STREET,EAST 77 STREET
110010118510118530,2022-04-23,2023-01-14,266,8.150000,9.110000,0.205555556,0.098888889,Manhattan,1 AVENUE,EAST 76 STREET,EAST 77 STREET
110010118510118530,2023-01-14,2024-03-24,435,9.110000,7.210000,0.098888889,0.310000000,Manhattan,1 AVENUE,EAST 76 STREET,EAST 77 STREET
110010118510118530,2024-03-24,2025-07-06,469,7.210000,6.920000,0.310000000,0.342222222,Manhattan,1 AVENUE,EAST 76 STREET,EAST 77 STREET
110010118510118530,2025-07-06,2026-07-10,369,6.920000,9.590000,0.342222222,0.045555556,Manhattan,1 AVENUE,EAST 76 STREET,EAST 77 STREET
110010118530118550,2018-06-02,2018-09-01,91,9.930000,9.930000,0.007777778,0.007777778,Manhattan,1 AVENUE,EAST 77 STREET,EAST 78 STREET
110010118530118550,2018-09-01,2019-08-17,350,9.930000,9.930000,0.007777778,0.007777778,Manhattan,1 AVENUE,EAST 77 STREET,EAST 78 STREET
110010118530118550,2019-08-17,2020-10-03,413,9.930000,9.930000,0.007777778,0.007777778,Manhattan,1 AVENUE,EAST 77 STREET,EAST 78 STREET
110010118530118550,2020-10-03,2022-04-23,567,9.930000,8.770000,0.007777778,0.136666667,Manhattan,1 AVENUE,EAST 77 STREET,EAST 78 STREET
110010118530118550,2022-04-23,2023-01-14,266,8.770000,9.110000,0.136666667,0.098888889,Manhattan,1 AVENUE,EAST 77 STREET,EAST 78 STREET
110010118530118550,2023-01-14,2024-03-24,435,9.110000,7.570000,0.098888889,0.270000000,Manhattan,1 AVENUE,EAST 77 STREET,EAST 78 STREET
110010118530118550,2024-03-24,2025-07-06,469,7.570000,7.590000,0.270000000,0.267777778,Manhattan,1 AVENUE,EAST 77 STREET,EAST 78 STREET
110010118530118550,2025-07-06,2026-07-10,369,7.590000,9.590000,0.267777778,0.045555556,Manhattan,1 AVENUE,EAST 77 STREET,EAST 78 STREET
110010118550118570,2018-06-02,2018-09-01,91,9.110000,9.110000,0.098888889,0.098888889,Manhattan,1 AVENUE,EAST 78 STREET,EAST 79 STREET
110010118550118570,2018-09-01,2019-08-17,350,9.110000,9.930000,0.098888889,0.007777778,Manhattan,1 AVENUE,EAST 78 STREET,EAST 79 STREET
110010118550118570,2019-08-17,2020-10-03,413,9.930000,9.110000,0.007777778,0.098888889,Manhattan,1 AVENUE,EAST 78 STREET,EAST 79 STREET
110010118550118570,2020-10-03,2022-04-23,567,9.110000,9.010000,0.098888889,0.110000000,Manhattan,1 AVENUE,EAST 78 STREET,EAST 79 STREET
110010118550118570,2022-04-23,2023-01-14,266,9.010000,8.240000,0.110000000,0.195555556,Manhattan,1 AVENUE,EAST 78 STREET,EAST 79 STREET
110010118550118570,2023-01-14,2024-03-24,435,8.240000,7.450000,0.195555556,0.283333333,Manhattan,1 AVENUE,EAST 78 STREET,EAST 79 STREET
110010118550118570,2024-03-24,2025-07-06,469,7.450000,8.800000,0.283333333,0.133333333,Manhattan,1 AVENUE,EAST 78 STREET,EAST 79 STREET
110010118550118570,2025-07-06,2026-07-10,369,8.800000,9.930000,0.133333333,0.007777778,Manhattan,1 AVENUE,EAST 78 STREET,EAST 79 STREET
110010118570118590,2018-06-02,2018-09-01,91,9.110000,9.930000,0.098888889,0.007777778,Manhattan,1 AVENUE,EAST 79 STREET,EAST 80 STREET
110010118570118590,2018-09-01,2019-08-17,350,9.930000,9.930000,0.007777778,0.007777778,Manhattan,1 AVENUE,EAST 79 STREET,EAST 80 STREET
110010118570118590,2019-08-17,2020-10-03,413,9.930000,9.930000,0.007777778,0.007777778,Manhattan,1 AVENUE,EAST 79 STREET,EAST 80 STREET
110010118570118590,2020-10-03,2022-04-23,567,9.930000,8.770000,0.007777778,0.136666667,Manhattan,1 AVENUE,EAST 79 STREET,EAST 80 STREET
110010118570118590,2022-04-23,2023-01-14,266,8.770000,9.110000,0.136666667,0.098888889,Manhattan,1 AVENUE,EAST 79 STREET,EAST 80 STREET
110010118570118590,2023-01-14,2024-03-24,435,9.110000,9.140000,0.098888889,0.095555556,Manhattan,1 AVENUE,EAST 79 STREET,EAST 80 STREET
110010118570118590,2024-03-24,2025-07-06,469,9.140000,7.560000,0.095555556,0.271111111,Manhattan,1 AVENUE,EAST 79 STREET,EAST 80 STREET
110010118570118590,2025-07-06,2026-07-10,369,7.560000,9.930000,0.271111111,0.007777778,Manhattan,1 AVENUE,EAST 79 STREET,EAST 80 STREET
110010118590118610,2018-06-02,2018-09-01,91,9.930000,9.930000,0.007777778,0.007777778,Manhattan,1 AVENUE,EAST 80 STREET,EAST 81 STREET
110010118590118610,2018-09-01,2019-08-17,350,9.930000,9.930000,0.007777778,0.007777778,Manhattan,1 AVENUE,EAST 80 STREET,EAST 81 STREET
110010118590118610,2019-08-17,2020-10-03,413,9.930000,9.930000,0.007777778,0.007777778,Manhattan,1 AVENUE,EAST 80 STREET,EAST 81 STREET
110010118590118610,2020-10-03,2022-04-23,567,9.930000,8.770000,0.007777778,0.136666667,Manhattan,1 AVENUE,EAST 80 STREET,EAST 81 STREET
110010118590118610,2022-04-23,2023-01-14,266,8.770000,9.110000,0.136666667,0.098888889,Manhattan,1 AVENUE,EAST 80 STREET,EAST 81 STREET
110010118590118610,2023-01-14,2024-03-24,435,9.110000,9.140000,0.098888889,0.095555556,Manhattan,1 AVENUE,EAST 80 STREET,EAST 81 STREET
110010118590118610,2024-03-24,2025-07-06,469,9.140000,9.440000,0.095555556,0.062222222,Manhattan,1 AVENUE,EAST 80 STREET,EAST 81 STREET
110010118590118610,2025-07-06,2026-07-10,369,9.440000,8.050000,0.062222222,0.216666667,Manhattan,1 AVENUE,EAST 80 STREET,EAST 81 STREET
110010118610118630,2018-06-02,2018-09-01,91,9.930000,9.930000,0.007777778,0.007777778,Manhattan,1 AVENUE,EAST 81 STREET,EAST 82 STREET
110010118610118630,2018-09-01,2019-08-17,350,9.930000,9.930000,0.007777778,0.007777778,Manhattan,1 AVENUE,EAST 81 STREET,EAST 82 STREET
110010118610118630,2019-08-17,2020-10-03,413,9.930000,8.490000,0.007777778,0.167777778,Manhattan,1 AVENUE,EAST 81 STREET,EAST 82 STREET
110010118610118630,2020-10-03,2022-04-23,567,8.490000,8.870000,0.167777778,0.125555556,Manhattan,1 AVENUE,EAST 81 STREET,EAST 82 STREET
110010118610118630,2022-04-23,2023-01-14,266,8.870000,9.930000,0.125555556,0.007777778,Manhattan,1 AVENUE,EAST 81 STREET,EAST 82 STREET
110010118610118630,2023-01-14,2024-03-24,435,9.930000,9.260000,0.007777778,0.082222222,Manhattan,1 AVENUE,EAST 81 STREET,EAST 82 STREET
110010118610118630,2024-03-24,2025-07-06,469,9.260000,9.440000,0.082222222,0.062222222,Manhattan,1 AVENUE,EAST 81 STREET,EAST 82 STREET
110010118610118630,2025-07-06,2026-07-10,369,9.440000,9.830000,0.062222222,0.018888889,Manhattan,1 AVENUE,EAST 81 STREET,EAST 82 STREET
110010118630118650,2018-06-02,2018-09-01,91,9.110000,9.930000,0.098888889,0.007777778,Manhattan,1 AVENUE,EAST 82 STREET,EAST 83 STREET
110010118630118650,2018-09-01,2019-08-17,350,9.930000,9.930000,0.007777778,0.007777778,Manhattan,1 AVENUE,EAST 82 STREET,EAST 83 STREET
110010118630118650,2019-08-17,2020-10-03,413,9.930000,9.110000,0.007777778,0.098888889,Manhattan,1 AVENUE,EAST 82 STREET,EAST 83 STREET
110010118630118650,2020-10-03,2022-04-23,567,9.110000,8.690000,0.098888889,0.145555556,Manhattan,1 AVENUE,EAST 82 STREET,EAST 83 STREET
110010118630118650,2022-04-23,2023-01-14,266,8.690000,9.110000,0.145555556,0.098888889,Manhattan,1 AVENUE,EAST 82 STREET,EAST 83 STREET
110010118630118650,2023-01-14,2024-03-24,435,9.110000,7.270000,0.098888889,0.303333333,Manhattan,1 AVENUE,EAST 82 STREET,EAST 83 STREET
110010118630118650,2024-03-24,2025-07-06,469,7.270000,8.140000,0.303333333,0.206666667,Manhattan,1 AVENUE,EAST 82 STREET,EAST 83 STREET
110010118630118650,2025-07-06,2026-07-10,369,8.140000,7.770000,0.206666667,0.247777778,Manhattan,1 AVENUE,EAST 82 STREET,EAST 83 STREET
110010118650118670,2018-06-02,2018-09-01,91,9.110000,9.110000,0.098888889,0.098888889,Manhattan,1 AVENUE,EAST 83 STREET,EAST 84 STREET
110010118650118670,2018-09-01,2019-08-17,350,9.110000,9.110000,0.098888889,0.098888889,Manhattan,1 AVENUE,EAST 83 STREET,EAST 84 STREET
110010118650118670,2019-08-17,2020-10-03,413,9.110000,9.690000,0.098888889,0.034444444,Manhattan,1 AVENUE,EAST 83 STREET,EAST 84 STREET
110010118650118670,2020-10-03,2022-04-23,567,9.690000,8.870000,0.034444444,0.125555556,Manhattan,1 AVENUE,EAST 83 STREET,EAST 84 STREET
110010118650118670,2022-04-23,2023-01-14,266,8.870000,7.240000,0.125555556,0.306666667,Manhattan,1 AVENUE,EAST 83 STREET,EAST 84 STREET
110010118650118670,2023-01-14,2024-03-24,435,7.240000,6.450000,0.306666667,0.394444444,Manhattan,1 AVENUE,EAST 83 STREET,EAST 84 STREET
110010118650118670,2024-03-24,2025-07-06,469,6.450000,9.440000,0.394444444,0.062222222,Manhattan,1 AVENUE,EAST 83 STREET,EAST 84 STREET
110010118650118670,2025-07-06,2026-07-10,369,9.440000,9.290000,0.062222222,0.078888889,Manhattan,1 AVENUE,EAST 83 STREET,EAST 84 STREET
110010118670118690,2018-06-02,2018-09-01,91,9.010000,8.050000,0.110000000,0.216666667,Manhattan,1 AVENUE,EAST   84 STREET,EAST   85 STREET
110010118670118690,2018-09-01,2019-08-17,350,8.050000,9.110000,0.216666667,0.098888889,Manhattan,1 AVENUE,EAST   84 STREET,EAST   85 STREET
110010118670118690,2019-08-17,2020-10-03,413,9.110000,9.930000,0.098888889,0.007777778,Manhattan,1 AVENUE,EAST   84 STREET,EAST   85 STREET
110010118670118690,2020-10-03,2022-04-23,567,9.930000,8.870000,0.007777778,0.125555556,Manhattan,1 AVENUE,EAST   84 STREET,EAST   85 STREET
110010118670118690,2022-04-23,2023-01-14,266,8.870000,9.010000,0.125555556,0.110000000,Manhattan,1 AVENUE,EAST   84 STREET,EAST   85 STREET
110010118670118690,2023-01-14,2024-03-24,435,9.010000,7.230000,0.110000000,0.307777778,Manhattan,1 AVENUE,EAST   84 STREET,EAST   85 STREET
110010118670118690,2024-03-24,2025-07-06,469,7.230000,7.750000,0.307777778,0.250000000,Manhattan,1 AVENUE,EAST   84 STREET,EAST   85 STREET
110010118670118690,2025-07-06,2026-07-10,369,7.750000,9.830000,0.250000000,0.018888889,Manhattan,1 AVENUE,EAST   84 STREET,EAST   85 STREET
110010118690118710,2018-06-02,2018-09-01,91,9.030000,9.930000,0.107777778,0.007777778,Manhattan,1 AVENUE,EAST   85 STREET,EAST   86 STREET
110010118690118710,2018-09-01,2019-08-17,350,9.930000,9.110000,0.007777778,0.098888889,Manhattan,1 AVENUE,EAST   85 STREET,EAST   86 STREET
110010118690118710,2019-08-17,2020-10-03,413,9.110000,8.250000,0.098888889,0.194444444,Manhattan,1 AVENUE,EAST   85 STREET,EAST   86 STREET
110010118690118710,2020-10-03,2022-04-23,567,8.250000,8.050000,0.194444444,0.216666667,Manhattan,1 AVENUE,EAST   85 STREET,EAST   86 STREET
110010118690118710,2022-04-23,2023-01-14,266,8.050000,8.620000,0.216666667,0.153333333,Manhattan,1 AVENUE,EAST   85 STREET,EAST   86 STREET
110010118690118710,2023-01-14,2024-03-24,435,8.620000,6.420000,0.153333333,0.397777778,Manhattan,1 AVENUE,EAST   85 STREET,EAST   86 STREET
110010118690118710,2024-03-24,2025-07-06,469,6.420000,7.380000,0.397777778,0.291111111,Manhattan,1 AVENUE,EAST   85 STREET,EAST   86 STREET
110010118690118710,2025-07-06,2026-07-10,369,7.380000,8.620000,0.291111111,0.153333333,Manhattan,1 AVENUE,EAST   85 STREET,EAST   86 STREET
110210117870117890,2018-02-24,2019-05-25,455,6.820000,5.070000,0.353333333,0.547777778,Manhattan,3 AVENUE,EAST 44 STREET,EAST 45 STREET
110210117870117890,2019-05-25,2019-09-21,119,5.070000,7.900000,0.547777778,0.233333333,Manhattan,3 AVENUE,EAST 44 STREET,EAST 45 STREET
110210117870117890,2019-09-21,2020-10-31,406,7.900000,10.000000,0.233333333,0.000000000,Manhattan,3 AVENUE,EAST 44 STREET,EAST 45 STREET
110210117870117890,2020-10-31,2022-04-16,532,10.000000,8.250000,0.000000000,0.194444444,Manhattan,3 AVENUE,EAST 44 STREET,EAST 45 STREET
110210117870117890,2022-04-16,2023-04-15,364,8.250000,9.110000,0.194444444,0.098888889,Manhattan,3 AVENUE,EAST 44 STREET,EAST 45 STREET
110210117870117890,2023-04-15,2024-07-06,448,9.110000,8.870000,0.098888889,0.125555556,Manhattan,3 AVENUE,EAST 44 STREET,EAST 45 STREET
110210117870117890,2024-07-06,2025-07-06,365,8.870000,6.770000,0.125555556,0.358888889,Manhattan,3 AVENUE,EAST 44 STREET,EAST 45 STREET
110210117870117890,2025-07-06,2026-07-11,370,6.770000,6.600000,0.358888889,0.377777778,Manhattan,3 AVENUE,EAST 44 STREET,EAST 45 STREET
110210118150118170,2020-10-31,2022-04-16,532,10.000000,9.110000,0.000000000,0.098888889,Manhattan,3 AVENUE,EAST 58 STREET,EAST 59 STREET
110210118150118170,2022-04-16,2022-06-12,57,9.110000,9.110000,0.098888889,0.098888889,Manhattan,3 AVENUE,EAST 58 STREET,EAST 59 STREET
110210118150118170,2022-06-12,2023-04-22,314,9.110000,8.870000,0.098888889,0.125555556,Manhattan,3 AVENUE,EAST 58 STREET,EAST 59 STREET
110210118150118170,2023-04-22,2023-11-04,196,8.870000,8.870000,0.125555556,0.125555556,Manhattan,3 AVENUE,EAST 58 STREET,EAST 59 STREET
110210118150118170,2023-11-04,2024-07-06,245,8.870000,8.100000,0.125555556,0.211111111,Manhattan,3 AVENUE,EAST 58 STREET,EAST 59 STREET
110210118150118170,2024-07-06,2024-11-23,140,8.100000,8.580000,0.211111111,0.157777778,Manhattan,3 AVENUE,EAST 58 STREET,EAST 59 STREET
110210118150118170,2024-11-23,2025-07-06,225,8.580000,7.850000,0.157777778,0.238888889,Manhattan,3 AVENUE,EAST 58 STREET,EAST 59 STREET
110210118150118170,2025-07-06,2026-07-11,370,7.850000,9.540000,0.238888889,0.051111111,Manhattan,3 AVENUE,EAST 58 STREET,EAST 59 STREET
110210118190113113,2018-06-23,2018-09-01,70,6.190000,4.640000,0.423333333,0.595555556,Manhattan,3 AVENUE,EAST 60 STREET,BEND
110210118190113113,2018-09-01,2019-08-17,350,4.640000,4.550000,0.595555556,0.605555556,Manhattan,3 AVENUE,EAST 60 STREET,BEND
110210118190113113,2019-08-17,2020-10-03,413,4.550000,6.760000,0.605555556,0.360000000,Manhattan,3 AVENUE,EAST 60 STREET,BEND
110210118190113113,2020-10-03,2022-04-23,567,6.760000,5.330000,0.360000000,0.518888889,Manhattan,3 AVENUE,EAST 60 STREET,BEND
110210118190113113,2022-04-23,2023-01-14,266,5.330000,2.070000,0.518888889,0.881111111,Manhattan,3 AVENUE,EAST 60 STREET,BEND
110210118190113113,2023-01-14,2024-07-06,539,2.070000,2.560000,0.881111111,0.826666667,Manhattan,3 AVENUE,EAST 60 STREET,BEND
110210118190113113,2024-07-06,2025-07-06,365,2.560000,4.590000,0.826666667,0.601111111,Manhattan,3 AVENUE,EAST 60 STREET,BEND
110210118190113113,2025-07-06,2026-07-10,369,4.590000,3.250000,0.601111111,0.750000000,Manhattan,3 AVENUE,EAST 60 STREET,BEND
110210118270118290,2018-04-14,2018-09-01,140,9.110000,9.110000,0.098888889,0.098888889,Manhattan,3 AVENUE,EAST 64 STREET,EAST 65 STREET
110210118270118290,2018-09-01,2019-08-17,350,9.110000,9.930000,0.098888889,0.007777778,Manhattan,3 AVENUE,EAST 64 STREET,EAST 65 STREET
110210118270118290,2019-08-17,2020-10-03,413,9.930000,9.010000,0.007777778,0.110000000,Manhattan,3 AVENUE,EAST 64 STREET,EAST 65 STREET
110210118270118290,2020-10-03,2022-04-23,567,9.010000,7.750000,0.110000000,0.250000000,Manhattan,3 AVENUE,EAST 64 STREET,EAST 65 STREET
110210118270118290,2022-04-23,2023-01-14,266,7.750000,9.930000,0.250000000,0.007777778,Manhattan,3 AVENUE,EAST 64 STREET,EAST 65 STREET
110210118270118290,2023-01-14,2024-07-06,539,9.930000,7.260000,0.007777778,0.304444444,Manhattan,3 AVENUE,EAST 64 STREET,EAST 65 STREET
110210118270118290,2024-07-06,2025-07-06,365,7.260000,6.570000,0.304444444,0.381111111,Manhattan,3 AVENUE,EAST 64 STREET,EAST 65 STREET
110210118270118290,2025-07-06,2026-07-10,369,6.570000,6.750000,0.381111111,0.361111111,Manhattan,3 AVENUE,EAST 64 STREET,EAST 65 STREET
110210118290118310,2018-04-14,2018-09-01,140,9.930000,8.050000,0.007777778,0.216666667,Manhattan,3 AVENUE,EAST 65 STREET,EAST 66 STREET
110210118290118310,2018-09-01,2019-08-17,350,8.050000,9.750000,0.216666667,0.027777778,Manhattan,3 AVENUE,EAST 65 STREET,EAST 66 STREET
110210118290118310,2019-08-17,2020-10-03,413,9.750000,7.140000,0.027777778,0.317777778,Manhattan,3 AVENUE,EAST 65 STREET,EAST 66 STREET
110210118290118310,2020-10-03,2022-04-23,567,7.140000,6.750000,0.317777778,0.361111111,Manhattan,3 AVENUE,EAST 65 STREET,EAST 66 STREET
110210118290118310,2022-04-23,2023-01-14,266,6.750000,7.230000,0.361111111,0.307777778,Manhattan,3 AVENUE,EAST 65 STREET,EAST 66 STREET
110210118290118310,2023-01-14,2024-07-06,539,7.230000,6.030000,0.307777778,0.441111111,Manhattan,3 AVENUE,EAST 65 STREET,EAST 66 STREET
110210118290118310,2024-07-06,2025-07-06,365,6.030000,6.600000,0.441111111,0.377777778,Manhattan,3 AVENUE,EAST 65 STREET,EAST 66 STREET
110210118290118310,2025-07-06,2026-07-10,369,6.600000,6.300000,0.377777778,0.411111111,Manhattan,3 AVENUE,EAST 65 STREET,EAST 66 STREET
110210118310130120,2018-06-23,2018-09-01,70,9.930000,9.930000,0.007777778,0.007777778,Manhattan,3 AVENUE,EAST 66 STREET,SAKHAROV-BONNER CORNER
110210118310130120,2018-09-01,2019-08-17,350,9.930000,9.110000,0.007777778,0.098888889,Manhattan,3 AVENUE,EAST 66 STREET,SAKHAROV-BONNER CORNER
110210118310130120,2019-08-17,2020-10-03,413,9.110000,7.710000,0.098888889,0.254444444,Manhattan,3 AVENUE,EAST 66 STREET,SAKHAROV-BONNER CORNER
110210118310130120,2020-10-03,2022-04-23,567,7.710000,7.640000,0.254444444,0.262222222,Manhattan,3 AVENUE,EAST 66 STREET,SAKHAROV-BONNER CORNER
110210118310130120,2022-04-23,2023-01-14,266,7.640000,9.110000,0.262222222,0.098888889,Manhattan,3 AVENUE,EAST 66 STREET,SAKHAROV-BONNER CORNER
110210118310130120,2023-01-14,2024-01-13,364,9.110000,8.620000,0.098888889,0.153333333,Manhattan,3 AVENUE,EAST 66 STREET,SAKHAROV-BONNER CORNER
110210118310130120,2024-01-13,2025-07-06,540,8.620000,7.400000,0.153333333,0.288888889,Manhattan,3 AVENUE,EAST 66 STREET,SAKHAROV-BONNER CORNER
110210118310130120,2025-07-06,2026-07-10,369,7.400000,7.900000,0.288888889,0.233333333,Manhattan,3 AVENUE,EAST 66 STREET,SAKHAROV-BONNER CORNER
110210118350118370,2018-04-14,2018-09-01,140,9.110000,9.110000,0.098888889,0.098888889,Manhattan,3 AVENUE,EAST 68 STREET,EAST 69 STREET
110210118350118370,2018-09-01,2019-08-17,350,9.110000,8.490000,0.098888889,0.167777778,Manhattan,3 AVENUE,EAST 68 STREET,EAST 69 STREET
110210118350118370,2019-08-17,2020-10-03,413,8.490000,7.750000,0.167777778,0.250000000,Manhattan,3 AVENUE,EAST 68 STREET,EAST 69 STREET
110210118350118370,2020-10-03,2022-04-23,567,7.750000,8.870000,0.250000000,0.125555556,Manhattan,3 AVENUE,EAST 68 STREET,EAST 69 STREET
110210118350118370,2022-04-23,2023-01-14,266,8.870000,8.480000,0.125555556,0.168888889,Manhattan,3 AVENUE,EAST 68 STREET,EAST 69 STREET
110210118350118370,2023-01-14,2024-01-13,364,8.480000,8.870000,0.168888889,0.125555556,Manhattan,3 AVENUE,EAST 68 STREET,EAST 69 STREET
110210118350118370,2024-01-13,2025-07-06,540,8.870000,6.860000,0.125555556,0.348888889,Manhattan,3 AVENUE,EAST 68 STREET,EAST 69 STREET
110210118350118370,2025-07-06,2026-07-10,369,6.860000,5.340000,0.348888889,0.517777778,Manhattan,3 AVENUE,EAST 68 STREET,EAST 69 STREET
110210118350130120,2018-06-23,2018-09-01,70,8.240000,9.190000,0.195555556,0.090000000,Manhattan,3 AVENUE,EAST 68 STREET,SAKHAROV-BONNER CORNER
110210118350130120,2018-09-01,2019-08-17,350,9.190000,9.110000,0.090000000,0.098888889,Manhattan,3 AVENUE,EAST 68 STREET,SAKHAROV-BONNER CORNER
110210118350130120,2019-08-17,2020-10-03,413,9.110000,7.660000,0.098888889,0.260000000,Manhattan,3 AVENUE,EAST 68 STREET,SAKHAROV-BONNER CORNER
110210118350130120,2020-10-03,2022-04-23,567,7.660000,8.870000,0.260000000,0.125555556,Manhattan,3 AVENUE,EAST 68 STREET,SAKHAROV-BONNER CORNER
110210118350130120,2022-04-23,2023-01-14,266,8.870000,8.870000,0.125555556,0.125555556,Manhattan,3 AVENUE,EAST 68 STREET,SAKHAROV-BONNER CORNER
110210118350130120,2023-01-14,2024-01-13,364,8.870000,8.000000,0.125555556,0.222222222,Manhattan,3 AVENUE,EAST 68 STREET,SAKHAROV-BONNER CORNER
110210118350130120,2024-01-13,2025-07-06,540,8.000000,7.920000,0.222222222,0.231111111,Manhattan,3 AVENUE,EAST 68 STREET,SAKHAROV-BONNER CORNER
110210118350130120,2025-07-06,2026-07-10,369,7.920000,6.540000,0.231111111,0.384444444,Manhattan,3 AVENUE,EAST 68 STREET,SAKHAROV-BONNER CORNER
110210118370118390,2018-04-14,2018-09-01,140,9.690000,9.930000,0.034444444,0.007777778,Manhattan,3 AVENUE,EAST 69 STREET,EAST 70 STREET
110210118370118390,2018-09-01,2019-08-17,350,9.930000,9.110000,0.007777778,0.098888889,Manhattan,3 AVENUE,EAST 69 STREET,EAST 70 STREET
110210118370118390,2019-08-17,2020-10-03,413,9.110000,9.110000,0.098888889,0.098888889,Manhattan,3 AVENUE,EAST 69 STREET,EAST 70 STREET
110210118370118390,2020-10-03,2022-04-23,567,9.110000,7.900000,0.098888889,0.233333333,Manhattan,3 AVENUE,EAST 69 STREET,EAST 70 STREET
110210118370118390,2022-04-23,2023-01-14,266,7.900000,8.860000,0.233333333,0.126666667,Manhattan,3 AVENUE,EAST 69 STREET,EAST 70 STREET
110210118370118390,2023-01-14,2024-01-13,364,8.860000,8.870000,0.126666667,0.125555556,Manhattan,3 AVENUE,EAST 69 STREET,EAST 70 STREET
110210118370118390,2024-01-13,2025-07-06,540,8.870000,8.960000,0.125555556,0.115555556,Manhattan,3 AVENUE,EAST 69 STREET,EAST 70 STREET
110210118370118390,2025-07-06,2026-07-10,369,8.960000,5.920000,0.115555556,0.453333333,Manhattan,3 AVENUE,EAST 69 STREET,EAST 70 STREET
110210118390118410,2018-04-14,2018-09-01,140,9.110000,9.930000,0.098888889,0.007777778,Manhattan,3 AVENUE,EAST 70 STREET,EAST 71 STREET
110210118390118410,2018-09-01,2019-08-17,350,9.930000,9.800000,0.007777778,0.022222222,Manhattan,3 AVENUE,EAST 70 STREET,EAST 71 STREET
110210118390118410,2019-08-17,2020-10-03,413,9.800000,8.140000,0.022222222,0.206666667,Manhattan,3 AVENUE,EAST 70 STREET,EAST 71 STREET
110210118390118410,2020-10-03,2022-04-23,567,8.140000,8.690000,0.206666667,0.145555556,Manhattan,3 AVENUE,EAST 70 STREET,EAST 71 STREET
110210118390118410,2022-04-23,2023-01-14,266,8.690000,9.110000,0.145555556,0.098888889,Manhattan,3 AVENUE,EAST 70 STREET,EAST 71 STREET
110210118390118410,2023-01-14,2024-03-24,435,9.110000,8.420000,0.098888889,0.175555556,Manhattan,3 AVENUE,EAST 70 STREET,EAST 71 STREET
110210118390118410,2024-03-24,2025-07-06,469,8.420000,6.190000,0.175555556,0.423333333,Manhattan,3 AVENUE,EAST 70 STREET,EAST 71 STREET
110210118390118410,2025-07-06,2026-07-10,369,6.190000,8.760000,0.423333333,0.137777778,Manhattan,3 AVENUE,EAST 70 STREET,EAST 71 STREET
110210118410118430,2018-04-14,2018-09-01,140,8.050000,9.110000,0.216666667,0.098888889,Manhattan,3 AVENUE,EAST 71 STREET,EAST 72 STREET
110210118410118430,2018-09-01,2019-08-17,350,9.110000,9.110000,0.098888889,0.098888889,Manhattan,3 AVENUE,EAST 71 STREET,EAST 72 STREET
110210118410118430,2019-08-17,2020-10-03,413,9.110000,8.870000,0.098888889,0.125555556,Manhattan,3 AVENUE,EAST 71 STREET,EAST 72 STREET
110210118410118430,2020-10-03,2022-04-23,567,8.870000,7.900000,0.125555556,0.233333333,Manhattan,3 AVENUE,EAST 71 STREET,EAST 72 STREET
110210118410118430,2022-04-23,2023-01-14,266,7.900000,9.010000,0.233333333,0.110000000,Manhattan,3 AVENUE,EAST 71 STREET,EAST 72 STREET
110210118410118430,2023-01-14,2024-03-24,435,9.010000,7.720000,0.110000000,0.253333333,Manhattan,3 AVENUE,EAST 71 STREET,EAST 72 STREET
110210118410118430,2024-03-24,2025-07-06,469,7.720000,7.390000,0.253333333,0.290000000,Manhattan,3 AVENUE,EAST 71 STREET,EAST 72 STREET
110210118410118430,2025-07-06,2026-07-10,369,7.390000,6.720000,0.290000000,0.364444444,Manhattan,3 AVENUE,EAST 71 STREET,EAST 72 STREET
111710136970136990,2018-03-31,2019-12-07,616,7.140000,5.770000,0.317777778,0.470000000,Manhattan,AMSTERDAM AVENUE,WEST 160 STREET,WEST 161 STREET
111710136970136990,2019-12-07,2020-02-08,63,5.770000,5.770000,0.470000000,0.470000000,Manhattan,AMSTERDAM AVENUE,WEST 160 STREET,WEST 161 STREET
111710136970136990,2020-02-08,2021-05-15,462,5.770000,6.690000,0.470000000,0.367777778,Manhattan,AMSTERDAM AVENUE,WEST 160 STREET,WEST 161 STREET
111710136970136990,2021-05-15,2022-06-11,392,6.690000,5.430000,0.367777778,0.507777778,Manhattan,AMSTERDAM AVENUE,WEST 160 STREET,WEST 161 STREET
111710136970136990,2022-06-11,2023-08-05,420,5.430000,5.340000,0.507777778,0.517777778,Manhattan,AMSTERDAM AVENUE,WEST 160 STREET,WEST 161 STREET
111710136970136990,2023-08-05,2024-09-14,406,5.340000,10.000000,0.517777778,0.000000000,Manhattan,AMSTERDAM AVENUE,WEST 160 STREET,WEST 161 STREET
111710136970136990,2024-09-14,2025-08-23,343,10.000000,10.000000,0.000000000,0.000000000,Manhattan,AMSTERDAM AVENUE,WEST 160 STREET,WEST 161 STREET
111710136970136990,2025-08-23,2026-07-08,319,10.000000,9.930000,0.000000000,0.007777778,Manhattan,AMSTERDAM AVENUE,WEST 160 STREET,WEST 161 STREET
113610113113117170,2018-03-10,2018-03-24,14,9.930000,10.000000,0.007777778,0.000000000,Manhattan,BROADWAY,BEND,EAST 9 STREET
113610113113117170,2018-03-24,2019-06-05,438,10.000000,9.840000,0.000000000,0.017777778,Manhattan,BROADWAY,BEND,EAST 9 STREET
113610113113117170,2019-06-05,2020-11-07,521,9.840000,9.930000,0.017777778,0.007777778,Manhattan,BROADWAY,BEND,EAST 9 STREET
113610113113117170,2020-11-07,2021-12-24,412,9.930000,7.480000,0.007777778,0.280000000,Manhattan,BROADWAY,BEND,EAST 9 STREET
113610113113117170,2021-12-24,2023-01-07,379,7.480000,9.690000,0.280000000,0.034444444,Manhattan,BROADWAY,BEND,EAST 9 STREET
113610113113117170,2023-01-07,2024-01-13,371,9.690000,7.310000,0.034444444,0.298888889,Manhattan,BROADWAY,BEND,EAST 9 STREET
113610113113117170,2024-01-13,2025-04-05,448,7.310000,4.910000,0.298888889,0.565555556,Manhattan,BROADWAY,BEND,EAST 9 STREET
113610113113117170,2025-04-05,2026-07-18,469,4.910000,5.100000,0.565555556,0.544444444,Manhattan,BROADWAY,BEND,EAST 9 STREET
115710135070135090,2018-10-20,2019-09-14,329,8.000000,9.110000,0.222222222,0.098888889,Manhattan,COLUMBUS AVENUE,WEST 65 STREET,WEST 66 STREET
115710135070135090,2019-09-14,2020-10-10,392,9.110000,9.930000,0.098888889,0.007777778,Manhattan,COLUMBUS AVENUE,WEST 65 STREET,WEST 66 STREET
115710135070135090,2020-10-10,2021-11-06,392,9.930000,8.870000,0.007777778,0.125555556,Manhattan,COLUMBUS AVENUE,WEST 65 STREET,WEST 66 STREET
115710135070135090,2021-11-06,2021-12-19,43,8.870000,8.870000,0.125555556,0.125555556,Manhattan,COLUMBUS AVENUE,WEST 65 STREET,WEST 66 STREET
115710135070135090,2021-12-19,2022-12-24,370,8.870000,9.390000,0.125555556,0.067777778,Manhattan,COLUMBUS AVENUE,WEST 65 STREET,WEST 66 STREET
115710135070135090,2022-12-24,2024-01-13,385,9.390000,8.640000,0.067777778,0.151111111,Manhattan,COLUMBUS AVENUE,WEST 65 STREET,WEST 66 STREET
115710135070135090,2024-01-13,2025-06-21,525,8.640000,7.700000,0.151111111,0.255555556,Manhattan,COLUMBUS AVENUE,WEST 65 STREET,WEST 66 STREET
115710135070135090,2025-06-21,2026-07-08,382,7.700000,8.760000,0.255555556,0.137777778,Manhattan,COLUMBUS AVENUE,WEST 65 STREET,WEST 66 STREET
115710135090135110,2018-10-20,2019-09-14,329,9.110000,9.110000,0.098888889,0.098888889,Manhattan,COLUMBUS AVENUE,WEST 66 STREET,WEST 67 STREET
115710135090135110,2019-09-14,2020-10-10,392,9.110000,9.930000,0.098888889,0.007777778,Manhattan,COLUMBUS AVENUE,WEST 66 STREET,WEST 67 STREET
115710135090135110,2020-10-10,2021-11-06,392,9.930000,8.140000,0.007777778,0.206666667,Manhattan,COLUMBUS AVENUE,WEST 66 STREET,WEST 67 STREET
115710135090135110,2021-11-06,2021-12-19,43,8.140000,8.140000,0.206666667,0.206666667,Manhattan,COLUMBUS AVENUE,WEST 66 STREET,WEST 67 STREET
115710135090135110,2021-12-19,2022-12-24,370,8.140000,9.110000,0.206666667,0.098888889,Manhattan,COLUMBUS AVENUE,WEST 66 STREET,WEST 67 STREET
115710135090135110,2022-12-24,2024-01-13,385,9.110000,7.790000,0.098888889,0.245555556,Manhattan,COLUMBUS AVENUE,WEST 66 STREET,WEST 67 STREET
115710135090135110,2024-01-13,2025-06-21,525,7.790000,8.000000,0.245555556,0.222222222,Manhattan,COLUMBUS AVENUE,WEST 66 STREET,WEST 67 STREET
115710135090135110,2025-06-21,2026-07-08,382,8.000000,7.890000,0.222222222,0.234444444,Manhattan,COLUMBUS AVENUE,WEST 66 STREET,WEST 67 STREET
115710135110135130,2018-10-20,2019-09-14,329,8.690000,8.240000,0.145555556,0.195555556,Manhattan,COLUMBUS AVENUE,WEST 67 STREET,WEST 68 STREET
115710135110135130,2019-09-14,2020-10-10,392,8.240000,9.190000,0.195555556,0.090000000,Manhattan,COLUMBUS AVENUE,WEST 67 STREET,WEST 68 STREET
115710135110135130,2020-10-10,2021-11-06,392,9.190000,7.900000,0.090000000,0.233333333,Manhattan,COLUMBUS AVENUE,WEST 67 STREET,WEST 68 STREET
115710135110135130,2021-11-06,2021-12-19,43,7.900000,7.900000,0.233333333,0.233333333,Manhattan,COLUMBUS AVENUE,WEST 67 STREET,WEST 68 STREET
115710135110135130,2021-12-19,2022-12-24,370,7.900000,9.190000,0.233333333,0.090000000,Manhattan,COLUMBUS AVENUE,WEST 67 STREET,WEST 68 STREET
115710135110135130,2022-12-24,2024-01-13,385,9.190000,7.640000,0.090000000,0.262222222,Manhattan,COLUMBUS AVENUE,WEST 67 STREET,WEST 68 STREET
115710135110135130,2024-01-13,2025-06-21,525,7.640000,7.850000,0.262222222,0.238888889,Manhattan,COLUMBUS AVENUE,WEST 67 STREET,WEST 68 STREET
115710135110135130,2025-06-21,2026-07-08,382,7.850000,8.000000,0.238888889,0.222222222,Manhattan,COLUMBUS AVENUE,WEST 67 STREET,WEST 68 STREET
115710135130135150,2018-10-20,2019-09-14,329,9.690000,9.110000,0.034444444,0.098888889,Manhattan,COLUMBUS AVENUE,WEST   68 STREET,WEST   69 STREET
115710135130135150,2019-09-14,2020-10-10,392,9.110000,9.110000,0.098888889,0.098888889,Manhattan,COLUMBUS AVENUE,WEST   68 STREET,WEST   69 STREET
115710135130135150,2020-10-10,2021-11-06,392,9.110000,8.870000,0.098888889,0.125555556,Manhattan,COLUMBUS AVENUE,WEST   68 STREET,WEST   69 STREET
115710135130135150,2021-11-06,2021-12-19,43,8.870000,8.870000,0.125555556,0.125555556,Manhattan,COLUMBUS AVENUE,WEST   68 STREET,WEST   69 STREET
115710135130135150,2021-12-19,2022-12-24,370,8.870000,9.930000,0.125555556,0.007777778,Manhattan,COLUMBUS AVENUE,WEST   68 STREET,WEST   69 STREET
115710135130135150,2022-12-24,2024-01-13,385,9.930000,7.790000,0.007777778,0.245555556,Manhattan,COLUMBUS AVENUE,WEST   68 STREET,WEST   69 STREET
115710135130135150,2024-01-13,2025-06-21,525,7.790000,7.000000,0.245555556,0.333333333,Manhattan,COLUMBUS AVENUE,WEST   68 STREET,WEST   69 STREET
115710135130135150,2025-06-21,2026-07-08,382,7.000000,8.000000,0.333333333,0.222222222,Manhattan,COLUMBUS AVENUE,WEST   68 STREET,WEST   69 STREET
115710135150135170,2018-10-20,2019-09-14,329,9.110000,8.240000,0.098888889,0.195555556,Manhattan,COLUMBUS AVENUE,WEST   69 STREET,WEST   70 STREET
115710135150135170,2019-09-14,2020-10-10,392,8.240000,9.190000,0.195555556,0.090000000,Manhattan,COLUMBUS AVENUE,WEST   69 STREET,WEST   70 STREET
115710135150135170,2020-10-10,2021-11-06,392,9.190000,8.000000,0.090000000,0.222222222,Manhattan,COLUMBUS AVENUE,WEST   69 STREET,WEST   70 STREET
115710135150135170,2021-11-06,2021-12-19,43,8.000000,8.000000,0.222222222,0.222222222,Manhattan,COLUMBUS AVENUE,WEST   69 STREET,WEST   70 STREET
115710135150135170,2021-12-19,2022-12-24,370,8.000000,9.930000,0.222222222,0.007777778,Manhattan,COLUMBUS AVENUE,WEST   69 STREET,WEST   70 STREET
115710135150135170,2022-12-24,2024-01-13,385,9.930000,7.340000,0.007777778,0.295555556,Manhattan,COLUMBUS AVENUE,WEST   69 STREET,WEST   70 STREET
115710135150135170,2024-01-13,2025-06-21,525,7.340000,8.000000,0.295555556,0.222222222,Manhattan,COLUMBUS AVENUE,WEST   69 STREET,WEST   70 STREET
115710135150135170,2025-06-21,2026-07-08,382,8.000000,7.900000,0.222222222,0.233333333,Manhattan,COLUMBUS AVENUE,WEST   69 STREET,WEST   70 STREET
115710135310135330,2018-10-20,2019-09-14,329,8.240000,7.020000,0.195555556,0.331111111,Manhattan,COLUMBUS AVENUE,WEST 77 STREET,WEST 78 STREET
115710135310135330,2019-09-14,2020-10-10,392,7.020000,7.950000,0.331111111,0.227777778,Manhattan,COLUMBUS AVENUE,WEST 77 STREET,WEST 78 STREET
115710135310135330,2020-10-10,2021-11-06,392,7.950000,7.750000,0.227777778,0.250000000,Manhattan,COLUMBUS AVENUE,WEST 77 STREET,WEST 78 STREET
115710135310135330,2021-11-06,2021-12-19,43,7.750000,7.750000,0.250000000,0.250000000,Manhattan,COLUMBUS AVENUE,WEST 77 STREET,WEST 78 STREET
115710135310135330,2021-12-19,2022-12-24,370,7.750000,7.760000,0.250000000,0.248888889,Manhattan,COLUMBUS AVENUE,WEST 77 STREET,WEST 78 STREET
115710135310135330,2022-12-24,2024-01-13,385,7.760000,6.640000,0.248888889,0.373333333,Manhattan,COLUMBUS AVENUE,WEST 77 STREET,WEST 78 STREET
115710135310135330,2024-01-13,2025-06-21,525,6.640000,6.720000,0.373333333,0.364444444,Manhattan,COLUMBUS AVENUE,WEST 77 STREET,WEST 78 STREET
115710135310135330,2025-06-21,2026-07-08,382,6.720000,6.750000,0.364444444,0.361111111,Manhattan,COLUMBUS AVENUE,WEST 77 STREET,WEST 78 STREET
115710135330135350,2018-10-20,2019-09-14,329,8.860000,7.750000,0.126666667,0.250000000,Manhattan,COLUMBUS AVENUE,WEST 78 STREET,WEST 79 STREET
115710135330135350,2019-09-14,2020-10-10,392,7.750000,9.010000,0.250000000,0.110000000,Manhattan,COLUMBUS AVENUE,WEST 78 STREET,WEST 79 STREET
115710135330135350,2020-10-10,2021-11-06,392,9.010000,9.450000,0.110000000,0.061111111,Manhattan,COLUMBUS AVENUE,WEST 78 STREET,WEST 79 STREET
115710135330135350,2021-11-06,2021-12-19,43,9.450000,9.450000,0.061111111,0.061111111,Manhattan,COLUMBUS AVENUE,WEST 78 STREET,WEST 79 STREET
115710135330135350,2021-12-19,2022-12-24,370,9.450000,9.930000,0.061111111,0.007777778,Manhattan,COLUMBUS AVENUE,WEST 78 STREET,WEST 79 STREET
115710135330135350,2022-12-24,2024-01-13,385,9.930000,9.330000,0.007777778,0.074444444,Manhattan,COLUMBUS AVENUE,WEST 78 STREET,WEST 79 STREET
115710135330135350,2024-01-13,2025-06-21,525,9.330000,7.380000,0.074444444,0.291111111,Manhattan,COLUMBUS AVENUE,WEST 78 STREET,WEST 79 STREET
115710135330135350,2025-06-21,2026-07-08,382,7.380000,6.750000,0.291111111,0.361111111,Manhattan,COLUMBUS AVENUE,WEST 78 STREET,WEST 79 STREET
115710135350135370,2018-10-20,2019-09-14,329,7.640000,7.260000,0.262222222,0.304444444,Manhattan,COLUMBUS AVENUE,WEST 79 STREET,WEST 80 STREET
115710135350135370,2019-09-14,2020-10-10,392,7.260000,7.960000,0.304444444,0.226666667,Manhattan,COLUMBUS AVENUE,WEST 79 STREET,WEST 80 STREET
115710135350135370,2020-10-10,2021-11-06,392,7.960000,7.420000,0.226666667,0.286666667,Manhattan,COLUMBUS AVENUE,WEST 79 STREET,WEST 80 STREET
115710135350135370,2021-11-06,2021-12-19,43,7.420000,7.420000,0.286666667,0.286666667,Manhattan,COLUMBUS AVENUE,WEST 79 STREET,WEST 80 STREET
115710135350135370,2021-12-19,2022-12-24,370,7.420000,8.870000,0.286666667,0.125555556,Manhattan,COLUMBUS AVENUE,WEST 79 STREET,WEST 80 STREET
115710135350135370,2022-12-24,2024-01-13,385,8.870000,7.400000,0.125555556,0.288888889,Manhattan,COLUMBUS AVENUE,WEST 79 STREET,WEST 80 STREET
115710135350135370,2024-01-13,2025-06-21,525,7.400000,7.390000,0.288888889,0.290000000,Manhattan,COLUMBUS AVENUE,WEST 79 STREET,WEST 80 STREET
115710135350135370,2025-06-21,2026-07-31,405,7.390000,7.000000,0.290000000,0.333333333,Manhattan,COLUMBUS AVENUE,WEST 79 STREET,WEST 80 STREET
115710135410135430,2018-11-03,2019-09-14,315,10.000000,9.930000,0.000000000,0.007777778,Manhattan,COLUMBUS AVENUE,WEST 82 STREET,WEST 83 STREET
115710135410135430,2019-09-14,2020-10-10,392,9.930000,10.000000,0.007777778,0.000000000,Manhattan,COLUMBUS AVENUE,WEST 82 STREET,WEST 83 STREET
115710135410135430,2020-10-10,2021-11-06,392,10.000000,8.870000,0.000000000,0.125555556,Manhattan,COLUMBUS AVENUE,WEST 82 STREET,WEST 83 STREET
115710135410135430,2021-11-06,2021-12-19,43,8.870000,8.870000,0.125555556,0.125555556,Manhattan,COLUMBUS AVENUE,WEST 82 STREET,WEST 83 STREET
115710135410135430,2021-12-19,2022-12-26,372,8.870000,9.930000,0.125555556,0.007777778,Manhattan,COLUMBUS AVENUE,WEST 82 STREET,WEST 83 STREET
115710135410135430,2022-12-26,2024-01-13,383,9.930000,7.720000,0.007777778,0.253333333,Manhattan,COLUMBUS AVENUE,WEST 82 STREET,WEST 83 STREET
115710135410135430,2024-01-13,2025-06-21,525,7.720000,9.440000,0.253333333,0.062222222,Manhattan,COLUMBUS AVENUE,WEST 82 STREET,WEST 83 STREET
115710135410135430,2025-06-21,2026-07-08,382,9.440000,8.620000,0.062222222,0.153333333,Manhattan,COLUMBUS AVENUE,WEST 82 STREET,WEST 83 STREET
115710135450135470,2018-11-03,2019-09-14,315,10.000000,9.930000,0.000000000,0.007777778,Manhattan,COLUMBUS AVENUE,WEST 84 STREET,WEST 85 STREET
115710135450135470,2019-09-14,2020-10-10,392,9.930000,9.930000,0.007777778,0.007777778,Manhattan,COLUMBUS AVENUE,WEST 84 STREET,WEST 85 STREET
115710135450135470,2020-10-10,2021-11-06,392,9.930000,8.870000,0.007777778,0.125555556,Manhattan,COLUMBUS AVENUE,WEST 84 STREET,WEST 85 STREET
115710135450135470,2021-11-06,2021-12-19,43,8.870000,8.870000,0.125555556,0.125555556,Manhattan,COLUMBUS AVENUE,WEST 84 STREET,WEST 85 STREET
115710135450135470,2021-12-19,2022-12-26,372,8.870000,9.110000,0.125555556,0.098888889,Manhattan,COLUMBUS AVENUE,WEST 84 STREET,WEST 85 STREET
115710135450135470,2022-12-26,2024-01-13,383,9.110000,7.700000,0.098888889,0.255555556,Manhattan,COLUMBUS AVENUE,WEST 84 STREET,WEST 85 STREET
115710135450135470,2024-01-13,2025-06-21,525,7.700000,6.420000,0.255555556,0.397777778,Manhattan,COLUMBUS AVENUE,WEST 84 STREET,WEST 85 STREET
115710135450135470,2025-06-21,2026-07-08,382,6.420000,6.690000,0.397777778,0.367777778,Manhattan,COLUMBUS AVENUE,WEST 84 STREET,WEST 85 STREET
115710135470135490,2018-11-03,2019-09-14,315,10.000000,9.690000,0.000000000,0.034444444,Manhattan,COLUMBUS AVENUE,WEST 85 STREET,WEST 86 STREET
115710135470135490,2019-09-14,2020-10-10,392,9.690000,9.930000,0.034444444,0.007777778,Manhattan,COLUMBUS AVENUE,WEST 85 STREET,WEST 86 STREET
115710135470135490,2020-10-10,2021-11-06,392,9.930000,8.870000,0.007777778,0.125555556,Manhattan,COLUMBUS AVENUE,WEST 85 STREET,WEST 86 STREET
115710135470135490,2021-11-06,2021-12-19,43,8.870000,8.870000,0.125555556,0.125555556,Manhattan,COLUMBUS AVENUE,WEST 85 STREET,WEST 86 STREET
115710135470135490,2021-12-19,2022-12-26,372,8.870000,9.930000,0.125555556,0.007777778,Manhattan,COLUMBUS AVENUE,WEST 85 STREET,WEST 86 STREET
115710135470135490,2022-12-26,2024-01-13,383,9.930000,7.450000,0.007777778,0.283333333,Manhattan,COLUMBUS AVENUE,WEST 85 STREET,WEST 86 STREET
115710135470135490,2024-01-13,2025-06-21,525,7.450000,9.440000,0.283333333,0.062222222,Manhattan,COLUMBUS AVENUE,WEST 85 STREET,WEST 86 STREET
115710135470135490,2025-06-21,2026-07-08,382,9.440000,7.600000,0.062222222,0.266666667,Manhattan,COLUMBUS AVENUE,WEST 85 STREET,WEST 86 STREET
115710135490135510,2018-10-20,2019-09-14,329,7.440000,8.870000,0.284444444,0.125555556,Manhattan,COLUMBUS AVENUE,WEST 86 STREET,WEST 87 STREET
115710135490135510,2019-09-14,2020-10-10,392,8.870000,10.000000,0.125555556,0.000000000,Manhattan,COLUMBUS AVENUE,WEST 86 STREET,WEST 87 STREET
115710135490135510,2020-10-10,2021-11-06,392,10.000000,8.870000,0.000000000,0.125555556,Manhattan,COLUMBUS AVENUE,WEST 86 STREET,WEST 87 STREET
115710135490135510,2021-11-06,2021-12-19,43,8.870000,8.870000,0.125555556,0.125555556,Manhattan,COLUMBUS AVENUE,WEST 86 STREET,WEST 87 STREET
115710135490135510,2021-12-19,2022-12-26,372,8.870000,9.930000,0.125555556,0.007777778,Manhattan,COLUMBUS AVENUE,WEST 86 STREET,WEST 87 STREET
115710135490135510,2022-12-26,2024-01-13,383,9.930000,7.600000,0.007777778,0.266666667,Manhattan,COLUMBUS AVENUE,WEST 86 STREET,WEST 87 STREET
115710135490135510,2024-01-13,2025-06-21,525,7.600000,7.260000,0.266666667,0.304444444,Manhattan,COLUMBUS AVENUE,WEST 86 STREET,WEST 87 STREET
115710135490135510,2025-06-21,2026-07-08,382,7.260000,7.260000,0.304444444,0.304444444,Manhattan,COLUMBUS AVENUE,WEST 86 STREET,WEST 87 STREET
115710135530135550,2018-11-03,2019-09-14,315,10.000000,9.770000,0.000000000,0.025555556,Manhattan,COLUMBUS AVENUE,WEST 88 STREET,WEST 89 STREET
115710135530135550,2019-09-14,2020-10-10,392,9.770000,9.190000,0.025555556,0.090000000,Manhattan,COLUMBUS AVENUE,WEST 88 STREET,WEST 89 STREET
115710135530135550,2020-10-10,2021-11-06,392,9.190000,9.690000,0.090000000,0.034444444,Manhattan,COLUMBUS AVENUE,WEST 88 STREET,WEST 89 STREET
115710135530135550,2021-11-06,2021-12-19,43,9.690000,9.690000,0.034444444,0.034444444,Manhattan,COLUMBUS AVENUE,WEST 88 STREET,WEST 89 STREET
115710135530135550,2021-12-19,2022-12-26,372,9.690000,9.930000,0.034444444,0.007777778,Manhattan,COLUMBUS AVENUE,WEST 88 STREET,WEST 89 STREET
115710135530135550,2022-12-26,2024-01-13,383,9.930000,7.420000,0.007777778,0.286666667,Manhattan,COLUMBUS AVENUE,WEST 88 STREET,WEST 89 STREET
115710135530135550,2024-01-13,2025-06-21,525,7.420000,7.650000,0.286666667,0.261111111,Manhattan,COLUMBUS AVENUE,WEST 88 STREET,WEST 89 STREET
115710135530135550,2025-06-21,2026-07-08,382,7.650000,5.550000,0.261111111,0.494444444,Manhattan,COLUMBUS AVENUE,WEST 88 STREET,WEST 89 STREET
128790125490126390,2019-07-06,2020-07-18,378,6.340000,6.690000,0.406666667,0.367777778,Manhattan,PIKE STREET,MADISON STREET,MONROE STREET
128790125490126390,2020-07-18,2021-09-25,434,6.690000,6.640000,0.367777778,0.373333333,Manhattan,PIKE STREET,MADISON STREET,MONROE STREET
128790125490126390,2021-09-25,2022-02-12,140,6.640000,7.040000,0.373333333,0.328888889,Manhattan,PIKE STREET,MADISON STREET,MONROE STREET
128790125490126390,2022-02-12,2022-10-15,245,7.040000,7.600000,0.328888889,0.266666667,Manhattan,PIKE STREET,MADISON STREET,MONROE STREET
128790125490126390,2022-10-15,2022-12-31,77,7.600000,5.040000,0.266666667,0.551111111,Manhattan,PIKE STREET,MADISON STREET,MONROE STREET
128790125490126390,2022-12-31,2023-11-18,322,5.040000,6.135000,0.551111111,0.429444444,Manhattan,PIKE STREET,MADISON STREET,MONROE STREET
128790125490126390,2023-11-18,2025-04-19,518,6.135000,6.300000,0.429444444,0.411111111,Manhattan,PIKE STREET,MADISON STREET,MONROE STREET
128790125490126390,2025-04-19,2025-10-18,182,6.300000,6.605000,0.411111111,0.377222222,Manhattan,PIKE STREET,MADISON STREET,MONROE STREET
133930110410125190,2018-03-10,2018-03-24,14,9.110000,8.310000,0.098888889,0.187777778,Manhattan,WEST 8 STREET,5 AVENUE,MAC DOUGAL STREET
133930110410125190,2018-03-24,2018-12-29,280,8.310000,5.610000,0.187777778,0.487777778,Manhattan,WEST 8 STREET,5 AVENUE,MAC DOUGAL STREET
133930110410125190,2018-12-29,2019-06-29,182,5.610000,6.900000,0.487777778,0.344444444,Manhattan,WEST 8 STREET,5 AVENUE,MAC DOUGAL STREET
133930110410125190,2019-06-29,2019-09-14,77,6.900000,7.620000,0.344444444,0.264444444,Manhattan,WEST 8 STREET,5 AVENUE,MAC DOUGAL STREET
133930110410125190,2019-09-14,2021-10-30,777,7.620000,6.570000,0.264444444,0.381111111,Manhattan,WEST 8 STREET,5 AVENUE,MAC DOUGAL STREET
133930110410125190,2021-10-30,2022-10-29,364,6.570000,8.490000,0.381111111,0.167777778,Manhattan,WEST 8 STREET,5 AVENUE,MAC DOUGAL STREET
133930110410125190,2022-10-29,2024-06-15,595,8.490000,9.950000,0.167777778,0.005555556,Manhattan,WEST 8 STREET,5 AVENUE,MAC DOUGAL STREET
133930110410125190,2024-06-15,2025-09-20,462,9.950000,7.920000,0.005555556,0.231111111,Manhattan,WEST 8 STREET,5 AVENUE,MAC DOUGAL STREET
208120225830225860,2021-04-10,2021-08-07,119,9.930000,9.930000,0.007777778,0.007777778,Bronx,ALEXANDER AVENUE,EAST 139 STREET,EAST 140 STREET
208120225830225860,2021-08-07,2022-02-15,192,9.930000,9.930000,0.007777778,0.007777778,Bronx,ALEXANDER AVENUE,EAST 139 STREET,EAST 140 STREET
208120225830225860,2022-02-15,2022-08-23,189,9.930000,9.110000,0.007777778,0.098888889,Bronx,ALEXANDER AVENUE,EAST 139 STREET,EAST 140 STREET
208120225830225860,2022-08-23,2023-05-06,256,9.110000,9.830000,0.098888889,0.018888889,Bronx,ALEXANDER AVENUE,EAST 139 STREET,EAST 140 STREET
208120225830225860,2023-05-06,2023-09-14,131,9.830000,9.030000,0.018888889,0.107777778,Bronx,ALEXANDER AVENUE,EAST 139 STREET,EAST 140 STREET
208120225830225860,2023-09-14,2024-08-02,323,9.030000,9.010000,0.107777778,0.110000000,Bronx,ALEXANDER AVENUE,EAST 139 STREET,EAST 140 STREET
208120225830225860,2024-08-02,2024-09-10,39,9.010000,8.770000,0.110000000,0.136666667,Bronx,ALEXANDER AVENUE,EAST 139 STREET,EAST 140 STREET
208120225830225860,2024-09-10,2026-05-26,623,8.770000,7.180000,0.136666667,0.313333333,Bronx,ALEXANDER AVENUE,EAST 139 STREET,EAST 140 STREET
209320216020231220,2018-04-03,2018-04-05,2,8.070000,8.050000,0.214444444,0.216666667,Bronx,ARNOW AVENUE,BRUNER AVENUE,ELY AVENUE
209320216020231220,2018-04-05,2018-08-30,147,8.050000,5.010000,0.216666667,0.554444444,Bronx,ARNOW AVENUE,BRUNER AVENUE,ELY AVENUE
209320216020231220,2018-08-30,2019-09-10,376,5.010000,6.330000,0.554444444,0.407777778,Bronx,ARNOW AVENUE,BRUNER AVENUE,ELY AVENUE
209320216020231220,2019-09-10,2021-08-10,700,6.330000,5.850000,0.407777778,0.461111111,Bronx,ARNOW AVENUE,BRUNER AVENUE,ELY AVENUE
209320216020231220,2021-08-10,2022-08-20,375,5.850000,4.440000,0.461111111,0.617777778,Bronx,ARNOW AVENUE,BRUNER AVENUE,ELY AVENUE
209320216020231220,2022-08-20,2024-04-29,618,4.440000,10.000000,0.617777778,0.000000000,Bronx,ARNOW AVENUE,BRUNER AVENUE,ELY AVENUE
209320216020231220,2024-04-29,2025-05-19,385,10.000000,9.930000,0.000000000,0.007777778,Bronx,ARNOW AVENUE,BRUNER AVENUE,ELY AVENUE
209320216020231220,2025-05-19,2026-04-27,343,9.930000,9.600000,0.007777778,0.044444444,Bronx,ARNOW AVENUE,BRUNER AVENUE,ELY AVENUE
209320244120268520,2018-04-03,2018-04-05,2,9.110000,8.240000,0.098888889,0.195555556,Bronx,ARNOW AVENUE,KINGSLAND AVENUE,TIEMANN AVENUE
209320244120268520,2018-04-05,2018-08-30,147,8.240000,7.140000,0.195555556,0.317777778,Bronx,ARNOW AVENUE,KINGSLAND AVENUE,TIEMANN AVENUE
209320244120268520,2018-08-30,2019-09-10,376,7.140000,7.380000,0.317777778,0.291111111,Bronx,ARNOW AVENUE,KINGSLAND AVENUE,TIEMANN AVENUE
209320244120268520,2019-09-10,2021-08-10,700,7.380000,6.750000,0.291111111,0.361111111,Bronx,ARNOW AVENUE,KINGSLAND AVENUE,TIEMANN AVENUE
209320244120268520,2021-08-10,2022-08-20,375,6.750000,6.690000,0.361111111,0.367777778,Bronx,ARNOW AVENUE,KINGSLAND AVENUE,TIEMANN AVENUE
209320244120268520,2022-08-20,2024-04-29,618,6.690000,10.000000,0.367777778,0.000000000,Bronx,ARNOW AVENUE,KINGSLAND AVENUE,TIEMANN AVENUE
209320244120268520,2024-04-29,2025-05-19,385,10.000000,9.930000,0.000000000,0.007777778,Bronx,ARNOW AVENUE,KINGSLAND AVENUE,TIEMANN AVENUE
209320244120268520,2025-05-19,2026-04-27,343,9.930000,7.950000,0.007777778,0.227777778,Bronx,ARNOW AVENUE,KINGSLAND AVENUE,TIEMANN AVENUE
209620229820278510,2018-02-23,2018-03-12,17,6.180000,7.130000,0.424444444,0.318888889,Bronx,ASTOR AVENUE,EASTCHESTER ROAD,WOODHULL AVENUE
209620229820278510,2018-03-12,2019-04-01,385,7.130000,6.910000,0.318888889,0.343333333,Bronx,ASTOR AVENUE,EASTCHESTER ROAD,WOODHULL AVENUE
209620229820278510,2019-04-01,2020-12-15,624,6.910000,10.000000,0.343333333,0.000000000,Bronx,ASTOR AVENUE,EASTCHESTER ROAD,WOODHULL AVENUE
209620229820278510,2020-12-15,2022-04-11,482,10.000000,9.110000,0.000000000,0.098888889,Bronx,ASTOR AVENUE,EASTCHESTER ROAD,WOODHULL AVENUE
209620229820278510,2022-04-11,2023-05-08,392,9.110000,9.930000,0.098888889,0.007777778,Bronx,ASTOR AVENUE,EASTCHESTER ROAD,WOODHULL AVENUE
209620229820278510,2023-05-08,2024-05-21,379,9.930000,7.760000,0.007777778,0.248888889,Bronx,ASTOR AVENUE,EASTCHESTER ROAD,WOODHULL AVENUE
209620229820278510,2024-05-21,2025-05-19,363,7.760000,7.520000,0.248888889,0.275555556,Bronx,ASTOR AVENUE,EASTCHESTER ROAD,WOODHULL AVENUE
209620229820278510,2025-05-19,2026-04-27,343,7.520000,7.760000,0.275555556,0.248888889,Bronx,ASTOR AVENUE,EASTCHESTER ROAD,WOODHULL AVENUE
209620250820276970,2018-02-23,2018-03-12,17,6.440000,8.000000,0.395555556,0.222222222,Bronx,ASTOR AVENUE,MICKLE AVENUE,WESTERVELT AVENUE
209620250820276970,2018-03-12,2019-03-25,378,8.000000,5.760000,0.222222222,0.471111111,Bronx,ASTOR AVENUE,MICKLE AVENUE,WESTERVELT AVENUE
209620250820276970,2019-03-25,2020-12-15,631,5.760000,10.000000,0.471111111,0.000000000,Bronx,ASTOR AVENUE,MICKLE AVENUE,WESTERVELT AVENUE
209620250820276970,2020-12-15,2022-04-11,482,10.000000,9.110000,0.000000000,0.098888889,Bronx,ASTOR AVENUE,MICKLE AVENUE,WESTERVELT AVENUE
209620250820276970,2022-04-11,2023-05-08,392,9.110000,9.930000,0.098888889,0.007777778,Bronx,ASTOR AVENUE,MICKLE AVENUE,WESTERVELT AVENUE
209620250820276970,2023-05-08,2024-05-21,379,9.930000,9.110000,0.007777778,0.098888889,Bronx,ASTOR AVENUE,MICKLE AVENUE,WESTERVELT AVENUE
209620250820276970,2024-05-21,2025-05-19,363,9.110000,8.860000,0.098888889,0.126666667,Bronx,ASTOR AVENUE,MICKLE AVENUE,WESTERVELT AVENUE
209620250820276970,2025-05-19,2026-04-27,343,8.860000,8.620000,0.126666667,0.153333333,Bronx,ASTOR AVENUE,MICKLE AVENUE,WESTERVELT AVENUE
209620250820278510,2018-02-23,2018-03-12,17,5.740000,6.180000,0.473333333,0.424444444,Bronx,ASTOR AVENUE,MICKLE AVENUE,WOODHULL AVENUE
209620250820278510,2018-03-12,2019-03-25,378,6.180000,4.990000,0.424444444,0.556666667,Bronx,ASTOR AVENUE,MICKLE AVENUE,WOODHULL AVENUE
209620250820278510,2019-03-25,2020-12-15,631,4.990000,10.000000,0.556666667,0.000000000,Bronx,ASTOR AVENUE,MICKLE AVENUE,WOODHULL AVENUE
209620250820278510,2020-12-15,2022-04-11,482,10.000000,9.930000,0.000000000,0.007777778,Bronx,ASTOR AVENUE,MICKLE AVENUE,WOODHULL AVENUE
209620250820278510,2022-04-11,2023-05-08,392,9.930000,9.930000,0.007777778,0.007777778,Bronx,ASTOR AVENUE,MICKLE AVENUE,WOODHULL AVENUE
209620250820278510,2023-05-08,2024-05-21,379,9.930000,7.860000,0.007777778,0.237777778,Bronx,ASTOR AVENUE,MICKLE AVENUE,WOODHULL AVENUE
209620250820278510,2024-05-21,2025-05-19,363,7.860000,7.370000,0.237777778,0.292222222,Bronx,ASTOR AVENUE,MICKLE AVENUE,WOODHULL AVENUE
209620250820278510,2025-05-19,2026-04-27,343,7.370000,6.450000,0.292222222,0.394444444,Bronx,ASTOR AVENUE,MICKLE AVENUE,WOODHULL AVENUE
214020234470248020,2020-08-14,2023-01-26,895,4.650000,9.930000,0.594444444,0.007777778,Bronx,BOUCK AVENUE,GABRIEL DRIVE,MACE AVENUE
214020234470248020,2023-01-26,2023-02-03,8,9.930000,9.930000,0.007777778,0.007777778,Bronx,BOUCK AVENUE,GABRIEL DRIVE,MACE AVENUE
214020234470248020,2023-02-03,2024-04-29,451,9.930000,9.110000,0.007777778,0.098888889,Bronx,BOUCK AVENUE,GABRIEL DRIVE,MACE AVENUE
214020234470248020,2024-04-29,2024-05-21,22,9.110000,9.830000,0.098888889,0.018888889,Bronx,BOUCK AVENUE,GABRIEL DRIVE,MACE AVENUE
214020234470248020,2024-05-21,2025-05-20,364,9.830000,9.680000,0.018888889,0.035555556,Bronx,BOUCK AVENUE,GABRIEL DRIVE,MACE AVENUE
214020234470248020,2025-05-20,2025-08-20,92,9.680000,6.640000,0.035555556,0.373333333,Bronx,BOUCK AVENUE,GABRIEL DRIVE,MACE AVENUE
214020234470248020,2025-08-20,2026-05-13,266,6.640000,6.180000,0.373333333,0.424444444,Bronx,BOUCK AVENUE,GABRIEL DRIVE,MACE AVENUE
214020234470248020,2026-05-13,2026-07-20,68,6.180000,9.680000,0.424444444,0.035555556,Bronx,BOUCK AVENUE,GABRIEL DRIVE,MACE AVENUE
223820232020245520,2018-09-14,2019-10-11,392,7.950000,7.260000,0.227777778,0.304444444,Bronx,DEAN AVENUE,FAIRMOUNT AVENUE,LAYTON AVENUE
223820232020245520,2019-10-11,2021-06-28,626,7.260000,8.490000,0.304444444,0.167777778,Bronx,DEAN AVENUE,FAIRMOUNT AVENUE,LAYTON AVENUE
223820232020245520,2021-06-28,2021-07-20,22,8.490000,7.760000,0.167777778,0.248888889,Bronx,DEAN AVENUE,FAIRMOUNT AVENUE,LAYTON AVENUE
223820232020245520,2021-07-20,2022-07-23,368,7.760000,7.850000,0.248888889,0.238888889,Bronx,DEAN AVENUE,FAIRMOUNT AVENUE,LAYTON AVENUE
223820232020245520,2022-07-23,2023-08-18,391,7.850000,6.890000,0.238888889,0.345555556,Bronx,DEAN AVENUE,FAIRMOUNT AVENUE,LAYTON AVENUE
223820232020245520,2023-08-18,2024-08-12,360,6.890000,6.750000,0.345555556,0.361111111,Bronx,DEAN AVENUE,FAIRMOUNT AVENUE,LAYTON AVENUE
223820232020245520,2024-08-12,2025-08-19,372,6.750000,7.800000,0.361111111,0.244444444,Bronx,DEAN AVENUE,FAIRMOUNT AVENUE,LAYTON AVENUE
223820232020245520,2025-08-19,2026-07-10,325,7.800000,5.880000,0.244444444,0.457777778,Bronx,DEAN AVENUE,FAIRMOUNT AVENUE,LAYTON AVENUE
225800223020242420,2018-05-22,2018-07-10,49,8.270000,9.110000,0.192222222,0.098888889,Bronx,EAST 138 STREET,CYPRESS AVENUE,JACKSON AVENUE
225800223020242420,2018-07-10,2019-08-05,391,9.110000,9.770000,0.098888889,0.025555556,Bronx,EAST 138 STREET,CYPRESS AVENUE,JACKSON AVENUE
225800223020242420,2019-08-05,2021-04-10,614,9.770000,7.820000,0.025555556,0.242222222,Bronx,EAST 138 STREET,CYPRESS AVENUE,JACKSON AVENUE
225800223020242420,2021-04-10,2021-08-07,119,7.820000,8.390000,0.242222222,0.178888889,Bronx,EAST 138 STREET,CYPRESS AVENUE,JACKSON AVENUE
225800223020242420,2021-08-07,2022-08-23,381,8.390000,9.010000,0.178888889,0.110000000,Bronx,EAST 138 STREET,CYPRESS AVENUE,JACKSON AVENUE
225800223020242420,2022-08-23,2023-09-14,387,9.010000,7.760000,0.110000000,0.248888889,Bronx,EAST 138 STREET,CYPRESS AVENUE,JACKSON AVENUE
225800223020242420,2023-09-14,2025-03-09,542,7.760000,6.300000,0.248888889,0.411111111,Bronx,EAST 138 STREET,CYPRESS AVENUE,JACKSON AVENUE
225800223020242420,2025-03-09,2026-05-26,443,6.300000,6.790000,0.411111111,0.356666667,Bronx,EAST 138 STREET,CYPRESS AVENUE,JACKSON AVENUE
225800223020265620,2018-05-22,2018-07-10,49,7.020000,8.870000,0.331111111,0.125555556,Bronx,EAST 138 STREET,CYPRESS AVENUE,ST ANNS AVENUE
225800223020265620,2018-07-10,2019-08-05,391,8.870000,7.790000,0.125555556,0.245555556,Bronx,EAST 138 STREET,CYPRESS AVENUE,ST ANNS AVENUE
225800223020265620,2019-08-05,2021-04-10,614,7.790000,7.140000,0.245555556,0.317777778,Bronx,EAST 138 STREET,CYPRESS AVENUE,ST ANNS AVENUE
225800223020265620,2021-04-10,2021-08-07,119,7.140000,7.770000,0.317777778,0.247777778,Bronx,EAST 138 STREET,CYPRESS AVENUE,ST ANNS AVENUE
225800223020265620,2021-08-07,2022-08-23,381,7.770000,9.930000,0.247777778,0.007777778,Bronx,EAST 138 STREET,CYPRESS AVENUE,ST ANNS AVENUE
225800223020265620,2022-08-23,2023-09-14,387,9.930000,5.830000,0.007777778,0.463333333,Bronx,EAST 138 STREET,CYPRESS AVENUE,ST ANNS AVENUE
225800223020265620,2023-09-14,2025-03-09,542,5.830000,7.410000,0.463333333,0.287777778,Bronx,EAST 138 STREET,CYPRESS AVENUE,ST ANNS AVENUE
225800223020265620,2025-03-09,2026-05-26,443,7.410000,7.200000,0.287777778,0.311111111,Bronx,EAST 138 STREET,CYPRESS AVENUE,ST ANNS AVENUE
225890212320221920,2018-05-22,2018-07-10,49,4.750000,6.050000,0.583333333,0.438888889,Bronx,EAST 141 STREET,BEEKMAN AVENUE,CRIMMINS AVENUE
225890212320221920,2018-07-10,2019-08-05,391,6.050000,4.360000,0.438888889,0.626666667,Bronx,EAST 141 STREET,BEEKMAN AVENUE,CRIMMINS AVENUE
225890212320221920,2019-08-05,2021-04-10,614,4.360000,9.930000,0.626666667,0.007777778,Bronx,EAST 141 STREET,BEEKMAN AVENUE,CRIMMINS AVENUE
225890212320221920,2021-04-10,2021-08-07,119,9.930000,9.110000,0.007777778,0.098888889,Bronx,EAST 141 STREET,BEEKMAN AVENUE,CRIMMINS AVENUE
225890212320221920,2021-08-07,2022-08-23,381,9.110000,9.830000,0.098888889,0.018888889,Bronx,EAST 141 STREET,BEEKMAN AVENUE,CRIMMINS AVENUE
225890212320221920,2022-08-23,2023-09-14,387,9.830000,9.930000,0.018888889,0.007777778,Bronx,EAST 141 STREET,BEEKMAN AVENUE,CRIMMINS AVENUE
225890212320221920,2023-09-14,2025-03-09,542,9.930000,9.930000,0.007777778,0.007777778,Bronx,EAST 141 STREET,BEEKMAN AVENUE,CRIMMINS AVENUE
225890212320221920,2025-03-09,2026-05-26,443,9.930000,7.800000,0.007777778,0.244444444,Bronx,EAST 141 STREET,BEEKMAN AVENUE,CRIMMINS AVENUE
225890212320223020,2018-05-22,2018-07-10,49,5.640000,6.580000,0.484444444,0.380000000,Bronx,EAST 141 STREET,BEEKMAN AVENUE,CYPRESS AVENUE
225890212320223020,2018-07-10,2019-08-05,391,6.580000,6.630000,0.380000000,0.374444444,Bronx,EAST 141 STREET,BEEKMAN AVENUE,CYPRESS AVENUE
225890212320223020,2019-08-05,2021-04-10,614,6.630000,9.930000,0.374444444,0.007777778,Bronx,EAST 141 STREET,BEEKMAN AVENUE,CYPRESS AVENUE
225890212320223020,2021-04-10,2021-08-07,119,9.930000,9.580000,0.007777778,0.046666667,Bronx,EAST 141 STREET,BEEKMAN AVENUE,CYPRESS AVENUE
225890212320223020,2021-08-07,2022-08-23,381,9.580000,9.930000,0.046666667,0.007777778,Bronx,EAST 141 STREET,BEEKMAN AVENUE,CYPRESS AVENUE
225890212320223020,2022-08-23,2023-09-14,387,9.930000,9.930000,0.007777778,0.007777778,Bronx,EAST 141 STREET,BEEKMAN AVENUE,CYPRESS AVENUE
225890212320223020,2023-09-14,2025-03-09,542,9.930000,9.690000,0.007777778,0.034444444,Bronx,EAST 141 STREET,BEEKMAN AVENUE,CYPRESS AVENUE
225890212320223020,2025-03-09,2026-05-26,443,9.690000,7.560000,0.034444444,0.271111111,Bronx,EAST 141 STREET,BEEKMAN AVENUE,CYPRESS AVENUE
225890215720265620,2018-05-22,2018-07-12,51,10.000000,10.000000,0.000000000,0.000000000,Bronx,EAST 141 STREET,BROOK AVENUE,ST ANNS AVENUE
225890215720265620,2018-07-12,2019-08-05,389,10.000000,9.110000,0.000000000,0.098888889,Bronx,EAST 141 STREET,BROOK AVENUE,ST ANNS AVENUE
225890215720265620,2019-08-05,2021-04-10,614,9.110000,9.110000,0.098888889,0.098888889,Bronx,EAST 141 STREET,BROOK AVENUE,ST ANNS AVENUE
225890215720265620,2021-04-10,2021-08-07,119,9.110000,9.930000,0.098888889,0.007777778,Bronx,EAST 141 STREET,BROOK AVENUE,ST ANNS AVENUE
225890215720265620,2021-08-07,2022-08-23,381,9.930000,9.930000,0.007777778,0.007777778,Bronx,EAST 141 STREET,BROOK AVENUE,ST ANNS AVENUE
225890215720265620,2022-08-23,2023-09-14,387,9.930000,7.470000,0.007777778,0.281111111,Bronx,EAST 141 STREET,BROOK AVENUE,ST ANNS AVENUE
225890215720265620,2023-09-14,2025-03-09,542,7.470000,7.410000,0.281111111,0.287777778,Bronx,EAST 141 STREET,BROOK AVENUE,ST ANNS AVENUE
225890215720265620,2025-03-09,2026-05-28,445,7.410000,7.370000,0.287777778,0.292222222,Bronx,EAST 141 STREET,BROOK AVENUE,ST ANNS AVENUE
225890223020259320,2018-05-22,2018-07-10,49,5.130000,5.380000,0.541111111,0.513333333,Bronx,EAST 141 STREET,CYPRESS AVENUE,POWERS AVENUE
225890223020259320,2018-07-10,2019-08-05,391,5.380000,6.450000,0.513333333,0.394444444,Bronx,EAST 141 STREET,CYPRESS AVENUE,POWERS AVENUE
225890223020259320,2019-08-05,2021-04-10,614,6.450000,9.930000,0.394444444,0.007777778,Bronx,EAST 141 STREET,CYPRESS AVENUE,POWERS AVENUE
225890223020259320,2021-04-10,2021-08-07,119,9.930000,9.110000,0.007777778,0.098888889,Bronx,EAST 141 STREET,CYPRESS AVENUE,POWERS AVENUE
225890223020259320,2021-08-07,2022-08-23,381,9.110000,9.830000,0.098888889,0.018888889,Bronx,EAST 141 STREET,CYPRESS AVENUE,POWERS AVENUE
225890223020259320,2022-08-23,2023-09-14,387,9.830000,9.930000,0.018888889,0.007777778,Bronx,EAST 141 STREET,CYPRESS AVENUE,POWERS AVENUE
225890223020259320,2023-09-14,2025-03-09,542,9.930000,7.860000,0.007777778,0.237777778,Bronx,EAST 141 STREET,CYPRESS AVENUE,POWERS AVENUE
225890223020259320,2025-03-09,2026-05-26,443,7.860000,6.750000,0.237777778,0.361111111,Bronx,EAST 141 STREET,CYPRESS AVENUE,POWERS AVENUE
225890242420259320,2018-05-22,2018-07-10,49,6.260000,4.460000,0.415555556,0.615555556,Bronx,EAST 141 STREET,JACKSON AVENUE,POWERS AVENUE
225890242420259320,2018-07-10,2019-08-05,391,4.460000,2.600000,0.615555556,0.822222222,Bronx,EAST 141 STREET,JACKSON AVENUE,POWERS AVENUE
225890242420259320,2019-08-05,2021-04-10,614,2.600000,9.110000,0.822222222,0.098888889,Bronx,EAST 141 STREET,JACKSON AVENUE,POWERS AVENUE
225890242420259320,2021-04-10,2021-08-07,119,9.110000,9.110000,0.098888889,0.098888889,Bronx,EAST 141 STREET,JACKSON AVENUE,POWERS AVENUE
225890242420259320,2021-08-07,2022-08-23,381,9.110000,7.610000,0.098888889,0.265555556,Bronx,EAST 141 STREET,JACKSON AVENUE,POWERS AVENUE
225890242420259320,2022-08-23,2023-09-14,387,7.610000,7.860000,0.265555556,0.237777778,Bronx,EAST 141 STREET,JACKSON AVENUE,POWERS AVENUE
225890242420259320,2023-09-14,2025-03-09,542,7.860000,7.520000,0.237777778,0.275555556,Bronx,EAST 141 STREET,JACKSON AVENUE,POWERS AVENUE
225890242420259320,2025-03-09,2026-08-07,516,7.520000,7.520000,0.275555556,0.275555556,Bronx,EAST 141 STREET,JACKSON AVENUE,POWERS AVENUE
225920208120268020,2018-05-22,2018-07-14,53,6.270000,4.160000,0.414444444,0.648888889,Bronx,EAST 142 STREET,ALEXANDER AVENUE,3 AVENUE
225920208120268020,2018-07-14,2019-08-10,392,4.160000,10.000000,0.648888889,0.000000000,Bronx,EAST 142 STREET,ALEXANDER AVENUE,3 AVENUE
225920208120268020,2019-08-10,2021-04-10,609,10.000000,10.000000,0.000000000,0.000000000,Bronx,EAST 142 STREET,ALEXANDER AVENUE,3 AVENUE
225920208120268020,2021-04-10,2021-08-07,119,10.000000,9.710000,0.000000000,0.032222222,Bronx,EAST 142 STREET,ALEXANDER AVENUE,3 AVENUE
225920208120268020,2021-08-07,2022-08-23,381,9.710000,9.930000,0.032222222,0.007777778,Bronx,EAST 142 STREET,ALEXANDER AVENUE,3 AVENUE
225920208120268020,2022-08-23,2023-09-14,387,9.930000,9.110000,0.007777778,0.098888889,Bronx,EAST 142 STREET,ALEXANDER AVENUE,3 AVENUE
225920208120268020,2023-09-14,2024-09-10,362,9.110000,9.930000,0.098888889,0.007777778,Bronx,EAST 142 STREET,ALEXANDER AVENUE,3 AVENUE
225920208120268020,2024-09-10,2026-05-26,623,9.930000,7.760000,0.007777778,0.248888889,Bronx,EAST 142 STREET,ALEXANDER AVENUE,3 AVENUE
225980215720265620,2018-05-22,2018-07-12,51,9.930000,6.690000,0.007777778,0.367777778,Bronx,EAST 144 STREET,BROOK AVENUE,ST ANNS AVENUE
225980215720265620,2018-07-12,2019-08-07,391,6.690000,6.990000,0.367777778,0.334444444,Bronx,EAST 144 STREET,BROOK AVENUE,ST ANNS AVENUE
225980215720265620,2019-08-07,2021-04-10,612,6.990000,6.700000,0.334444444,0.366666667,Bronx,EAST 144 STREET,BROOK AVENUE,ST ANNS AVENUE
225980215720265620,2021-04-10,2021-08-07,119,6.700000,6.110000,0.366666667,0.432222222,Bronx,EAST 144 STREET,BROOK AVENUE,ST ANNS AVENUE
225980215720265620,2021-08-07,2022-08-23,381,6.110000,9.540000,0.432222222,0.051111111,Bronx,EAST 144 STREET,BROOK AVENUE,ST ANNS AVENUE
225980215720265620,2022-08-23,2023-09-14,387,9.540000,6.390000,0.051111111,0.401111111,Bronx,EAST 144 STREET,BROOK AVENUE,ST ANNS AVENUE
225980215720265620,2023-09-14,2024-09-10,362,6.390000,5.580000,0.401111111,0.491111111,Bronx,EAST 144 STREET,BROOK AVENUE,ST ANNS AVENUE
225980215720265620,2024-09-10,2025-11-12,428,5.580000,4.710000,0.491111111,0.587777778,Bronx,EAST 144 STREET,BROOK AVENUE,ST ANNS AVENUE
225980215720278150,2018-05-22,2018-07-12,51,7.440000,9.190000,0.284444444,0.090000000,Bronx,EAST 144 STREET,BROOK AVENUE,WILLIS AVENUE
225980215720278150,2018-07-12,2019-08-07,391,9.190000,9.930000,0.090000000,0.007777778,Bronx,EAST 144 STREET,BROOK AVENUE,WILLIS AVENUE
225980215720278150,2019-08-07,2021-04-10,612,9.930000,9.110000,0.007777778,0.098888889,Bronx,EAST 144 STREET,BROOK AVENUE,WILLIS AVENUE
225980215720278150,2021-04-10,2021-08-07,119,9.110000,9.690000,0.098888889,0.034444444,Bronx,EAST 144 STREET,BROOK AVENUE,WILLIS AVENUE
225980215720278150,2021-08-07,2022-08-23,381,9.690000,9.930000,0.034444444,0.007777778,Bronx,EAST 144 STREET,BROOK AVENUE,WILLIS AVENUE
225980215720278150,2022-08-23,2023-09-14,387,9.930000,9.110000,0.007777778,0.098888889,Bronx,EAST 144 STREET,BROOK AVENUE,WILLIS AVENUE
225980215720278150,2023-09-14,2024-09-10,362,9.110000,9.110000,0.098888889,0.098888889,Bronx,EAST 144 STREET,BROOK AVENUE,WILLIS AVENUE
225980215720278150,2024-09-10,2025-11-12,428,9.110000,7.000000,0.098888889,0.333333333,Bronx,EAST 144 STREET,BROOK AVENUE,WILLIS AVENUE
225980268020278150,2018-05-22,2018-07-12,51,8.050000,9.930000,0.216666667,0.007777778,Bronx,EAST 144 STREET,3 AVENUE,WILLIS AVENUE
225980268020278150,2018-07-12,2019-08-07,391,9.930000,8.490000,0.007777778,0.167777778,Bronx,EAST 144 STREET,3 AVENUE,WILLIS AVENUE
225980268020278150,2019-08-07,2021-04-10,612,8.490000,6.750000,0.167777778,0.361111111,Bronx,EAST 144 STREET,3 AVENUE,WILLIS AVENUE
225980268020278150,2021-04-10,2021-08-07,119,6.750000,9.110000,0.361111111,0.098888889,Bronx,EAST 144 STREET,3 AVENUE,WILLIS AVENUE
225980268020278150,2021-08-07,2022-08-23,381,9.110000,9.930000,0.098888889,0.007777778,Bronx,EAST 144 STREET,3 AVENUE,WILLIS AVENUE
225980268020278150,2022-08-23,2023-09-14,387,9.930000,7.150000,0.007777778,0.316666667,Bronx,EAST 144 STREET,3 AVENUE,WILLIS AVENUE
225980268020278150,2023-09-14,2024-09-10,362,7.150000,6.180000,0.316666667,0.424444444,Bronx,EAST 144 STREET,3 AVENUE,WILLIS AVENUE
225980268020278150,2024-09-10,2025-11-12,428,6.180000,5.430000,0.424444444,0.507777778,Bronx,EAST 144 STREET,3 AVENUE,WILLIS AVENUE
226070242420269720,2018-05-22,2018-07-27,66,7.620000,7.810000,0.264444444,0.243333333,Bronx,EAST 147 STREET,JACKSON AVENUE,TRINITY AVENUE
226070242420269720,2018-07-27,2019-08-07,376,7.810000,6.570000,0.243333333,0.381111111,Bronx,EAST 147 STREET,JACKSON AVENUE,TRINITY AVENUE
226070242420269720,2019-08-07,2021-04-10,612,6.570000,9.110000,0.381111111,0.098888889,Bronx,EAST 147 STREET,JACKSON AVENUE,TRINITY AVENUE
226070242420269720,2021-04-10,2021-08-07,119,9.110000,6.050000,0.098888889,0.438888889,Bronx,EAST 147 STREET,JACKSON AVENUE,TRINITY AVENUE
226070242420269720,2021-08-07,2022-08-23,381,6.050000,10.000000,0.438888889,0.000000000,Bronx,EAST 147 STREET,JACKSON AVENUE,TRINITY AVENUE
226070242420269720,2022-08-23,2023-09-14,387,10.000000,10.000000,0.000000000,0.000000000,Bronx,EAST 147 STREET,JACKSON AVENUE,TRINITY AVENUE
226070242420269720,2023-09-14,2024-09-10,362,10.000000,10.000000,0.000000000,0.000000000,Bronx,EAST 147 STREET,JACKSON AVENUE,TRINITY AVENUE
226070242420269720,2024-09-10,2025-11-14,430,10.000000,10.000000,0.000000000,0.000000000,Bronx,EAST 147 STREET,JACKSON AVENUE,TRINITY AVENUE
226340218620269720,2018-03-20,2018-07-26,128,9.930000,9.930000,0.007777778,0.007777778,Bronx,EAST 156 STREET,CAULDWELL AVENUE,TRINITY AVENUE
226340218620269720,2018-07-26,2019-08-07,377,9.930000,9.930000,0.007777778,0.007777778,Bronx,EAST 156 STREET,CAULDWELL AVENUE,TRINITY AVENUE
226340218620269720,2019-08-07,2021-04-03,605,9.930000,6.990000,0.007777778,0.334444444,Bronx,EAST 156 STREET,CAULDWELL AVENUE,TRINITY AVENUE
226340218620269720,2021-04-03,2021-08-07,126,6.990000,8.490000,0.334444444,0.167777778,Bronx,EAST 156 STREET,CAULDWELL AVENUE,TRINITY AVENUE
226340218620269720,2021-08-07,2022-08-23,381,8.490000,9.930000,0.167777778,0.007777778,Bronx,EAST 156 STREET,CAULDWELL AVENUE,TRINITY AVENUE
226340218620269720,2022-08-23,2023-09-12,385,9.930000,8.240000,0.007777778,0.195555556,Bronx,EAST 156 STREET,CAULDWELL AVENUE,TRINITY AVENUE
226340218620269720,2023-09-12,2024-09-10,364,8.240000,6.750000,0.195555556,0.361111111,Bronx,EAST 156 STREET,CAULDWELL AVENUE,TRINITY AVENUE
226340218620269720,2024-09-10,2025-11-14,430,6.750000,6.990000,0.361111111,0.334444444,Bronx,EAST 156 STREET,CAULDWELL AVENUE,TRINITY AVENUE
226340233320242420,2018-03-20,2018-07-27,129,8.240000,9.110000,0.195555556,0.098888889,Bronx,EAST 156 STREET,FOREST AVENUE,JACKSON AVENUE
226340233320242420,2018-07-27,2019-08-07,376,9.110000,8.050000,0.098888889,0.216666667,Bronx,EAST 156 STREET,FOREST AVENUE,JACKSON AVENUE
226340233320242420,2019-08-07,2021-04-03,605,8.050000,6.750000,0.216666667,0.361111111,Bronx,EAST 156 STREET,FOREST AVENUE,JACKSON AVENUE
226340233320242420,2021-04-03,2021-08-07,126,6.750000,9.590000,0.361111111,0.045555556,Bronx,EAST 156 STREET,FOREST AVENUE,JACKSON AVENUE
226340233320242420,2021-08-07,2022-08-23,381,9.590000,8.050000,0.045555556,0.216666667,Bronx,EAST 156 STREET,FOREST AVENUE,JACKSON AVENUE
226340233320242420,2022-08-23,2023-09-12,385,8.050000,8.860000,0.216666667,0.126666667,Bronx,EAST 156 STREET,FOREST AVENUE,JACKSON AVENUE
226340233320242420,2023-09-12,2024-09-10,364,8.860000,6.990000,0.126666667,0.334444444,Bronx,EAST 156 STREET,FOREST AVENUE,JACKSON AVENUE
226340233320242420,2024-09-10,2025-11-12,428,6.990000,6.810000,0.334444444,0.354444444,Bronx,EAST 156 STREET,FOREST AVENUE,JACKSON AVENUE
226340233320252710,2018-03-20,2018-07-27,129,9.930000,9.930000,0.007777778,0.007777778,Bronx,EAST 156 STREET,FOREST AVENUE,NYCTA SUBWAY
226340233320252710,2018-07-27,2019-08-07,376,9.930000,7.240000,0.007777778,0.306666667,Bronx,EAST 156 STREET,FOREST AVENUE,NYCTA SUBWAY
226340233320252710,2019-08-07,2021-04-03,605,7.240000,6.900000,0.306666667,0.344444444,Bronx,EAST 156 STREET,FOREST AVENUE,NYCTA SUBWAY
226340233320252710,2021-04-03,2021-08-07,126,6.900000,6.900000,0.344444444,0.344444444,Bronx,EAST 156 STREET,FOREST AVENUE,NYCTA SUBWAY
226340233320252710,2021-08-07,2022-08-23,381,6.900000,9.690000,0.344444444,0.034444444,Bronx,EAST 156 STREET,FOREST AVENUE,NYCTA SUBWAY
226340233320252710,2022-08-23,2023-09-12,385,9.690000,7.150000,0.034444444,0.316666667,Bronx,EAST 156 STREET,FOREST AVENUE,NYCTA SUBWAY
226340233320252710,2023-09-12,2024-09-10,364,7.150000,6.340000,0.316666667,0.406666667,Bronx,EAST 156 STREET,FOREST AVENUE,NYCTA SUBWAY
226340233320252710,2024-09-10,2025-11-12,428,6.340000,5.640000,0.406666667,0.484444444,Bronx,EAST 156 STREET,FOREST AVENUE,NYCTA SUBWAY
226340242420269720,2018-03-20,2018-07-26,128,9.930000,9.930000,0.007777778,0.007777778,Bronx,EAST 156 STREET,JACKSON AVENUE,TRINITY AVENUE
226340242420269720,2018-07-26,2019-08-07,377,9.930000,9.930000,0.007777778,0.007777778,Bronx,EAST 156 STREET,JACKSON AVENUE,TRINITY AVENUE
226340242420269720,2019-08-07,2021-04-03,605,9.930000,9.590000,0.007777778,0.045555556,Bronx,EAST 156 STREET,JACKSON AVENUE,TRINITY AVENUE
226340242420269720,2021-04-03,2021-08-07,126,9.590000,9.930000,0.045555556,0.007777778,Bronx,EAST 156 STREET,JACKSON AVENUE,TRINITY AVENUE
226340242420269720,2021-08-07,2022-08-23,381,9.930000,9.930000,0.007777778,0.007777778,Bronx,EAST 156 STREET,JACKSON AVENUE,TRINITY AVENUE
226340242420269720,2022-08-23,2023-09-12,385,9.930000,9.840000,0.007777778,0.017777778,Bronx,EAST 156 STREET,JACKSON AVENUE,TRINITY AVENUE
226340242420269720,2023-09-12,2024-09-10,364,9.840000,6.990000,0.017777778,0.334444444,Bronx,EAST 156 STREET,JACKSON AVENUE,TRINITY AVENUE
226340242420269720,2024-09-10,2025-11-12,428,6.990000,6.990000,0.334444444,0.334444444,Bronx,EAST 156 STREET,JACKSON AVENUE,TRINITY AVENUE
226460218620269720,2018-03-20,2018-07-26,128,9.930000,9.930000,0.007777778,0.007777778,Bronx,EAST 160 STREET,CAULDWELL AVENUE,TRINITY AVENUE
226460218620269720,2018-07-26,2019-08-07,377,9.930000,9.930000,0.007777778,0.007777778,Bronx,EAST 160 STREET,CAULDWELL AVENUE,TRINITY AVENUE
226460218620269720,2019-08-07,2021-04-03,605,9.930000,9.110000,0.007777778,0.098888889,Bronx,EAST 160 STREET,CAULDWELL AVENUE,TRINITY AVENUE
226460218620269720,2021-04-03,2021-08-07,126,9.110000,9.010000,0.098888889,0.110000000,Bronx,EAST 160 STREET,CAULDWELL AVENUE,TRINITY AVENUE
226460218620269720,2021-08-07,2022-08-23,381,9.010000,9.930000,0.110000000,0.007777778,Bronx,EAST 160 STREET,CAULDWELL AVENUE,TRINITY AVENUE
226460218620269720,2022-08-23,2023-09-12,385,9.930000,6.750000,0.007777778,0.361111111,Bronx,EAST 160 STREET,CAULDWELL AVENUE,TRINITY AVENUE
226460218620269720,2023-09-12,2024-09-10,364,6.750000,6.870000,0.361111111,0.347777778,Bronx,EAST 160 STREET,CAULDWELL AVENUE,TRINITY AVENUE
226460218620269720,2024-09-10,2025-11-12,428,6.870000,9.750000,0.347777778,0.027777778,Bronx,EAST 160 STREET,CAULDWELL AVENUE,TRINITY AVENUE
226460233320242420,2018-03-20,2018-07-26,128,9.930000,10.000000,0.007777778,0.000000000,Bronx,EAST 160 STREET,FOREST AVENUE,JACKSON AVENUE
226460233320242420,2018-07-26,2019-08-07,377,10.000000,9.930000,0.000000000,0.007777778,Bronx,EAST 160 STREET,FOREST AVENUE,JACKSON AVENUE
226460233320242420,2019-08-07,2021-04-03,605,9.930000,9.930000,0.007777778,0.007777778,Bronx,EAST 160 STREET,FOREST AVENUE,JACKSON AVENUE
226460233320242420,2021-04-03,2021-08-07,126,9.930000,9.930000,0.007777778,0.007777778,Bronx,EAST 160 STREET,FOREST AVENUE,JACKSON AVENUE
226460233320242420,2021-08-07,2022-08-23,381,9.930000,9.930000,0.007777778,0.007777778,Bronx,EAST 160 STREET,FOREST AVENUE,JACKSON AVENUE
226460233320242420,2022-08-23,2023-09-12,385,9.930000,9.930000,0.007777778,0.007777778,Bronx,EAST 160 STREET,FOREST AVENUE,JACKSON AVENUE
226460233320242420,2023-09-12,2024-09-10,364,9.930000,9.930000,0.007777778,0.007777778,Bronx,EAST 160 STREET,FOREST AVENUE,JACKSON AVENUE
226460233320242420,2024-09-10,2025-11-12,428,9.930000,9.930000,0.007777778,0.007777778,Bronx,EAST 160 STREET,FOREST AVENUE,JACKSON AVENUE
226460233320269020,2018-03-20,2018-07-26,128,9.110000,9.110000,0.098888889,0.098888889,Bronx,EAST 160 STREET,FOREST AVENUE,TINTON AVENUE
226460233320269020,2018-07-26,2019-08-07,377,9.110000,9.110000,0.098888889,0.098888889,Bronx,EAST 160 STREET,FOREST AVENUE,TINTON AVENUE
226460233320269020,2019-08-07,2021-04-03,605,9.110000,8.870000,0.098888889,0.125555556,Bronx,EAST 160 STREET,FOREST AVENUE,TINTON AVENUE
226460233320269020,2021-04-03,2021-08-07,126,8.870000,8.490000,0.125555556,0.167777778,Bronx,EAST 160 STREET,FOREST AVENUE,TINTON AVENUE
226460233320269020,2021-08-07,2022-08-23,381,8.490000,8.560000,0.167777778,0.160000000,Bronx,EAST 160 STREET,FOREST AVENUE,TINTON AVENUE
226460233320269020,2022-08-23,2023-09-12,385,8.560000,7.620000,0.160000000,0.264444444,Bronx,EAST 160 STREET,FOREST AVENUE,TINTON AVENUE
226460233320269020,2023-09-12,2024-09-10,364,7.620000,8.000000,0.264444444,0.222222222,Bronx,EAST 160 STREET,FOREST AVENUE,TINTON AVENUE
226460233320269020,2024-09-10,2025-11-12,428,8.000000,7.860000,0.222222222,0.237777778,Bronx,EAST 160 STREET,FOREST AVENUE,TINTON AVENUE
226460242420269720,2018-03-20,2018-07-26,128,9.930000,10.000000,0.007777778,0.000000000,Bronx,EAST 160 STREET,JACKSON AVENUE,TRINITY AVENUE
226460242420269720,2018-07-26,2019-08-07,377,10.000000,10.000000,0.000000000,0.000000000,Bronx,EAST 160 STREET,JACKSON AVENUE,TRINITY AVENUE
226460242420269720,2019-08-07,2021-04-03,605,10.000000,9.930000,0.000000000,0.007777778,Bronx,EAST 160 STREET,JACKSON AVENUE,TRINITY AVENUE
226460242420269720,2021-04-03,2021-08-07,126,9.930000,8.050000,0.007777778,0.216666667,Bronx,EAST 160 STREET,JACKSON AVENUE,TRINITY AVENUE
226460242420269720,2021-08-07,2022-08-23,381,8.050000,9.930000,0.216666667,0.007777778,Bronx,EAST 160 STREET,JACKSON AVENUE,TRINITY AVENUE
226460242420269720,2022-08-23,2023-09-12,385,9.930000,9.110000,0.007777778,0.098888889,Bronx,EAST 160 STREET,JACKSON AVENUE,TRINITY AVENUE
226460242420269720,2023-09-12,2024-09-10,364,9.110000,9.110000,0.098888889,0.098888889,Bronx,EAST 160 STREET,JACKSON AVENUE,TRINITY AVENUE
226460242420269720,2024-09-10,2025-11-12,428,9.110000,8.050000,0.098888889,0.216666667,Bronx,EAST 160 STREET,JACKSON AVENUE,TRINITY AVENUE
226460269020270420,2018-03-20,2018-07-26,128,9.930000,8.490000,0.007777778,0.167777778,Bronx,EAST 160 STREET,TINTON AVENUE,UNION AVENUE
226460269020270420,2018-07-26,2019-08-07,377,8.490000,9.930000,0.167777778,0.007777778,Bronx,EAST 160 STREET,TINTON AVENUE,UNION AVENUE
226460269020270420,2019-08-07,2021-04-03,605,9.930000,8.000000,0.007777778,0.222222222,Bronx,EAST 160 STREET,TINTON AVENUE,UNION AVENUE
226460269020270420,2021-04-03,2021-08-07,126,8.000000,8.000000,0.222222222,0.222222222,Bronx,EAST 160 STREET,TINTON AVENUE,UNION AVENUE
226460269020270420,2021-08-07,2022-08-23,381,8.000000,9.930000,0.222222222,0.007777778,Bronx,EAST 160 STREET,TINTON AVENUE,UNION AVENUE
226460269020270420,2022-08-23,2023-09-12,385,9.930000,8.870000,0.007777778,0.125555556,Bronx,EAST 160 STREET,TINTON AVENUE,UNION AVENUE
226460269020270420,2023-09-12,2024-09-10,364,8.870000,6.990000,0.125555556,0.334444444,Bronx,EAST 160 STREET,TINTON AVENUE,UNION AVENUE
226460269020270420,2024-09-10,2025-11-12,428,6.990000,7.200000,0.334444444,0.311111111,Bronx,EAST 160 STREET,TINTON AVENUE,UNION AVENUE
226490218620269720,2018-03-20,2018-08-29,162,7.860000,7.360000,0.237777778,0.293333333,Bronx,EAST 161 STREET,CAULDWELL AVENUE,TRINITY AVENUE
226490218620269720,2018-08-29,2019-08-09,345,7.360000,7.780000,0.293333333,0.246666667,Bronx,EAST 161 STREET,CAULDWELL AVENUE,TRINITY AVENUE
226490218620269720,2019-08-09,2021-05-03,633,7.780000,7.140000,0.246666667,0.317777778,Bronx,EAST 161 STREET,CAULDWELL AVENUE,TRINITY AVENUE
226490218620269720,2021-05-03,2021-10-08,158,7.140000,7.370000,0.317777778,0.292222222,Bronx,EAST 161 STREET,CAULDWELL AVENUE,TRINITY AVENUE
226490218620269720,2021-10-08,2022-12-20,438,7.370000,6.050000,0.292222222,0.438888889,Bronx,EAST 161 STREET,CAULDWELL AVENUE,TRINITY AVENUE
226490218620269720,2022-12-20,2023-12-08,353,6.050000,6.050000,0.438888889,0.438888889,Bronx,EAST 161 STREET,CAULDWELL AVENUE,TRINITY AVENUE
226490218620269720,2023-12-08,2025-01-15,404,6.050000,6.670000,0.438888889,0.370000000,Bronx,EAST 161 STREET,CAULDWELL AVENUE,TRINITY AVENUE
226490218620269720,2025-01-15,2026-01-14,364,6.670000,5.670000,0.370000000,0.481111111,Bronx,EAST 161 STREET,CAULDWELL AVENUE,TRINITY AVENUE
226490233320242420,2018-03-20,2018-08-29,162,7.610000,10.000000,0.265555556,0.000000000,Bronx,EAST 161 STREET,FOREST AVENUE,JACKSON AVENUE
226490233320242420,2018-08-29,2019-08-09,345,10.000000,10.000000,0.000000000,0.000000000,Bronx,EAST 161 STREET,FOREST AVENUE,JACKSON AVENUE
226490233320242420,2019-08-09,2021-05-03,633,10.000000,8.490000,0.000000000,0.167777778,Bronx,EAST 161 STREET,FOREST AVENUE,JACKSON AVENUE
226490233320242420,2021-05-03,2021-10-08,158,8.490000,9.370000,0.167777778,0.070000000,Bronx,EAST 161 STREET,FOREST AVENUE,JACKSON AVENUE
226490233320242420,2021-10-08,2022-12-20,438,9.370000,7.860000,0.070000000,0.237777778,Bronx,EAST 161 STREET,FOREST AVENUE,JACKSON AVENUE
226490233320242420,2022-12-20,2023-12-08,353,7.860000,7.370000,0.237777778,0.292222222,Bronx,EAST 161 STREET,FOREST AVENUE,JACKSON AVENUE
226490233320242420,2023-12-08,2025-01-15,404,7.370000,7.620000,0.292222222,0.264444444,Bronx,EAST 161 STREET,FOREST AVENUE,JACKSON AVENUE
226490233320242420,2025-01-15,2026-01-14,364,7.620000,5.370000,0.264444444,0.514444444,Bronx,EAST 161 STREET,FOREST AVENUE,JACKSON AVENUE
226490233320269020,2018-03-20,2018-08-29,162,6.910000,10.000000,0.343333333,0.000000000,Bronx,EAST 161 STREET,FOREST AVENUE,TINTON AVENUE
226490233320269020,2018-08-29,2019-08-09,345,10.000000,10.000000,0.000000000,0.000000000,Bronx,EAST 161 STREET,FOREST AVENUE,TINTON AVENUE
226490233320269020,2019-08-09,2021-05-03,633,10.000000,9.930000,0.000000000,0.007777778,Bronx,EAST 161 STREET,FOREST AVENUE,TINTON AVENUE
226490233320269020,2021-05-03,2021-10-08,158,9.930000,9.930000,0.007777778,0.007777778,Bronx,EAST 161 STREET,FOREST AVENUE,TINTON AVENUE
226490233320269020,2021-10-08,2022-12-20,438,9.930000,9.110000,0.007777778,0.098888889,Bronx,EAST 161 STREET,FOREST AVENUE,TINTON AVENUE
226490233320269020,2022-12-20,2023-12-08,353,9.110000,8.770000,0.098888889,0.136666667,Bronx,EAST 161 STREET,FOREST AVENUE,TINTON AVENUE
226490233320269020,2023-12-08,2025-01-15,404,8.770000,8.950000,0.136666667,0.116666667,Bronx,EAST 161 STREET,FOREST AVENUE,TINTON AVENUE
226490233320269020,2025-01-15,2026-01-14,364,8.950000,6.750000,0.116666667,0.361111111,Bronx,EAST 161 STREET,FOREST AVENUE,TINTON AVENUE
226490259520270420,2018-03-20,2018-08-29,162,6.630000,10.000000,0.374444444,0.000000000,Bronx,EAST 161 STREET,PROSPECT AVENUE,UNION AVENUE
226490259520270420,2018-08-29,2019-08-09,345,10.000000,10.000000,0.000000000,0.000000000,Bronx,EAST 161 STREET,PROSPECT AVENUE,UNION AVENUE
226490259520270420,2019-08-09,2021-05-03,633,10.000000,10.000000,0.000000000,0.000000000,Bronx,EAST 161 STREET,PROSPECT AVENUE,UNION AVENUE
226490259520270420,2021-05-03,2021-10-08,158,10.000000,10.000000,0.000000000,0.000000000,Bronx,EAST 161 STREET,PROSPECT AVENUE,UNION AVENUE
226490259520270420,2021-10-08,2022-12-20,438,10.000000,9.190000,0.000000000,0.090000000,Bronx,EAST 161 STREET,PROSPECT AVENUE,UNION AVENUE
226490259520270420,2022-12-20,2023-12-08,353,9.190000,9.110000,0.090000000,0.098888889,Bronx,EAST 161 STREET,PROSPECT AVENUE,UNION AVENUE
226490259520270420,2023-12-08,2025-01-15,404,9.110000,8.050000,0.098888889,0.216666667,Bronx,EAST 161 STREET,PROSPECT AVENUE,UNION AVENUE
226490259520270420,2025-01-15,2026-01-14,364,8.050000,6.570000,0.216666667,0.381111111,Bronx,EAST 161 STREET,PROSPECT AVENUE,UNION AVENUE
226490269020270420,2018-03-20,2018-08-29,162,5.580000,10.000000,0.491111111,0.000000000,Bronx,EAST 161 STREET,TINTON AVENUE,UNION AVENUE
226490269020270420,2018-08-29,2019-08-09,345,10.000000,10.000000,0.000000000,0.000000000,Bronx,EAST 161 STREET,TINTON AVENUE,UNION AVENUE
226490269020270420,2019-08-09,2021-05-03,633,10.000000,9.930000,0.000000000,0.007777778,Bronx,EAST 161 STREET,TINTON AVENUE,UNION AVENUE
226490269020270420,2021-05-03,2021-10-08,158,9.930000,10.000000,0.007777778,0.000000000,Bronx,EAST 161 STREET,TINTON AVENUE,UNION AVENUE
226490269020270420,2021-10-08,2022-12-20,438,10.000000,9.110000,0.000000000,0.098888889,Bronx,EAST 161 STREET,TINTON AVENUE,UNION AVENUE
226490269020270420,2022-12-20,2023-12-08,353,9.110000,9.010000,0.098888889,0.110000000,Bronx,EAST 161 STREET,TINTON AVENUE,UNION AVENUE
226490269020270420,2023-12-08,2025-01-15,404,9.010000,9.110000,0.110000000,0.098888889,Bronx,EAST 161 STREET,TINTON AVENUE,UNION AVENUE
226490269020270420,2025-01-15,2026-01-14,364,9.110000,7.800000,0.098888889,0.244444444,Bronx,EAST 161 STREET,TINTON AVENUE,UNION AVENUE
226700259520270420,2018-03-20,2018-08-29,162,9.110000,7.610000,0.098888889,0.265555556,Bronx,EAST 168 STREET,PROSPECT AVENUE,UNION AVENUE
226700259520270420,2018-08-29,2019-09-13,380,7.610000,6.760000,0.265555556,0.360000000,Bronx,EAST 168 STREET,PROSPECT AVENUE,UNION AVENUE
226700259520270420,2019-09-13,2021-05-03,598,6.760000,5.830000,0.360000000,0.463333333,Bronx,EAST 168 STREET,PROSPECT AVENUE,UNION AVENUE
226700259520270420,2021-05-03,2021-10-08,158,5.830000,5.450000,0.463333333,0.505555556,Bronx,EAST 168 STREET,PROSPECT AVENUE,UNION AVENUE
226700259520270420,2021-10-08,2022-12-20,438,5.450000,5.330000,0.505555556,0.518888889,Bronx,EAST 168 STREET,PROSPECT AVENUE,UNION AVENUE
226700259520270420,2022-12-20,2023-12-08,353,5.330000,4.890000,0.518888889,0.567777778,Bronx,EAST 168 STREET,PROSPECT AVENUE,UNION AVENUE
226700259520270420,2023-12-08,2025-02-22,442,4.890000,6.000000,0.567777778,0.444444444,Bronx,EAST 168 STREET,PROSPECT AVENUE,UNION AVENUE
226700259520270420,2025-02-22,2026-08-06,530,6.000000,4.450000,0.444444444,0.616666667,Bronx,EAST 168 STREET,PROSPECT AVENUE,UNION AVENUE
226700269020270420,2018-03-20,2018-08-29,162,8.050000,7.610000,0.216666667,0.265555556,Bronx,EAST 168 STREET,TINTON AVENUE,UNION AVENUE
226700269020270420,2018-08-29,2019-09-13,380,7.610000,6.640000,0.265555556,0.373333333,Bronx,EAST 168 STREET,TINTON AVENUE,UNION AVENUE
226700269020270420,2019-09-13,2021-05-03,598,6.640000,6.910000,0.373333333,0.343333333,Bronx,EAST 168 STREET,TINTON AVENUE,UNION AVENUE
226700269020270420,2021-05-03,2021-10-08,158,6.910000,7.760000,0.343333333,0.248888889,Bronx,EAST 168 STREET,TINTON AVENUE,UNION AVENUE
226700269020270420,2021-10-08,2022-12-20,438,7.760000,7.850000,0.248888889,0.238888889,Bronx,EAST 168 STREET,TINTON AVENUE,UNION AVENUE
226700269020270420,2022-12-20,2023-12-08,353,7.850000,8.870000,0.238888889,0.125555556,Bronx,EAST 168 STREET,TINTON AVENUE,UNION AVENUE
226700269020270420,2023-12-08,2025-01-15,404,8.870000,8.510000,0.125555556,0.165555556,Bronx,EAST 168 STREET,TINTON AVENUE,UNION AVENUE
226700269020270420,2025-01-15,2026-01-14,364,8.510000,6.250000,0.165555556,0.416666667,Bronx,EAST 168 STREET,TINTON AVENUE,UNION AVENUE
226730213820269020,2018-03-20,2018-08-27,160,9.930000,9.490000,0.007777778,0.056666667,Bronx,EAST 169 STREET,BOSTON ROAD,TINTON AVENUE
226730213820269020,2018-08-27,2019-09-13,382,9.490000,9.590000,0.056666667,0.045555556,Bronx,EAST 169 STREET,BOSTON ROAD,TINTON AVENUE
226730213820269020,2019-09-13,2021-05-03,598,9.590000,7.900000,0.045555556,0.233333333,Bronx,EAST 169 STREET,BOSTON ROAD,TINTON AVENUE
226730213820269020,2021-05-03,2021-10-08,158,7.900000,8.320000,0.233333333,0.186666667,Bronx,EAST 169 STREET,BOSTON ROAD,TINTON AVENUE
226730213820269020,2021-10-08,2022-12-20,438,8.320000,7.610000,0.186666667,0.265555556,Bronx,EAST 169 STREET,BOSTON ROAD,TINTON AVENUE
226730213820269020,2022-12-20,2023-12-08,353,7.610000,8.860000,0.265555556,0.126666667,Bronx,EAST 169 STREET,BOSTON ROAD,TINTON AVENUE
226730213820269020,2023-12-08,2025-01-15,404,8.860000,5.800000,0.126666667,0.466666667,Bronx,EAST 169 STREET,BOSTON ROAD,TINTON AVENUE
226730213820269020,2025-01-15,2026-01-14,364,5.800000,4.950000,0.466666667,0.561111111,Bronx,EAST 169 STREET,BOSTON ROAD,TINTON AVENUE
226730259520270420,2018-03-20,2018-08-27,160,9.030000,10.000000,0.107777778,0.000000000,Bronx,EAST 169 STREET,PROSPECT AVENUE,UNION AVENUE
226730259520270420,2018-08-27,2019-09-13,382,10.000000,7.710000,0.000000000,0.254444444,Bronx,EAST 169 STREET,PROSPECT AVENUE,UNION AVENUE
226730259520270420,2019-09-13,2021-05-03,598,7.710000,6.150000,0.254444444,0.427777778,Bronx,EAST 169 STREET,PROSPECT AVENUE,UNION AVENUE
226730259520270420,2021-05-03,2021-10-08,158,6.150000,6.810000,0.427777778,0.354444444,Bronx,EAST 169 STREET,PROSPECT AVENUE,UNION AVENUE
226730259520270420,2021-10-08,2022-12-20,438,6.810000,6.180000,0.354444444,0.424444444,Bronx,EAST 169 STREET,PROSPECT AVENUE,UNION AVENUE
226730259520270420,2022-12-20,2023-12-08,353,6.180000,6.500000,0.424444444,0.388888889,Bronx,EAST 169 STREET,PROSPECT AVENUE,UNION AVENUE
226730259520270420,2023-12-08,2025-01-15,404,6.500000,4.530000,0.388888889,0.607777778,Bronx,EAST 169 STREET,PROSPECT AVENUE,UNION AVENUE
226730259520270420,2025-01-15,2026-01-14,364,4.530000,4.450000,0.607777778,0.616666667,Bronx,EAST 169 STREET,PROSPECT AVENUE,UNION AVENUE
226730269020270420,2018-03-20,2018-08-27,160,9.110000,9.030000,0.098888889,0.107777778,Bronx,EAST 169 STREET,TINTON AVENUE,UNION AVENUE
226730269020270420,2018-08-27,2019-09-13,382,9.030000,6.450000,0.107777778,0.394444444,Bronx,EAST 169 STREET,TINTON AVENUE,UNION AVENUE
226730269020270420,2019-09-13,2021-05-03,598,6.450000,7.150000,0.394444444,0.316666667,Bronx,EAST 169 STREET,TINTON AVENUE,UNION AVENUE
226730269020270420,2021-05-03,2021-10-08,158,7.150000,7.370000,0.316666667,0.292222222,Bronx,EAST 169 STREET,TINTON AVENUE,UNION AVENUE
226730269020270420,2021-10-08,2022-12-20,438,7.370000,7.630000,0.292222222,0.263333333,Bronx,EAST 169 STREET,TINTON AVENUE,UNION AVENUE
226730269020270420,2022-12-20,2023-12-08,353,7.630000,6.850000,0.263333333,0.350000000,Bronx,EAST 169 STREET,TINTON AVENUE,UNION AVENUE
226730269020270420,2023-12-08,2025-01-15,404,6.850000,4.490000,0.350000000,0.612222222,Bronx,EAST 169 STREET,TINTON AVENUE,UNION AVENUE
226730269020270420,2025-01-15,2026-01-14,364,4.490000,5.520000,0.612222222,0.497777778,Bronx,EAST 169 STREET,TINTON AVENUE,UNION AVENUE
230120210520236720,2018-09-14,2019-10-11,392,6.300000,7.140000,0.411111111,0.317777778,Bronx,EDISON AVENUE,BARKLEY AVENUE,GREENE PLACE
230120210520236720,2019-10-11,2021-06-28,626,7.140000,6.330000,0.317777778,0.407777778,Bronx,EDISON AVENUE,BARKLEY AVENUE,GREENE PLACE
230120210520236720,2021-06-28,2021-07-19,21,6.330000,5.580000,0.407777778,0.491111111,Bronx,EDISON AVENUE,BARKLEY AVENUE,GREENE PLACE
230120210520236720,2021-07-19,2022-07-23,369,5.580000,5.430000,0.491111111,0.507777778,Bronx,EDISON AVENUE,BARKLEY AVENUE,GREENE PLACE
230120210520236720,2022-07-23,2023-08-14,387,5.430000,3.960000,0.507777778,0.671111111,Bronx,EDISON AVENUE,BARKLEY AVENUE,GREENE PLACE
230120210520236720,2023-08-14,2024-08-12,364,3.960000,5.290000,0.671111111,0.523333333,Bronx,EDISON AVENUE,BARKLEY AVENUE,GREENE PLACE
230120210520236720,2024-08-12,2025-08-19,372,5.290000,4.850000,0.523333333,0.572222222,Bronx,EDISON AVENUE,BARKLEY AVENUE,GREENE PLACE
230120210520236720,2025-08-19,2026-07-08,323,4.850000,5.240000,0.572222222,0.528888889,Bronx,EDISON AVENUE,BARKLEY AVENUE,GREENE PLACE
230120210520265060,2018-09-14,2019-10-11,392,7.950000,8.590000,0.227777778,0.156666667,Bronx,EDISON AVENUE,BARKLEY AVENUE,SOMMER PLACE
230120210520265060,2019-10-11,2021-06-28,626,8.590000,7.300000,0.156666667,0.300000000,Bronx,EDISON AVENUE,BARKLEY AVENUE,SOMMER PLACE
230120210520265060,2021-06-28,2021-07-19,21,7.300000,6.180000,0.300000000,0.424444444,Bronx,EDISON AVENUE,BARKLEY AVENUE,SOMMER PLACE
230120210520265060,2021-07-19,2022-07-23,369,6.180000,6.990000,0.424444444,0.334444444,Bronx,EDISON AVENUE,BARKLEY AVENUE,SOMMER PLACE
230120210520265060,2022-07-23,2023-08-14,387,6.990000,5.740000,0.334444444,0.473333333,Bronx,EDISON AVENUE,BARKLEY AVENUE,SOMMER PLACE
230120210520265060,2023-08-14,2024-08-12,364,5.740000,6.900000,0.473333333,0.344444444,Bronx,EDISON AVENUE,BARKLEY AVENUE,SOMMER PLACE
230120210520265060,2024-08-12,2025-08-19,372,6.900000,7.140000,0.344444444,0.317777778,Bronx,EDISON AVENUE,BARKLEY AVENUE,SOMMER PLACE
230120210520265060,2025-08-19,2026-07-08,323,7.140000,6.810000,0.317777778,0.354444444,Bronx,EDISON AVENUE,BARKLEY AVENUE,SOMMER PLACE
230120215920256320,2018-09-14,2019-10-11,392,9.830000,9.010000,0.018888889,0.110000000,Bronx,EDISON AVENUE,BRUCKNER BOULEVARD,OTIS AVENUE
230120215920256320,2019-10-11,2021-06-28,626,9.010000,9.830000,0.110000000,0.018888889,Bronx,EDISON AVENUE,BRUCKNER BOULEVARD,OTIS AVENUE
230120215920256320,2021-06-28,2021-07-19,21,9.830000,6.810000,0.018888889,0.354444444,Bronx,EDISON AVENUE,BRUCKNER BOULEVARD,OTIS AVENUE
230120215920256320,2021-07-19,2022-07-23,369,6.810000,6.990000,0.354444444,0.334444444,Bronx,EDISON AVENUE,BRUCKNER BOULEVARD,OTIS AVENUE
230120215920256320,2022-07-23,2023-08-14,387,6.990000,6.450000,0.334444444,0.394444444,Bronx,EDISON AVENUE,BRUCKNER BOULEVARD,OTIS AVENUE
230120215920256320,2023-08-14,2024-08-12,364,6.450000,7.050000,0.394444444,0.327777778,Bronx,EDISON AVENUE,BRUCKNER BOULEVARD,OTIS AVENUE
230120215920256320,2024-08-12,2025-08-19,372,7.050000,5.650000,0.327777778,0.483333333,Bronx,EDISON AVENUE,BRUCKNER BOULEVARD,OTIS AVENUE
230120215920256320,2025-08-19,2026-07-08,323,5.650000,3.720000,0.483333333,0.697777778,Bronx,EDISON AVENUE,BRUCKNER BOULEVARD,OTIS AVENUE
230120236720256320,2018-09-14,2019-10-11,392,7.800000,7.990000,0.244444444,0.223333333,Bronx,EDISON AVENUE,GREENE PLACE,OTIS AVENUE
230120236720256320,2019-10-11,2021-06-28,626,7.990000,9.840000,0.223333333,0.017777778,Bronx,EDISON AVENUE,GREENE PLACE,OTIS AVENUE
230120236720256320,2021-06-28,2021-07-19,21,9.840000,6.990000,0.017777778,0.334444444,Bronx,EDISON AVENUE,GREENE PLACE,OTIS AVENUE
230120236720256320,2021-07-19,2022-07-23,369,6.990000,7.240000,0.334444444,0.306666667,Bronx,EDISON AVENUE,GREENE PLACE,OTIS AVENUE
230120236720256320,2022-07-23,2023-08-14,387,7.240000,5.880000,0.306666667,0.457777778,Bronx,EDISON AVENUE,GREENE PLACE,OTIS AVENUE
230120236720256320,2023-08-14,2024-08-12,364,5.880000,5.800000,0.457777778,0.466666667,Bronx,EDISON AVENUE,GREENE PLACE,OTIS AVENUE
230120236720256320,2024-08-12,2025-08-19,372,5.800000,5.940000,0.466666667,0.451111111,Bronx,EDISON AVENUE,GREENE PLACE,OTIS AVENUE
230120236720256320,2025-08-19,2026-07-08,323,5.940000,4.650000,0.451111111,0.594444444,Bronx,EDISON AVENUE,GREENE PLACE,OTIS AVENUE
230120245120265060,2018-09-14,2019-10-11,392,9.830000,9.930000,0.018888889,0.007777778,Bronx,EDISON AVENUE,LAFAYETTE AVENUE,SOMMER PLACE
230120245120265060,2019-10-11,2021-06-28,626,9.930000,9.830000,0.007777778,0.018888889,Bronx,EDISON AVENUE,LAFAYETTE AVENUE,SOMMER PLACE
230120245120265060,2021-06-28,2021-07-19,21,9.830000,9.110000,0.018888889,0.098888889,Bronx,EDISON AVENUE,LAFAYETTE AVENUE,SOMMER PLACE
230120245120265060,2021-07-19,2022-07-23,369,9.110000,6.180000,0.098888889,0.424444444,Bronx,EDISON AVENUE,LAFAYETTE AVENUE,SOMMER PLACE
230120245120265060,2022-07-23,2023-08-14,387,6.180000,5.290000,0.424444444,0.523333333,Bronx,EDISON AVENUE,LAFAYETTE AVENUE,SOMMER PLACE
230120245120265060,2023-08-14,2024-08-12,364,5.290000,6.850000,0.523333333,0.350000000,Bronx,EDISON AVENUE,LAFAYETTE AVENUE,SOMMER PLACE
230120245120265060,2024-08-12,2025-08-19,372,6.850000,6.180000,0.350000000,0.424444444,Bronx,EDISON AVENUE,LAFAYETTE AVENUE,SOMMER PLACE
230120245120265060,2025-08-19,2026-07-08,323,6.180000,6.040000,0.424444444,0.440000000,Bronx,EDISON AVENUE,LAFAYETTE AVENUE,SOMMER PLACE
230120245120267400,2018-09-14,2019-10-11,392,6.810000,7.620000,0.354444444,0.264444444,Bronx,EDISON AVENUE,LAFAYETTE AVENUE,SULLIVAN PLACE
230120245120267400,2019-10-11,2021-06-28,626,7.620000,6.870000,0.264444444,0.347777778,Bronx,EDISON AVENUE,LAFAYETTE AVENUE,SULLIVAN PLACE
230120245120267400,2021-06-28,2021-07-19,21,6.870000,8.050000,0.347777778,0.216666667,Bronx,EDISON AVENUE,LAFAYETTE AVENUE,SULLIVAN PLACE
230120245120267400,2021-07-19,2022-07-23,369,8.050000,9.380000,0.216666667,0.068888889,Bronx,EDISON AVENUE,LAFAYETTE AVENUE,SULLIVAN PLACE
230120245120267400,2022-07-23,2023-08-14,387,9.380000,9.200000,0.068888889,0.088888889,Bronx,EDISON AVENUE,LAFAYETTE AVENUE,SULLIVAN PLACE
230120245120267400,2023-08-14,2024-08-12,364,9.200000,7.620000,0.088888889,0.264444444,Bronx,EDISON AVENUE,LAFAYETTE AVENUE,SULLIVAN PLACE
230120245120267400,2024-08-12,2025-08-19,372,7.620000,6.690000,0.264444444,0.367777778,Bronx,EDISON AVENUE,LAFAYETTE AVENUE,SULLIVAN PLACE
230120245120267400,2025-08-19,2026-07-08,323,6.690000,7.300000,0.367777778,0.300000000,Bronx,EDISON AVENUE,LAFAYETTE AVENUE,SULLIVAN PLACE
232020219820223820,2018-09-14,2019-10-11,392,9.930000,9.930000,0.007777778,0.007777778,Bronx,FAIRMOUNT AVENUE,CLARENCE AVENUE,DEAN AVENUE
232020219820223820,2019-10-11,2021-06-28,626,9.930000,10.000000,0.007777778,0.000000000,Bronx,FAIRMOUNT AVENUE,CLARENCE AVENUE,DEAN AVENUE
232020219820223820,2021-06-28,2021-07-20,22,10.000000,9.400000,0.000000000,0.066666667,Bronx,FAIRMOUNT AVENUE,CLARENCE AVENUE,DEAN AVENUE
232020219820223820,2021-07-20,2022-07-23,368,9.400000,9.840000,0.066666667,0.017777778,Bronx,FAIRMOUNT AVENUE,CLARENCE AVENUE,DEAN AVENUE
232020219820223820,2022-07-23,2023-08-17,390,9.840000,9.540000,0.017777778,0.051111111,Bronx,FAIRMOUNT AVENUE,CLARENCE AVENUE,DEAN AVENUE
232020219820223820,2023-08-17,2024-08-12,361,9.540000,5.290000,0.051111111,0.523333333,Bronx,FAIRMOUNT AVENUE,CLARENCE AVENUE,DEAN AVENUE
232020219820223820,2024-08-12,2025-08-19,372,5.290000,6.850000,0.523333333,0.350000000,Bronx,FAIRMOUNT AVENUE,CLARENCE AVENUE,DEAN AVENUE
232020219820223820,2025-08-19,2026-07-10,325,6.850000,6.040000,0.350000000,0.440000000,Bronx,FAIRMOUNT AVENUE,CLARENCE AVENUE,DEAN AVENUE
236420226940252720,2019-11-28,2021-12-22,755,8.020000,6.406667,0.220000000,0.399259259,Bronx,GRAND CONCOURSE,EAST 176 STREET,MT HOPE PLACE
236420226940252720,2021-12-22,2023-03-28,461,6.406667,9.930000,0.399259259,0.007777778,Bronx,GRAND CONCOURSE,EAST 176 STREET,MT HOPE PLACE
236420226940252720,2023-03-28,2023-06-09,73,9.930000,10.000000,0.007777778,0.000000000,Bronx,GRAND CONCOURSE,EAST 176 STREET,MT HOPE PLACE
236420226940252720,2023-06-09,2023-10-12,125,10.000000,9.595000,0.000000000,0.045000000,Bronx,GRAND CONCOURSE,EAST 176 STREET,MT HOPE PLACE
236420226940252720,2023-10-12,2023-10-13,1,9.595000,10.000000,0.045000000,0.000000000,Bronx,GRAND CONCOURSE,EAST 176 STREET,MT HOPE PLACE
236420226940252720,2023-10-13,2024-12-02,416,10.000000,9.930000,0.000000000,0.007777778,Bronx,GRAND CONCOURSE,EAST 176 STREET,MT HOPE PLACE
236420226940252720,2024-12-02,2025-01-15,44,9.930000,10.000000,0.007777778,0.000000000,Bronx,GRAND CONCOURSE,EAST 176 STREET,MT HOPE PLACE
236420226940252720,2025-01-15,2026-08-10,572,10.000000,9.830000,0.000000000,0.018888889,Bronx,GRAND CONCOURSE,EAST 176 STREET,MT HOPE PLACE
236420227060229120,2018-03-14,2019-11-28,624,9.110000,7.145000,0.098888889,0.317222222,Bronx,GRAND CONCOURSE,EAST 180 STREET,EAST BURNSIDE AVENUE
236420227060229120,2019-11-28,2021-11-15,718,7.145000,9.410000,0.317222222,0.065555556,Bronx,GRAND CONCOURSE,EAST 180 STREET,EAST BURNSIDE AVENUE
236420227060229120,2021-11-15,2023-03-28,498,9.410000,9.930000,0.065555556,0.007777778,Bronx,GRAND CONCOURSE,EAST 180 STREET,EAST BURNSIDE AVENUE
236420227060229120,2023-03-28,2023-10-12,198,9.930000,10.000000,0.007777778,0.000000000,Bronx,GRAND CONCOURSE,EAST 180 STREET,EAST BURNSIDE AVENUE
236420227060229120,2023-10-12,2023-10-13,1,10.000000,9.190000,0.000000000,0.090000000,Bronx,GRAND CONCOURSE,EAST 180 STREET,EAST BURNSIDE AVENUE
236420227060229120,2023-10-13,2025-01-14,459,9.190000,9.190000,0.090000000,0.090000000,Bronx,GRAND CONCOURSE,EAST 180 STREET,EAST BURNSIDE AVENUE
236420227060229120,2025-01-14,2025-01-15,1,9.190000,10.000000,0.090000000,0.000000000,Bronx,GRAND CONCOURSE,EAST 180 STREET,EAST BURNSIDE AVENUE
236420227060229120,2025-01-15,2026-08-10,572,10.000000,9.830000,0.000000000,0.018888889,Bronx,GRAND CONCOURSE,EAST 180 STREET,EAST BURNSIDE AVENUE
236420227090227120,2019-11-28,2021-11-15,718,8.945000,9.930000,0.117222222,0.007777778,Bronx,GRAND CONCOURSE,EAST 181 STREET,EAST 182 STREET
236420227090227120,2021-11-15,2022-01-18,64,9.930000,7.090000,0.007777778,0.323333333,Bronx,GRAND CONCOURSE,EAST 181 STREET,EAST 182 STREET
236420227090227120,2022-01-18,2023-03-07,413,7.090000,5.500000,0.323333333,0.500000000,Bronx,GRAND CONCOURSE,EAST 181 STREET,EAST 182 STREET
236420227090227120,2023-03-07,2023-06-09,94,5.500000,10.000000,0.500000000,0.000000000,Bronx,GRAND CONCOURSE,EAST 181 STREET,EAST 182 STREET
236420227090227120,2023-06-09,2023-10-12,125,10.000000,10.000000,0.000000000,0.000000000,Bronx,GRAND CONCOURSE,EAST 181 STREET,EAST 182 STREET
236420227090227120,2023-10-12,2025-01-14,460,10.000000,10.000000,0.000000000,0.000000000,Bronx,GRAND CONCOURSE,EAST 181 STREET,EAST 182 STREET
236420227090227120,2025-01-14,2025-01-15,1,10.000000,10.000000,0.000000000,0.000000000,Bronx,GRAND CONCOURSE,EAST 181 STREET,EAST 182 STREET
236420227090227120,2025-01-15,2026-08-10,572,10.000000,9.930000,0.000000000,0.007777778,Bronx,GRAND CONCOURSE,EAST 181 STREET,EAST 182 STREET
236420227180232520,2018-03-14,2019-11-28,624,9.930000,9.700000,0.007777778,0.033333333,Bronx,GRAND CONCOURSE,EAST 184 STREET,FIELD PLACE
236420227180232520,2019-11-28,2021-11-15,718,9.700000,8.470000,0.033333333,0.170000000,Bronx,GRAND CONCOURSE,EAST 184 STREET,FIELD PLACE
236420227180232520,2021-11-15,2023-03-07,477,8.470000,4.200000,0.170000000,0.644444444,Bronx,GRAND CONCOURSE,EAST 184 STREET,FIELD PLACE
236420227180232520,2023-03-07,2023-03-28,21,4.200000,10.000000,0.644444444,0.000000000,Bronx,GRAND CONCOURSE,EAST 184 STREET,FIELD PLACE
236420227180232520,2023-03-28,2023-06-05,69,10.000000,10.000000,0.000000000,0.000000000,Bronx,GRAND CONCOURSE,EAST 184 STREET,FIELD PLACE
236420227180232520,2023-06-05,2025-01-14,589,10.000000,10.000000,0.000000000,0.000000000,Bronx,GRAND CONCOURSE,EAST 184 STREET,FIELD PLACE
236420227180232520,2025-01-14,2025-01-15,1,10.000000,9.965000,0.000000000,0.003888889,Bronx,GRAND CONCOURSE,EAST 184 STREET,FIELD PLACE
236420227180232520,2025-01-15,2026-08-10,572,9.965000,9.930000,0.003888889,0.007777778,Bronx,GRAND CONCOURSE,EAST 184 STREET,FIELD PLACE
236420227540229020,2019-11-28,2021-10-29,701,7.620000,6.375000,0.264444444,0.402777778,Bronx,GRAND CONCOURSE,EAST 196 STREET,EAST KINGSBRIDGE ROAD
236420227540229020,2021-10-29,2021-11-19,21,6.375000,6.525000,0.402777778,0.386111111,Bronx,GRAND CONCOURSE,EAST 196 STREET,EAST KINGSBRIDGE ROAD
236420227540229020,2021-11-19,2022-11-18,364,6.525000,9.330000,0.386111111,0.074444444,Bronx,GRAND CONCOURSE,EAST 196 STREET,EAST KINGSBRIDGE ROAD
236420227540229020,2022-11-18,2022-12-20,32,9.330000,4.170000,0.074444444,0.647777778,Bronx,GRAND CONCOURSE,EAST 196 STREET,EAST KINGSBRIDGE ROAD
236420227540229020,2022-12-20,2022-12-28,8,4.170000,5.800000,0.647777778,0.466666667,Bronx,GRAND CONCOURSE,EAST 196 STREET,EAST KINGSBRIDGE ROAD
236420227540229020,2022-12-28,2023-06-05,159,5.800000,6.500000,0.466666667,0.388888889,Bronx,GRAND CONCOURSE,EAST 196 STREET,EAST KINGSBRIDGE ROAD
236420227540229020,2023-06-05,2023-06-07,2,6.500000,6.416667,0.388888889,0.398148148,Bronx,GRAND CONCOURSE,EAST 196 STREET,EAST KINGSBRIDGE ROAD
236420227540229020,2023-06-07,2025-01-14,587,6.416667,7.310000,0.398148148,0.298888889,Bronx,GRAND CONCOURSE,EAST 196 STREET,EAST KINGSBRIDGE ROAD
236720229620230120,2018-09-14,2019-10-11,392,6.990000,8.140000,0.334444444,0.206666667,Bronx,GREENE PLACE,EAST TREMONT AVENUE,EDISON AVENUE
236720229620230120,2019-10-11,2021-06-28,626,8.140000,7.300000,0.206666667,0.300000000,Bronx,GREENE PLACE,EAST TREMONT AVENUE,EDISON AVENUE
236720229620230120,2021-06-28,2021-07-19,21,7.300000,6.150000,0.300000000,0.427777778,Bronx,GREENE PLACE,EAST TREMONT AVENUE,EDISON AVENUE
236720229620230120,2021-07-19,2022-07-23,369,6.150000,7.050000,0.427777778,0.327777778,Bronx,GREENE PLACE,EAST TREMONT AVENUE,EDISON AVENUE
236720229620230120,2022-07-23,2023-08-14,387,7.050000,5.590000,0.327777778,0.490000000,Bronx,GREENE PLACE,EAST TREMONT AVENUE,EDISON AVENUE
236720229620230120,2023-08-14,2024-08-12,364,5.590000,6.410000,0.490000000,0.398888889,Bronx,GREENE PLACE,EAST TREMONT AVENUE,EDISON AVENUE
236720229620230120,2024-08-12,2025-08-19,372,6.410000,5.940000,0.398888889,0.451111111,Bronx,GREENE PLACE,EAST TREMONT AVENUE,EDISON AVENUE
236720229620230120,2025-08-19,2026-07-10,325,5.940000,6.180000,0.451111111,0.424444444,Bronx,GREENE PLACE,EAST TREMONT AVENUE,EDISON AVENUE
237420207720209320,2018-04-03,2018-04-05,2,8.870000,8.870000,0.125555556,0.125555556,Bronx,GUNTHER AVENUE,ADEE AVENUE,ARNOW AVENUE
237420207720209320,2018-04-05,2019-03-25,354,8.870000,7.640000,0.125555556,0.262222222,Bronx,GUNTHER AVENUE,ADEE AVENUE,ARNOW AVENUE
237420207720209320,2019-03-25,2020-12-15,631,7.640000,10.000000,0.262222222,0.000000000,Bronx,GUNTHER AVENUE,ADEE AVENUE,ARNOW AVENUE
237420207720209320,2020-12-15,2022-04-11,482,10.000000,9.830000,0.000000000,0.018888889,Bronx,GUNTHER AVENUE,ADEE AVENUE,ARNOW AVENUE
237420207720209320,2022-04-11,2023-05-24,408,9.830000,9.110000,0.018888889,0.098888889,Bronx,GUNTHER AVENUE,ADEE AVENUE,ARNOW AVENUE
237420207720209320,2023-05-24,2024-05-20,362,9.110000,9.110000,0.098888889,0.098888889,Bronx,GUNTHER AVENUE,ADEE AVENUE,ARNOW AVENUE
237420207720209320,2024-05-20,2025-05-23,368,9.110000,9.110000,0.098888889,0.098888889,Bronx,GUNTHER AVENUE,ADEE AVENUE,ARNOW AVENUE
237420207720209320,2025-05-23,2026-07-20,423,9.110000,8.140000,0.098888889,0.206666667,Bronx,GUNTHER AVENUE,ADEE AVENUE,ARNOW AVENUE
237420207720237920,2018-04-03,2018-04-05,2,7.910000,6.860000,0.232222222,0.348888889,Bronx,GUNTHER AVENUE,ADEE AVENUE,HAMMERSLEY AVENUE
237420207720237920,2018-04-05,2019-03-25,354,6.860000,7.700000,0.348888889,0.255555556,Bronx,GUNTHER AVENUE,ADEE AVENUE,HAMMERSLEY AVENUE
237420207720237920,2019-03-25,2020-12-15,631,7.700000,10.000000,0.255555556,0.000000000,Bronx,GUNTHER AVENUE,ADEE AVENUE,HAMMERSLEY AVENUE
237420207720237920,2020-12-15,2022-04-11,482,10.000000,9.010000,0.000000000,0.110000000,Bronx,GUNTHER AVENUE,ADEE AVENUE,HAMMERSLEY AVENUE
237420207720237920,2022-04-11,2023-05-24,408,9.010000,9.110000,0.110000000,0.098888889,Bronx,GUNTHER AVENUE,ADEE AVENUE,HAMMERSLEY AVENUE
237420207720237920,2023-05-24,2024-05-20,362,9.110000,8.870000,0.098888889,0.125555556,Bronx,GUNTHER AVENUE,ADEE AVENUE,HAMMERSLEY AVENUE
237420207720237920,2024-05-20,2025-05-23,368,8.870000,9.010000,0.125555556,0.110000000,Bronx,GUNTHER AVENUE,ADEE AVENUE,HAMMERSLEY AVENUE
237420207720237920,2025-05-23,2026-07-20,423,9.010000,6.960000,0.110000000,0.337777778,Bronx,GUNTHER AVENUE,ADEE AVENUE,HAMMERSLEY AVENUE
237420209320211140,2018-04-03,2018-04-05,2,8.790000,8.220000,0.134444444,0.197777778,Bronx,GUNTHER AVENUE,ARNOW AVENUE,BARTOW AVENUE
237420209320211140,2018-04-05,2019-03-25,354,8.220000,6.150000,0.197777778,0.427777778,Bronx,GUNTHER AVENUE,ARNOW AVENUE,BARTOW AVENUE
237420209320211140,2019-03-25,2020-12-15,631,6.150000,9.190000,0.427777778,0.090000000,Bronx,GUNTHER AVENUE,ARNOW AVENUE,BARTOW AVENUE
237420209320211140,2020-12-15,2022-05-17,518,9.190000,9.190000,0.090000000,0.090000000,Bronx,GUNTHER AVENUE,ARNOW AVENUE,BARTOW AVENUE
237420209320211140,2022-05-17,2023-05-13,361,9.190000,9.110000,0.090000000,0.098888889,Bronx,GUNTHER AVENUE,ARNOW AVENUE,BARTOW AVENUE
237420209320211140,2023-05-13,2024-05-20,373,9.110000,9.110000,0.098888889,0.098888889,Bronx,GUNTHER AVENUE,ARNOW AVENUE,BARTOW AVENUE
237420209320211140,2024-05-20,2025-05-23,368,9.110000,9.110000,0.098888889,0.098888889,Bronx,GUNTHER AVENUE,ARNOW AVENUE,BARTOW AVENUE
237420209320211140,2025-05-23,2026-07-20,423,9.110000,8.870000,0.098888889,0.125555556,Bronx,GUNTHER AVENUE,ARNOW AVENUE,BARTOW AVENUE
237420216620237920,2018-04-03,2018-04-05,2,7.860000,9.110000,0.237777778,0.098888889,Bronx,GUNTHER AVENUE,BURKE AVENUE,HAMMERSLEY AVENUE
237420216620237920,2018-04-05,2019-03-25,354,9.110000,8.400000,0.098888889,0.177777778,Bronx,GUNTHER AVENUE,BURKE AVENUE,HAMMERSLEY AVENUE
237420216620237920,2019-03-25,2020-12-15,631,8.400000,10.000000,0.177777778,0.000000000,Bronx,GUNTHER AVENUE,BURKE AVENUE,HAMMERSLEY AVENUE
237420216620237920,2020-12-15,2022-05-23,524,10.000000,7.310000,0.000000000,0.298888889,Bronx,GUNTHER AVENUE,BURKE AVENUE,HAMMERSLEY AVENUE
237420216620237920,2022-05-23,2023-05-13,355,7.310000,9.110000,0.298888889,0.098888889,Bronx,GUNTHER AVENUE,BURKE AVENUE,HAMMERSLEY AVENUE
237420216620237920,2023-05-13,2024-05-20,373,9.110000,9.110000,0.098888889,0.098888889,Bronx,GUNTHER AVENUE,BURKE AVENUE,HAMMERSLEY AVENUE
237420216620237920,2024-05-20,2025-05-23,368,9.110000,9.830000,0.098888889,0.018888889,Bronx,GUNTHER AVENUE,BURKE AVENUE,HAMMERSLEY AVENUE
237420216620237920,2025-05-23,2026-07-20,423,9.830000,8.140000,0.018888889,0.206666667,Bronx,GUNTHER AVENUE,BURKE AVENUE,HAMMERSLEY AVENUE
237420216620264320,2018-04-03,2018-04-05,2,9.010000,9.110000,0.110000000,0.098888889,Bronx,GUNTHER AVENUE,BURKE AVENUE,SEXTON PLACE
237420216620264320,2018-04-05,2019-03-25,354,9.110000,7.800000,0.098888889,0.244444444,Bronx,GUNTHER AVENUE,BURKE AVENUE,SEXTON PLACE
237420216620264320,2019-03-25,2020-12-15,631,7.800000,10.000000,0.244444444,0.000000000,Bronx,GUNTHER AVENUE,BURKE AVENUE,SEXTON PLACE
237420216620264320,2020-12-15,2022-05-23,524,10.000000,9.930000,0.000000000,0.007777778,Bronx,GUNTHER AVENUE,BURKE AVENUE,SEXTON PLACE
237420216620264320,2022-05-23,2023-05-13,355,9.930000,9.690000,0.007777778,0.034444444,Bronx,GUNTHER AVENUE,BURKE AVENUE,SEXTON PLACE
237420216620264320,2023-05-13,2024-05-20,373,9.690000,9.010000,0.034444444,0.110000000,Bronx,GUNTHER AVENUE,BURKE AVENUE,SEXTON PLACE
237420216620264320,2024-05-20,2025-05-23,368,9.010000,9.830000,0.110000000,0.018888889,Bronx,GUNTHER AVENUE,BURKE AVENUE,SEXTON PLACE
237420216620264320,2025-05-23,2026-07-20,423,9.830000,9.830000,0.018888889,0.018888889,Bronx,GUNTHER AVENUE,BURKE AVENUE,SEXTON PLACE
240420210520245120,2018-09-14,2019-10-11,392,6.330000,7.140000,0.407777778,0.317777778,Bronx,HOLLYWOOD AVENUE,BARKLEY AVENUE,LAFAYETTE AVENUE
240420210520245120,2019-10-11,2021-06-28,626,7.140000,6.530000,0.317777778,0.385555556,Bronx,HOLLYWOOD AVENUE,BARKLEY AVENUE,LAFAYETTE AVENUE
240420210520245120,2021-06-28,2021-07-19,21,6.530000,5.660000,0.385555556,0.482222222,Bronx,HOLLYWOOD AVENUE,BARKLEY AVENUE,LAFAYETTE AVENUE
240420210520245120,2021-07-19,2022-07-23,369,5.660000,6.180000,0.482222222,0.424444444,Bronx,HOLLYWOOD AVENUE,BARKLEY AVENUE,LAFAYETTE AVENUE
240420210520245120,2022-07-23,2023-08-14,387,6.180000,6.180000,0.424444444,0.424444444,Bronx,HOLLYWOOD AVENUE,BARKLEY AVENUE,LAFAYETTE AVENUE
240420210520245120,2023-08-14,2024-08-12,364,6.180000,5.010000,0.424444444,0.554444444,Bronx,HOLLYWOOD AVENUE,BARKLEY AVENUE,LAFAYETTE AVENUE
240420210520245120,2024-08-12,2025-08-19,372,5.010000,5.190000,0.554444444,0.534444444,Bronx,HOLLYWOOD AVENUE,BARKLEY AVENUE,LAFAYETTE AVENUE
240420210520245120,2025-08-19,2026-07-08,323,5.190000,6.180000,0.534444444,0.424444444,Bronx,HOLLYWOOD AVENUE,BARKLEY AVENUE,LAFAYETTE AVENUE
240420210520256320,2018-09-14,2019-10-11,392,9.930000,9.110000,0.007777778,0.098888889,Bronx,HOLLYWOOD AVENUE,BARKLEY AVENUE,OTIS AVENUE
240420210520256320,2019-10-11,2021-06-28,626,9.110000,8.140000,0.098888889,0.206666667,Bronx,HOLLYWOOD AVENUE,BARKLEY AVENUE,OTIS AVENUE
240420210520256320,2021-06-28,2021-07-19,21,8.140000,8.870000,0.206666667,0.125555556,Bronx,HOLLYWOOD AVENUE,BARKLEY AVENUE,OTIS AVENUE
240420210520256320,2021-07-19,2022-07-23,369,8.870000,9.110000,0.125555556,0.098888889,Bronx,HOLLYWOOD AVENUE,BARKLEY AVENUE,OTIS AVENUE
240420210520256320,2022-07-23,2023-08-14,387,9.110000,9.010000,0.098888889,0.110000000,Bronx,HOLLYWOOD AVENUE,BARKLEY AVENUE,OTIS AVENUE
240420210520256320,2023-08-14,2024-08-12,364,9.010000,7.000000,0.110000000,0.333333333,Bronx,HOLLYWOOD AVENUE,BARKLEY AVENUE,OTIS AVENUE
240420210520256320,2024-08-12,2025-08-19,372,7.000000,6.600000,0.333333333,0.377777778,Bronx,HOLLYWOOD AVENUE,BARKLEY AVENUE,OTIS AVENUE
240420210520256320,2025-08-19,2026-07-08,323,6.600000,6.120000,0.377777778,0.431111111,Bronx,HOLLYWOOD AVENUE,BARKLEY AVENUE,OTIS AVENUE
240420215920256320,2018-09-14,2019-10-11,392,8.100000,6.980000,0.211111111,0.335555556,Bronx,HOLLYWOOD AVENUE,BRUCKNER BOULEVARD,OTIS AVENUE
240420215920256320,2019-10-11,2021-06-28,626,6.980000,6.480000,0.335555556,0.391111111,Bronx,HOLLYWOOD AVENUE,BRUCKNER BOULEVARD,OTIS AVENUE
240420215920256320,2021-06-28,2021-07-19,21,6.480000,6.500000,0.391111111,0.388888889,Bronx,HOLLYWOOD AVENUE,BRUCKNER BOULEVARD,OTIS AVENUE
240420215920256320,2021-07-19,2022-07-23,369,6.500000,7.860000,0.388888889,0.237777778,Bronx,HOLLYWOOD AVENUE,BRUCKNER BOULEVARD,OTIS AVENUE
240420215920256320,2022-07-23,2023-08-14,387,7.860000,5.760000,0.237777778,0.471111111,Bronx,HOLLYWOOD AVENUE,BRUCKNER BOULEVARD,OTIS AVENUE
240420215920256320,2023-08-14,2024-08-12,364,5.760000,6.220000,0.471111111,0.420000000,Bronx,HOLLYWOOD AVENUE,BRUCKNER BOULEVARD,OTIS AVENUE
240420215920256320,2024-08-12,2025-08-19,372,6.220000,4.410000,0.420000000,0.621111111,Bronx,HOLLYWOOD AVENUE,BRUCKNER BOULEVARD,OTIS AVENUE
240420215920256320,2025-08-19,2026-07-08,323,4.410000,3.810000,0.621111111,0.687777778,Bronx,HOLLYWOOD AVENUE,BRUCKNER BOULEVARD,OTIS AVENUE
242420225800225830,2018-05-22,2018-08-07,77,5.820000,7.110000,0.464444444,0.321111111,Bronx,JACKSON AVENUE,EAST 138 STREET,EAST 139 STREET
242420225800225830,2018-08-07,2019-09-03,392,7.110000,6.690000,0.321111111,0.367777778,Bronx,JACKSON AVENUE,EAST 138 STREET,EAST 139 STREET
242420225800225830,2019-09-03,2021-04-10,585,6.690000,7.690000,0.367777778,0.256666667,Bronx,JACKSON AVENUE,EAST 138 STREET,EAST 139 STREET
242420225800225830,2021-04-10,2021-08-07,119,7.690000,5.910000,0.256666667,0.454444444,Bronx,JACKSON AVENUE,EAST 138 STREET,EAST 139 STREET
242420225800225830,2021-08-07,2022-08-23,381,5.910000,4.920000,0.454444444,0.564444444,Bronx,JACKSON AVENUE,EAST 138 STREET,EAST 139 STREET
242420225800225830,2022-08-23,2023-09-14,387,4.920000,4.890000,0.564444444,0.567777778,Bronx,JACKSON AVENUE,EAST 138 STREET,EAST 139 STREET
242420225800225830,2023-09-14,2025-02-23,528,4.890000,4.270000,0.567777778,0.636666667,Bronx,JACKSON AVENUE,EAST 138 STREET,EAST 139 STREET
242420225800225830,2025-02-23,2026-08-07,530,4.270000,3.900000,0.636666667,0.677777778,Bronx,JACKSON AVENUE,EAST 138 STREET,EAST 139 STREET
242420225830225860,2018-05-22,2018-08-07,77,6.180000,6.980000,0.424444444,0.335555556,Bronx,JACKSON AVENUE,EAST 139 STREET,EAST 140 STREET
242420225830225860,2018-08-07,2019-09-04,393,6.980000,5.290000,0.335555556,0.523333333,Bronx,JACKSON AVENUE,EAST 139 STREET,EAST 140 STREET
242420225830225860,2019-09-04,2021-04-10,584,5.290000,6.690000,0.523333333,0.367777778,Bronx,JACKSON AVENUE,EAST 139 STREET,EAST 140 STREET
242420225830225860,2021-04-10,2021-08-07,119,6.690000,4.890000,0.367777778,0.567777778,Bronx,JACKSON AVENUE,EAST 139 STREET,EAST 140 STREET
242420225830225860,2021-08-07,2022-08-23,381,4.890000,5.430000,0.567777778,0.507777778,Bronx,JACKSON AVENUE,EAST 139 STREET,EAST 140 STREET
242420225830225860,2022-08-23,2023-09-14,387,5.430000,5.040000,0.507777778,0.551111111,Bronx,JACKSON AVENUE,EAST 139 STREET,EAST 140 STREET
242420225830225860,2023-09-14,2025-02-23,528,5.040000,5.120000,0.551111111,0.542222222,Bronx,JACKSON AVENUE,EAST 139 STREET,EAST 140 STREET
242420225830225860,2025-02-23,2026-08-07,530,5.120000,3.900000,0.542222222,0.677777778,Bronx,JACKSON AVENUE,EAST 139 STREET,EAST 140 STREET
242420225860225890,2018-05-22,2018-08-07,77,5.880000,8.580000,0.457777778,0.157777778,Bronx,JACKSON AVENUE,EAST 140 STREET,EAST 141 STREET
242420225860225890,2018-08-07,2019-09-04,393,8.580000,8.860000,0.157777778,0.126666667,Bronx,JACKSON AVENUE,EAST 140 STREET,EAST 141 STREET
242420225860225890,2019-09-04,2021-04-10,584,8.860000,7.110000,0.126666667,0.321111111,Bronx,JACKSON AVENUE,EAST 140 STREET,EAST 141 STREET
242420225860225890,2021-04-10,2021-08-07,119,7.110000,6.990000,0.321111111,0.334444444,Bronx,JACKSON AVENUE,EAST 140 STREET,EAST 141 STREET
242420225860225890,2021-08-07,2022-08-23,381,6.990000,6.180000,0.334444444,0.424444444,Bronx,JACKSON AVENUE,EAST 140 STREET,EAST 141 STREET
242420225860225890,2022-08-23,2023-09-14,387,6.180000,6.460000,0.424444444,0.393333333,Bronx,JACKSON AVENUE,EAST 140 STREET,EAST 141 STREET
242420225860225890,2023-09-14,2025-02-23,528,6.460000,5.040000,0.393333333,0.551111111,Bronx,JACKSON AVENUE,EAST 140 STREET,EAST 141 STREET
242420225860225890,2025-02-23,2026-08-07,530,5.040000,6.810000,0.551111111,0.354444444,Bronx,JACKSON AVENUE,EAST 140 STREET,EAST 141 STREET
242420225890225920,2018-05-22,2018-08-07,77,6.050000,6.180000,0.438888889,0.424444444,Bronx,JACKSON AVENUE,EAST 141 STREET,EAST 142 STREET
242420225890225920,2018-08-07,2019-09-04,393,6.180000,6.870000,0.424444444,0.347777778,Bronx,JACKSON AVENUE,EAST 141 STREET,EAST 142 STREET
242420225890225920,2019-09-04,2021-04-10,584,6.870000,4.650000,0.347777778,0.594444444,Bronx,JACKSON AVENUE,EAST 141 STREET,EAST 142 STREET
242420225890225920,2021-04-10,2021-08-07,119,4.650000,5.420000,0.594444444,0.508888889,Bronx,JACKSON AVENUE,EAST 141 STREET,EAST 142 STREET
242420225890225920,2021-08-07,2022-08-23,381,5.420000,5.040000,0.508888889,0.551111111,Bronx,JACKSON AVENUE,EAST 141 STREET,EAST 142 STREET
242420225890225920,2022-08-23,2023-09-14,387,5.040000,8.530000,0.551111111,0.163333333,Bronx,JACKSON AVENUE,EAST 141 STREET,EAST 142 STREET
242420225890225920,2023-09-14,2025-02-23,528,8.530000,4.540000,0.163333333,0.606666667,Bronx,JACKSON AVENUE,EAST 141 STREET,EAST 142 STREET
242420225890225920,2025-02-23,2026-08-07,530,4.540000,5.510000,0.606666667,0.498888889,Bronx,JACKSON AVENUE,EAST 141 STREET,EAST 142 STREET
242420225920265920,2018-05-22,2018-08-07,77,6.990000,6.180000,0.334444444,0.424444444,Bronx,JACKSON AVENUE,EAST 142 STREET,ST MARYS STREET
242420225920265920,2018-08-07,2019-09-04,393,6.180000,7.600000,0.424444444,0.266666667,Bronx,JACKSON AVENUE,EAST 142 STREET,ST MARYS STREET
242420225920265920,2019-09-04,2021-04-10,584,7.600000,6.300000,0.266666667,0.411111111,Bronx,JACKSON AVENUE,EAST 142 STREET,ST MARYS STREET
242420225920265920,2021-04-10,2021-08-07,119,6.300000,5.900000,0.411111111,0.455555556,Bronx,JACKSON AVENUE,EAST 142 STREET,ST MARYS STREET
242420225920265920,2021-08-07,2022-08-23,381,5.900000,6.180000,0.455555556,0.424444444,Bronx,JACKSON AVENUE,EAST 142 STREET,ST MARYS STREET
242420225920265920,2022-08-23,2023-09-14,387,6.180000,7.000000,0.424444444,0.333333333,Bronx,JACKSON AVENUE,EAST 142 STREET,ST MARYS STREET
242420225920265920,2023-09-14,2025-02-23,528,7.000000,5.220000,0.333333333,0.531111111,Bronx,JACKSON AVENUE,EAST 142 STREET,ST MARYS STREET
242420225920265920,2025-02-23,2026-08-07,530,5.220000,5.640000,0.531111111,0.484444444,Bronx,JACKSON AVENUE,EAST 142 STREET,ST MARYS STREET
242420225980226010,2018-05-22,2018-07-28,67,5.160000,5.060000,0.537777778,0.548888889,Bronx,JACKSON AVENUE,EAST 144 STREET,EAST 145 STREET
242420225980226010,2018-07-28,2019-08-07,375,5.060000,6.000000,0.548888889,0.444444444,Bronx,JACKSON AVENUE,EAST 144 STREET,EAST 145 STREET
242420225980226010,2019-08-07,2021-04-10,612,6.000000,6.460000,0.444444444,0.393333333,Bronx,JACKSON AVENUE,EAST 144 STREET,EAST 145 STREET
242420225980226010,2021-04-10,2021-08-07,119,6.460000,3.830000,0.393333333,0.685555556,Bronx,JACKSON AVENUE,EAST 144 STREET,EAST 145 STREET
242420225980226010,2021-08-07,2022-11-18,468,3.830000,10.000000,0.685555556,0.000000000,Bronx,JACKSON AVENUE,EAST 144 STREET,EAST 145 STREET
242420225980226010,2022-11-18,2023-12-20,397,10.000000,9.930000,0.000000000,0.007777778,Bronx,JACKSON AVENUE,EAST 144 STREET,EAST 145 STREET
242420225980226010,2023-12-20,2025-03-09,445,9.930000,9.930000,0.007777778,0.007777778,Bronx,JACKSON AVENUE,EAST 144 STREET,EAST 145 STREET
242420225980226010,2025-03-09,2026-05-26,443,9.930000,7.050000,0.007777778,0.327777778,Bronx,JACKSON AVENUE,EAST 144 STREET,EAST 145 STREET
242420226070226130,2018-05-22,2018-07-27,66,5.860000,7.970000,0.460000000,0.225555556,Bronx,JACKSON AVENUE,EAST 147 STREET,EAST 149 STREET
242420226070226130,2018-07-27,2019-08-07,376,7.970000,6.000000,0.225555556,0.444444444,Bronx,JACKSON AVENUE,EAST 147 STREET,EAST 149 STREET
242420226070226130,2019-08-07,2021-04-10,612,6.000000,6.720000,0.444444444,0.364444444,Bronx,JACKSON AVENUE,EAST 147 STREET,EAST 149 STREET
242420226070226130,2021-04-10,2021-08-07,119,6.720000,5.700000,0.364444444,0.477777778,Bronx,JACKSON AVENUE,EAST 147 STREET,EAST 149 STREET
242420226070226130,2021-08-07,2022-08-23,381,5.700000,10.000000,0.477777778,0.000000000,Bronx,JACKSON AVENUE,EAST 147 STREET,EAST 149 STREET
242420226070226130,2022-08-23,2023-09-14,387,10.000000,9.690000,0.000000000,0.034444444,Bronx,JACKSON AVENUE,EAST 147 STREET,EAST 149 STREET
242420226070226130,2023-09-14,2024-09-10,362,9.690000,9.930000,0.034444444,0.007777778,Bronx,JACKSON AVENUE,EAST 147 STREET,EAST 149 STREET
242420226070226130,2024-09-10,2026-05-26,623,9.930000,7.150000,0.007777778,0.316666667,Bronx,JACKSON AVENUE,EAST 147 STREET,EAST 149 STREET
244120207720237920,2018-04-03,2018-04-05,2,8.160000,7.000000,0.204444444,0.333333333,Bronx,KINGSLAND AVENUE,ADEE AVENUE,HAMMERSLEY AVENUE
244120207720237920,2018-04-05,2019-03-25,354,7.000000,6.870000,0.333333333,0.347777778,Bronx,KINGSLAND AVENUE,ADEE AVENUE,HAMMERSLEY AVENUE
244120207720237920,2019-03-25,2020-12-15,631,6.870000,5.210000,0.347777778,0.532222222,Bronx,KINGSLAND AVENUE,ADEE AVENUE,HAMMERSLEY AVENUE
244120207720237920,2020-12-15,2022-04-11,482,5.210000,9.110000,0.532222222,0.098888889,Bronx,KINGSLAND AVENUE,ADEE AVENUE,HAMMERSLEY AVENUE
244120207720237920,2022-04-11,2023-05-24,408,9.110000,8.870000,0.098888889,0.125555556,Bronx,KINGSLAND AVENUE,ADEE AVENUE,HAMMERSLEY AVENUE
244120207720237920,2023-05-24,2024-05-23,365,8.870000,8.240000,0.125555556,0.195555556,Bronx,KINGSLAND AVENUE,ADEE AVENUE,HAMMERSLEY AVENUE
244120207720237920,2024-05-23,2025-05-23,365,8.240000,9.110000,0.195555556,0.098888889,Bronx,KINGSLAND AVENUE,ADEE AVENUE,HAMMERSLEY AVENUE
244120207720237920,2025-05-23,2026-07-20,423,9.110000,6.900000,0.098888889,0.344444444,Bronx,KINGSLAND AVENUE,ADEE AVENUE,HAMMERSLEY AVENUE
244120216620237920,2018-04-03,2018-04-05,2,9.930000,9.930000,0.007777778,0.007777778,Bronx,KINGSLAND AVENUE,BURKE AVENUE,HAMMERSLEY AVENUE
244120216620237920,2018-04-05,2019-03-25,354,9.930000,6.990000,0.007777778,0.334444444,Bronx,KINGSLAND AVENUE,BURKE AVENUE,HAMMERSLEY AVENUE
244120216620237920,2019-03-25,2020-12-15,631,6.990000,7.040000,0.334444444,0.328888889,Bronx,KINGSLAND AVENUE,BURKE AVENUE,HAMMERSLEY AVENUE
244120216620237920,2020-12-15,2022-04-11,482,7.040000,5.880000,0.328888889,0.457777778,Bronx,KINGSLAND AVENUE,BURKE AVENUE,HAMMERSLEY AVENUE
244120216620237920,2022-04-11,2023-05-24,408,5.880000,7.310000,0.457777778,0.298888889,Bronx,KINGSLAND AVENUE,BURKE AVENUE,HAMMERSLEY AVENUE
244120216620237920,2023-05-24,2024-05-23,365,7.310000,3.630000,0.298888889,0.707777778,Bronx,KINGSLAND AVENUE,BURKE AVENUE,HAMMERSLEY AVENUE
244120216620237920,2024-05-23,2025-05-23,365,3.630000,4.230000,0.707777778,0.641111111,Bronx,KINGSLAND AVENUE,BURKE AVENUE,HAMMERSLEY AVENUE
244120216620237920,2025-05-23,2026-07-20,423,4.230000,4.300000,0.641111111,0.633333333,Bronx,KINGSLAND AVENUE,BURKE AVENUE,HAMMERSLEY AVENUE
245120219820223820,2018-09-14,2019-10-11,392,9.680000,9.650000,0.035555556,0.038888889,Bronx,LAFAYETTE AVENUE,CLARENCE AVENUE,DEAN AVENUE
245120219820223820,2019-10-11,2021-06-28,626,9.650000,8.040000,0.038888889,0.217777778,Bronx,LAFAYETTE AVENUE,CLARENCE AVENUE,DEAN AVENUE
245120219820223820,2021-06-28,2021-07-20,22,8.040000,9.440000,0.217777778,0.062222222,Bronx,LAFAYETTE AVENUE,CLARENCE AVENUE,DEAN AVENUE
245120219820223820,2021-07-20,2022-07-23,368,9.440000,9.650000,0.062222222,0.038888889,Bronx,LAFAYETTE AVENUE,CLARENCE AVENUE,DEAN AVENUE
245120219820223820,2022-07-23,2023-08-14,387,9.650000,9.500000,0.038888889,0.055555556,Bronx,LAFAYETTE AVENUE,CLARENCE AVENUE,DEAN AVENUE
245120219820223820,2023-08-14,2024-08-12,364,9.500000,7.320000,0.055555556,0.297777778,Bronx,LAFAYETTE AVENUE,CLARENCE AVENUE,DEAN AVENUE
245120219820223820,2024-08-12,2025-08-19,372,7.320000,4.510000,0.297777778,0.610000000,Bronx,LAFAYETTE AVENUE,CLARENCE AVENUE,DEAN AVENUE
245120219820223820,2025-08-19,2026-07-10,325,4.510000,5.580000,0.610000000,0.491111111,Bronx,LAFAYETTE AVENUE,CLARENCE AVENUE,DEAN AVENUE
245120219820277550,2018-09-14,2019-10-11,392,9.680000,9.680000,0.035555556,0.035555556,Bronx,LAFAYETTE AVENUE,CLARENCE AVENUE,WILCOX AVENUE
245120219820277550,2019-10-11,2021-06-28,626,9.680000,9.110000,0.035555556,0.098888889,Bronx,LAFAYETTE AVENUE,CLARENCE AVENUE,WILCOX AVENUE
245120219820277550,2021-06-28,2021-07-20,22,9.110000,9.300000,0.098888889,0.077777778,Bronx,LAFAYETTE AVENUE,CLARENCE AVENUE,WILCOX AVENUE
245120219820277550,2021-07-20,2022-07-23,368,9.300000,9.650000,0.077777778,0.038888889,Bronx,LAFAYETTE AVENUE,CLARENCE AVENUE,WILCOX AVENUE
245120219820277550,2022-07-23,2023-08-14,387,9.650000,9.380000,0.038888889,0.068888889,Bronx,LAFAYETTE AVENUE,CLARENCE AVENUE,WILCOX AVENUE
245120219820277550,2023-08-14,2024-08-12,364,9.380000,6.990000,0.068888889,0.334444444,Bronx,LAFAYETTE AVENUE,CLARENCE AVENUE,WILCOX AVENUE
245120219820277550,2024-08-12,2025-08-19,372,6.990000,5.880000,0.334444444,0.457777778,Bronx,LAFAYETTE AVENUE,CLARENCE AVENUE,WILCOX AVENUE
245120219820277550,2025-08-19,2026-07-10,325,5.880000,6.400000,0.457777778,0.400000000,Bronx,LAFAYETTE AVENUE,CLARENCE AVENUE,WILCOX AVENUE
245120223820264740,2018-09-14,2019-10-11,392,9.380000,9.680000,0.068888889,0.035555556,Bronx,LAFAYETTE AVENUE,DEAN AVENUE,SHORE DRIVE
245120223820264740,2019-10-11,2021-06-28,626,9.680000,9.680000,0.035555556,0.035555556,Bronx,LAFAYETTE AVENUE,DEAN AVENUE,SHORE DRIVE
245120223820264740,2021-06-28,2021-07-20,22,9.680000,9.030000,0.035555556,0.107777778,Bronx,LAFAYETTE AVENUE,DEAN AVENUE,SHORE DRIVE
245120223820264740,2021-07-20,2022-07-23,368,9.030000,5.590000,0.107777778,0.490000000,Bronx,LAFAYETTE AVENUE,DEAN AVENUE,SHORE DRIVE
245120223820264740,2022-07-23,2023-08-14,387,5.590000,6.850000,0.490000000,0.350000000,Bronx,LAFAYETTE AVENUE,DEAN AVENUE,SHORE DRIVE
245120223820264740,2023-08-14,2024-08-12,364,6.850000,6.040000,0.350000000,0.440000000,Bronx,LAFAYETTE AVENUE,DEAN AVENUE,SHORE DRIVE
245120223820264740,2024-08-12,2025-08-19,372,6.040000,4.600000,0.440000000,0.600000000,Bronx,LAFAYETTE AVENUE,DEAN AVENUE,SHORE DRIVE
245120223820264740,2025-08-19,2026-07-10,325,4.600000,4.050000,0.600000000,0.661111111,Bronx,LAFAYETTE AVENUE,DEAN AVENUE,SHORE DRIVE
245120229620230120,2018-09-14,2019-10-11,392,8.240000,8.140000,0.195555556,0.206666667,Bronx,LAFAYETTE AVENUE,EAST TREMONT AVENUE,EDISON AVENUE
245120229620230120,2019-10-11,2021-06-28,626,8.140000,7.330000,0.206666667,0.296666667,Bronx,LAFAYETTE AVENUE,EAST TREMONT AVENUE,EDISON AVENUE
245120229620230120,2021-06-28,2021-07-19,21,7.330000,7.000000,0.296666667,0.333333333,Bronx,LAFAYETTE AVENUE,EAST TREMONT AVENUE,EDISON AVENUE
245120229620230120,2021-07-19,2022-07-23,369,7.000000,6.330000,0.333333333,0.407777778,Bronx,LAFAYETTE AVENUE,EAST TREMONT AVENUE,EDISON AVENUE
245120229620230120,2022-07-23,2023-08-14,387,6.330000,6.990000,0.407777778,0.334444444,Bronx,LAFAYETTE AVENUE,EAST TREMONT AVENUE,EDISON AVENUE
245120229620230120,2023-08-14,2024-08-12,364,6.990000,5.430000,0.334444444,0.507777778,Bronx,LAFAYETTE AVENUE,EAST TREMONT AVENUE,EDISON AVENUE
245120229620230120,2024-08-12,2025-08-19,372,5.430000,5.940000,0.507777778,0.451111111,Bronx,LAFAYETTE AVENUE,EAST TREMONT AVENUE,EDISON AVENUE
245120229620230120,2025-08-19,2026-07-08,323,5.940000,5.100000,0.451111111,0.544444444,Bronx,LAFAYETTE AVENUE,EAST TREMONT AVENUE,EDISON AVENUE
245120230120246520,2018-09-14,2019-10-11,392,9.010000,7.960000,0.110000000,0.226666667,Bronx,LAFAYETTE AVENUE,EDISON AVENUE,LOGAN AVENUE
245120230120246520,2019-10-11,2021-06-28,626,7.960000,9.930000,0.226666667,0.007777778,Bronx,LAFAYETTE AVENUE,EDISON AVENUE,LOGAN AVENUE
245120230120246520,2021-06-28,2021-07-19,21,9.930000,8.930000,0.007777778,0.118888889,Bronx,LAFAYETTE AVENUE,EDISON AVENUE,LOGAN AVENUE
245120230120246520,2021-07-19,2022-07-23,369,8.930000,9.110000,0.118888889,0.098888889,Bronx,LAFAYETTE AVENUE,EDISON AVENUE,LOGAN AVENUE
245120230120246520,2022-07-23,2023-08-14,387,9.110000,6.840000,0.098888889,0.351111111,Bronx,LAFAYETTE AVENUE,EDISON AVENUE,LOGAN AVENUE
245120230120246520,2023-08-14,2024-08-12,364,6.840000,9.680000,0.351111111,0.035555556,Bronx,LAFAYETTE AVENUE,EDISON AVENUE,LOGAN AVENUE
245120230120246520,2024-08-12,2025-08-19,372,9.680000,6.990000,0.035555556,0.334444444,Bronx,LAFAYETTE AVENUE,EDISON AVENUE,LOGAN AVENUE
245120230120246520,2025-08-19,2026-07-08,323,6.990000,6.810000,0.334444444,0.354444444,Bronx,LAFAYETTE AVENUE,EDISON AVENUE,LOGAN AVENUE
245120230750271920,2018-09-14,2019-10-11,392,9.650000,9.680000,0.038888889,0.035555556,Bronx,LAFAYETTE AVENUE,ELLSWORTH AVENUE,VINCENT AVENUE
245120230750271920,2019-10-11,2021-06-28,626,9.680000,9.650000,0.035555556,0.038888889,Bronx,LAFAYETTE AVENUE,ELLSWORTH AVENUE,VINCENT AVENUE
245120230750271920,2021-06-28,2021-07-20,22,9.650000,9.680000,0.038888889,0.035555556,Bronx,LAFAYETTE AVENUE,ELLSWORTH AVENUE,VINCENT AVENUE
245120230750271920,2021-07-20,2022-07-23,368,9.680000,9.650000,0.035555556,0.038888889,Bronx,LAFAYETTE AVENUE,ELLSWORTH AVENUE,VINCENT AVENUE
245120230750271920,2022-07-23,2023-08-14,387,9.650000,9.680000,0.038888889,0.035555556,Bronx,LAFAYETTE AVENUE,ELLSWORTH AVENUE,VINCENT AVENUE
245120230750271920,2023-08-14,2024-08-12,364,9.680000,8.560000,0.035555556,0.160000000,Bronx,LAFAYETTE AVENUE,ELLSWORTH AVENUE,VINCENT AVENUE
245120230750271920,2024-08-12,2025-08-19,372,8.560000,6.600000,0.160000000,0.377777778,Bronx,LAFAYETTE AVENUE,ELLSWORTH AVENUE,VINCENT AVENUE
245120230750271920,2025-08-19,2026-07-10,325,6.600000,6.850000,0.377777778,0.350000000,Bronx,LAFAYETTE AVENUE,ELLSWORTH AVENUE,VINCENT AVENUE
245120230820240420,2018-09-14,2019-10-11,392,7.140000,8.860000,0.317777778,0.126666667,Bronx,LAFAYETTE AVENUE,THROGS NECK EXPRESSWAY,HOLLYWOOD AVENUE
245120230820240420,2019-10-11,2021-06-28,626,8.860000,9.730000,0.126666667,0.030000000,Bronx,LAFAYETTE AVENUE,THROGS NECK EXPRESSWAY,HOLLYWOOD AVENUE
245120230820240420,2021-06-28,2021-07-19,21,9.730000,7.050000,0.030000000,0.327777778,Bronx,LAFAYETTE AVENUE,THROGS NECK EXPRESSWAY,HOLLYWOOD AVENUE
245120230820240420,2021-07-19,2022-07-23,369,7.050000,6.330000,0.327777778,0.407777778,Bronx,LAFAYETTE AVENUE,THROGS NECK EXPRESSWAY,HOLLYWOOD AVENUE
245120230820240420,2022-07-23,2023-08-14,387,6.330000,5.430000,0.407777778,0.507777778,Bronx,LAFAYETTE AVENUE,THROGS NECK EXPRESSWAY,HOLLYWOOD AVENUE
245120230820240420,2023-08-14,2024-08-12,364,5.430000,5.290000,0.507777778,0.523333333,Bronx,LAFAYETTE AVENUE,THROGS NECK EXPRESSWAY,HOLLYWOOD AVENUE
245120230820240420,2024-08-12,2025-08-19,372,5.290000,5.800000,0.523333333,0.466666667,Bronx,LAFAYETTE AVENUE,THROGS NECK EXPRESSWAY,HOLLYWOOD AVENUE
245120230820240420,2025-08-19,2026-07-08,323,5.800000,5.100000,0.466666667,0.544444444,Bronx,LAFAYETTE AVENUE,THROGS NECK EXPRESSWAY,HOLLYWOOD AVENUE
245120240420246520,2018-09-14,2019-10-11,392,9.010000,8.860000,0.110000000,0.126666667,Bronx,LAFAYETTE AVENUE,HOLLYWOOD AVENUE,LOGAN AVENUE
245120240420246520,2019-10-11,2021-06-28,626,8.860000,9.800000,0.126666667,0.022222222,Bronx,LAFAYETTE AVENUE,HOLLYWOOD AVENUE,LOGAN AVENUE
245120240420246520,2021-06-28,2021-07-19,21,9.800000,9.030000,0.022222222,0.107777778,Bronx,LAFAYETTE AVENUE,HOLLYWOOD AVENUE,LOGAN AVENUE
245120240420246520,2021-07-19,2022-07-23,369,9.030000,9.110000,0.107777778,0.098888889,Bronx,LAFAYETTE AVENUE,HOLLYWOOD AVENUE,LOGAN AVENUE
245120240420246520,2022-07-23,2023-08-14,387,9.110000,6.690000,0.098888889,0.367777778,Bronx,LAFAYETTE AVENUE,HOLLYWOOD AVENUE,LOGAN AVENUE
245120240420246520,2023-08-14,2024-08-12,364,6.690000,6.610000,0.367777778,0.376666667,Bronx,LAFAYETTE AVENUE,HOLLYWOOD AVENUE,LOGAN AVENUE
245120240420246520,2024-08-12,2025-08-19,372,6.610000,6.990000,0.376666667,0.334444444,Bronx,LAFAYETTE AVENUE,HOLLYWOOD AVENUE,LOGAN AVENUE
245120240420246520,2025-08-19,2026-07-08,323,6.990000,6.040000,0.334444444,0.440000000,Bronx,LAFAYETTE AVENUE,HOLLYWOOD AVENUE,LOGAN AVENUE
245120271920277550,2018-09-14,2019-10-11,392,6.330000,9.680000,0.407777778,0.035555556,Bronx,LAFAYETTE AVENUE,VINCENT AVENUE,WILCOX AVENUE
245120271920277550,2019-10-11,2021-06-28,626,9.680000,7.140000,0.035555556,0.317777778,Bronx,LAFAYETTE AVENUE,VINCENT AVENUE,WILCOX AVENUE
245120271920277550,2021-06-28,2021-07-20,22,7.140000,7.060000,0.317777778,0.326666667,Bronx,LAFAYETTE AVENUE,VINCENT AVENUE,WILCOX AVENUE
245120271920277550,2021-07-20,2022-07-23,368,7.060000,6.750000,0.326666667,0.361111111,Bronx,LAFAYETTE AVENUE,VINCENT AVENUE,WILCOX AVENUE
245120271920277550,2022-07-23,2023-08-14,387,6.750000,9.540000,0.361111111,0.051111111,Bronx,LAFAYETTE AVENUE,VINCENT AVENUE,WILCOX AVENUE
245120271920277550,2023-08-14,2024-08-12,364,9.540000,6.180000,0.051111111,0.424444444,Bronx,LAFAYETTE AVENUE,VINCENT AVENUE,WILCOX AVENUE
245120271920277550,2024-08-12,2025-08-19,372,6.180000,5.190000,0.424444444,0.534444444,Bronx,LAFAYETTE AVENUE,VINCENT AVENUE,WILCOX AVENUE
245120271920277550,2025-08-19,2026-07-10,325,5.190000,6.040000,0.534444444,0.440000000,Bronx,LAFAYETTE AVENUE,VINCENT AVENUE,WILCOX AVENUE
245520219820277550,2018-09-14,2019-10-11,392,9.190000,9.110000,0.090000000,0.098888889,Bronx,LAYTON AVENUE,CLARENCE AVENUE,WILCOX AVENUE
245520219820277550,2019-10-11,2021-06-28,626,9.110000,9.110000,0.098888889,0.098888889,Bronx,LAYTON AVENUE,CLARENCE AVENUE,WILCOX AVENUE
245520219820277550,2021-06-28,2021-07-20,22,9.110000,9.110000,0.098888889,0.098888889,Bronx,LAYTON AVENUE,CLARENCE AVENUE,WILCOX AVENUE
245520219820277550,2021-07-20,2022-07-23,368,9.110000,9.110000,0.098888889,0.098888889,Bronx,LAYTON AVENUE,CLARENCE AVENUE,WILCOX AVENUE
245520219820277550,2022-07-23,2023-08-17,390,9.110000,9.830000,0.098888889,0.018888889,Bronx,LAYTON AVENUE,CLARENCE AVENUE,WILCOX AVENUE
245520219820277550,2023-08-17,2024-08-12,361,9.830000,9.110000,0.018888889,0.098888889,Bronx,LAYTON AVENUE,CLARENCE AVENUE,WILCOX AVENUE
245520219820277550,2024-08-12,2025-08-19,372,9.110000,9.110000,0.098888889,0.098888889,Bronx,LAYTON AVENUE,CLARENCE AVENUE,WILCOX AVENUE
245520219820277550,2025-08-19,2026-07-10,325,9.110000,6.040000,0.098888889,0.440000000,Bronx,LAYTON AVENUE,CLARENCE AVENUE,WILCOX AVENUE
248020229820278510,2018-02-23,2018-03-12,17,3.830000,5.580000,0.685555556,0.491111111,Bronx,MACE AVENUE,EASTCHESTER ROAD,WOODHULL AVENUE
248020229820278510,2018-03-12,2019-04-01,385,5.580000,9.110000,0.491111111,0.098888889,Bronx,MACE AVENUE,EASTCHESTER ROAD,WOODHULL AVENUE
248020229820278510,2019-04-01,2020-12-15,624,9.110000,10.000000,0.098888889,0.000000000,Bronx,MACE AVENUE,EASTCHESTER ROAD,WOODHULL AVENUE
248020229820278510,2020-12-15,2022-04-11,482,10.000000,9.830000,0.000000000,0.018888889,Bronx,MACE AVENUE,EASTCHESTER ROAD,WOODHULL AVENUE
248020229820278510,2022-04-11,2023-05-08,392,9.830000,9.010000,0.018888889,0.110000000,Bronx,MACE AVENUE,EASTCHESTER ROAD,WOODHULL AVENUE
248020229820278510,2023-05-08,2024-05-21,379,9.010000,9.010000,0.110000000,0.110000000,Bronx,MACE AVENUE,EASTCHESTER ROAD,WOODHULL AVENUE
248020229820278510,2024-05-21,2025-05-19,363,9.010000,6.640000,0.110000000,0.373333333,Bronx,MACE AVENUE,EASTCHESTER ROAD,WOODHULL AVENUE
248020229820278510,2025-05-19,2026-04-27,343,6.640000,6.860000,0.373333333,0.348888889,Bronx,MACE AVENUE,EASTCHESTER ROAD,WOODHULL AVENUE
248020250820276970,2018-02-23,2018-03-12,17,3.710000,4.890000,0.698888889,0.567777778,Bronx,MACE AVENUE,MICKLE AVENUE,WESTERVELT AVENUE
248020250820276970,2018-03-12,2019-03-25,378,4.890000,6.990000,0.567777778,0.334444444,Bronx,MACE AVENUE,MICKLE AVENUE,WESTERVELT AVENUE
248020250820276970,2019-03-25,2020-12-15,631,6.990000,10.000000,0.334444444,0.000000000,Bronx,MACE AVENUE,MICKLE AVENUE,WESTERVELT AVENUE
248020250820276970,2020-12-15,2022-05-17,518,10.000000,9.110000,0.000000000,0.098888889,Bronx,MACE AVENUE,MICKLE AVENUE,WESTERVELT AVENUE
248020250820276970,2022-05-17,2023-05-08,356,9.110000,9.930000,0.098888889,0.007777778,Bronx,MACE AVENUE,MICKLE AVENUE,WESTERVELT AVENUE
248020250820276970,2023-05-08,2024-05-21,379,9.930000,8.720000,0.007777778,0.142222222,Bronx,MACE AVENUE,MICKLE AVENUE,WESTERVELT AVENUE
248020250820276970,2024-05-21,2025-05-19,363,8.720000,6.640000,0.142222222,0.373333333,Bronx,MACE AVENUE,MICKLE AVENUE,WESTERVELT AVENUE
248020250820276970,2025-05-19,2026-04-27,343,6.640000,6.900000,0.373333333,0.344444444,Bronx,MACE AVENUE,MICKLE AVENUE,WESTERVELT AVENUE
248020250820278510,2018-02-23,2018-03-12,17,3.780000,4.530000,0.691111111,0.607777778,Bronx,MACE AVENUE,MICKLE AVENUE,WOODHULL AVENUE
248020250820278510,2018-03-12,2019-03-25,378,4.530000,10.000000,0.607777778,0.000000000,Bronx,MACE AVENUE,MICKLE AVENUE,WOODHULL AVENUE
248020250820278510,2019-03-25,2020-12-15,631,10.000000,10.000000,0.000000000,0.000000000,Bronx,MACE AVENUE,MICKLE AVENUE,WOODHULL AVENUE
248020250820278510,2020-12-15,2022-04-11,482,10.000000,9.930000,0.000000000,0.007777778,Bronx,MACE AVENUE,MICKLE AVENUE,WOODHULL AVENUE
248020250820278510,2022-04-11,2023-05-08,392,9.930000,9.830000,0.007777778,0.018888889,Bronx,MACE AVENUE,MICKLE AVENUE,WOODHULL AVENUE
248020250820278510,2023-05-08,2024-05-21,379,9.830000,9.830000,0.018888889,0.018888889,Bronx,MACE AVENUE,MICKLE AVENUE,WOODHULL AVENUE
248020250820278510,2024-05-21,2025-05-19,363,9.830000,7.430000,0.018888889,0.285555556,Bronx,MACE AVENUE,MICKLE AVENUE,WOODHULL AVENUE
248020250820278510,2025-05-19,2026-04-27,343,7.430000,7.430000,0.285555556,0.285555556,Bronx,MACE AVENUE,MICKLE AVENUE,WOODHULL AVENUE
259520226520226550,2018-03-20,2020-08-11,875,7.780000,7.270000,0.246666667,0.303333333,Bronx,PROSPECT AVENUE,EAST 162 STREET,EAST 163 STREET
259520226520226550,2020-08-11,2021-10-08,423,7.270000,10.000000,0.303333333,0.000000000,Bronx,PROSPECT AVENUE,EAST 162 STREET,EAST 163 STREET
259520226520226550,2021-10-08,2022-08-02,298,10.000000,10.000000,0.000000000,0.000000000,Bronx,PROSPECT AVENUE,EAST 162 STREET,EAST 163 STREET
259520226520226550,2022-08-02,2022-12-20,140,10.000000,10.000000,0.000000000,0.000000000,Bronx,PROSPECT AVENUE,EAST 162 STREET,EAST 163 STREET
259520226520226550,2022-12-20,2023-09-12,266,10.000000,10.000000,0.000000000,0.000000000,Bronx,PROSPECT AVENUE,EAST 162 STREET,EAST 163 STREET
259520226520226550,2023-09-12,2023-12-08,87,10.000000,9.110000,0.000000000,0.098888889,Bronx,PROSPECT AVENUE,EAST 162 STREET,EAST 163 STREET
259520226520226550,2023-12-08,2024-09-10,277,9.110000,9.930000,0.098888889,0.007777778,Bronx,PROSPECT AVENUE,EAST 162 STREET,EAST 163 STREET
259520226520226550,2024-09-10,2025-01-15,127,9.930000,9.110000,0.007777778,0.098888889,Bronx,PROSPECT AVENUE,EAST 162 STREET,EAST 163 STREET
259520226520226550,2025-01-15,2025-10-23,281,9.110000,9.010000,0.098888889,0.110000000,Bronx,PROSPECT AVENUE,EAST 162 STREET,EAST 163 STREET
259520226520226550,2025-10-23,2026-01-14,83,9.010000,7.540000,0.110000000,0.273333333,Bronx,PROSPECT AVENUE,EAST 162 STREET,EAST 163 STREET
259520226580226610,2018-03-20,2020-08-11,875,7.780000,7.510000,0.246666667,0.276666667,Bronx,PROSPECT AVENUE,EAST 164 STREET,EAST 165 STREET
259520226580226610,2020-08-11,2021-10-08,423,7.510000,10.000000,0.276666667,0.000000000,Bronx,PROSPECT AVENUE,EAST 164 STREET,EAST 165 STREET
259520226580226610,2021-10-08,2022-08-02,298,10.000000,10.000000,0.000000000,0.000000000,Bronx,PROSPECT AVENUE,EAST 164 STREET,EAST 165 STREET
259520226580226610,2022-08-02,2022-12-20,140,10.000000,10.000000,0.000000000,0.000000000,Bronx,PROSPECT AVENUE,EAST 164 STREET,EAST 165 STREET
259520226580226610,2022-12-20,2023-09-12,266,10.000000,10.000000,0.000000000,0.000000000,Bronx,PROSPECT AVENUE,EAST 164 STREET,EAST 165 STREET
259520226580226610,2023-09-12,2023-12-08,87,10.000000,9.930000,0.000000000,0.007777778,Bronx,PROSPECT AVENUE,EAST 164 STREET,EAST 165 STREET
259520226580226610,2023-12-08,2024-09-10,277,9.930000,9.930000,0.007777778,0.007777778,Bronx,PROSPECT AVENUE,EAST 164 STREET,EAST 165 STREET
259520226580226610,2024-09-10,2025-01-15,127,9.930000,9.690000,0.007777778,0.034444444,Bronx,PROSPECT AVENUE,EAST 164 STREET,EAST 165 STREET
259520226580226610,2025-01-15,2025-10-23,281,9.690000,9.190000,0.034444444,0.090000000,Bronx,PROSPECT AVENUE,EAST 164 STREET,EAST 165 STREET
259520226580226610,2025-10-23,2026-01-14,83,9.190000,9.830000,0.090000000,0.018888889,Bronx,PROSPECT AVENUE,EAST 164 STREET,EAST 165 STREET
259520226670240520,2018-03-20,2018-08-29,162,5.960000,3.660000,0.448888889,0.704444444,Bronx,PROSPECT AVENUE,EAST 167 STREET,HOME STREET
259520226670240520,2018-08-29,2019-09-12,379,3.660000,4.180000,0.704444444,0.646666667,Bronx,PROSPECT AVENUE,EAST 167 STREET,HOME STREET
259520226670240520,2019-09-12,2021-05-03,599,4.180000,9.930000,0.646666667,0.007777778,Bronx,PROSPECT AVENUE,EAST 167 STREET,HOME STREET
259520226670240520,2021-05-03,2021-10-08,158,9.930000,9.930000,0.007777778,0.007777778,Bronx,PROSPECT AVENUE,EAST 167 STREET,HOME STREET
259520226670240520,2021-10-08,2022-12-20,438,9.930000,9.110000,0.007777778,0.098888889,Bronx,PROSPECT AVENUE,EAST 167 STREET,HOME STREET
259520226670240520,2022-12-20,2023-12-08,353,9.110000,8.770000,0.098888889,0.136666667,Bronx,PROSPECT AVENUE,EAST 167 STREET,HOME STREET
259520226670240520,2023-12-08,2025-01-15,404,8.770000,9.690000,0.136666667,0.034444444,Bronx,PROSPECT AVENUE,EAST 167 STREET,HOME STREET
259520226670240520,2025-01-15,2026-01-14,364,9.690000,8.700000,0.034444444,0.144444444,Bronx,PROSPECT AVENUE,EAST 167 STREET,HOME STREET
259520226670266690,2018-03-20,2018-08-29,162,7.890000,8.250000,0.234444444,0.194444444,Bronx,PROSPECT AVENUE,EAST 167 STREET,MSGR JOHN STELTZ SQUARE
259520226670266690,2018-08-29,2019-09-12,379,8.250000,8.720000,0.194444444,0.142222222,Bronx,PROSPECT AVENUE,EAST 167 STREET,MSGR JOHN STELTZ SQUARE
259520226670266690,2019-09-12,2021-05-03,599,8.720000,10.000000,0.142222222,0.000000000,Bronx,PROSPECT AVENUE,EAST 167 STREET,MSGR JOHN STELTZ SQUARE
259520226670266690,2021-05-03,2021-10-08,158,10.000000,10.000000,0.000000000,0.000000000,Bronx,PROSPECT AVENUE,EAST 167 STREET,MSGR JOHN STELTZ SQUARE
259520226670266690,2021-10-08,2022-12-20,438,10.000000,9.930000,0.000000000,0.007777778,Bronx,PROSPECT AVENUE,EAST 167 STREET,MSGR JOHN STELTZ SQUARE
259520226670266690,2022-12-20,2023-12-08,353,9.930000,9.590000,0.007777778,0.045555556,Bronx,PROSPECT AVENUE,EAST 167 STREET,MSGR JOHN STELTZ SQUARE
259520226670266690,2023-12-08,2025-01-15,404,9.590000,9.690000,0.045555556,0.034444444,Bronx,PROSPECT AVENUE,EAST 167 STREET,MSGR JOHN STELTZ SQUARE
259520226670266690,2025-01-15,2026-01-14,364,9.690000,8.620000,0.034444444,0.153333333,Bronx,PROSPECT AVENUE,EAST 167 STREET,MSGR JOHN STELTZ SQUARE
259520226700240520,2018-03-20,2020-08-11,875,7.890000,10.000000,0.234444444,0.000000000,Bronx,PROSPECT AVENUE,EAST 168 STREET,HOME STREET
259520226700240520,2020-08-11,2021-10-08,423,10.000000,10.000000,0.000000000,0.000000000,Bronx,PROSPECT AVENUE,EAST 168 STREET,HOME STREET
259520226700240520,2021-10-08,2022-04-13,187,10.000000,9.930000,0.000000000,0.007777778,Bronx,PROSPECT AVENUE,EAST 168 STREET,HOME STREET
259520226700240520,2022-04-13,2022-12-20,251,9.930000,9.930000,0.007777778,0.007777778,Bronx,PROSPECT AVENUE,EAST 168 STREET,HOME STREET
259520226700240520,2022-12-20,2023-07-10,202,9.930000,9.110000,0.007777778,0.098888889,Bronx,PROSPECT AVENUE,EAST 168 STREET,HOME STREET
259520226700240520,2023-07-10,2023-12-08,151,9.110000,9.930000,0.098888889,0.007777778,Bronx,PROSPECT AVENUE,EAST 168 STREET,HOME STREET
259520226700240520,2023-12-08,2024-08-27,263,9.930000,9.540000,0.007777778,0.051111111,Bronx,PROSPECT AVENUE,EAST 168 STREET,HOME STREET
259520226700240520,2024-08-27,2025-01-15,141,9.540000,8.870000,0.051111111,0.125555556,Bronx,PROSPECT AVENUE,EAST 168 STREET,HOME STREET
259520226700240520,2025-01-15,2025-10-24,282,8.870000,7.650000,0.125555556,0.261111111,Bronx,PROSPECT AVENUE,EAST 168 STREET,HOME STREET
259520226700240520,2025-10-24,2026-01-14,82,7.650000,6.810000,0.261111111,0.354444444,Bronx,PROSPECT AVENUE,EAST 168 STREET,HOME STREET
259520226730233720,2018-03-20,2018-08-27,160,7.620000,6.750000,0.264444444,0.361111111,Bronx,PROSPECT AVENUE,EAST 169 STREET,FREEMAN STREET
259520226730233720,2018-08-27,2019-09-12,381,6.750000,5.800000,0.361111111,0.466666667,Bronx,PROSPECT AVENUE,EAST 169 STREET,FREEMAN STREET
259520226730233720,2019-09-12,2021-05-03,599,5.800000,6.630000,0.466666667,0.374444444,Bronx,PROSPECT AVENUE,EAST 169 STREET,FREEMAN STREET
259520226730233720,2021-05-03,2021-10-08,158,6.630000,8.900000,0.374444444,0.122222222,Bronx,PROSPECT AVENUE,EAST 169 STREET,FREEMAN STREET
259520226730233720,2021-10-08,2022-12-20,438,8.900000,3.460000,0.122222222,0.726666667,Bronx,PROSPECT AVENUE,EAST 169 STREET,FREEMAN STREET
259520226730233720,2022-12-20,2023-12-08,353,3.460000,8.040000,0.726666667,0.217777778,Bronx,PROSPECT AVENUE,EAST 169 STREET,FREEMAN STREET
259520226730233720,2023-12-08,2025-01-15,404,8.040000,3.550000,0.217777778,0.716666667,Bronx,PROSPECT AVENUE,EAST 169 STREET,FREEMAN STREET
259520226730233720,2025-01-15,2026-01-14,364,3.550000,4.400000,0.716666667,0.622222222,Bronx,PROSPECT AVENUE,EAST 169 STREET,FREEMAN STREET
259520266625266690,2018-03-20,2018-08-29,162,7.890000,6.700000,0.234444444,0.366666667,Bronx,PROSPECT AVENUE,REV EDLER HAWKINS SQUARE,MSGR JOHN STELTZ SQUARE
259520266625266690,2018-08-29,2019-09-12,379,6.700000,6.270000,0.366666667,0.414444444,Bronx,PROSPECT AVENUE,REV EDLER HAWKINS SQUARE,MSGR JOHN STELTZ SQUARE
259520266625266690,2019-09-12,2021-05-03,599,6.270000,10.000000,0.414444444,0.000000000,Bronx,PROSPECT AVENUE,REV EDLER HAWKINS SQUARE,MSGR JOHN STELTZ SQUARE
259520266625266690,2021-05-03,2021-10-08,158,10.000000,10.000000,0.000000000,0.000000000,Bronx,PROSPECT AVENUE,REV EDLER HAWKINS SQUARE,MSGR JOHN STELTZ SQUARE
259520266625266690,2021-10-08,2022-12-20,438,10.000000,9.830000,0.000000000,0.018888889,Bronx,PROSPECT AVENUE,REV EDLER HAWKINS SQUARE,MSGR JOHN STELTZ SQUARE
259520266625266690,2022-12-20,2023-12-08,353,9.830000,8.770000,0.018888889,0.136666667,Bronx,PROSPECT AVENUE,REV EDLER HAWKINS SQUARE,MSGR JOHN STELTZ SQUARE
259520266625266690,2023-12-08,2025-01-15,404,8.770000,9.930000,0.136666667,0.007777778,Bronx,PROSPECT AVENUE,REV EDLER HAWKINS SQUARE,MSGR JOHN STELTZ SQUARE
259520266625266690,2025-01-15,2026-01-14,364,9.930000,8.940000,0.007777778,0.117777778,Bronx,PROSPECT AVENUE,REV EDLER HAWKINS SQUARE,MSGR JOHN STELTZ SQUARE
264740210520245120,2018-09-14,2019-10-11,392,9.930000,9.930000,0.007777778,0.007777778,Bronx,SHORE DRIVE,BARKLEY AVENUE,LAFAYETTE AVENUE
264740210520245120,2019-10-11,2021-06-28,626,9.930000,9.680000,0.007777778,0.035555556,Bronx,SHORE DRIVE,BARKLEY AVENUE,LAFAYETTE AVENUE
264740210520245120,2021-06-28,2021-07-20,22,9.680000,9.590000,0.035555556,0.045555556,Bronx,SHORE DRIVE,BARKLEY AVENUE,LAFAYETTE AVENUE
264740210520245120,2021-07-20,2022-07-23,368,9.590000,9.540000,0.045555556,0.051111111,Bronx,SHORE DRIVE,BARKLEY AVENUE,LAFAYETTE AVENUE
264740210520245120,2022-07-23,2023-08-17,390,9.540000,6.850000,0.051111111,0.350000000,Bronx,SHORE DRIVE,BARKLEY AVENUE,LAFAYETTE AVENUE
264740210520245120,2023-08-17,2024-08-12,361,6.850000,5.800000,0.350000000,0.466666667,Bronx,SHORE DRIVE,BARKLEY AVENUE,LAFAYETTE AVENUE
264740210520245120,2024-08-12,2025-08-19,372,5.800000,5.050000,0.466666667,0.550000000,Bronx,SHORE DRIVE,BARKLEY AVENUE,LAFAYETTE AVENUE
264740210520245120,2025-08-19,2026-07-10,325,5.050000,5.290000,0.550000000,0.523333333,Bronx,SHORE DRIVE,BARKLEY AVENUE,LAFAYETTE AVENUE
265060229620230120,2018-09-14,2019-10-11,392,6.990000,7.200000,0.334444444,0.311111111,Bronx,SOMMER PLACE,EAST TREMONT AVENUE,EDISON AVENUE
265060229620230120,2019-10-11,2021-06-28,626,7.200000,7.200000,0.311111111,0.311111111,Bronx,SOMMER PLACE,EAST TREMONT AVENUE,EDISON AVENUE
265060229620230120,2021-06-28,2021-07-19,21,7.200000,8.490000,0.311111111,0.167777778,Bronx,SOMMER PLACE,EAST TREMONT AVENUE,EDISON AVENUE
265060229620230120,2021-07-19,2022-07-23,369,8.490000,6.990000,0.167777778,0.334444444,Bronx,SOMMER PLACE,EAST TREMONT AVENUE,EDISON AVENUE
265060229620230120,2022-07-23,2023-08-14,387,6.990000,5.430000,0.334444444,0.507777778,Bronx,SOMMER PLACE,EAST TREMONT AVENUE,EDISON AVENUE
265060229620230120,2023-08-14,2024-08-12,364,5.430000,6.180000,0.507777778,0.424444444,Bronx,SOMMER PLACE,EAST TREMONT AVENUE,EDISON AVENUE
265060229620230120,2024-08-12,2025-08-19,372,6.180000,5.050000,0.424444444,0.550000000,Bronx,SOMMER PLACE,EAST TREMONT AVENUE,EDISON AVENUE
265060229620230120,2025-08-19,2026-07-10,325,5.050000,5.290000,0.550000000,0.523333333,Bronx,SOMMER PLACE,EAST TREMONT AVENUE,EDISON AVENUE
265620225800225830,2018-05-22,2018-07-24,63,8.050000,8.050000,0.216666667,0.216666667,Bronx,ST ANNS AVENUE,EAST 138 STREET,EAST 139 STREET
265620225800225830,2018-07-24,2019-08-05,377,8.050000,9.440000,0.216666667,0.062222222,Bronx,ST ANNS AVENUE,EAST 138 STREET,EAST 139 STREET
265620225800225830,2019-08-05,2021-04-10,614,9.440000,9.590000,0.062222222,0.045555556,Bronx,ST ANNS AVENUE,EAST 138 STREET,EAST 139 STREET
265620225800225830,2021-04-10,2021-08-07,119,9.590000,7.140000,0.045555556,0.317777778,Bronx,ST ANNS AVENUE,EAST 138 STREET,EAST 139 STREET
265620225800225830,2021-08-07,2022-08-23,381,7.140000,9.830000,0.317777778,0.018888889,Bronx,ST ANNS AVENUE,EAST 138 STREET,EAST 139 STREET
265620225800225830,2022-08-23,2023-09-14,387,9.830000,8.490000,0.018888889,0.167777778,Bronx,ST ANNS AVENUE,EAST 138 STREET,EAST 139 STREET
265620225800225830,2023-09-14,2025-02-23,528,8.490000,6.150000,0.167777778,0.427777778,Bronx,ST ANNS AVENUE,EAST 138 STREET,EAST 139 STREET
265620225800225830,2025-02-23,2026-05-26,457,6.150000,8.620000,0.427777778,0.153333333,Bronx,ST ANNS AVENUE,EAST 138 STREET,EAST 139 STREET
266420223820273220,2018-09-14,2019-10-11,392,9.110000,9.930000,0.098888889,0.007777778,Bronx,STADIUM AVENUE,DEAN AVENUE,WATERBURY AVENUE
266420223820273220,2019-10-11,2021-06-28,626,9.930000,8.240000,0.007777778,0.195555556,Bronx,STADIUM AVENUE,DEAN AVENUE,WATERBURY AVENUE
266420223820273220,2021-06-28,2021-07-20,22,8.240000,9.830000,0.195555556,0.018888889,Bronx,STADIUM AVENUE,DEAN AVENUE,WATERBURY AVENUE
266420223820273220,2021-07-20,2022-07-23,368,9.830000,9.830000,0.018888889,0.018888889,Bronx,STADIUM AVENUE,DEAN AVENUE,WATERBURY AVENUE
266420223820273220,2022-07-23,2023-08-17,390,9.830000,9.930000,0.018888889,0.007777778,Bronx,STADIUM AVENUE,DEAN AVENUE,WATERBURY AVENUE
266420223820273220,2023-08-17,2024-08-12,361,9.930000,9.840000,0.007777778,0.017777778,Bronx,STADIUM AVENUE,DEAN AVENUE,WATERBURY AVENUE
266420223820273220,2024-08-12,2025-08-19,372,9.840000,7.800000,0.017777778,0.244444444,Bronx,STADIUM AVENUE,DEAN AVENUE,WATERBURY AVENUE
266420223820273220,2025-08-19,2026-07-10,325,7.800000,6.250000,0.244444444,0.416666667,Bronx,STADIUM AVENUE,DEAN AVENUE,WATERBURY AVENUE
268720216720265520,2018-03-05,2018-08-22,170,5.290000,10.000000,0.523333333,0.000000000,Bronx,TIFFANY STREET,BURNETT PLACE,SPOFFORD AVENUE
268720216720265520,2018-08-22,2019-09-11,385,10.000000,9.930000,0.000000000,0.007777778,Bronx,TIFFANY STREET,BURNETT PLACE,SPOFFORD AVENUE
268720216720265520,2019-09-11,2021-04-03,570,9.930000,5.940000,0.007777778,0.451111111,Bronx,TIFFANY STREET,BURNETT PLACE,SPOFFORD AVENUE
268720216720265520,2021-04-03,2022-04-14,376,5.940000,5.890000,0.451111111,0.456666667,Bronx,TIFFANY STREET,BURNETT PLACE,SPOFFORD AVENUE
268720216720265520,2022-04-14,2023-05-13,394,5.890000,5.040000,0.456666667,0.551111111,Bronx,TIFFANY STREET,BURNETT PLACE,SPOFFORD AVENUE
268720216720265520,2023-05-13,2024-06-03,387,5.040000,8.660000,0.551111111,0.148888889,Bronx,TIFFANY STREET,BURNETT PLACE,SPOFFORD AVENUE
268720216720265520,2024-06-03,2025-07-01,393,8.660000,5.490000,0.148888889,0.501111111,Bronx,TIFFANY STREET,BURNETT PLACE,SPOFFORD AVENUE
268720216720265520,2025-07-01,2026-08-07,402,5.490000,6.000000,0.501111111,0.444444444,Bronx,TIFFANY STREET,BURNETT PLACE,SPOFFORD AVENUE
268720254520260520,2018-03-05,2018-08-22,170,4.920000,10.000000,0.564444444,0.000000000,Bronx,TIFFANY STREET,OAK POINT AVENUE,RANDALL AVENUE
268720254520260520,2018-08-22,2019-09-11,385,10.000000,9.110000,0.000000000,0.098888889,Bronx,TIFFANY STREET,OAK POINT AVENUE,RANDALL AVENUE
268720254520260520,2019-09-11,2021-04-03,570,9.110000,6.700000,0.098888889,0.366666667,Bronx,TIFFANY STREET,OAK POINT AVENUE,RANDALL AVENUE
268720254520260520,2021-04-03,2022-04-14,376,6.700000,9.930000,0.366666667,0.007777778,Bronx,TIFFANY STREET,OAK POINT AVENUE,RANDALL AVENUE
268720254520260520,2022-04-14,2023-05-06,387,9.930000,9.140000,0.007777778,0.095555556,Bronx,TIFFANY STREET,OAK POINT AVENUE,RANDALL AVENUE
268720254520260520,2023-05-06,2024-06-03,394,9.140000,6.610000,0.095555556,0.376666667,Bronx,TIFFANY STREET,OAK POINT AVENUE,RANDALL AVENUE
268720254520260520,2024-06-03,2025-07-01,393,6.610000,5.790000,0.376666667,0.467777778,Bronx,TIFFANY STREET,OAK POINT AVENUE,RANDALL AVENUE
268720254520260520,2025-07-01,2026-08-07,402,5.790000,6.990000,0.467777778,0.334444444,Bronx,TIFFANY STREET,OAK POINT AVENUE,RANDALL AVENUE
269020226490226550,2018-03-20,2018-08-29,162,9.930000,9.110000,0.007777778,0.098888889,Bronx,TINTON AVENUE,EAST 161 STREET,EAST 163 STREET
269020226490226550,2018-08-29,2019-08-09,345,9.110000,9.930000,0.098888889,0.007777778,Bronx,TINTON AVENUE,EAST 161 STREET,EAST 163 STREET
269020226490226550,2019-08-09,2021-05-03,633,9.930000,8.050000,0.007777778,0.216666667,Bronx,TINTON AVENUE,EAST 161 STREET,EAST 163 STREET
269020226490226550,2021-05-03,2021-10-08,158,8.050000,9.830000,0.216666667,0.018888889,Bronx,TINTON AVENUE,EAST 161 STREET,EAST 163 STREET
269020226490226550,2021-10-08,2022-12-20,438,9.830000,9.930000,0.018888889,0.007777778,Bronx,TINTON AVENUE,EAST 161 STREET,EAST 163 STREET
269020226490226550,2022-12-20,2023-12-08,353,9.930000,8.660000,0.007777778,0.148888889,Bronx,TINTON AVENUE,EAST 161 STREET,EAST 163 STREET
269020226490226550,2023-12-08,2025-01-15,404,8.660000,8.620000,0.148888889,0.153333333,Bronx,TINTON AVENUE,EAST 161 STREET,EAST 163 STREET
269020226490226550,2025-01-15,2026-01-14,364,8.620000,6.840000,0.153333333,0.351111111,Bronx,TINTON AVENUE,EAST 161 STREET,EAST 163 STREET
269720226460226490,2018-03-20,2018-08-07,140,9.100000,7.060000,0.100000000,0.326666667,Bronx,TRINITY AVENUE,EAST 160 STREET,EAST 161 STREET
269720226460226490,2018-08-07,2019-08-09,367,7.060000,4.500000,0.326666667,0.611111111,Bronx,TRINITY AVENUE,EAST 160 STREET,EAST 161 STREET
269720226460226490,2019-08-09,2021-04-03,603,4.500000,6.150000,0.611111111,0.427777778,Bronx,TRINITY AVENUE,EAST 160 STREET,EAST 161 STREET
269720226460226490,2021-04-03,2021-08-07,126,6.150000,7.130000,0.427777778,0.318888889,Bronx,TRINITY AVENUE,EAST 160 STREET,EAST 161 STREET
269720226460226490,2021-08-07,2022-08-23,381,7.130000,7.690000,0.318888889,0.256666667,Bronx,TRINITY AVENUE,EAST 160 STREET,EAST 161 STREET
269720226460226490,2022-08-23,2023-09-15,388,7.690000,7.830000,0.256666667,0.241111111,Bronx,TRINITY AVENUE,EAST 160 STREET,EAST 161 STREET
269720226460226490,2023-09-15,2024-09-10,361,7.830000,5.530000,0.241111111,0.496666667,Bronx,TRINITY AVENUE,EAST 160 STREET,EAST 161 STREET
269720226460226490,2024-09-10,2025-11-12,428,5.530000,5.770000,0.496666667,0.470000000,Bronx,TRINITY AVENUE,EAST 160 STREET,EAST 161 STREET
269720226490226550,2018-03-20,2018-08-29,162,7.960000,9.010000,0.226666667,0.110000000,Bronx,TRINITY AVENUE,EAST 161 STREET,EAST 163 STREET
269720226490226550,2018-08-29,2019-08-09,345,9.010000,5.100000,0.110000000,0.544444444,Bronx,TRINITY AVENUE,EAST 161 STREET,EAST 163 STREET
269720226490226550,2019-08-09,2021-05-03,633,5.100000,7.150000,0.544444444,0.316666667,Bronx,TRINITY AVENUE,EAST 161 STREET,EAST 163 STREET
269720226490226550,2021-05-03,2021-10-08,158,7.150000,5.800000,0.316666667,0.466666667,Bronx,TRINITY AVENUE,EAST 161 STREET,EAST 163 STREET
269720226490226550,2021-10-08,2022-12-20,438,5.800000,9.680000,0.466666667,0.035555556,Bronx,TRINITY AVENUE,EAST 161 STREET,EAST 163 STREET
269720226490226550,2022-12-20,2023-12-08,353,9.680000,6.610000,0.035555556,0.376666667,Bronx,TRINITY AVENUE,EAST 161 STREET,EAST 163 STREET
269720226490226550,2023-12-08,2025-01-15,404,6.610000,6.990000,0.376666667,0.334444444,Bronx,TRINITY AVENUE,EAST 161 STREET,EAST 163 STREET
269720226490226550,2025-01-15,2026-01-14,364,6.990000,5.800000,0.334444444,0.466666667,Bronx,TRINITY AVENUE,EAST 161 STREET,EAST 163 STREET
273620274840274870,2019-01-03,2020-03-03,425,3.390000,4.750000,0.734444444,0.583333333,Bronx,WEBB AVENUE,WEST 195 STREET,WEST 197 STREET
273620274840274870,2020-03-03,2021-04-22,415,4.750000,4.340000,0.583333333,0.628888889,Bronx,WEBB AVENUE,WEST 195 STREET,WEST 197 STREET
273620274840274870,2021-04-22,2022-05-24,397,4.340000,2.310000,0.628888889,0.854444444,Bronx,WEBB AVENUE,WEST 195 STREET,WEST 197 STREET
273620274840274870,2022-05-24,2023-07-15,417,2.310000,7.000000,0.854444444,0.333333333,Bronx,WEBB AVENUE,WEST 195 STREET,WEST 197 STREET
273620274840274870,2023-07-15,2023-07-23,8,7.000000,8.250000,0.333333333,0.194444444,Bronx,WEBB AVENUE,WEST 195 STREET,WEST 197 STREET
273620274840274870,2023-07-23,2023-08-12,20,8.250000,8.250000,0.194444444,0.194444444,Bronx,WEBB AVENUE,WEST 195 STREET,WEST 197 STREET
273620274840274870,2023-08-12,2024-11-03,449,8.250000,7.950000,0.194444444,0.227777778,Bronx,WEBB AVENUE,WEST 195 STREET,WEST 197 STREET
273620274840274870,2024-11-03,2025-12-13,405,7.950000,8.120000,0.227777778,0.208888889,Bronx,WEBB AVENUE,WEST 195 STREET,WEST 197 STREET
277450216620264320,2018-04-03,2018-04-05,2,4.120000,5.530000,0.653333333,0.496666667,Bronx,WICKHAM AVENUE,BURKE AVENUE,SEXTON PLACE
277450216620264320,2018-04-05,2019-03-25,354,5.530000,3.140000,0.496666667,0.762222222,Bronx,WICKHAM AVENUE,BURKE AVENUE,SEXTON PLACE
277450216620264320,2019-03-25,2020-12-15,631,3.140000,10.000000,0.762222222,0.000000000,Bronx,WICKHAM AVENUE,BURKE AVENUE,SEXTON PLACE
277450216620264320,2020-12-15,2022-05-23,524,10.000000,10.000000,0.000000000,0.000000000,Bronx,WICKHAM AVENUE,BURKE AVENUE,SEXTON PLACE
277450216620264320,2022-05-23,2023-05-13,355,10.000000,9.930000,0.000000000,0.007777778,Bronx,WICKHAM AVENUE,BURKE AVENUE,SEXTON PLACE
277450216620264320,2023-05-13,2024-05-23,376,9.930000,9.830000,0.007777778,0.018888889,Bronx,WICKHAM AVENUE,BURKE AVENUE,SEXTON PLACE
277450216620264320,2024-05-23,2025-05-23,365,9.830000,7.050000,0.018888889,0.327777778,Bronx,WICKHAM AVENUE,BURKE AVENUE,SEXTON PLACE
277450216620264320,2025-05-23,2026-07-20,423,7.050000,7.140000,0.327777778,0.317777778,Bronx,WICKHAM AVENUE,BURKE AVENUE,SEXTON PLACE
277550232020245520,2018-09-14,2019-10-11,392,9.930000,9.930000,0.007777778,0.007777778,Bronx,WILCOX AVENUE,FAIRMOUNT AVENUE,LAYTON AVENUE
277550232020245520,2019-10-11,2021-06-29,627,9.930000,9.930000,0.007777778,0.007777778,Bronx,WILCOX AVENUE,FAIRMOUNT AVENUE,LAYTON AVENUE
277550232020245520,2021-06-29,2021-07-20,21,9.930000,9.590000,0.007777778,0.045555556,Bronx,WILCOX AVENUE,FAIRMOUNT AVENUE,LAYTON AVENUE
277550232020245520,2021-07-20,2022-07-23,368,9.590000,7.140000,0.045555556,0.317777778,Bronx,WILCOX AVENUE,FAIRMOUNT AVENUE,LAYTON AVENUE
277550232020245520,2022-07-23,2023-08-17,390,7.140000,7.710000,0.317777778,0.254444444,Bronx,WILCOX AVENUE,FAIRMOUNT AVENUE,LAYTON AVENUE
277550232020245520,2023-08-17,2024-08-12,361,7.710000,6.640000,0.254444444,0.373333333,Bronx,WILCOX AVENUE,FAIRMOUNT AVENUE,LAYTON AVENUE
277550232020245520,2024-08-12,2025-08-19,372,6.640000,5.940000,0.373333333,0.451111111,Bronx,WILCOX AVENUE,FAIRMOUNT AVENUE,LAYTON AVENUE
277550232020245520,2025-08-19,2026-07-10,325,5.940000,5.860000,0.451111111,0.460000000,Bronx,WILCOX AVENUE,FAIRMOUNT AVENUE,LAYTON AVENUE
305280311480311490,2018-10-10,2019-10-18,373,4.550000,5.470000,0.605555556,0.503333333,Brooklyn,3 AVENUE,99 STREET,100 STREET
305280311480311490,2019-10-18,2021-09-27,710,5.470000,10.000000,0.503333333,0.000000000,Brooklyn,3 AVENUE,99 STREET,100 STREET
305280311480311490,2021-09-27,2022-02-15,141,10.000000,10.000000,0.000000000,0.000000000,Brooklyn,3 AVENUE,99 STREET,100 STREET
305280311480311490,2022-02-15,2022-10-19,246,10.000000,10.000000,0.000000000,0.000000000,Brooklyn,3 AVENUE,99 STREET,100 STREET
305280311480311490,2022-10-19,2023-02-27,131,10.000000,9.840000,0.000000000,0.017777778,Brooklyn,3 AVENUE,99 STREET,100 STREET
305280311480311490,2023-02-27,2023-10-18,233,9.840000,9.110000,0.017777778,0.098888889,Brooklyn,3 AVENUE,99 STREET,100 STREET
305280311480311490,2023-10-18,2024-02-29,134,9.110000,8.770000,0.098888889,0.136666667,Brooklyn,3 AVENUE,99 STREET,100 STREET
305280311480311490,2024-02-29,2024-10-09,223,8.770000,9.010000,0.136666667,0.110000000,Brooklyn,3 AVENUE,99 STREET,100 STREET
305280311480311490,2024-10-09,2025-06-11,245,9.010000,6.750000,0.110000000,0.361111111,Brooklyn,3 AVENUE,99 STREET,100 STREET
305280311480311490,2025-06-11,2025-11-20,162,6.750000,7.960000,0.361111111,0.226666667,Brooklyn,3 AVENUE,99 STREET,100 STREET
305280311480311490,2025-11-20,2026-08-13,266,7.960000,6.990000,0.226666667,0.334444444,Brooklyn,3 AVENUE,99 STREET,100 STREET
305280311490311530,2018-10-10,2019-10-18,373,6.630000,5.620000,0.374444444,0.486666667,Brooklyn,3 AVENUE,100 STREET,101 STREET
305280311490311530,2019-10-18,2021-09-27,710,5.620000,9.930000,0.486666667,0.007777778,Brooklyn,3 AVENUE,100 STREET,101 STREET
305280311490311530,2021-09-27,2022-02-15,141,9.930000,10.000000,0.007777778,0.000000000,Brooklyn,3 AVENUE,100 STREET,101 STREET
305280311490311530,2022-02-15,2022-10-19,246,10.000000,9.110000,0.000000000,0.098888889,Brooklyn,3 AVENUE,100 STREET,101 STREET
305280311490311530,2022-10-19,2023-02-27,131,9.110000,8.420000,0.098888889,0.175555556,Brooklyn,3 AVENUE,100 STREET,101 STREET
305280311490311530,2023-02-27,2023-10-18,233,8.420000,8.250000,0.175555556,0.194444444,Brooklyn,3 AVENUE,100 STREET,101 STREET
305280311490311530,2023-10-18,2024-02-29,134,8.250000,6.570000,0.194444444,0.381111111,Brooklyn,3 AVENUE,100 STREET,101 STREET
305280311490311530,2024-02-29,2024-10-09,223,6.570000,7.720000,0.381111111,0.253333333,Brooklyn,3 AVENUE,100 STREET,101 STREET
305280311490311530,2024-10-09,2025-06-11,245,7.720000,5.830000,0.253333333,0.463333333,Brooklyn,3 AVENUE,100 STREET,101 STREET
305280311490311530,2025-06-11,2025-11-20,162,5.830000,6.750000,0.463333333,0.361111111,Brooklyn,3 AVENUE,100 STREET,101 STREET
305280311490311530,2025-11-20,2026-08-13,266,6.750000,4.340000,0.361111111,0.628888889,Brooklyn,3 AVENUE,100 STREET,101 STREET
305430310180310230,2018-03-01,2018-04-12,42,10.000000,9.930000,0.000000000,0.007777778,Brooklyn,4 AVENUE,72 STREET,73 STREET
305430310180310230,2018-04-12,2019-02-26,320,9.930000,9.190000,0.007777778,0.090000000,Brooklyn,4 AVENUE,72 STREET,73 STREET
305430310180310230,2019-02-26,2020-12-02,645,9.190000,9.110000,0.090000000,0.098888889,Brooklyn,4 AVENUE,72 STREET,73 STREET
305430310180310230,2020-12-02,2022-02-17,442,9.110000,9.110000,0.098888889,0.098888889,Brooklyn,4 AVENUE,72 STREET,73 STREET
305430310180310230,2022-02-17,2023-03-17,393,9.110000,8.770000,0.098888889,0.136666667,Brooklyn,4 AVENUE,72 STREET,73 STREET
305430310180310230,2023-03-17,2024-03-11,360,8.770000,8.860000,0.136666667,0.126666667,Brooklyn,4 AVENUE,72 STREET,73 STREET
305430310180310230,2024-03-11,2025-04-28,413,8.860000,6.600000,0.126666667,0.377777778,Brooklyn,4 AVENUE,72 STREET,73 STREET
305430310180310230,2025-04-28,2026-08-13,472,6.600000,5.690000,0.377777778,0.478888889,Brooklyn,4 AVENUE,72 STREET,73 STREET
305430310230310280,2018-03-01,2018-04-12,42,10.000000,9.930000,0.000000000,0.007777778,Brooklyn,4 AVENUE,73 STREET,74 STREET
305430310230310280,2018-04-12,2019-02-26,320,9.930000,10.000000,0.007777778,0.000000000,Brooklyn,4 AVENUE,73 STREET,74 STREET
305430310230310280,2019-02-26,2020-12-02,645,10.000000,9.930000,0.000000000,0.007777778,Brooklyn,4 AVENUE,73 STREET,74 STREET
305430310230310280,2020-12-02,2022-02-17,442,9.930000,9.830000,0.007777778,0.018888889,Brooklyn,4 AVENUE,73 STREET,74 STREET
305430310230310280,2022-02-17,2023-03-17,393,9.830000,8.490000,0.018888889,0.167777778,Brooklyn,4 AVENUE,73 STREET,74 STREET
305430310230310280,2023-03-17,2024-03-11,360,8.490000,7.760000,0.167777778,0.248888889,Brooklyn,4 AVENUE,73 STREET,74 STREET
305430310230310280,2024-03-11,2025-04-28,413,7.760000,6.750000,0.248888889,0.361111111,Brooklyn,4 AVENUE,73 STREET,74 STREET
305430310230310280,2025-04-28,2026-08-13,472,6.750000,7.140000,0.361111111,0.317777778,Brooklyn,4 AVENUE,73 STREET,74 STREET
305430310280310330,2018-03-01,2018-04-12,42,10.000000,9.110000,0.000000000,0.098888889,Brooklyn,4 AVENUE,74 STREET,BAY RIDGE PARKWAY
305430310280310330,2018-04-12,2019-02-26,320,9.110000,9.930000,0.098888889,0.007777778,Brooklyn,4 AVENUE,74 STREET,BAY RIDGE PARKWAY
305430310280310330,2019-02-26,2020-12-02,645,9.930000,9.930000,0.007777778,0.007777778,Brooklyn,4 AVENUE,74 STREET,BAY RIDGE PARKWAY
305430310280310330,2020-12-02,2022-02-17,442,9.930000,7.800000,0.007777778,0.244444444,Brooklyn,4 AVENUE,74 STREET,BAY RIDGE PARKWAY
305430310280310330,2022-02-17,2023-03-17,393,7.800000,8.160000,0.244444444,0.204444444,Brooklyn,4 AVENUE,74 STREET,BAY RIDGE PARKWAY
305430310280310330,2023-03-17,2024-03-11,360,8.160000,6.750000,0.204444444,0.361111111,Brooklyn,4 AVENUE,74 STREET,BAY RIDGE PARKWAY
305430310280310330,2024-03-11,2025-04-28,413,6.750000,7.370000,0.361111111,0.292222222,Brooklyn,4 AVENUE,74 STREET,BAY RIDGE PARKWAY
305430310280310330,2025-04-28,2026-08-13,472,7.370000,6.750000,0.292222222,0.361111111,Brooklyn,4 AVENUE,74 STREET,BAY RIDGE PARKWAY
305430317380368730,2018-03-01,2018-04-12,42,10.000000,9.930000,0.000000000,0.007777778,Brooklyn,4 AVENUE,BAY RIDGE AVENUE,OVINGTON AVENUE
305430317380368730,2018-04-12,2019-02-26,320,9.930000,7.950000,0.007777778,0.227777778,Brooklyn,4 AVENUE,BAY RIDGE AVENUE,OVINGTON AVENUE
305430317380368730,2019-02-26,2020-12-02,645,7.950000,8.050000,0.227777778,0.216666667,Brooklyn,4 AVENUE,BAY RIDGE AVENUE,OVINGTON AVENUE
305430317380368730,2020-12-02,2022-02-18,443,8.050000,7.930000,0.216666667,0.230000000,Brooklyn,4 AVENUE,BAY RIDGE AVENUE,OVINGTON AVENUE
305430317380368730,2022-02-18,2023-03-17,392,7.930000,8.000000,0.230000000,0.222222222,Brooklyn,4 AVENUE,BAY RIDGE AVENUE,OVINGTON AVENUE
305430317380368730,2023-03-17,2024-03-11,360,8.000000,6.180000,0.222222222,0.424444444,Brooklyn,4 AVENUE,BAY RIDGE AVENUE,OVINGTON AVENUE
305430317380368730,2024-03-11,2025-04-28,413,6.180000,5.640000,0.424444444,0.484444444,Brooklyn,4 AVENUE,BAY RIDGE AVENUE,OVINGTON AVENUE
305430317380368730,2025-04-28,2026-08-13,472,5.640000,5.070000,0.484444444,0.547777778,Brooklyn,4 AVENUE,BAY RIDGE AVENUE,OVINGTON AVENUE
310380306480306580,2018-04-13,2018-06-12,60,7.600000,5.630000,0.266666667,0.485555556,Brooklyn,76 STREET,14 AVENUE,15 AVENUE
310380306480306580,2018-06-12,2018-06-22,10,5.630000,5.630000,0.485555556,0.485555556,Brooklyn,76 STREET,14 AVENUE,15 AVENUE
310380306480306580,2018-06-22,2018-06-29,7,5.630000,5.630000,0.485555556,0.485555556,Brooklyn,76 STREET,14 AVENUE,15 AVENUE
310380306480306580,2018-06-29,2019-04-05,280,5.630000,3.740000,0.485555556,0.695555556,Brooklyn,76 STREET,14 AVENUE,15 AVENUE
310380306480306580,2019-04-05,2021-11-03,943,3.740000,9.190000,0.695555556,0.090000000,Brooklyn,76 STREET,14 AVENUE,15 AVENUE
310380306480306580,2021-11-03,2023-02-02,456,9.190000,9.930000,0.090000000,0.007777778,Brooklyn,76 STREET,14 AVENUE,15 AVENUE
310380306480306580,2023-02-02,2024-02-26,389,9.930000,9.110000,0.007777778,0.098888889,Brooklyn,76 STREET,14 AVENUE,15 AVENUE
310380306480306580,2024-02-26,2025-05-02,431,9.110000,9.190000,0.098888889,0.090000000,Brooklyn,76 STREET,14 AVENUE,15 AVENUE
310880307230316680,2018-05-09,2020-03-11,672,9.110000,6.960000,0.098888889,0.337777778,Brooklyn,86 STREET,21 AVENUE,BAY 28 STREET
310880307230316680,2020-03-11,2021-08-28,535,6.960000,7.870000,0.337777778,0.236666667,Brooklyn,86 STREET,21 AVENUE,BAY 28 STREET
310880307230316680,2021-08-28,2021-11-03,67,7.870000,8.830000,0.236666667,0.130000000,Brooklyn,86 STREET,21 AVENUE,BAY 28 STREET
310880307230316680,2021-11-03,2022-09-02,303,8.830000,9.930000,0.130000000,0.007777778,Brooklyn,86 STREET,21 AVENUE,BAY 28 STREET
310880307230316680,2022-09-02,2022-11-08,67,9.930000,9.110000,0.007777778,0.098888889,Brooklyn,86 STREET,21 AVENUE,BAY 28 STREET
310880307230316680,2022-11-08,2023-12-12,399,9.110000,7.110000,0.098888889,0.321111111,Brooklyn,86 STREET,21 AVENUE,BAY 28 STREET
310880307230316680,2023-12-12,2025-02-26,442,7.110000,9.290000,0.321111111,0.078888889,Brooklyn,86 STREET,21 AVENUE,BAY 28 STREET
310880307230316680,2025-02-26,2026-04-24,422,9.290000,7.450000,0.078888889,0.283333333,Brooklyn,86 STREET,21 AVENUE,BAY 28 STREET
310880390880390930,2018-05-22,2021-10-06,1233,8.620000,9.930000,0.153333333,0.007777778,Brooklyn,86 STREET,WEST 8 STREET,WEST 9 STREET
310880390880390930,2021-10-06,2022-06-10,247,9.930000,10.000000,0.007777778,0.000000000,Brooklyn,86 STREET,WEST 8 STREET,WEST 9 STREET
310880390880390930,2022-06-10,2023-01-30,234,10.000000,10.000000,0.000000000,0.000000000,Brooklyn,86 STREET,WEST 8 STREET,WEST 9 STREET
310880390880390930,2023-01-30,2023-05-17,107,10.000000,9.930000,0.000000000,0.007777778,Brooklyn,86 STREET,WEST 8 STREET,WEST 9 STREET
310880390880390930,2023-05-17,2024-04-23,342,9.930000,9.930000,0.007777778,0.007777778,Brooklyn,86 STREET,WEST 8 STREET,WEST 9 STREET
310880390880390930,2024-04-23,2024-06-13,51,9.930000,8.050000,0.007777778,0.216666667,Brooklyn,86 STREET,WEST 8 STREET,WEST 9 STREET
310880390880390930,2024-06-13,2025-11-17,522,8.050000,6.200000,0.216666667,0.422222222,Brooklyn,86 STREET,WEST 8 STREET,WEST 9 STREET
310880390880390930,2025-11-17,2026-08-12,268,6.200000,6.990000,0.422222222,0.334444444,Brooklyn,86 STREET,WEST 8 STREET,WEST 9 STREET
310880390980391030,2018-06-25,2021-10-06,1199,5.690000,9.930000,0.478888889,0.007777778,Brooklyn,86 STREET,WEST 10 STREET,WEST 11 STREET
310880390980391030,2021-10-06,2022-06-10,247,9.930000,10.000000,0.007777778,0.000000000,Brooklyn,86 STREET,WEST 10 STREET,WEST 11 STREET
310880390980391030,2022-06-10,2023-01-30,234,10.000000,10.000000,0.000000000,0.000000000,Brooklyn,86 STREET,WEST 10 STREET,WEST 11 STREET
310880390980391030,2023-01-30,2023-05-17,107,10.000000,9.760000,0.000000000,0.026666667,Brooklyn,86 STREET,WEST 10 STREET,WEST 11 STREET
310880390980391030,2023-05-17,2024-04-23,342,9.760000,10.000000,0.026666667,0.000000000,Brooklyn,86 STREET,WEST 10 STREET,WEST 11 STREET
310880390980391030,2024-04-23,2024-06-13,51,10.000000,9.930000,0.000000000,0.007777778,Brooklyn,86 STREET,WEST 10 STREET,WEST 11 STREET
310880390980391030,2024-06-13,2025-11-17,522,9.930000,9.930000,0.007777778,0.007777778,Brooklyn,86 STREET,WEST 10 STREET,WEST 11 STREET
310880390980391030,2025-11-17,2026-08-12,268,9.930000,9.830000,0.007777778,0.018888889,Brooklyn,86 STREET,WEST 10 STREET,WEST 11 STREET
314480318630335980,2018-05-23,2018-09-06,106,7.140000,7.950000,0.317777778,0.227777778,Brooklyn,AVENUE R,BEDFORD AVENUE,EAST 26 STREET
314480318630335980,2018-09-06,2019-09-18,377,7.950000,7.140000,0.227777778,0.317777778,Brooklyn,AVENUE R,BEDFORD AVENUE,EAST 26 STREET
314480318630335980,2019-09-18,2021-06-01,622,7.140000,6.720000,0.317777778,0.364444444,Brooklyn,AVENUE R,BEDFORD AVENUE,EAST 26 STREET
314480318630335980,2021-06-01,2022-06-23,387,6.720000,7.240000,0.364444444,0.306666667,Brooklyn,AVENUE R,BEDFORD AVENUE,EAST 26 STREET
314480318630335980,2022-06-23,2022-08-13,51,7.240000,8.050000,0.306666667,0.216666667,Brooklyn,AVENUE R,BEDFORD AVENUE,EAST 26 STREET
314480318630335980,2022-08-13,2023-10-31,444,8.050000,9.510000,0.216666667,0.054444444,Brooklyn,AVENUE R,BEDFORD AVENUE,EAST 26 STREET
314480318630335980,2023-10-31,2025-02-08,466,9.510000,5.350000,0.054444444,0.516666667,Brooklyn,AVENUE R,BEDFORD AVENUE,EAST 26 STREET
314480318630335980,2025-02-08,2026-04-08,424,5.350000,6.990000,0.516666667,0.334444444,Brooklyn,AVENUE R,BEDFORD AVENUE,EAST 26 STREET
314480335630335680,2018-05-23,2018-09-06,106,6.300000,7.870000,0.411111111,0.236666667,Brooklyn,AVENUE R,EAST 18 STREET,EAST 19 STREET
314480335630335680,2018-09-06,2019-11-14,434,7.870000,7.070000,0.236666667,0.325555556,Brooklyn,AVENUE R,EAST 18 STREET,EAST 19 STREET
314480335630335680,2019-11-14,2021-06-01,565,7.070000,6.750000,0.325555556,0.361111111,Brooklyn,AVENUE R,EAST 18 STREET,EAST 19 STREET
314480335630335680,2021-06-01,2022-06-23,387,6.750000,10.000000,0.361111111,0.000000000,Brooklyn,AVENUE R,EAST 18 STREET,EAST 19 STREET
314480335630335680,2022-06-23,2022-08-13,51,10.000000,9.190000,0.000000000,0.090000000,Brooklyn,AVENUE R,EAST 18 STREET,EAST 19 STREET
314480335630335680,2022-08-13,2023-10-31,444,9.190000,10.000000,0.090000000,0.000000000,Brooklyn,AVENUE R,EAST 18 STREET,EAST 19 STREET
314480335630335680,2023-10-31,2025-02-08,466,10.000000,8.760000,0.000000000,0.137777778,Brooklyn,AVENUE R,EAST 18 STREET,EAST 19 STREET
314480335630335680,2025-02-08,2026-04-08,424,8.760000,6.570000,0.137777778,0.381111111,Brooklyn,AVENUE R,EAST 18 STREET,EAST 19 STREET
314480335980336030,2018-05-23,2018-09-06,106,8.050000,9.110000,0.216666667,0.098888889,Brooklyn,AVENUE R,EAST 26 STREET,EAST 27 STREET
314480335980336030,2018-09-06,2019-09-18,377,9.110000,7.800000,0.098888889,0.244444444,Brooklyn,AVENUE R,EAST 26 STREET,EAST 27 STREET
314480335980336030,2019-09-18,2021-06-01,622,7.800000,7.540000,0.244444444,0.273333333,Brooklyn,AVENUE R,EAST 26 STREET,EAST 27 STREET
314480335980336030,2021-06-01,2022-06-23,387,7.540000,8.860000,0.273333333,0.126666667,Brooklyn,AVENUE R,EAST 26 STREET,EAST 27 STREET
314480335980336030,2022-06-23,2022-08-13,51,8.860000,7.800000,0.126666667,0.244444444,Brooklyn,AVENUE R,EAST 26 STREET,EAST 27 STREET
314480335980336030,2022-08-13,2023-10-31,444,7.800000,7.620000,0.244444444,0.264444444,Brooklyn,AVENUE R,EAST 26 STREET,EAST 27 STREET
314480335980336030,2023-10-31,2025-02-08,466,7.620000,4.600000,0.264444444,0.600000000,Brooklyn,AVENUE R,EAST 26 STREET,EAST 27 STREET
314480335980336030,2025-02-08,2026-04-08,424,4.600000,5.860000,0.600000000,0.460000000,Brooklyn,AVENUE R,EAST 26 STREET,EAST 27 STREET
314530318630335880,2018-05-23,2018-09-17,117,5.880000,10.000000,0.457777778,0.000000000,Brooklyn,AVENUE S,BEDFORD AVENUE,EAST 24 STREET
314530318630335880,2018-09-17,2019-09-18,366,10.000000,10.000000,0.000000000,0.000000000,Brooklyn,AVENUE S,BEDFORD AVENUE,EAST 24 STREET
314530318630335880,2019-09-18,2021-06-01,622,10.000000,9.190000,0.000000000,0.090000000,Brooklyn,AVENUE S,BEDFORD AVENUE,EAST 24 STREET
314530318630335880,2021-06-01,2022-06-23,387,9.190000,9.390000,0.090000000,0.067777778,Brooklyn,AVENUE S,BEDFORD AVENUE,EAST 24 STREET
314530318630335880,2022-06-23,2022-08-13,51,9.390000,9.930000,0.067777778,0.007777778,Brooklyn,AVENUE S,BEDFORD AVENUE,EAST 24 STREET
314530318630335880,2022-08-13,2023-10-31,444,9.930000,10.000000,0.007777778,0.000000000,Brooklyn,AVENUE S,BEDFORD AVENUE,EAST 24 STREET
314530318630335880,2023-10-31,2025-02-08,466,10.000000,7.560000,0.000000000,0.271111111,Brooklyn,AVENUE S,BEDFORD AVENUE,EAST 24 STREET
314530318630335880,2025-02-08,2026-04-08,424,7.560000,9.750000,0.271111111,0.027777778,Brooklyn,AVENUE S,BEDFORD AVENUE,EAST 24 STREET
314530318630335980,2018-05-23,2018-09-17,117,9.310000,10.000000,0.076666667,0.000000000,Brooklyn,AVENUE S,BEDFORD AVENUE,EAST 26 STREET
314530318630335980,2018-09-17,2019-09-18,366,10.000000,10.000000,0.000000000,0.000000000,Brooklyn,AVENUE S,BEDFORD AVENUE,EAST 26 STREET
314530318630335980,2019-09-18,2021-06-01,622,10.000000,10.000000,0.000000000,0.000000000,Brooklyn,AVENUE S,BEDFORD AVENUE,EAST 26 STREET
314530318630335980,2021-06-01,2022-06-23,387,10.000000,10.000000,0.000000000,0.000000000,Brooklyn,AVENUE S,BEDFORD AVENUE,EAST 26 STREET
314530318630335980,2022-06-23,2022-08-13,51,10.000000,10.000000,0.000000000,0.000000000,Brooklyn,AVENUE S,BEDFORD AVENUE,EAST 26 STREET
314530318630335980,2022-08-13,2023-10-31,444,10.000000,10.000000,0.000000000,0.000000000,Brooklyn,AVENUE S,BEDFORD AVENUE,EAST 26 STREET
314530318630335980,2023-10-31,2025-02-08,466,10.000000,9.440000,0.000000000,0.062222222,Brooklyn,AVENUE S,BEDFORD AVENUE,EAST 26 STREET
314530318630335980,2025-02-08,2026-04-08,424,9.440000,9.830000,0.062222222,0.018888889,Brooklyn,AVENUE S,BEDFORD AVENUE,EAST 26 STREET
314530335730335780,2018-05-23,2018-09-17,117,6.180000,10.000000,0.424444444,0.000000000,Brooklyn,AVENUE S,EAST 21 STREET,EAST 22 STREET
314530335730335780,2018-09-17,2019-09-18,366,10.000000,10.000000,0.000000000,0.000000000,Brooklyn,AVENUE S,EAST 21 STREET,EAST 22 STREET
314530335730335780,2019-09-18,2021-06-01,622,10.000000,9.930000,0.000000000,0.007777778,Brooklyn,AVENUE S,EAST 21 STREET,EAST 22 STREET
314530335730335780,2021-06-01,2022-06-23,387,9.930000,9.110000,0.007777778,0.098888889,Brooklyn,AVENUE S,EAST 21 STREET,EAST 22 STREET
314530335730335780,2022-06-23,2022-08-13,51,9.110000,9.110000,0.098888889,0.098888889,Brooklyn,AVENUE S,EAST 21 STREET,EAST 22 STREET
314530335730335780,2022-08-13,2023-10-31,444,9.110000,9.110000,0.098888889,0.098888889,Brooklyn,AVENUE S,EAST 21 STREET,EAST 22 STREET
314530335730335780,2023-10-31,2025-02-08,466,9.110000,6.990000,0.098888889,0.334444444,Brooklyn,AVENUE S,EAST 21 STREET,EAST 22 STREET
314530335730335780,2025-02-08,2026-04-08,424,6.990000,7.960000,0.334444444,0.226666667,Brooklyn,AVENUE S,EAST 21 STREET,EAST 22 STREET
314530335730367530,2018-05-23,2018-09-17,117,5.450000,10.000000,0.505555556,0.000000000,Brooklyn,AVENUE S,EAST 21 STREET,OCEAN AVENUE
314530335730367530,2018-09-17,2019-09-18,366,10.000000,9.190000,0.000000000,0.090000000,Brooklyn,AVENUE S,EAST 21 STREET,OCEAN AVENUE
314530335730367530,2019-09-18,2021-06-01,622,9.190000,9.110000,0.090000000,0.098888889,Brooklyn,AVENUE S,EAST 21 STREET,OCEAN AVENUE
314530335730367530,2021-06-01,2022-06-23,387,9.110000,9.930000,0.098888889,0.007777778,Brooklyn,AVENUE S,EAST 21 STREET,OCEAN AVENUE
314530335730367530,2022-06-23,2022-08-13,51,9.930000,9.930000,0.007777778,0.007777778,Brooklyn,AVENUE S,EAST 21 STREET,OCEAN AVENUE
314530335730367530,2022-08-13,2023-10-31,444,9.930000,8.130000,0.007777778,0.207777778,Brooklyn,AVENUE S,EAST 21 STREET,OCEAN AVENUE
314530335730367530,2023-10-31,2025-02-08,466,8.130000,7.260000,0.207777778,0.304444444,Brooklyn,AVENUE S,EAST 21 STREET,OCEAN AVENUE
314530335730367530,2025-02-08,2026-04-08,424,7.260000,9.930000,0.304444444,0.007777778,Brooklyn,AVENUE S,EAST 21 STREET,OCEAN AVENUE
314530335780335830,2018-05-23,2018-09-17,117,6.180000,10.000000,0.424444444,0.000000000,Brooklyn,AVENUE S,EAST 22 STREET,EAST 23 STREET
314530335780335830,2018-09-17,2019-09-18,366,10.000000,9.190000,0.000000000,0.090000000,Brooklyn,AVENUE S,EAST 22 STREET,EAST 23 STREET
314530335780335830,2019-09-18,2021-06-01,622,9.190000,9.110000,0.090000000,0.098888889,Brooklyn,AVENUE S,EAST 22 STREET,EAST 23 STREET
314530335780335830,2021-06-01,2022-06-23,387,9.110000,9.110000,0.098888889,0.098888889,Brooklyn,AVENUE S,EAST 22 STREET,EAST 23 STREET
314530335780335830,2022-06-23,2022-08-13,51,9.110000,9.110000,0.098888889,0.098888889,Brooklyn,AVENUE S,EAST 22 STREET,EAST 23 STREET
314530335780335830,2022-08-13,2023-10-31,444,9.110000,9.110000,0.098888889,0.098888889,Brooklyn,AVENUE S,EAST 22 STREET,EAST 23 STREET
314530335780335830,2023-10-31,2025-02-08,466,9.110000,6.640000,0.098888889,0.373333333,Brooklyn,AVENUE S,EAST 22 STREET,EAST 23 STREET
314530335780335830,2025-02-08,2026-04-08,424,6.640000,7.990000,0.373333333,0.223333333,Brooklyn,AVENUE S,EAST 22 STREET,EAST 23 STREET
314530335830335880,2018-05-23,2018-09-17,117,6.180000,10.000000,0.424444444,0.000000000,Brooklyn,AVENUE S,EAST 23 STREET,EAST 24 STREET
314530335830335880,2018-09-17,2019-09-18,366,10.000000,10.000000,0.000000000,0.000000000,Brooklyn,AVENUE S,EAST 23 STREET,EAST 24 STREET
314530335830335880,2019-09-18,2021-06-01,622,10.000000,9.930000,0.000000000,0.007777778,Brooklyn,AVENUE S,EAST 23 STREET,EAST 24 STREET
314530335830335880,2021-06-01,2022-06-23,387,9.930000,9.930000,0.007777778,0.007777778,Brooklyn,AVENUE S,EAST 23 STREET,EAST 24 STREET
314530335830335880,2022-06-23,2022-08-13,51,9.930000,9.930000,0.007777778,0.007777778,Brooklyn,AVENUE S,EAST 23 STREET,EAST 24 STREET
314530335830335880,2022-08-13,2023-10-31,444,9.930000,9.690000,0.007777778,0.034444444,Brooklyn,AVENUE S,EAST 23 STREET,EAST 24 STREET
314530335830335880,2023-10-31,2025-02-08,466,9.690000,6.750000,0.034444444,0.361111111,Brooklyn,AVENUE S,EAST 23 STREET,EAST 24 STREET
314530335830335880,2025-02-08,2026-04-08,424,6.750000,9.930000,0.361111111,0.007777778,Brooklyn,AVENUE S,EAST 23 STREET,EAST 24 STREET
314530335980336030,2018-05-23,2018-09-17,117,5.880000,10.000000,0.457777778,0.000000000,Brooklyn,AVENUE S,EAST 26 STREET,EAST 27 STREET
314530335980336030,2018-09-17,2019-09-18,366,10.000000,10.000000,0.000000000,0.000000000,Brooklyn,AVENUE S,EAST 26 STREET,EAST 27 STREET
314530335980336030,2019-09-18,2021-06-01,622,10.000000,10.000000,0.000000000,0.000000000,Brooklyn,AVENUE S,EAST 26 STREET,EAST 27 STREET
314530335980336030,2021-06-01,2022-06-23,387,10.000000,9.930000,0.000000000,0.007777778,Brooklyn,AVENUE S,EAST 26 STREET,EAST 27 STREET
314530335980336030,2022-06-23,2022-08-13,51,9.930000,10.000000,0.007777778,0.000000000,Brooklyn,AVENUE S,EAST 26 STREET,EAST 27 STREET
314530335980336030,2022-08-13,2023-10-31,444,10.000000,9.930000,0.000000000,0.007777778,Brooklyn,AVENUE S,EAST 26 STREET,EAST 27 STREET
314530335980336030,2023-10-31,2025-02-08,466,9.930000,9.590000,0.007777778,0.045555556,Brooklyn,AVENUE S,EAST 26 STREET,EAST 27 STREET
314530335980336030,2025-02-08,2026-04-08,424,9.590000,9.680000,0.045555556,0.035555556,Brooklyn,AVENUE S,EAST 26 STREET,EAST 27 STREET
314530336030336080,2018-05-23,2018-09-17,117,6.810000,10.000000,0.354444444,0.000000000,Brooklyn,AVENUE S,EAST 27 STREET,EAST 28 STREET
314530336030336080,2018-09-17,2019-09-18,366,10.000000,10.000000,0.000000000,0.000000000,Brooklyn,AVENUE S,EAST 27 STREET,EAST 28 STREET
314530336030336080,2019-09-18,2021-06-01,622,10.000000,7.140000,0.000000000,0.317777778,Brooklyn,AVENUE S,EAST 27 STREET,EAST 28 STREET
314530336030336080,2021-06-01,2022-06-23,387,7.140000,8.930000,0.317777778,0.118888889,Brooklyn,AVENUE S,EAST 27 STREET,EAST 28 STREET
314530336030336080,2022-06-23,2022-08-13,51,8.930000,9.110000,0.118888889,0.098888889,Brooklyn,AVENUE S,EAST 27 STREET,EAST 28 STREET
314530336030336080,2022-08-13,2023-10-31,444,9.110000,9.930000,0.098888889,0.007777778,Brooklyn,AVENUE S,EAST 27 STREET,EAST 28 STREET
314530336030336080,2023-10-31,2025-02-08,466,9.930000,8.620000,0.007777778,0.153333333,Brooklyn,AVENUE S,EAST 27 STREET,EAST 28 STREET
314530336030336080,2025-02-08,2026-04-08,424,8.620000,8.150000,0.153333333,0.205555556,Brooklyn,AVENUE S,EAST 27 STREET,EAST 28 STREET
314530336080336130,2018-05-23,2018-09-07,107,10.000000,9.190000,0.000000000,0.090000000,Brooklyn,AVENUE S,EAST 28 STREET,EAST 29 STREET
314530336080336130,2018-09-07,2019-09-18,376,9.190000,9.190000,0.090000000,0.090000000,Brooklyn,AVENUE S,EAST 28 STREET,EAST 29 STREET
314530336080336130,2019-09-18,2021-06-01,622,9.190000,9.010000,0.090000000,0.110000000,Brooklyn,AVENUE S,EAST 28 STREET,EAST 29 STREET
314530336080336130,2021-06-01,2022-06-23,387,9.010000,9.010000,0.110000000,0.110000000,Brooklyn,AVENUE S,EAST 28 STREET,EAST 29 STREET
314530336080336130,2022-06-23,2022-08-13,51,9.010000,9.930000,0.110000000,0.007777778,Brooklyn,AVENUE S,EAST 28 STREET,EAST 29 STREET
314530336080336130,2022-08-13,2023-10-31,444,9.930000,8.770000,0.007777778,0.136666667,Brooklyn,AVENUE S,EAST 28 STREET,EAST 29 STREET
314530336080336130,2023-10-31,2025-02-08,466,8.770000,6.600000,0.136666667,0.377777778,Brooklyn,AVENUE S,EAST 28 STREET,EAST 29 STREET
314530336080336130,2025-02-08,2026-04-08,424,6.600000,8.390000,0.377777778,0.178888889,Brooklyn,AVENUE S,EAST 28 STREET,EAST 29 STREET
314530336130367030,2018-05-23,2018-09-17,117,8.560000,10.000000,0.160000000,0.000000000,Brooklyn,AVENUE S,EAST 29 STREET,NOSTRAND AVENUE
314530336130367030,2018-09-17,2019-09-18,366,10.000000,10.000000,0.000000000,0.000000000,Brooklyn,AVENUE S,EAST 29 STREET,NOSTRAND AVENUE
314530336130367030,2019-09-18,2021-06-01,622,10.000000,8.490000,0.000000000,0.167777778,Brooklyn,AVENUE S,EAST 29 STREET,NOSTRAND AVENUE
314530336130367030,2021-06-01,2022-06-23,387,8.490000,8.570000,0.167777778,0.158888889,Brooklyn,AVENUE S,EAST 29 STREET,NOSTRAND AVENUE
314530336130367030,2022-06-23,2022-08-13,51,8.570000,9.930000,0.158888889,0.007777778,Brooklyn,AVENUE S,EAST 29 STREET,NOSTRAND AVENUE
314530336130367030,2022-08-13,2023-10-31,444,9.930000,9.110000,0.007777778,0.098888889,Brooklyn,AVENUE S,EAST 29 STREET,NOSTRAND AVENUE
314530336130367030,2023-10-31,2025-02-08,466,9.110000,6.480000,0.098888889,0.391111111,Brooklyn,AVENUE S,EAST 29 STREET,NOSTRAND AVENUE
314530336130367030,2025-02-08,2026-04-08,424,6.480000,6.770000,0.391111111,0.358888889,Brooklyn,AVENUE S,EAST 29 STREET,NOSTRAND AVENUE
314530381830391130,2018-05-07,2018-05-21,14,9.840000,9.680000,0.017777778,0.035555556,Brooklyn,AVENUE S,STILLWELL AVENUE,WEST 13 STREET
314530381830391130,2018-05-21,2019-03-20,303,9.680000,8.930000,0.035555556,0.118888889,Brooklyn,AVENUE S,STILLWELL AVENUE,WEST 13 STREET
314530381830391130,2019-03-20,2020-11-09,600,8.930000,10.000000,0.118888889,0.000000000,Brooklyn,AVENUE S,STILLWELL AVENUE,WEST 13 STREET
314530381830391130,2020-11-09,2021-11-06,362,10.000000,10.000000,0.000000000,0.000000000,Brooklyn,AVENUE S,STILLWELL AVENUE,WEST 13 STREET
314530381830391130,2021-11-06,2023-03-01,480,10.000000,9.830000,0.000000000,0.018888889,Brooklyn,AVENUE S,STILLWELL AVENUE,WEST 13 STREET
314530381830391130,2023-03-01,2024-02-26,362,9.830000,10.000000,0.018888889,0.000000000,Brooklyn,AVENUE S,STILLWELL AVENUE,WEST 13 STREET
314530381830391130,2024-02-26,2025-03-18,386,10.000000,9.930000,0.000000000,0.007777778,Brooklyn,AVENUE S,STILLWELL AVENUE,WEST 13 STREET
314530381830391130,2025-03-18,2026-04-20,398,9.930000,9.930000,0.007777778,0.007777778,Brooklyn,AVENUE S,STILLWELL AVENUE,WEST 13 STREET
314530390630390680,2018-05-07,2018-05-21,14,7.380000,6.180000,0.291111111,0.424444444,Brooklyn,AVENUE S,WEST 3 STREET,WEST 4 STREET
314530390630390680,2018-05-21,2019-03-20,303,6.180000,8.240000,0.424444444,0.195555556,Brooklyn,AVENUE S,WEST 3 STREET,WEST 4 STREET
314530390630390680,2019-03-20,2020-11-09,600,8.240000,10.000000,0.195555556,0.000000000,Brooklyn,AVENUE S,WEST 3 STREET,WEST 4 STREET
314530390630390680,2020-11-09,2021-11-06,362,10.000000,10.000000,0.000000000,0.000000000,Brooklyn,AVENUE S,WEST 3 STREET,WEST 4 STREET
314530390630390680,2021-11-06,2023-03-01,480,10.000000,9.830000,0.000000000,0.018888889,Brooklyn,AVENUE S,WEST 3 STREET,WEST 4 STREET
314530390630390680,2023-03-01,2024-02-26,362,9.830000,9.930000,0.018888889,0.007777778,Brooklyn,AVENUE S,WEST 3 STREET,WEST 4 STREET
314530390630390680,2024-02-26,2025-03-18,386,9.930000,9.110000,0.007777778,0.098888889,Brooklyn,AVENUE S,WEST 3 STREET,WEST 4 STREET
314530390630390680,2025-03-18,2026-04-20,398,9.110000,7.610000,0.098888889,0.265555556,Brooklyn,AVENUE S,WEST 3 STREET,WEST 4 STREET
314530390680390730,2018-05-07,2018-05-21,14,7.560000,8.240000,0.271111111,0.195555556,Brooklyn,AVENUE S,WEST 4 STREET,WEST 5 STREET
314530390680390730,2018-05-21,2019-03-20,303,8.240000,7.500000,0.195555556,0.277777778,Brooklyn,AVENUE S,WEST 4 STREET,WEST 5 STREET
314530390680390730,2019-03-20,2020-11-09,600,7.500000,10.000000,0.277777778,0.000000000,Brooklyn,AVENUE S,WEST 4 STREET,WEST 5 STREET
314530390680390730,2020-11-09,2021-11-06,362,10.000000,10.000000,0.000000000,0.000000000,Brooklyn,AVENUE S,WEST 4 STREET,WEST 5 STREET
314530390680390730,2021-11-06,2023-02-27,478,10.000000,9.110000,0.000000000,0.098888889,Brooklyn,AVENUE S,WEST 4 STREET,WEST 5 STREET
314530390680390730,2023-02-27,2024-02-26,364,9.110000,9.930000,0.098888889,0.007777778,Brooklyn,AVENUE S,WEST 4 STREET,WEST 5 STREET
314530390680390730,2024-02-26,2025-03-18,386,9.930000,9.930000,0.007777778,0.007777778,Brooklyn,AVENUE S,WEST 4 STREET,WEST 5 STREET
314530390680390730,2025-03-18,2026-04-20,398,9.930000,7.950000,0.007777778,0.227777778,Brooklyn,AVENUE S,WEST 4 STREET,WEST 5 STREET
314530390730390780,2018-05-07,2018-05-21,14,8.860000,9.030000,0.126666667,0.107777778,Brooklyn,AVENUE S,WEST 5 STREET,WEST 6 STREET
314530390730390780,2018-05-21,2019-03-20,303,9.030000,7.780000,0.107777778,0.246666667,Brooklyn,AVENUE S,WEST 5 STREET,WEST 6 STREET
314530390730390780,2019-03-20,2020-11-09,600,7.780000,10.000000,0.246666667,0.000000000,Brooklyn,AVENUE S,WEST 5 STREET,WEST 6 STREET
314530390730390780,2020-11-09,2021-11-06,362,10.000000,9.110000,0.000000000,0.098888889,Brooklyn,AVENUE S,WEST 5 STREET,WEST 6 STREET
314530390730390780,2021-11-06,2023-02-27,478,9.110000,9.930000,0.098888889,0.007777778,Brooklyn,AVENUE S,WEST 5 STREET,WEST 6 STREET
314530390730390780,2023-02-27,2024-02-26,364,9.930000,9.110000,0.007777778,0.098888889,Brooklyn,AVENUE S,WEST 5 STREET,WEST 6 STREET
314530390730390780,2024-02-26,2025-03-18,386,9.110000,9.110000,0.098888889,0.098888889,Brooklyn,AVENUE S,WEST 5 STREET,WEST 6 STREET
314530390730390780,2025-03-18,2026-04-20,398,9.110000,8.050000,0.098888889,0.216666667,Brooklyn,AVENUE S,WEST 5 STREET,WEST 6 STREET
314530390780390830,2018-05-07,2018-05-21,14,8.770000,6.180000,0.136666667,0.424444444,Brooklyn,AVENUE S,WEST 6 STREET,WEST 7 STREET
314530390780390830,2018-05-21,2019-03-20,303,6.180000,9.010000,0.424444444,0.110000000,Brooklyn,AVENUE S,WEST 6 STREET,WEST 7 STREET
314530390780390830,2019-03-20,2020-11-09,600,9.010000,9.190000,0.110000000,0.090000000,Brooklyn,AVENUE S,WEST 6 STREET,WEST 7 STREET
314530390780390830,2020-11-09,2021-11-06,362,9.190000,10.000000,0.090000000,0.000000000,Brooklyn,AVENUE S,WEST 6 STREET,WEST 7 STREET
314530390780390830,2021-11-06,2023-02-27,478,10.000000,7.240000,0.000000000,0.306666667,Brooklyn,AVENUE S,WEST 6 STREET,WEST 7 STREET
314530390780390830,2023-02-27,2024-02-26,364,7.240000,9.930000,0.306666667,0.007777778,Brooklyn,AVENUE S,WEST 6 STREET,WEST 7 STREET
314530390780390830,2024-02-26,2025-03-18,386,9.930000,8.050000,0.007777778,0.216666667,Brooklyn,AVENUE S,WEST 6 STREET,WEST 7 STREET
314530390780390830,2025-03-18,2026-04-20,398,8.050000,8.710000,0.216666667,0.143333333,Brooklyn,AVENUE S,WEST 6 STREET,WEST 7 STREET
314530390880390930,2018-05-07,2018-05-21,14,6.690000,6.810000,0.367777778,0.354444444,Brooklyn,AVENUE S,WEST 8 STREET,WEST 9 STREET
314530390880390930,2018-05-21,2019-03-20,303,6.810000,7.610000,0.354444444,0.265555556,Brooklyn,AVENUE S,WEST 8 STREET,WEST 9 STREET
314530390880390930,2019-03-20,2020-11-09,600,7.610000,9.190000,0.265555556,0.090000000,Brooklyn,AVENUE S,WEST 8 STREET,WEST 9 STREET
314530390880390930,2020-11-09,2021-11-06,362,9.190000,9.110000,0.090000000,0.098888889,Brooklyn,AVENUE S,WEST 8 STREET,WEST 9 STREET
314530390880390930,2021-11-06,2023-02-27,478,9.110000,8.490000,0.098888889,0.167777778,Brooklyn,AVENUE S,WEST 8 STREET,WEST 9 STREET
314530390880390930,2023-02-27,2024-02-26,364,8.490000,7.640000,0.167777778,0.262222222,Brooklyn,AVENUE S,WEST 8 STREET,WEST 9 STREET
314530390880390930,2024-02-26,2025-03-18,386,7.640000,8.720000,0.262222222,0.142222222,Brooklyn,AVENUE S,WEST 8 STREET,WEST 9 STREET
314530390880390930,2025-03-18,2026-04-20,398,8.720000,7.540000,0.142222222,0.273333333,Brooklyn,AVENUE S,WEST 8 STREET,WEST 9 STREET
314530390930390980,2018-05-07,2018-05-21,14,5.620000,5.190000,0.486666667,0.534444444,Brooklyn,AVENUE S,WEST 9 STREET,WEST 10 STREET
314530390930390980,2018-05-21,2019-03-20,303,5.190000,6.180000,0.534444444,0.424444444,Brooklyn,AVENUE S,WEST 9 STREET,WEST 10 STREET
314530390930390980,2019-03-20,2020-11-09,600,6.180000,10.000000,0.424444444,0.000000000,Brooklyn,AVENUE S,WEST 9 STREET,WEST 10 STREET
314530390930390980,2020-11-09,2021-11-06,362,10.000000,10.000000,0.000000000,0.000000000,Brooklyn,AVENUE S,WEST 9 STREET,WEST 10 STREET
314530390930390980,2021-11-06,2023-02-27,478,10.000000,9.830000,0.000000000,0.018888889,Brooklyn,AVENUE S,WEST 9 STREET,WEST 10 STREET
314530390930390980,2023-02-27,2024-02-26,364,9.830000,9.690000,0.018888889,0.034444444,Brooklyn,AVENUE S,WEST 9 STREET,WEST 10 STREET
314530390930390980,2024-02-26,2025-03-18,386,9.690000,7.810000,0.034444444,0.243333333,Brooklyn,AVENUE S,WEST 9 STREET,WEST 10 STREET
314530390930390980,2025-03-18,2026-04-20,398,7.810000,9.930000,0.243333333,0.007777778,Brooklyn,AVENUE S,WEST 9 STREET,WEST 10 STREET
314530390980391030,2018-05-07,2018-05-21,14,4.940000,5.450000,0.562222222,0.505555556,Brooklyn,AVENUE S,WEST 10 STREET,WEST 11 STREET
314530390980391030,2018-05-21,2019-03-20,303,5.450000,6.570000,0.505555556,0.381111111,Brooklyn,AVENUE S,WEST 10 STREET,WEST 11 STREET
314530390980391030,2019-03-20,2020-11-09,600,6.570000,10.000000,0.381111111,0.000000000,Brooklyn,AVENUE S,WEST 10 STREET,WEST 11 STREET
314530390980391030,2020-11-09,2021-11-06,362,10.000000,10.000000,0.000000000,0.000000000,Brooklyn,AVENUE S,WEST 10 STREET,WEST 11 STREET
314530390980391030,2021-11-06,2023-02-27,478,10.000000,9.030000,0.000000000,0.107777778,Brooklyn,AVENUE S,WEST 10 STREET,WEST 11 STREET
314530390980391030,2023-02-27,2024-02-26,364,9.030000,9.930000,0.107777778,0.007777778,Brooklyn,AVENUE S,WEST 10 STREET,WEST 11 STREET
314530390980391030,2024-02-26,2025-03-18,386,9.930000,9.930000,0.007777778,0.007777778,Brooklyn,AVENUE S,WEST 10 STREET,WEST 11 STREET
314530390980391030,2025-03-18,2026-04-20,398,9.930000,9.830000,0.007777778,0.018888889,Brooklyn,AVENUE S,WEST 10 STREET,WEST 11 STREET
314530391030391080,2018-05-07,2018-05-21,14,7.260000,7.940000,0.304444444,0.228888889,Brooklyn,AVENUE S,WEST 11 STREET,WEST 12 STREET
314530391030391080,2018-05-21,2019-03-20,303,7.940000,7.310000,0.228888889,0.298888889,Brooklyn,AVENUE S,WEST 11 STREET,WEST 12 STREET
314530391030391080,2019-03-20,2020-11-09,600,7.310000,10.000000,0.298888889,0.000000000,Brooklyn,AVENUE S,WEST 11 STREET,WEST 12 STREET
314530391030391080,2020-11-09,2021-11-06,362,10.000000,10.000000,0.000000000,0.000000000,Brooklyn,AVENUE S,WEST 11 STREET,WEST 12 STREET
314530391030391080,2021-11-06,2023-03-01,480,10.000000,9.930000,0.000000000,0.007777778,Brooklyn,AVENUE S,WEST 11 STREET,WEST 12 STREET
314530391030391080,2023-03-01,2024-02-26,362,9.930000,9.930000,0.007777778,0.007777778,Brooklyn,AVENUE S,WEST 11 STREET,WEST 12 STREET
314530391030391080,2024-02-26,2025-03-18,386,9.930000,8.150000,0.007777778,0.205555556,Brooklyn,AVENUE S,WEST 11 STREET,WEST 12 STREET
314530391030391080,2025-03-18,2026-04-20,398,8.150000,7.950000,0.205555556,0.227777778,Brooklyn,AVENUE S,WEST 11 STREET,WEST 12 STREET
314530391080391130,2018-05-07,2018-05-21,14,6.760000,8.100000,0.360000000,0.211111111,Brooklyn,AVENUE S,WEST 12 STREET,WEST 13 STREET
314530391080391130,2018-05-21,2019-03-20,303,8.100000,7.430000,0.211111111,0.285555556,Brooklyn,AVENUE S,WEST 12 STREET,WEST 13 STREET
314530391080391130,2019-03-20,2020-11-09,600,7.430000,10.000000,0.285555556,0.000000000,Brooklyn,AVENUE S,WEST 12 STREET,WEST 13 STREET
314530391080391130,2020-11-09,2021-11-06,362,10.000000,10.000000,0.000000000,0.000000000,Brooklyn,AVENUE S,WEST 12 STREET,WEST 13 STREET
314530391080391130,2021-11-06,2023-03-01,480,10.000000,9.830000,0.000000000,0.018888889,Brooklyn,AVENUE S,WEST 12 STREET,WEST 13 STREET
314530391080391130,2023-03-01,2024-02-26,362,9.830000,9.930000,0.018888889,0.007777778,Brooklyn,AVENUE S,WEST 12 STREET,WEST 13 STREET
314530391080391130,2024-02-26,2025-03-18,386,9.930000,9.930000,0.007777778,0.007777778,Brooklyn,AVENUE S,WEST 12 STREET,WEST 13 STREET
314530391080391130,2025-03-18,2026-04-20,398,9.930000,7.950000,0.007777778,0.227777778,Brooklyn,AVENUE S,WEST 12 STREET,WEST 13 STREET
314580318630335880,2018-05-23,2018-09-04,104,7.990000,8.140000,0.223333333,0.206666667,Brooklyn,AVENUE T,BEDFORD AVENUE,EAST 24 STREET
314580318630335880,2018-09-04,2019-10-22,413,8.140000,7.690000,0.206666667,0.256666667,Brooklyn,AVENUE T,BEDFORD AVENUE,EAST 24 STREET
314580318630335880,2019-10-22,2021-06-01,588,7.690000,10.000000,0.256666667,0.000000000,Brooklyn,AVENUE T,BEDFORD AVENUE,EAST 24 STREET
314580318630335880,2021-06-01,2022-06-23,387,10.000000,10.000000,0.000000000,0.000000000,Brooklyn,AVENUE T,BEDFORD AVENUE,EAST 24 STREET
314580318630335880,2022-06-23,2022-08-13,51,10.000000,10.000000,0.000000000,0.000000000,Brooklyn,AVENUE T,BEDFORD AVENUE,EAST 24 STREET
314580318630335880,2022-08-13,2023-10-31,444,10.000000,10.000000,0.000000000,0.000000000,Brooklyn,AVENUE T,BEDFORD AVENUE,EAST 24 STREET
314580318630335880,2023-10-31,2025-02-08,466,10.000000,9.930000,0.000000000,0.007777778,Brooklyn,AVENUE T,BEDFORD AVENUE,EAST 24 STREET
314580318630335880,2025-02-08,2026-04-08,424,9.930000,9.930000,0.007777778,0.007777778,Brooklyn,AVENUE T,BEDFORD AVENUE,EAST 24 STREET
314580335580335630,2018-05-23,2018-09-04,104,8.050000,8.050000,0.216666667,0.216666667,Brooklyn,AVENUE T,EAST 17 STREET,EAST 18 STREET
314580335580335630,2018-09-04,2019-09-18,379,8.050000,9.010000,0.216666667,0.110000000,Brooklyn,AVENUE T,EAST 17 STREET,EAST 18 STREET
314580335580335630,2019-09-18,2021-06-01,622,9.010000,5.500000,0.110000000,0.500000000,Brooklyn,AVENUE T,EAST 17 STREET,EAST 18 STREET
314580335580335630,2021-06-01,2022-06-23,387,5.500000,8.660000,0.500000000,0.148888889,Brooklyn,AVENUE T,EAST 17 STREET,EAST 18 STREET
314580335580335630,2022-06-23,2022-08-13,51,8.660000,7.610000,0.148888889,0.265555556,Brooklyn,AVENUE T,EAST 17 STREET,EAST 18 STREET
314580335580335630,2022-08-13,2023-10-31,444,7.610000,6.750000,0.265555556,0.361111111,Brooklyn,AVENUE T,EAST 17 STREET,EAST 18 STREET
314580335580335630,2023-10-31,2025-02-08,466,6.750000,4.910000,0.361111111,0.565555556,Brooklyn,AVENUE T,EAST 17 STREET,EAST 18 STREET
314580335580335630,2025-02-08,2026-04-08,424,4.910000,6.600000,0.565555556,0.377777778,Brooklyn,AVENUE T,EAST 17 STREET,EAST 18 STREET
314580335630335680,2018-05-23,2018-09-04,104,9.110000,9.110000,0.098888889,0.098888889,Brooklyn,AVENUE T,EAST 18 STREET,EAST 19 STREET
314580335630335680,2018-09-04,2019-09-18,379,9.110000,9.110000,0.098888889,0.098888889,Brooklyn,AVENUE T,EAST 18 STREET,EAST 19 STREET
314580335630335680,2019-09-18,2021-06-01,622,9.110000,7.150000,0.098888889,0.316666667,Brooklyn,AVENUE T,EAST 18 STREET,EAST 19 STREET
314580335630335680,2021-06-01,2022-06-23,387,7.150000,7.520000,0.316666667,0.275555556,Brooklyn,AVENUE T,EAST 18 STREET,EAST 19 STREET
314580335630335680,2022-06-23,2022-08-13,51,7.520000,7.860000,0.275555556,0.237777778,Brooklyn,AVENUE T,EAST 18 STREET,EAST 19 STREET
314580335630335680,2022-08-13,2023-10-31,444,7.860000,5.940000,0.237777778,0.451111111,Brooklyn,AVENUE T,EAST 18 STREET,EAST 19 STREET
314580335630335680,2023-10-31,2025-02-08,466,5.940000,5.210000,0.451111111,0.532222222,Brooklyn,AVENUE T,EAST 18 STREET,EAST 19 STREET
314580335630335680,2025-02-08,2026-04-08,424,5.210000,7.150000,0.532222222,0.316666667,Brooklyn,AVENUE T,EAST 18 STREET,EAST 19 STREET
314580335680367530,2018-05-23,2018-09-04,104,9.010000,9.930000,0.110000000,0.007777778,Brooklyn,AVENUE T,EAST 19 STREET,OCEAN AVENUE
314580335680367530,2018-09-04,2019-09-18,379,9.930000,6.300000,0.007777778,0.411111111,Brooklyn,AVENUE T,EAST 19 STREET,OCEAN AVENUE
314580335680367530,2019-09-18,2021-06-01,622,6.300000,6.200000,0.411111111,0.422222222,Brooklyn,AVENUE T,EAST 19 STREET,OCEAN AVENUE
314580335680367530,2021-06-01,2022-06-23,387,6.200000,7.410000,0.422222222,0.287777778,Brooklyn,AVENUE T,EAST 19 STREET,OCEAN AVENUE
314580335680367530,2022-06-23,2022-08-13,51,7.410000,7.510000,0.287777778,0.276666667,Brooklyn,AVENUE T,EAST 19 STREET,OCEAN AVENUE
314580335680367530,2022-08-13,2023-10-31,444,7.510000,7.370000,0.276666667,0.292222222,Brooklyn,AVENUE T,EAST 19 STREET,OCEAN AVENUE
314580335680367530,2023-10-31,2025-02-08,466,7.370000,4.290000,0.292222222,0.634444444,Brooklyn,AVENUE T,EAST 19 STREET,OCEAN AVENUE
314580335680367530,2025-02-08,2026-04-08,424,4.290000,6.760000,0.634444444,0.360000000,Brooklyn,AVENUE T,EAST 19 STREET,OCEAN AVENUE
314580335730335780,2018-05-23,2018-09-04,104,9.110000,9.110000,0.098888889,0.098888889,Brooklyn,AVENUE T,EAST 21 STREET,EAST 22 STREET
314580335730335780,2018-09-04,2019-10-22,413,9.110000,7.320000,0.098888889,0.297777778,Brooklyn,AVENUE T,EAST 21 STREET,EAST 22 STREET
314580335730335780,2019-10-22,2021-06-01,588,7.320000,10.000000,0.297777778,0.000000000,Brooklyn,AVENUE T,EAST 21 STREET,EAST 22 STREET
314580335730335780,2021-06-01,2022-06-23,387,10.000000,10.000000,0.000000000,0.000000000,Brooklyn,AVENUE T,EAST 21 STREET,EAST 22 STREET
314580335730335780,2022-06-23,2022-08-13,51,10.000000,10.000000,0.000000000,0.000000000,Brooklyn,AVENUE T,EAST 21 STREET,EAST 22 STREET
314580335730335780,2022-08-13,2023-10-31,444,10.000000,9.110000,0.000000000,0.098888889,Brooklyn,AVENUE T,EAST 21 STREET,EAST 22 STREET
314580335730335780,2023-10-31,2025-02-08,466,9.110000,9.110000,0.098888889,0.098888889,Brooklyn,AVENUE T,EAST 21 STREET,EAST 22 STREET
314580335730335780,2025-02-08,2026-04-08,424,9.110000,8.060000,0.098888889,0.215555556,Brooklyn,AVENUE T,EAST 21 STREET,EAST 22 STREET
314580335730367530,2018-05-23,2018-09-04,104,8.860000,8.860000,0.126666667,0.126666667,Brooklyn,AVENUE T,EAST 21 STREET,OCEAN AVENUE
314580335730367530,2018-09-04,2019-10-22,413,8.860000,7.690000,0.126666667,0.256666667,Brooklyn,AVENUE T,EAST 21 STREET,OCEAN AVENUE
314580335730367530,2019-10-22,2021-06-01,588,7.690000,10.000000,0.256666667,0.000000000,Brooklyn,AVENUE T,EAST 21 STREET,OCEAN AVENUE
314580335730367530,2021-06-01,2022-06-23,387,10.000000,10.000000,0.000000000,0.000000000,Brooklyn,AVENUE T,EAST 21 STREET,OCEAN AVENUE
314580335730367530,2022-06-23,2022-08-13,51,10.000000,10.000000,0.000000000,0.000000000,Brooklyn,AVENUE T,EAST 21 STREET,OCEAN AVENUE
314580335730367530,2022-08-13,2023-10-31,444,10.000000,10.000000,0.000000000,0.000000000,Brooklyn,AVENUE T,EAST 21 STREET,OCEAN AVENUE
314580335730367530,2023-10-31,2025-02-08,466,10.000000,9.930000,0.000000000,0.007777778,Brooklyn,AVENUE T,EAST 21 STREET,OCEAN AVENUE
314580335730367530,2025-02-08,2026-04-08,424,9.930000,9.930000,0.007777778,0.007777778,Brooklyn,AVENUE T,EAST 21 STREET,OCEAN AVENUE
314580335780335830,2018-05-23,2018-09-04,104,7.110000,8.860000,0.321111111,0.126666667,Brooklyn,AVENUE T,EAST 22 STREET,EAST 23 STREET
314580335780335830,2018-09-04,2019-10-22,413,8.860000,7.500000,0.126666667,0.277777778,Brooklyn,AVENUE T,EAST 22 STREET,EAST 23 STREET
314580335780335830,2019-10-22,2021-06-01,588,7.500000,10.000000,0.277777778,0.000000000,Brooklyn,AVENUE T,EAST 22 STREET,EAST 23 STREET
314580335780335830,2021-06-01,2022-06-23,387,10.000000,10.000000,0.000000000,0.000000000,Brooklyn,AVENUE T,EAST 22 STREET,EAST 23 STREET
314580335780335830,2022-06-23,2022-08-13,51,10.000000,10.000000,0.000000000,0.000000000,Brooklyn,AVENUE T,EAST 22 STREET,EAST 23 STREET
314580335780335830,2022-08-13,2023-10-31,444,10.000000,10.000000,0.000000000,0.000000000,Brooklyn,AVENUE T,EAST 22 STREET,EAST 23 STREET
314580335780335830,2023-10-31,2025-02-08,466,10.000000,9.930000,0.000000000,0.007777778,Brooklyn,AVENUE T,EAST 22 STREET,EAST 23 STREET
314580335780335830,2025-02-08,2026-04-08,424,9.930000,9.930000,0.007777778,0.007777778,Brooklyn,AVENUE T,EAST 22 STREET,EAST 23 STREET
314580335830335880,2018-05-23,2018-09-04,104,7.130000,8.860000,0.318888889,0.126666667,Brooklyn,AVENUE T,EAST 23 STREET,EAST 24 STREET
314580335830335880,2018-09-04,2019-10-22,413,8.860000,8.490000,0.126666667,0.167777778,Brooklyn,AVENUE T,EAST 23 STREET,EAST 24 STREET
314580335830335880,2019-10-22,2021-06-01,588,8.490000,10.000000,0.167777778,0.000000000,Brooklyn,AVENUE T,EAST 23 STREET,EAST 24 STREET
314580335830335880,2021-06-01,2022-06-23,387,10.000000,10.000000,0.000000000,0.000000000,Brooklyn,AVENUE T,EAST 23 STREET,EAST 24 STREET
314580335830335880,2022-06-23,2022-08-13,51,10.000000,10.000000,0.000000000,0.000000000,Brooklyn,AVENUE T,EAST 23 STREET,EAST 24 STREET
314580335830335880,2022-08-13,2023-10-31,444,10.000000,10.000000,0.000000000,0.000000000,Brooklyn,AVENUE T,EAST 23 STREET,EAST 24 STREET
314580335830335880,2023-10-31,2025-02-23,481,10.000000,9.830000,0.000000000,0.018888889,Brooklyn,AVENUE T,EAST 23 STREET,EAST 24 STREET
314580335830335880,2025-02-23,2026-04-08,409,9.830000,7.950000,0.018888889,0.227777778,Brooklyn,AVENUE T,EAST 23 STREET,EAST 24 STREET
314580390630390680,2018-05-21,2018-05-22,1,9.930000,10.000000,0.007777778,0.000000000,Brooklyn,AVENUE T,WEST 3 STREET,WEST 4 STREET
314580390630390680,2018-05-22,2019-04-17,330,10.000000,9.930000,0.000000000,0.007777778,Brooklyn,AVENUE T,WEST 3 STREET,WEST 4 STREET
314580390630390680,2019-04-17,2020-11-09,572,9.930000,8.000000,0.007777778,0.222222222,Brooklyn,AVENUE T,WEST 3 STREET,WEST 4 STREET
314580390630390680,2020-11-09,2021-11-06,362,8.000000,9.590000,0.222222222,0.045555556,Brooklyn,AVENUE T,WEST 3 STREET,WEST 4 STREET
314580390630390680,2021-11-06,2023-03-01,480,9.590000,6.180000,0.045555556,0.424444444,Brooklyn,AVENUE T,WEST 3 STREET,WEST 4 STREET
314580390630390680,2023-03-01,2024-02-26,362,6.180000,8.390000,0.424444444,0.178888889,Brooklyn,AVENUE T,WEST 3 STREET,WEST 4 STREET
314580390630390680,2024-02-26,2025-03-18,386,8.390000,7.960000,0.178888889,0.226666667,Brooklyn,AVENUE T,WEST 3 STREET,WEST 4 STREET
314580390630390680,2025-03-18,2026-04-24,402,7.960000,9.830000,0.226666667,0.018888889,Brooklyn,AVENUE T,WEST 3 STREET,WEST 4 STREET
314580390680390730,2018-05-21,2018-05-22,1,9.930000,10.000000,0.007777778,0.000000000,Brooklyn,AVENUE T,WEST 4 STREET,WEST 5 STREET
314580390680390730,2018-05-22,2019-03-20,302,10.000000,9.110000,0.000000000,0.098888889,Brooklyn,AVENUE T,WEST 4 STREET,WEST 5 STREET
314580390680390730,2019-03-20,2020-11-09,600,9.110000,9.110000,0.098888889,0.098888889,Brooklyn,AVENUE T,WEST 4 STREET,WEST 5 STREET
314580390680390730,2020-11-09,2021-11-06,362,9.110000,10.000000,0.098888889,0.000000000,Brooklyn,AVENUE T,WEST 4 STREET,WEST 5 STREET
314580390680390730,2021-11-06,2023-03-01,480,10.000000,7.810000,0.000000000,0.243333333,Brooklyn,AVENUE T,WEST 4 STREET,WEST 5 STREET
314580390680390730,2023-03-01,2024-02-26,362,7.810000,9.690000,0.243333333,0.034444444,Brooklyn,AVENUE T,WEST 4 STREET,WEST 5 STREET
314580390680390730,2024-02-26,2025-03-18,386,9.690000,9.110000,0.034444444,0.098888889,Brooklyn,AVENUE T,WEST 4 STREET,WEST 5 STREET
314580390680390730,2025-03-18,2026-04-24,402,9.110000,9.930000,0.098888889,0.007777778,Brooklyn,AVENUE T,WEST 4 STREET,WEST 5 STREET
314580390730390780,2018-05-21,2018-05-22,1,9.930000,10.000000,0.007777778,0.000000000,Brooklyn,AVENUE T,WEST 5 STREET,WEST 6 STREET
314580390730390780,2018-05-22,2019-03-20,302,10.000000,10.000000,0.000000000,0.000000000,Brooklyn,AVENUE T,WEST 5 STREET,WEST 6 STREET
314580390730390780,2019-03-20,2020-11-09,600,10.000000,10.000000,0.000000000,0.000000000,Brooklyn,AVENUE T,WEST 5 STREET,WEST 6 STREET
314580390730390780,2020-11-09,2021-11-06,362,10.000000,9.950000,0.000000000,0.005555556,Brooklyn,AVENUE T,WEST 5 STREET,WEST 6 STREET
314580390730390780,2021-11-06,2023-03-01,480,9.950000,8.750000,0.005555556,0.138888889,Brooklyn,AVENUE T,WEST 5 STREET,WEST 6 STREET
314580390730390780,2023-03-01,2024-02-26,362,8.750000,9.010000,0.138888889,0.110000000,Brooklyn,AVENUE T,WEST 5 STREET,WEST 6 STREET
314580390730390780,2024-02-26,2025-03-18,386,9.010000,8.050000,0.110000000,0.216666667,Brooklyn,AVENUE T,WEST 5 STREET,WEST 6 STREET
314580390730390780,2025-03-18,2026-04-24,402,8.050000,7.900000,0.216666667,0.233333333,Brooklyn,AVENUE T,WEST 5 STREET,WEST 6 STREET
314830334830334880,2018-02-21,2018-05-22,90,9.110000,9.830000,0.098888889,0.018888889,Brooklyn,AVENUE Y,EAST 1 STREET,EAST 2 STREET
314830334830334880,2018-05-22,2018-09-04,105,9.830000,9.930000,0.018888889,0.007777778,Brooklyn,AVENUE Y,EAST 1 STREET,EAST 2 STREET
314830334830334880,2018-09-04,2019-09-17,378,9.930000,9.930000,0.007777778,0.007777778,Brooklyn,AVENUE Y,EAST 1 STREET,EAST 2 STREET
314830334830334880,2019-09-17,2021-07-30,682,9.930000,8.870000,0.007777778,0.125555556,Brooklyn,AVENUE Y,EAST 1 STREET,EAST 2 STREET
314830334830334880,2021-07-30,2022-08-04,370,8.870000,9.930000,0.125555556,0.007777778,Brooklyn,AVENUE Y,EAST 1 STREET,EAST 2 STREET
314830334830334880,2022-08-04,2023-11-03,456,9.930000,8.620000,0.007777778,0.153333333,Brooklyn,AVENUE Y,EAST 1 STREET,EAST 2 STREET
314830334830334880,2023-11-03,2025-03-19,502,8.620000,7.800000,0.153333333,0.244444444,Brooklyn,AVENUE Y,EAST 1 STREET,EAST 2 STREET
314830334830334880,2025-03-19,2026-06-10,448,7.800000,6.180000,0.244444444,0.424444444,Brooklyn,AVENUE Y,EAST 1 STREET,EAST 2 STREET
314830334830392430,2018-02-21,2018-05-22,90,9.110000,9.690000,0.098888889,0.034444444,Brooklyn,AVENUE Y,EAST 1 STREET,WEST STREET
314830334830392430,2018-05-22,2018-09-04,105,9.690000,9.110000,0.034444444,0.098888889,Brooklyn,AVENUE Y,EAST 1 STREET,WEST STREET
314830334830392430,2018-09-04,2019-09-17,378,9.110000,9.830000,0.098888889,0.018888889,Brooklyn,AVENUE Y,EAST 1 STREET,WEST STREET
314830334830392430,2019-09-17,2021-07-30,682,9.830000,9.110000,0.018888889,0.098888889,Brooklyn,AVENUE Y,EAST 1 STREET,WEST STREET
314830334830392430,2021-07-30,2022-08-04,370,9.110000,9.930000,0.098888889,0.007777778,Brooklyn,AVENUE Y,EAST 1 STREET,WEST STREET
314830334830392430,2022-08-04,2023-11-03,456,9.930000,6.850000,0.007777778,0.350000000,Brooklyn,AVENUE Y,EAST 1 STREET,WEST STREET
314830334830392430,2023-11-03,2025-03-19,502,6.850000,6.180000,0.350000000,0.424444444,Brooklyn,AVENUE Y,EAST 1 STREET,WEST STREET
314830334830392430,2025-03-19,2026-06-10,448,6.180000,6.040000,0.424444444,0.440000000,Brooklyn,AVENUE Y,EAST 1 STREET,WEST STREET
314830334880334930,2018-02-21,2018-05-22,90,9.930000,9.830000,0.007777778,0.018888889,Brooklyn,AVENUE Y,EAST 2 STREET,EAST 3 STREET
314830334880334930,2018-05-22,2018-09-04,105,9.830000,9.930000,0.018888889,0.007777778,Brooklyn,AVENUE Y,EAST 2 STREET,EAST 3 STREET
314830334880334930,2018-09-04,2019-09-17,378,9.930000,9.830000,0.007777778,0.018888889,Brooklyn,AVENUE Y,EAST 2 STREET,EAST 3 STREET
314830334880334930,2019-09-17,2021-07-30,682,9.830000,9.410000,0.018888889,0.065555556,Brooklyn,AVENUE Y,EAST 2 STREET,EAST 3 STREET
314830334880334930,2021-07-30,2022-08-05,371,9.410000,9.930000,0.065555556,0.007777778,Brooklyn,AVENUE Y,EAST 2 STREET,EAST 3 STREET
314830334880334930,2022-08-05,2023-11-03,455,9.930000,8.710000,0.007777778,0.143333333,Brooklyn,AVENUE Y,EAST 2 STREET,EAST 3 STREET
314830334880334930,2023-11-03,2025-03-19,502,8.710000,7.050000,0.143333333,0.327777778,Brooklyn,AVENUE Y,EAST 2 STREET,EAST 3 STREET
314830334880334930,2025-03-19,2026-06-10,448,7.050000,5.880000,0.327777778,0.457777778,Brooklyn,AVENUE Y,EAST 2 STREET,EAST 3 STREET
314830334930367730,2018-02-21,2018-05-22,90,9.930000,9.930000,0.007777778,0.007777778,Brooklyn,AVENUE Y,EAST 3 STREET,OCEAN PARKWAY
314830334930367730,2018-05-22,2018-09-04,105,9.930000,9.930000,0.007777778,0.007777778,Brooklyn,AVENUE Y,EAST 3 STREET,OCEAN PARKWAY
314830334930367730,2018-09-04,2019-09-17,378,9.930000,9.930000,0.007777778,0.007777778,Brooklyn,AVENUE Y,EAST 3 STREET,OCEAN PARKWAY
314830334930367730,2019-09-17,2021-07-30,682,9.930000,9.110000,0.007777778,0.098888889,Brooklyn,AVENUE Y,EAST 3 STREET,OCEAN PARKWAY
314830334930367730,2021-07-30,2022-08-04,370,9.110000,9.110000,0.098888889,0.098888889,Brooklyn,AVENUE Y,EAST 3 STREET,OCEAN PARKWAY
314830334930367730,2022-08-04,2023-11-03,456,9.110000,9.440000,0.098888889,0.062222222,Brooklyn,AVENUE Y,EAST 3 STREET,OCEAN PARKWAY
314830334930367730,2023-11-03,2025-03-19,502,9.440000,6.180000,0.062222222,0.424444444,Brooklyn,AVENUE Y,EAST 3 STREET,OCEAN PARKWAY
314830334930367730,2025-03-19,2026-06-10,448,6.180000,6.990000,0.424444444,0.334444444,Brooklyn,AVENUE Y,EAST 3 STREET,OCEAN PARKWAY
314830390530390580,2018-02-21,2018-05-22,90,9.110000,9.930000,0.098888889,0.007777778,Brooklyn,AVENUE Y,WEST 1 STREET,WEST 2 STREET
314830390530390580,2018-05-22,2018-09-04,105,9.930000,9.110000,0.007777778,0.098888889,Brooklyn,AVENUE Y,WEST 1 STREET,WEST 2 STREET
314830390530390580,2018-09-04,2019-09-17,378,9.110000,9.930000,0.098888889,0.007777778,Brooklyn,AVENUE Y,WEST 1 STREET,WEST 2 STREET
314830390530390580,2019-09-17,2021-07-30,682,9.930000,8.240000,0.007777778,0.195555556,Brooklyn,AVENUE Y,WEST 1 STREET,WEST 2 STREET
314830390530390580,2021-07-30,2022-08-05,371,8.240000,9.930000,0.195555556,0.007777778,Brooklyn,AVENUE Y,WEST 1 STREET,WEST 2 STREET
314830390530390580,2022-08-05,2023-11-03,455,9.930000,8.860000,0.007777778,0.126666667,Brooklyn,AVENUE Y,WEST 1 STREET,WEST 2 STREET
314830390530390580,2023-11-03,2025-03-26,509,8.860000,6.990000,0.126666667,0.334444444,Brooklyn,AVENUE Y,WEST 1 STREET,WEST 2 STREET
314830390530390580,2025-03-26,2026-06-10,441,6.990000,6.330000,0.334444444,0.407777778,Brooklyn,AVENUE Y,WEST 1 STREET,WEST 2 STREET
314830390530392430,2018-02-21,2018-05-22,90,9.110000,9.110000,0.098888889,0.098888889,Brooklyn,AVENUE Y,WEST 1 STREET,WEST STREET
314830390530392430,2018-05-22,2018-09-04,105,9.110000,9.930000,0.098888889,0.007777778,Brooklyn,AVENUE Y,WEST 1 STREET,WEST STREET
314830390530392430,2018-09-04,2019-09-17,378,9.930000,9.830000,0.007777778,0.018888889,Brooklyn,AVENUE Y,WEST 1 STREET,WEST STREET
314830390530392430,2019-09-17,2021-07-30,682,9.830000,9.930000,0.018888889,0.007777778,Brooklyn,AVENUE Y,WEST 1 STREET,WEST STREET
314830390530392430,2021-07-30,2022-08-05,371,9.930000,9.930000,0.007777778,0.007777778,Brooklyn,AVENUE Y,WEST 1 STREET,WEST STREET
314830390530392430,2022-08-05,2023-11-03,455,9.930000,6.850000,0.007777778,0.350000000,Brooklyn,AVENUE Y,WEST 1 STREET,WEST STREET
314830390530392430,2023-11-03,2025-03-19,502,6.850000,6.180000,0.350000000,0.424444444,Brooklyn,AVENUE Y,WEST 1 STREET,WEST STREET
314830390530392430,2025-03-19,2026-06-10,448,6.180000,6.180000,0.424444444,0.424444444,Brooklyn,AVENUE Y,WEST 1 STREET,WEST STREET
314830390580390630,2018-02-21,2018-05-22,90,8.400000,8.490000,0.177777778,0.167777778,Brooklyn,AVENUE Y,WEST 2 STREET,WEST 3 STREET
314830390580390630,2018-05-22,2018-09-04,105,8.490000,9.930000,0.167777778,0.007777778,Brooklyn,AVENUE Y,WEST 2 STREET,WEST 3 STREET
314830390580390630,2018-09-04,2019-09-17,378,9.930000,9.110000,0.007777778,0.098888889,Brooklyn,AVENUE Y,WEST 2 STREET,WEST 3 STREET
314830390580390630,2019-09-17,2021-07-30,682,9.110000,9.010000,0.098888889,0.110000000,Brooklyn,AVENUE Y,WEST 2 STREET,WEST 3 STREET
314830390580390630,2021-07-30,2022-08-05,371,9.010000,9.930000,0.110000000,0.007777778,Brooklyn,AVENUE Y,WEST 2 STREET,WEST 3 STREET
314830390580390630,2022-08-05,2023-11-03,455,9.930000,8.490000,0.007777778,0.167777778,Brooklyn,AVENUE Y,WEST 2 STREET,WEST 3 STREET
314830390580390630,2023-11-03,2025-03-26,509,8.490000,7.990000,0.167777778,0.223333333,Brooklyn,AVENUE Y,WEST 2 STREET,WEST 3 STREET
314830390580390630,2025-03-26,2026-06-10,441,7.990000,7.540000,0.223333333,0.273333333,Brooklyn,AVENUE Y,WEST 2 STREET,WEST 3 STREET
320830313430355830,2018-03-19,2018-03-27,8,6.910000,9.590000,0.343333333,0.045555556,Brooklyn,BRADFORD STREET,ATLANTIC AVENUE,LIBERTY AVENUE
320830313430355830,2018-03-27,2018-09-21,178,9.590000,6.810000,0.045555556,0.354444444,Brooklyn,BRADFORD STREET,ATLANTIC AVENUE,LIBERTY AVENUE
320830313430355830,2018-09-21,2019-10-26,400,6.810000,6.750000,0.354444444,0.361111111,Brooklyn,BRADFORD STREET,ATLANTIC AVENUE,LIBERTY AVENUE
320830313430355830,2019-10-26,2021-06-18,601,6.750000,5.050000,0.361111111,0.550000000,Brooklyn,BRADFORD STREET,ATLANTIC AVENUE,LIBERTY AVENUE
320830313430355830,2021-06-18,2022-07-03,380,5.050000,9.930000,0.550000000,0.007777778,Brooklyn,BRADFORD STREET,ATLANTIC AVENUE,LIBERTY AVENUE
320830313430355830,2022-07-03,2023-07-29,391,9.930000,6.990000,0.007777778,0.334444444,Brooklyn,BRADFORD STREET,ATLANTIC AVENUE,LIBERTY AVENUE
320830313430355830,2023-07-29,2024-08-06,374,6.990000,6.310000,0.334444444,0.410000000,Brooklyn,BRADFORD STREET,ATLANTIC AVENUE,LIBERTY AVENUE
320830313430355830,2024-08-06,2025-11-28,479,6.310000,6.870000,0.410000000,0.347777778,Brooklyn,BRADFORD STREET,ATLANTIC AVENUE,LIBERTY AVENUE
320830318830370930,2018-03-19,2018-03-27,8,10.000000,10.000000,0.000000000,0.000000000,Brooklyn,BRADFORD STREET,BELMONT AVENUE,PITKIN AVENUE
320830318830370930,2018-03-27,2018-09-21,178,10.000000,10.000000,0.000000000,0.000000000,Brooklyn,BRADFORD STREET,BELMONT AVENUE,PITKIN AVENUE
320830318830370930,2018-09-21,2019-10-26,400,10.000000,9.190000,0.000000000,0.090000000,Brooklyn,BRADFORD STREET,BELMONT AVENUE,PITKIN AVENUE
320830318830370930,2019-10-26,2021-06-18,601,9.190000,9.190000,0.090000000,0.090000000,Brooklyn,BRADFORD STREET,BELMONT AVENUE,PITKIN AVENUE
320830318830370930,2021-06-18,2022-07-03,380,9.190000,9.930000,0.090000000,0.007777778,Brooklyn,BRADFORD STREET,BELMONT AVENUE,PITKIN AVENUE
320830318830370930,2022-07-03,2023-07-29,391,9.930000,9.930000,0.007777778,0.007777778,Brooklyn,BRADFORD STREET,BELMONT AVENUE,PITKIN AVENUE
320830318830370930,2023-07-29,2024-08-06,374,9.930000,8.140000,0.007777778,0.206666667,Brooklyn,BRADFORD STREET,BELMONT AVENUE,PITKIN AVENUE
320830318830370930,2024-08-06,2025-10-07,427,8.140000,7.620000,0.206666667,0.264444444,Brooklyn,BRADFORD STREET,BELMONT AVENUE,PITKIN AVENUE
320830318830383730,2018-03-19,2018-03-27,8,10.000000,10.000000,0.000000000,0.000000000,Brooklyn,BRADFORD STREET,BELMONT AVENUE,SUTTER AVENUE
320830318830383730,2018-03-27,2018-09-21,178,10.000000,10.000000,0.000000000,0.000000000,Brooklyn,BRADFORD STREET,BELMONT AVENUE,SUTTER AVENUE
320830318830383730,2018-09-21,2019-10-26,400,10.000000,9.190000,0.000000000,0.090000000,Brooklyn,BRADFORD STREET,BELMONT AVENUE,SUTTER AVENUE
320830318830383730,2019-10-26,2021-06-18,601,9.190000,9.190000,0.090000000,0.090000000,Brooklyn,BRADFORD STREET,BELMONT AVENUE,SUTTER AVENUE
320830318830383730,2021-06-18,2022-07-03,380,9.190000,9.190000,0.090000000,0.090000000,Brooklyn,BRADFORD STREET,BELMONT AVENUE,SUTTER AVENUE
320830318830383730,2022-07-03,2023-07-29,391,9.190000,10.000000,0.090000000,0.000000000,Brooklyn,BRADFORD STREET,BELMONT AVENUE,SUTTER AVENUE
320830318830383730,2023-07-29,2024-08-06,374,10.000000,9.930000,0.000000000,0.007777778,Brooklyn,BRADFORD STREET,BELMONT AVENUE,SUTTER AVENUE
320830318830383730,2024-08-06,2025-10-07,427,9.930000,8.510000,0.007777778,0.165555556,Brooklyn,BRADFORD STREET,BELMONT AVENUE,SUTTER AVENUE
347170328220347155,2020-09-03,2022-02-15,530,8.860000,9.110000,0.126666667,0.098888889,Brooklyn,HARBOR VIEW TERRACE,COLONIAL COURT,HARBOR LANE
347170328220347155,2022-02-15,2022-06-10,115,9.110000,9.190000,0.098888889,0.090000000,Brooklyn,HARBOR VIEW TERRACE,COLONIAL COURT,HARBOR LANE
347170328220347155,2022-06-10,2023-02-27,262,9.190000,9.030000,0.090000000,0.107777778,Brooklyn,HARBOR VIEW TERRACE,COLONIAL COURT,HARBOR LANE
347170328220347155,2023-02-27,2023-10-18,233,9.030000,9.190000,0.107777778,0.090000000,Brooklyn,HARBOR VIEW TERRACE,COLONIAL COURT,HARBOR LANE
347170328220347155,2023-10-18,2024-02-29,134,9.190000,9.110000,0.090000000,0.098888889,Brooklyn,HARBOR VIEW TERRACE,COLONIAL COURT,HARBOR LANE
347170328220347155,2024-02-29,2024-10-09,223,9.110000,9.110000,0.098888889,0.098888889,Brooklyn,HARBOR VIEW TERRACE,COLONIAL COURT,HARBOR LANE
347170328220347155,2024-10-09,2025-04-30,203,9.110000,10.000000,0.098888889,0.000000000,Brooklyn,HARBOR VIEW TERRACE,COLONIAL COURT,HARBOR LANE
347170328220347155,2025-04-30,2026-03-19,323,10.000000,7.800000,0.000000000,0.244444444,Brooklyn,HARBOR VIEW TERRACE,COLONIAL COURT,HARBOR LANE
347170328220347155,2026-03-19,2026-04-23,35,7.800000,8.050000,0.244444444,0.216666667,Brooklyn,HARBOR VIEW TERRACE,COLONIAL COURT,HARBOR LANE
360530368250375760,2018-07-20,2018-08-08,19,9.930000,8.620000,0.007777778,0.153333333,Brooklyn,METROPOLITAN AVENUE,ONDERDONK AVENUE,SCOTT AVENUE
360530368250375760,2018-08-08,2020-01-28,538,8.620000,8.010000,0.153333333,0.221111111,Brooklyn,METROPOLITAN AVENUE,ONDERDONK AVENUE,SCOTT AVENUE
360530368250375760,2020-01-28,2020-09-28,244,8.010000,6.345000,0.221111111,0.406111111,Brooklyn,METROPOLITAN AVENUE,ONDERDONK AVENUE,SCOTT AVENUE
360530368250375760,2020-09-28,2021-11-16,414,6.345000,9.930000,0.406111111,0.007777778,Brooklyn,METROPOLITAN AVENUE,ONDERDONK AVENUE,SCOTT AVENUE
360530368250375760,2021-11-16,2022-04-20,155,9.930000,9.930000,0.007777778,0.007777778,Brooklyn,METROPOLITAN AVENUE,ONDERDONK AVENUE,SCOTT AVENUE
360530368250375760,2022-04-20,2022-12-13,237,9.930000,9.930000,0.007777778,0.007777778,Brooklyn,METROPOLITAN AVENUE,ONDERDONK AVENUE,SCOTT AVENUE
360530368250375760,2022-12-13,2023-02-08,57,9.930000,9.155000,0.007777778,0.093888889,Brooklyn,METROPOLITAN AVENUE,ONDERDONK AVENUE,SCOTT AVENUE
360530368250375760,2023-02-08,2024-05-29,476,9.155000,9.930000,0.093888889,0.007777778,Brooklyn,METROPOLITAN AVENUE,ONDERDONK AVENUE,SCOTT AVENUE
360530368250375760,2024-05-29,2024-06-23,25,9.930000,9.635000,0.007777778,0.040555556,Brooklyn,METROPOLITAN AVENUE,ONDERDONK AVENUE,SCOTT AVENUE
554300531785550410,2018-09-19,2019-08-15,330,4.720000,6.160000,0.586666667,0.426666667,Staten Island,WASHINGTON AVENUE,HAROLD STREET,SUNSET AVENUE
554300531785550410,2019-08-15,2021-08-13,729,6.160000,10.000000,0.426666667,0.000000000,Staten Island,WASHINGTON AVENUE,HAROLD STREET,SUNSET AVENUE
554300531785550410,2021-08-13,2022-04-22,252,10.000000,9.930000,0.000000000,0.007777778,Staten Island,WASHINGTON AVENUE,HAROLD STREET,SUNSET AVENUE
554300531785550410,2022-04-22,2022-09-20,151,9.930000,8.080000,0.007777778,0.213333333,Staten Island,WASHINGTON AVENUE,HAROLD STREET,SUNSET AVENUE
554300531785550410,2022-09-20,2023-07-10,293,8.080000,10.000000,0.213333333,0.000000000,Staten Island,WASHINGTON AVENUE,HAROLD STREET,SUNSET AVENUE
554300531785550410,2023-07-10,2023-10-13,95,10.000000,9.930000,0.000000000,0.007777778,Staten Island,WASHINGTON AVENUE,HAROLD STREET,SUNSET AVENUE
554300531785550410,2023-10-13,2024-07-26,287,9.930000,9.930000,0.007777778,0.007777778,Staten Island,WASHINGTON AVENUE,HAROLD STREET,SUNSET AVENUE
554300531785550410,2024-07-26,2025-04-08,256,9.930000,9.930000,0.007777778,0.007777778,Staten Island,WASHINGTON AVENUE,HAROLD STREET,SUNSET AVENUE
554300531785550410,2025-04-08,2026-07-22,470,9.930000,9.010000,0.007777778,0.110000000,Staten Island,WASHINGTON AVENUE,HAROLD STREET,SUNSET AVENUE
