sample_id,dataset_id,original_id,isolation_group_id,remediated_partition,phase1_role,present_in_phase1_harmonized_view,image_path,annotation_path,source_classes,decision_category,include_as_negative,pilot_action,evidence,reviewer,review_date
rdd2022_china_drone::phash6_00cb9932a93b::china_drone_000470,rdd2022_china_drone,China_Drone_000470,phash6_00cb9932a93b,train,yolo_train,true,RoadSentinel_datasets/rdd2022_full/China_Drone/China_Drone/train/images/China_Drone_000470.jpg,RoadSentinel_datasets/rdd2022_full/China_Drone/China_Drone/train/annotations/xmls/China_Drone_000470.xml,Repair,Contains only excluded visible distress,false,exclude_from_pilot,Validated source annotation contains only excluded classes: Repair.,Codex source-annotation and full-image review,2026-09-12
rdd2022_china_drone::phash6_0246fe8db05c::china_drone_000834,rdd2022_china_drone,China_Drone_000834,phash6_0246fe8db05c,train,yolo_train,true,RoadSentinel_datasets/rdd2022_full/China_Drone/China_Drone/train/images/China_Drone_000834.jpg,RoadSentinel_datasets/rdd2022_full/China_Drone/China_Drone/train/annotations/xmls/China_Drone_000834.xml,Repair,Contains only excluded visible distress,false,exclude_from_pilot,Validated source annotation contains only excluded classes: Repair.,Codex source-annotation and full-image review,2026-09-12
rdd2022_china_drone::phash6_026689a98427::china_drone_001486,rdd2022_china_drone,China_Drone_001486,phash6_026689a98427,train,dino_reference,false,RoadSentinel_datasets/rdd2022_full/China_Drone/China_Drone/train/images/China_Drone_001486.jpg,RoadSentinel_datasets/rdd2022_full/China_Drone/China_Drone/train/annotations/xmls/China_Drone_001486.xml,Repair,Contains only excluded visible distress,false,exclude_from_pilot,Validated source annotation contains only excluded classes: Repair.,Codex source-annotation and full-image review,2026-09-12
rdd2022_china_drone::phash6_0505a4e22482::china_drone_000080,rdd2022_china_drone,China_Drone_000080,phash6_0505a4e22482,train,yolo_train,true,RoadSentinel_datasets/rdd2022_full/China_Drone/China_Drone/train/images/China_Drone_000080.jpg,RoadSentinel_datasets/rdd2022_full/China_Drone/China_Drone/train/annotations/xmls/China_Drone_000080.xml,Repair,Contains only excluded visible distress,false,exclude_from_pilot,Validated source annotation contains only excluded classes: Repair.,Codex source-annotation and full-image review,2026-09-12
rdd2022_china_drone::phash6_057aaebdc8bc::china_drone_001320,rdd2022_china_drone,China_Drone_001320,phash6_057aaebdc8bc,train,yolo_train,true,RoadSentinel_datasets/rdd2022_full/China_Drone/China_Drone/train/images/China_Drone_001320.jpg,RoadSentinel_datasets/rdd2022_full/China_Drone/China_Drone/train/annotations/xmls/China_Drone_001320.xml,Repair,Contains only excluded visible distress,false,exclude_from_pilot,Validated source annotation contains only excluded classes: Repair.,Codex source-annotation and full-image review,2026-09-12
rdd2022_china_drone::phash6_0780004ce416::china_drone_000391,rdd2022_china_drone,China_Drone_000391,phash6_0780004ce416,train,yolo_train,true,RoadSentinel_datasets/rdd2022_full/China_Drone/China_Drone/train/images/China_Drone_000391.jpg,RoadSentinel_datasets/rdd2022_full/China_Drone/China_Drone/train/annotations/xmls/China_Drone_000391.xml,Repair,Contains only excluded visible distress,false,exclude_from_pilot,Validated source annotation contains only excluded classes: Repair.,Codex source-annotation and full-image review,2026-09-12
rdd2022_china_drone::phash6_08da85d1484f::china_drone_000809,rdd2022_china_drone,China_Drone_000809,phash6_08da85d1484f,train,yolo_train,true,RoadSentinel_datasets/rdd2022_full/China_Drone/China_Drone/train/images/China_Drone_000809.jpg,RoadSentinel_datasets/rdd2022_full/China_Drone/China_Drone/train/annotations/xmls/China_Drone_000809.xml,Repair,Contains only excluded visible distress,false,exclude_from_pilot,Validated source annotation contains only excluded classes: Repair.,Codex source-annotation and full-image review,2026-09-12
rdd2022_china_drone::phash6_0938c6756246::china_drone_001857,rdd2022_china_drone,China_Drone_001857,phash6_0938c6756246,train,yolo_train,true,RoadSentinel_datasets/rdd2022_full/China_Drone/China_Drone/train/images/China_Drone_001857.jpg,RoadSentinel_datasets/rdd2022_full/China_Drone/China_Drone/train/annotations/xmls/China_Drone_001857.xml,Repair,Contains only excluded visible distress,false,exclude_from_pilot,Validated source annotation contains only excluded classes: Repair.,Codex source-annotation and full-image review,2026-09-12
rdd2022_china_drone::phash6_097fdc13b301::china_drone_001593,rdd2022_china_drone,China_Drone_001593,phash6_097fdc13b301,train,dino_reference,false,RoadSentinel_datasets/rdd2022_full/China_Drone/China_Drone/train/images/China_Drone_001593.jpg,RoadSentinel_datasets/rdd2022_full/China_Drone/China_Drone/train/annotations/xmls/China_Drone_001593.xml,Repair,Contains only excluded visible distress,false,exclude_from_pilot,Validated source annotation contains only excluded classes: Repair.,Codex source-annotation and full-image review,2026-09-12
rdd2022_china_drone::phash6_0a8e3621f05c::china_drone_000423,rdd2022_china_drone,China_Drone_000423,phash6_0a8e3621f05c,train,yolo_train,true,RoadSentinel_datasets/rdd2022_full/China_Drone/China_Drone/train/images/China_Drone_000423.jpg,RoadSentinel_datasets/rdd2022_full/China_Drone/China_Drone/train/annotations/xmls/China_Drone_000423.xml,Repair,Contains only excluded visible distress,false,exclude_from_pilot,Validated source annotation contains only excluded classes: Repair.,Codex source-annotation and full-image review,2026-09-12
rdd2022_china_drone::phash6_0b63a36b3af9::china_drone_001435,rdd2022_china_drone,China_Drone_001435,phash6_0b63a36b3af9,train,yolo_train,true,RoadSentinel_datasets/rdd2022_full/China_Drone/China_Drone/train/images/China_Drone_001435.jpg,RoadSentinel_datasets/rdd2022_full/China_Drone/China_Drone/train/annotations/xmls/China_Drone_001435.xml,Repair,Contains only excluded visible distress,false,exclude_from_pilot,Validated source annotation contains only excluded classes: Repair.,Codex source-annotation and full-image review,2026-09-12
rdd2022_china_drone::phash6_0be75aa0a2f8::china_drone_000794,rdd2022_china_drone,China_Drone_000794,phash6_0be75aa0a2f8,train,dino_reference,false,RoadSentinel_datasets/rdd2022_full/China_Drone/China_Drone/train/images/China_Drone_000794.jpg,RoadSentinel_datasets/rdd2022_full/China_Drone/China_Drone/train/annotations/xmls/China_Drone_000794.xml,Repair,Contains only excluded visible distress,false,exclude_from_pilot,Validated source annotation contains only excluded classes: Repair.,Codex source-annotation and full-image review,2026-09-12
rdd2022_china_drone::phash6_0bf9d85e0cb2::china_drone_000923,rdd2022_china_drone,China_Drone_000923,phash6_0bf9d85e0cb2,train,yolo_train,true,RoadSentinel_datasets/rdd2022_full/China_Drone/China_Drone/train/images/China_Drone_000923.jpg,RoadSentinel_datasets/rdd2022_full/China_Drone/China_Drone/train/annotations/xmls/China_Drone_000923.xml,Repair,Contains only excluded visible distress,false,exclude_from_pilot,Validated source annotation contains only excluded classes: Repair.,Codex source-annotation and full-image review,2026-09-12
rdd2022_china_drone::phash6_0c976378faf8::china_drone_000477,rdd2022_china_drone,China_Drone_000477,phash6_0c976378faf8,train,yolo_train,true,RoadSentinel_datasets/rdd2022_full/China_Drone/China_Drone/train/images/China_Drone_000477.jpg,RoadSentinel_datasets/rdd2022_full/China_Drone/China_Drone/train/annotations/xmls/China_Drone_000477.xml,Repair,Contains only excluded visible distress,false,exclude_from_pilot,Validated source annotation contains only excluded classes: Repair.,Codex source-annotation and full-image review,2026-09-12
rdd2022_china_drone::phash6_0cbacf5e2144::china_drone_000156,rdd2022_china_drone,China_Drone_000156,phash6_0cbacf5e2144,train,yolo_train,true,RoadSentinel_datasets/rdd2022_full/China_Drone/China_Drone/train/images/China_Drone_000156.jpg,RoadSentinel_datasets/rdd2022_full/China_Drone/China_Drone/train/annotations/xmls/China_Drone_000156.xml,Repair,Contains only excluded visible distress,false,exclude_from_pilot,Validated source annotation contains only excluded classes: Repair.,Codex source-annotation and full-image review,2026-09-12
rdd2022_china_drone::phash6_0cfc23a150e2::china_drone_000231,rdd2022_china_drone,China_Drone_000231,phash6_0cfc23a150e2,train,yolo_train,true,RoadSentinel_datasets/rdd2022_full/China_Drone/China_Drone/train/images/China_Drone_000231.jpg,RoadSentinel_datasets/rdd2022_full/China_Drone/China_Drone/train/annotations/xmls/China_Drone_000231.xml,Repair,Contains only excluded visible distress,false,exclude_from_pilot,Validated source annotation contains only excluded classes: Repair.,Codex source-annotation and full-image review,2026-09-12
rdd2022_china_drone::phash6_0d6a4d52d791::china_drone_001538,rdd2022_china_drone,China_Drone_001538,phash6_0d6a4d52d791,train,yolo_train,true,RoadSentinel_datasets/rdd2022_full/China_Drone/China_Drone/train/images/China_Drone_001538.jpg,RoadSentinel_datasets/rdd2022_full/China_Drone/China_Drone/train/annotations/xmls/China_Drone_001538.xml,Repair,Contains only excluded visible distress,false,exclude_from_pilot,Validated source annotation contains only excluded classes: Repair.,Codex source-annotation and full-image review,2026-09-12
rdd2022_china_drone::phash6_0dc1f3af8078::china_drone_000887,rdd2022_china_drone,China_Drone_000887,phash6_0dc1f3af8078,train,yolo_train,true,RoadSentinel_datasets/rdd2022_full/China_Drone/China_Drone/train/images/China_Drone_000887.jpg,RoadSentinel_datasets/rdd2022_full/China_Drone/China_Drone/train/annotations/xmls/China_Drone_000887.xml,Repair,Contains only excluded visible distress,false,exclude_from_pilot,Validated source annotation contains only excluded classes: Repair.,Codex source-annotation and full-image review,2026-09-12
rdd2022_china_drone::phash6_0ef57552f158::china_drone_000214,rdd2022_china_drone,China_Drone_000214,phash6_0ef57552f158,train,yolo_train,true,RoadSentinel_datasets/rdd2022_full/China_Drone/China_Drone/train/images/China_Drone_000214.jpg,RoadSentinel_datasets/rdd2022_full/China_Drone/China_Drone/train/annotations/xmls/China_Drone_000214.xml,Repair,Contains only excluded visible distress,false,exclude_from_pilot,Validated source annotation contains only excluded classes: Repair.,Codex source-annotation and full-image review,2026-09-12
rdd2022_china_drone::phash6_0ff7ac557fda::china_drone_000377,rdd2022_china_drone,China_Drone_000377,phash6_0ff7ac557fda,train,dino_reference,false,RoadSentinel_datasets/rdd2022_full/China_Drone/China_Drone/train/images/China_Drone_000377.jpg,RoadSentinel_datasets/rdd2022_full/China_Drone/China_Drone/train/annotations/xmls/China_Drone_000377.xml,Repair,Contains only excluded visible distress,false,exclude_from_pilot,Validated source annotation contains only excluded classes: Repair.,Codex source-annotation and full-image review,2026-09-12
rdd2022_china_drone::phash6_10eedfb0ba56::china_drone_000610,rdd2022_china_drone,China_Drone_000610,phash6_10eedfb0ba56,train,yolo_train,true,RoadSentinel_datasets/rdd2022_full/China_Drone/China_Drone/train/images/China_Drone_000610.jpg,RoadSentinel_datasets/rdd2022_full/China_Drone/China_Drone/train/annotations/xmls/China_Drone_000610.xml,Repair,Contains only excluded visible distress,false,exclude_from_pilot,Validated source annotation contains only excluded classes: Repair.,Codex source-annotation and full-image review,2026-09-12
rdd2022_china_drone::phash6_11ecd89fdfc9::china_drone_000288,rdd2022_china_drone,China_Drone_000288,phash6_11ecd89fdfc9,train,yolo_train,true,RoadSentinel_datasets/rdd2022_full/China_Drone/China_Drone/train/images/China_Drone_000288.jpg,RoadSentinel_datasets/rdd2022_full/China_Drone/China_Drone/train/annotations/xmls/China_Drone_000288.xml,Repair,Contains only excluded visible distress,false,exclude_from_pilot,Validated source annotation contains only excluded classes: Repair.,Codex source-annotation and full-image review,2026-09-12
rdd2022_china_drone::phash6_12f04032fbd9::china_drone_001179,rdd2022_china_drone,China_Drone_001179,phash6_12f04032fbd9,train,yolo_train,true,RoadSentinel_datasets/rdd2022_full/China_Drone/China_Drone/train/images/China_Drone_001179.jpg,RoadSentinel_datasets/rdd2022_full/China_Drone/China_Drone/train/annotations/xmls/China_Drone_001179.xml,Repair,Contains only excluded visible distress,false,exclude_from_pilot,Validated source annotation contains only excluded classes: Repair.,Codex source-annotation and full-image review,2026-09-12
rdd2022_china_drone::phash6_13f16c0e6f55::china_drone_000071,rdd2022_china_drone,China_Drone_000071,phash6_13f16c0e6f55,train,yolo_train,true,RoadSentinel_datasets/rdd2022_full/China_Drone/China_Drone/train/images/China_Drone_000071.jpg,RoadSentinel_datasets/rdd2022_full/China_Drone/China_Drone/train/annotations/xmls/China_Drone_000071.xml,Repair,Contains only excluded visible distress,false,exclude_from_pilot,Validated source annotation contains only excluded classes: Repair.,Codex source-annotation and full-image review,2026-09-12
rdd2022_china_drone::phash6_1410437a933b::china_drone_000565,rdd2022_china_drone,China_Drone_000565,phash6_1410437a933b,train,yolo_train,true,RoadSentinel_datasets/rdd2022_full/China_Drone/China_Drone/train/images/China_Drone_000565.jpg,RoadSentinel_datasets/rdd2022_full/China_Drone/China_Drone/train/annotations/xmls/China_Drone_000565.xml,Repair,Contains only excluded visible distress,false,exclude_from_pilot,Validated source annotation contains only excluded classes: Repair.,Codex source-annotation and full-image review,2026-09-12
rdd2022_china_drone::phash6_15fd6e446f72::china_drone_000725,rdd2022_china_drone,China_Drone_000725,phash6_15fd6e446f72,train,dino_reference,false,RoadSentinel_datasets/rdd2022_full/China_Drone/China_Drone/train/images/China_Drone_000725.jpg,RoadSentinel_datasets/rdd2022_full/China_Drone/China_Drone/train/annotations/xmls/China_Drone_000725.xml,Repair,Contains only excluded visible distress,false,exclude_from_pilot,Validated source annotation contains only excluded classes: Repair.,Codex source-annotation and full-image review,2026-09-12
rdd2022_china_drone::phash6_16f2d13e3e04::china_drone_000371,rdd2022_china_drone,China_Drone_000371,phash6_16f2d13e3e04,train,yolo_train,true,RoadSentinel_datasets/rdd2022_full/China_Drone/China_Drone/train/images/China_Drone_000371.jpg,RoadSentinel_datasets/rdd2022_full/China_Drone/China_Drone/train/annotations/xmls/China_Drone_000371.xml,Repair,Contains only excluded visible distress,false,exclude_from_pilot,Validated source annotation contains only excluded classes: Repair.,Codex source-annotation and full-image review,2026-09-12
rdd2022_china_drone::phash6_171fc9fcde98::china_drone_001236,rdd2022_china_drone,China_Drone_001236,phash6_171fc9fcde98,train,sam2_development,false,RoadSentinel_datasets/rdd2022_full/China_Drone/China_Drone/train/images/China_Drone_001236.jpg,RoadSentinel_datasets/rdd2022_full/China_Drone/China_Drone/train/annotations/xmls/China_Drone_001236.xml,Repair,Contains only excluded visible distress,false,exclude_from_pilot,Validated source annotation contains only excluded classes: Repair.,Codex source-annotation and full-image review,2026-09-12
rdd2022_china_drone::phash6_17f4c69210f3::china_drone_000396,rdd2022_china_drone,China_Drone_000396,phash6_17f4c69210f3,train,yolo_train,true,RoadSentinel_datasets/rdd2022_full/China_Drone/China_Drone/train/images/China_Drone_000396.jpg,RoadSentinel_datasets/rdd2022_full/China_Drone/China_Drone/train/annotations/xmls/China_Drone_000396.xml,Repair,Contains only excluded visible distress,false,exclude_from_pilot,Validated source annotation contains only excluded classes: Repair.,Codex source-annotation and full-image review,2026-09-12
rdd2022_china_drone::phash6_1822e628b23a::china_drone_001174,rdd2022_china_drone,China_Drone_001174,phash6_1822e628b23a,train,yolo_train,true,RoadSentinel_datasets/rdd2022_full/China_Drone/China_Drone/train/images/China_Drone_001174.jpg,RoadSentinel_datasets/rdd2022_full/China_Drone/China_Drone/train/annotations/xmls/China_Drone_001174.xml,Repair,Contains only excluded visible distress,false,exclude_from_pilot,Validated source annotation contains only excluded classes: Repair.,Codex source-annotation and full-image review,2026-09-12
rdd2022_china_drone::phash6_19282684789d::china_drone_001170,rdd2022_china_drone,China_Drone_001170,phash6_19282684789d,train,yolo_train,true,RoadSentinel_datasets/rdd2022_full/China_Drone/China_Drone/train/images/China_Drone_001170.jpg,RoadSentinel_datasets/rdd2022_full/China_Drone/China_Drone/train/annotations/xmls/China_Drone_001170.xml,Repair,Contains only excluded visible distress,false,exclude_from_pilot,Validated source annotation contains only excluded classes: Repair.,Codex source-annotation and full-image review,2026-09-12
rdd2022_china_drone::phash6_197c5b5136b7::china_drone_002131,rdd2022_china_drone,China_Drone_002131,phash6_197c5b5136b7,train,yolo_train,true,RoadSentinel_datasets/rdd2022_full/China_Drone/China_Drone/train/images/China_Drone_002131.jpg,RoadSentinel_datasets/rdd2022_full/China_Drone/China_Drone/train/annotations/xmls/China_Drone_002131.xml,Repair,Contains only excluded visible distress,false,exclude_from_pilot,Validated source annotation contains only excluded classes: Repair.,Codex source-annotation and full-image review,2026-09-12
rdd2022_china_drone::phash6_1a196aef6abd::china_drone_000780,rdd2022_china_drone,China_Drone_000780,phash6_1a196aef6abd,train,dino_reference,false,RoadSentinel_datasets/rdd2022_full/China_Drone/China_Drone/train/images/China_Drone_000780.jpg,RoadSentinel_datasets/rdd2022_full/China_Drone/China_Drone/train/annotations/xmls/China_Drone_000780.xml,Repair,Contains only excluded visible distress,false,exclude_from_pilot,Validated source annotation contains only excluded classes: Repair.,Codex source-annotation and full-image review,2026-09-12
rdd2022_china_drone::phash6_1a6e68376eeb::china_drone_002314,rdd2022_china_drone,China_Drone_002314,phash6_1a6e68376eeb,train,dino_reference,false,RoadSentinel_datasets/rdd2022_full/China_Drone/China_Drone/train/images/China_Drone_002314.jpg,RoadSentinel_datasets/rdd2022_full/China_Drone/China_Drone/train/annotations/xmls/China_Drone_002314.xml,Repair,Contains only excluded visible distress,false,exclude_from_pilot,Validated source annotation contains only excluded classes: Repair.,Codex source-annotation and full-image review,2026-09-12
rdd2022_china_drone::phash6_1b3148a2bcfb::china_drone_002118,rdd2022_china_drone,China_Drone_002118,phash6_1b3148a2bcfb,train,yolo_train,true,RoadSentinel_datasets/rdd2022_full/China_Drone/China_Drone/train/images/China_Drone_002118.jpg,RoadSentinel_datasets/rdd2022_full/China_Drone/China_Drone/train/annotations/xmls/China_Drone_002118.xml,Repair,Contains only excluded visible distress,false,exclude_from_pilot,Validated source annotation contains only excluded classes: Repair.,Codex source-annotation and full-image review,2026-09-12
rdd2022_china_drone::phash6_1b6687cbe1bc::china_drone_001711,rdd2022_china_drone,China_Drone_001711,phash6_1b6687cbe1bc,train,yolo_train,true,RoadSentinel_datasets/rdd2022_full/China_Drone/China_Drone/train/images/China_Drone_001711.jpg,RoadSentinel_datasets/rdd2022_full/China_Drone/China_Drone/train/annotations/xmls/China_Drone_001711.xml,Repair,Contains only excluded visible distress,false,exclude_from_pilot,Validated source annotation contains only excluded classes: Repair.,Codex source-annotation and full-image review,2026-09-12
rdd2022_china_drone::phash6_1bc557e4b655::china_drone_000362,rdd2022_china_drone,China_Drone_000362,phash6_1bc557e4b655,train,yolo_train,true,RoadSentinel_datasets/rdd2022_full/China_Drone/China_Drone/train/images/China_Drone_000362.jpg,RoadSentinel_datasets/rdd2022_full/China_Drone/China_Drone/train/annotations/xmls/China_Drone_000362.xml,Repair,Contains only excluded visible distress,false,exclude_from_pilot,Validated source annotation contains only excluded classes: Repair.,Codex source-annotation and full-image review,2026-09-12
rdd2022_china_drone::phash6_1dc5b5a52121::china_drone_001525,rdd2022_china_drone,China_Drone_001525,phash6_1dc5b5a52121,train,yolo_train,true,RoadSentinel_datasets/rdd2022_full/China_Drone/China_Drone/train/images/China_Drone_001525.jpg,RoadSentinel_datasets/rdd2022_full/China_Drone/China_Drone/train/annotations/xmls/China_Drone_001525.xml,Repair,Contains only excluded visible distress,false,exclude_from_pilot,Validated source annotation contains only excluded classes: Repair.,Codex source-annotation and full-image review,2026-09-12
rdd2022_china_drone::phash6_22c6484c5b59::china_drone_002343,rdd2022_china_drone,China_Drone_002343,phash6_22c6484c5b59,train,dino_reference,false,RoadSentinel_datasets/rdd2022_full/China_Drone/China_Drone/train/images/China_Drone_002343.jpg,RoadSentinel_datasets/rdd2022_full/China_Drone/China_Drone/train/annotations/xmls/China_Drone_002343.xml,Repair,Contains only excluded visible distress,false,exclude_from_pilot,Validated source annotation contains only excluded classes: Repair.,Codex source-annotation and full-image review,2026-09-12
rdd2022_china_drone::phash6_2389b2972153::china_drone_000788,rdd2022_china_drone,China_Drone_000788,phash6_2389b2972153,train,dino_reference,false,RoadSentinel_datasets/rdd2022_full/China_Drone/China_Drone/train/images/China_Drone_000788.jpg,RoadSentinel_datasets/rdd2022_full/China_Drone/China_Drone/train/annotations/xmls/China_Drone_000788.xml,Repair,Contains only excluded visible distress,false,exclude_from_pilot,Validated source annotation contains only excluded classes: Repair.,Codex source-annotation and full-image review,2026-09-12
rdd2022_china_drone::phash6_23d17c7364ba::china_drone_001274,rdd2022_china_drone,China_Drone_001274,phash6_23d17c7364ba,train,yolo_train,true,RoadSentinel_datasets/rdd2022_full/China_Drone/China_Drone/train/images/China_Drone_001274.jpg,RoadSentinel_datasets/rdd2022_full/China_Drone/China_Drone/train/annotations/xmls/China_Drone_001274.xml,Repair,Contains only excluded visible distress,false,exclude_from_pilot,Validated source annotation contains only excluded classes: Repair.,Codex source-annotation and full-image review,2026-09-12
rdd2022_china_drone::phash6_23f8f8255a0f::china_drone_000418,rdd2022_china_drone,China_Drone_000418,phash6_23f8f8255a0f,train,yolo_train,true,RoadSentinel_datasets/rdd2022_full/China_Drone/China_Drone/train/images/China_Drone_000418.jpg,RoadSentinel_datasets/rdd2022_full/China_Drone/China_Drone/train/annotations/xmls/China_Drone_000418.xml,Repair,Contains only excluded visible distress,false,exclude_from_pilot,Validated source annotation contains only excluded classes: Repair.,Codex source-annotation and full-image review,2026-09-12
rdd2022_china_drone::phash6_241964890c5a::china_drone_001550,rdd2022_china_drone,China_Drone_001550,phash6_241964890c5a,train,yolo_train,true,RoadSentinel_datasets/rdd2022_full/China_Drone/China_Drone/train/images/China_Drone_001550.jpg,RoadSentinel_datasets/rdd2022_full/China_Drone/China_Drone/train/annotations/xmls/China_Drone_001550.xml,Repair,Contains only excluded visible distress,false,exclude_from_pilot,Validated source annotation contains only excluded classes: Repair.,Codex source-annotation and full-image review,2026-09-12
rdd2022_china_drone::phash6_262b31269ee9::china_drone_001107,rdd2022_china_drone,China_Drone_001107,phash6_262b31269ee9,train,yolo_train,true,RoadSentinel_datasets/rdd2022_full/China_Drone/China_Drone/train/images/China_Drone_001107.jpg,RoadSentinel_datasets/rdd2022_full/China_Drone/China_Drone/train/annotations/xmls/China_Drone_001107.xml,Repair,Contains only excluded visible distress,false,exclude_from_pilot,Validated source annotation contains only excluded classes: Repair.,Codex source-annotation and full-image review,2026-09-12
rdd2022_china_drone::phash6_2644666bb74d::china_drone_000627,rdd2022_china_drone,China_Drone_000627,phash6_2644666bb74d,train,dino_reference,false,RoadSentinel_datasets/rdd2022_full/China_Drone/China_Drone/train/images/China_Drone_000627.jpg,RoadSentinel_datasets/rdd2022_full/China_Drone/China_Drone/train/annotations/xmls/China_Drone_000627.xml,Repair,Contains only excluded visible distress,false,exclude_from_pilot,Validated source annotation contains only excluded classes: Repair.,Codex source-annotation and full-image review,2026-09-12
rdd2022_china_drone::phash6_27060da02bbb::china_drone_000044,rdd2022_china_drone,China_Drone_000044,phash6_27060da02bbb,train,yolo_train,true,RoadSentinel_datasets/rdd2022_full/China_Drone/China_Drone/train/images/China_Drone_000044.jpg,RoadSentinel_datasets/rdd2022_full/China_Drone/China_Drone/train/annotations/xmls/China_Drone_000044.xml,Repair,Contains only excluded visible distress,false,exclude_from_pilot,Validated source annotation contains only excluded classes: Repair.,Codex source-annotation and full-image review,2026-09-12
rdd2022_china_drone::phash6_27cdffbdb1c6::china_drone_000841,rdd2022_china_drone,China_Drone_000841,phash6_27cdffbdb1c6,train,dino_reference,false,RoadSentinel_datasets/rdd2022_full/China_Drone/China_Drone/train/images/China_Drone_000841.jpg,RoadSentinel_datasets/rdd2022_full/China_Drone/China_Drone/train/annotations/xmls/China_Drone_000841.xml,Repair,Contains only excluded visible distress,false,exclude_from_pilot,Validated source annotation contains only excluded classes: Repair.,Codex source-annotation and full-image review,2026-09-12
rdd2022_china_drone::phash6_27e0966d2542::china_drone_000125,rdd2022_china_drone,China_Drone_000125,phash6_27e0966d2542,train,dino_reference,false,RoadSentinel_datasets/rdd2022_full/China_Drone/China_Drone/train/images/China_Drone_000125.jpg,RoadSentinel_datasets/rdd2022_full/China_Drone/China_Drone/train/annotations/xmls/China_Drone_000125.xml,Repair,Contains only excluded visible distress,false,exclude_from_pilot,Validated source annotation contains only excluded classes: Repair.,Codex source-annotation and full-image review,2026-09-12
rdd2022_china_drone::phash6_27e3ce554593::china_drone_000976,rdd2022_china_drone,China_Drone_000976,phash6_27e3ce554593,train,yolo_train,true,RoadSentinel_datasets/rdd2022_full/China_Drone/China_Drone/train/images/China_Drone_000976.jpg,RoadSentinel_datasets/rdd2022_full/China_Drone/China_Drone/train/annotations/xmls/China_Drone_000976.xml,Repair,Contains only excluded visible distress,false,exclude_from_pilot,Validated source annotation contains only excluded classes: Repair.,Codex source-annotation and full-image review,2026-09-12
rdd2022_china_drone::phash6_2ca153c7603e::china_drone_002196,rdd2022_china_drone,China_Drone_002196,phash6_2ca153c7603e,train,dino_reference,false,RoadSentinel_datasets/rdd2022_full/China_Drone/China_Drone/train/images/China_Drone_002196.jpg,RoadSentinel_datasets/rdd2022_full/China_Drone/China_Drone/train/annotations/xmls/China_Drone_002196.xml,Repair,Contains only excluded visible distress,false,exclude_from_pilot,Validated source annotation contains only excluded classes: Repair.,Codex source-annotation and full-image review,2026-09-12
rdd2022_china_drone::phash6_2d668349b2fa::china_drone_000465,rdd2022_china_drone,China_Drone_000465,phash6_2d668349b2fa,train,yolo_train,true,RoadSentinel_datasets/rdd2022_full/China_Drone/China_Drone/train/images/China_Drone_000465.jpg,RoadSentinel_datasets/rdd2022_full/China_Drone/China_Drone/train/annotations/xmls/China_Drone_000465.xml,Repair,Contains only excluded visible distress,false,exclude_from_pilot,Validated source annotation contains only excluded classes: Repair.,Codex source-annotation and full-image review,2026-09-12
rdd2022_china_drone::phash6_2dfaa270817b::china_drone_001492,rdd2022_china_drone,China_Drone_001492,phash6_2dfaa270817b,train,yolo_train,true,RoadSentinel_datasets/rdd2022_full/China_Drone/China_Drone/train/images/China_Drone_001492.jpg,RoadSentinel_datasets/rdd2022_full/China_Drone/China_Drone/train/annotations/xmls/China_Drone_001492.xml,Repair,Contains only excluded visible distress,false,exclude_from_pilot,Validated source annotation contains only excluded classes: Repair.,Codex source-annotation and full-image review,2026-09-12
rdd2022_china_drone::phash6_2e4a9bc1c86c::china_drone_001300,rdd2022_china_drone,China_Drone_001300,phash6_2e4a9bc1c86c,train,dino_reference,false,RoadSentinel_datasets/rdd2022_full/China_Drone/China_Drone/train/images/China_Drone_001300.jpg,RoadSentinel_datasets/rdd2022_full/China_Drone/China_Drone/train/annotations/xmls/China_Drone_001300.xml,Repair,Contains only excluded visible distress,false,exclude_from_pilot,Validated source annotation contains only excluded classes: Repair.,Codex source-annotation and full-image review,2026-09-12
rdd2022_china_drone::phash6_2eab0c112386::china_drone_002011,rdd2022_china_drone,China_Drone_002011,phash6_2eab0c112386,train,yolo_train,true,RoadSentinel_datasets/rdd2022_full/China_Drone/China_Drone/train/images/China_Drone_002011.jpg,RoadSentinel_datasets/rdd2022_full/China_Drone/China_Drone/train/annotations/xmls/China_Drone_002011.xml,Repair,Contains only excluded visible distress,false,exclude_from_pilot,Validated source annotation contains only excluded classes: Repair.,Codex source-annotation and full-image review,2026-09-12
rdd2022_china_drone::phash6_2ee080ba9b6e::china_drone_002296,rdd2022_china_drone,China_Drone_002296,phash6_2ee080ba9b6e,train,yolo_train,true,RoadSentinel_datasets/rdd2022_full/China_Drone/China_Drone/train/images/China_Drone_002296.jpg,RoadSentinel_datasets/rdd2022_full/China_Drone/China_Drone/train/annotations/xmls/China_Drone_002296.xml,Repair,Contains only excluded visible distress,false,exclude_from_pilot,Validated source annotation contains only excluded classes: Repair.,Codex source-annotation and full-image review,2026-09-12
rdd2022_china_drone::phash6_3003e894723b::china_drone_001187,rdd2022_china_drone,China_Drone_001187,phash6_3003e894723b,train,yolo_train,true,RoadSentinel_datasets/rdd2022_full/China_Drone/China_Drone/train/images/China_Drone_001187.jpg,RoadSentinel_datasets/rdd2022_full/China_Drone/China_Drone/train/annotations/xmls/China_Drone_001187.xml,Repair,Contains only excluded visible distress,false,exclude_from_pilot,Validated source annotation contains only excluded classes: Repair.,Codex source-annotation and full-image review,2026-09-12
rdd2022_china_drone::phash6_3048da984e88::china_drone_001849,rdd2022_china_drone,China_Drone_001849,phash6_3048da984e88,train,yolo_train,true,RoadSentinel_datasets/rdd2022_full/China_Drone/China_Drone/train/images/China_Drone_001849.jpg,RoadSentinel_datasets/rdd2022_full/China_Drone/China_Drone/train/annotations/xmls/China_Drone_001849.xml,Repair,Contains only excluded visible distress,false,exclude_from_pilot,Validated source annotation contains only excluded classes: Repair.,Codex source-annotation and full-image review,2026-09-12
rdd2022_china_drone::phash6_3160bbcf6dd1::china_drone_001088,rdd2022_china_drone,China_Drone_001088,phash6_3160bbcf6dd1,train,yolo_train,true,RoadSentinel_datasets/rdd2022_full/China_Drone/China_Drone/train/images/China_Drone_001088.jpg,RoadSentinel_datasets/rdd2022_full/China_Drone/China_Drone/train/annotations/xmls/China_Drone_001088.xml,Repair,Contains only excluded visible distress,false,exclude_from_pilot,Validated source annotation contains only excluded classes: Repair.,Codex source-annotation and full-image review,2026-09-12
rdd2022_china_drone::phash6_31e879553d51::china_drone_001904,rdd2022_china_drone,China_Drone_001904,phash6_31e879553d51,train,dino_reference,false,RoadSentinel_datasets/rdd2022_full/China_Drone/China_Drone/train/images/China_Drone_001904.jpg,RoadSentinel_datasets/rdd2022_full/China_Drone/China_Drone/train/annotations/xmls/China_Drone_001904.xml,Repair,Contains only excluded visible distress,false,exclude_from_pilot,Validated source annotation contains only excluded classes: Repair.,Codex source-annotation and full-image review,2026-09-12
rdd2022_china_drone::phash6_33fc4b1c83e3::china_drone_001262,rdd2022_china_drone,China_Drone_001262,phash6_33fc4b1c83e3,train,yolo_train,true,RoadSentinel_datasets/rdd2022_full/China_Drone/China_Drone/train/images/China_Drone_001262.jpg,RoadSentinel_datasets/rdd2022_full/China_Drone/China_Drone/train/annotations/xmls/China_Drone_001262.xml,Repair,Contains only excluded visible distress,false,exclude_from_pilot,Validated source annotation contains only excluded classes: Repair.,Codex source-annotation and full-image review,2026-09-12
rdd2022_china_drone::phash6_34794d05f746::china_drone_001323,rdd2022_china_drone,China_Drone_001323,phash6_34794d05f746,train,yolo_train,true,RoadSentinel_datasets/rdd2022_full/China_Drone/China_Drone/train/images/China_Drone_001323.jpg,RoadSentinel_datasets/rdd2022_full/China_Drone/China_Drone/train/annotations/xmls/China_Drone_001323.xml,Repair,Contains only excluded visible distress,false,exclude_from_pilot,Validated source annotation contains only excluded classes: Repair.,Codex source-annotation and full-image review,2026-09-12
rdd2022_china_drone::phash6_34e3d95dc316::china_drone_000684,rdd2022_china_drone,China_Drone_000684,phash6_34e3d95dc316,train,yolo_train,true,RoadSentinel_datasets/rdd2022_full/China_Drone/China_Drone/train/images/China_Drone_000684.jpg,RoadSentinel_datasets/rdd2022_full/China_Drone/China_Drone/train/annotations/xmls/China_Drone_000684.xml,Repair,Contains only excluded visible distress,false,exclude_from_pilot,Validated source annotation contains only excluded classes: Repair.,Codex source-annotation and full-image review,2026-09-12
rdd2022_china_drone::phash6_36bf8dbc6cc4::china_drone_000927,rdd2022_china_drone,China_Drone_000927,phash6_36bf8dbc6cc4,train,yolo_train,true,RoadSentinel_datasets/rdd2022_full/China_Drone/China_Drone/train/images/China_Drone_000927.jpg,RoadSentinel_datasets/rdd2022_full/China_Drone/China_Drone/train/annotations/xmls/China_Drone_000927.xml,Repair,Contains only excluded visible distress,false,exclude_from_pilot,Validated source annotation contains only excluded classes: Repair.,Codex source-annotation and full-image review,2026-09-12
rdd2022_china_drone::phash6_36e35a2629cb::china_drone_000880,rdd2022_china_drone,China_Drone_000880,phash6_36e35a2629cb,train,yolo_train,true,RoadSentinel_datasets/rdd2022_full/China_Drone/China_Drone/train/images/China_Drone_000880.jpg,RoadSentinel_datasets/rdd2022_full/China_Drone/China_Drone/train/annotations/xmls/China_Drone_000880.xml,Repair,Contains only excluded visible distress,false,exclude_from_pilot,Validated source annotation contains only excluded classes: Repair.,Codex source-annotation and full-image review,2026-09-12
rdd2022_china_drone::phash6_38003644dddd::china_drone_002045,rdd2022_china_drone,China_Drone_002045,phash6_38003644dddd,train,yolo_train,true,RoadSentinel_datasets/rdd2022_full/China_Drone/China_Drone/train/images/China_Drone_002045.jpg,RoadSentinel_datasets/rdd2022_full/China_Drone/China_Drone/train/annotations/xmls/China_Drone_002045.xml,Repair,Contains only excluded visible distress,false,exclude_from_pilot,Validated source annotation contains only excluded classes: Repair.,Codex source-annotation and full-image review,2026-09-12
rdd2022_china_drone::phash6_3a0c717433a0::china_drone_001221,rdd2022_china_drone,China_Drone_001221,phash6_3a0c717433a0,train,yolo_train,true,RoadSentinel_datasets/rdd2022_full/China_Drone/China_Drone/train/images/China_Drone_001221.jpg,RoadSentinel_datasets/rdd2022_full/China_Drone/China_Drone/train/annotations/xmls/China_Drone_001221.xml,Repair,Contains only excluded visible distress,false,exclude_from_pilot,Validated source annotation contains only excluded classes: Repair.,Codex source-annotation and full-image review,2026-09-12
rdd2022_china_drone::phash6_3a4a51985ce9::china_drone_001992,rdd2022_china_drone,China_Drone_001992,phash6_3a4a51985ce9,train,yolo_train,true,RoadSentinel_datasets/rdd2022_full/China_Drone/China_Drone/train/images/China_Drone_001992.jpg,RoadSentinel_datasets/rdd2022_full/China_Drone/China_Drone/train/annotations/xmls/China_Drone_001992.xml,Repair,Contains only excluded visible distress,false,exclude_from_pilot,Validated source annotation contains only excluded classes: Repair.,Codex source-annotation and full-image review,2026-09-12
rdd2022_china_drone::phash6_3aa0cbca8340::china_drone_001581,rdd2022_china_drone,China_Drone_001581,phash6_3aa0cbca8340,train,dino_reference,false,RoadSentinel_datasets/rdd2022_full/China_Drone/China_Drone/train/images/China_Drone_001581.jpg,RoadSentinel_datasets/rdd2022_full/China_Drone/China_Drone/train/annotations/xmls/China_Drone_001581.xml,Repair,Contains only excluded visible distress,false,exclude_from_pilot,Validated source annotation contains only excluded classes: Repair.,Codex source-annotation and full-image review,2026-09-12
rdd2022_china_drone::phash6_3c11fc1fcb2b::china_drone_000597,rdd2022_china_drone,China_Drone_000597,phash6_3c11fc1fcb2b,train,yolo_train,true,RoadSentinel_datasets/rdd2022_full/China_Drone/China_Drone/train/images/China_Drone_000597.jpg,RoadSentinel_datasets/rdd2022_full/China_Drone/China_Drone/train/annotations/xmls/China_Drone_000597.xml,Repair,Contains only excluded visible distress,false,exclude_from_pilot,Validated source annotation contains only excluded classes: Repair.,Codex source-annotation and full-image review,2026-09-12
rdd2022_china_drone::phash6_3c83b37e3e62::china_drone_000029,rdd2022_china_drone,China_Drone_000029,phash6_3c83b37e3e62,train,yolo_train,true,RoadSentinel_datasets/rdd2022_full/China_Drone/China_Drone/train/images/China_Drone_000029.jpg,RoadSentinel_datasets/rdd2022_full/China_Drone/China_Drone/train/annotations/xmls/China_Drone_000029.xml,Repair,Contains only excluded visible distress,false,exclude_from_pilot,Validated source annotation contains only excluded classes: Repair.,Codex source-annotation and full-image review,2026-09-12
rdd2022_china_drone::phash6_3d43e43b3cb5::china_drone_001372,rdd2022_china_drone,China_Drone_001372,phash6_3d43e43b3cb5,train,yolo_train,true,RoadSentinel_datasets/rdd2022_full/China_Drone/China_Drone/train/images/China_Drone_001372.jpg,RoadSentinel_datasets/rdd2022_full/China_Drone/China_Drone/train/annotations/xmls/China_Drone_001372.xml,Repair,Contains only excluded visible distress,false,exclude_from_pilot,Validated source annotation contains only excluded classes: Repair.,Codex source-annotation and full-image review,2026-09-12
rdd2022_china_drone::phash6_3e6a6b3bbd23::china_drone_000680,rdd2022_china_drone,China_Drone_000680,phash6_3e6a6b3bbd23,train,yolo_train,true,RoadSentinel_datasets/rdd2022_full/China_Drone/China_Drone/train/images/China_Drone_000680.jpg,RoadSentinel_datasets/rdd2022_full/China_Drone/China_Drone/train/annotations/xmls/China_Drone_000680.xml,Repair,Contains only excluded visible distress,false,exclude_from_pilot,Validated source annotation contains only excluded classes: Repair.,Codex source-annotation and full-image review,2026-09-12
rdd2022_china_drone::phash6_41b6760730de::china_drone_001887,rdd2022_china_drone,China_Drone_001887,phash6_41b6760730de,train,yolo_train,true,RoadSentinel_datasets/rdd2022_full/China_Drone/China_Drone/train/images/China_Drone_001887.jpg,RoadSentinel_datasets/rdd2022_full/China_Drone/China_Drone/train/annotations/xmls/China_Drone_001887.xml,Repair,Contains only excluded visible distress,false,exclude_from_pilot,Validated source annotation contains only excluded classes: Repair.,Codex source-annotation and full-image review,2026-09-12
rdd2022_china_drone::phash6_42162cede51f::china_drone_002219,rdd2022_china_drone,China_Drone_002219,phash6_42162cede51f,train,yolo_train,true,RoadSentinel_datasets/rdd2022_full/China_Drone/China_Drone/train/images/China_Drone_002219.jpg,RoadSentinel_datasets/rdd2022_full/China_Drone/China_Drone/train/annotations/xmls/China_Drone_002219.xml,Repair,Contains only excluded visible distress,false,exclude_from_pilot,Validated source annotation contains only excluded classes: Repair.,Codex source-annotation and full-image review,2026-09-12
rdd2022_china_drone::phash6_429f05a583d6::china_drone_000873,rdd2022_china_drone,China_Drone_000873,phash6_429f05a583d6,train,yolo_train,true,RoadSentinel_datasets/rdd2022_full/China_Drone/China_Drone/train/images/China_Drone_000873.jpg,RoadSentinel_datasets/rdd2022_full/China_Drone/China_Drone/train/annotations/xmls/China_Drone_000873.xml,Repair,Contains only excluded visible distress,false,exclude_from_pilot,Validated source annotation contains only excluded classes: Repair.,Codex source-annotation and full-image review,2026-09-12
rdd2022_china_drone::phash6_42c3d3bf3e42::china_drone_001937,rdd2022_china_drone,China_Drone_001937,phash6_42c3d3bf3e42,train,yolo_train,true,RoadSentinel_datasets/rdd2022_full/China_Drone/China_Drone/train/images/China_Drone_001937.jpg,RoadSentinel_datasets/rdd2022_full/China_Drone/China_Drone/train/annotations/xmls/China_Drone_001937.xml,Repair,Contains only excluded visible distress,false,exclude_from_pilot,Validated source annotation contains only excluded classes: Repair.,Codex source-annotation and full-image review,2026-09-12
rdd2022_china_drone::phash6_433a71ab1348::china_drone_001718,rdd2022_china_drone,China_Drone_001718,phash6_433a71ab1348,train,yolo_train,true,RoadSentinel_datasets/rdd2022_full/China_Drone/China_Drone/train/images/China_Drone_001718.jpg,RoadSentinel_datasets/rdd2022_full/China_Drone/China_Drone/train/annotations/xmls/China_Drone_001718.xml,Repair,Contains only excluded visible distress,false,exclude_from_pilot,Validated source annotation contains only excluded classes: Repair.,Codex source-annotation and full-image review,2026-09-12
rdd2022_china_drone::phash6_437149818620::china_drone_001890,rdd2022_china_drone,China_Drone_001890,phash6_437149818620,train,dino_reference,false,RoadSentinel_datasets/rdd2022_full/China_Drone/China_Drone/train/images/China_Drone_001890.jpg,RoadSentinel_datasets/rdd2022_full/China_Drone/China_Drone/train/annotations/xmls/China_Drone_001890.xml,Repair,Contains only excluded visible distress,false,exclude_from_pilot,Validated source annotation contains only excluded classes: Repair.,Codex source-annotation and full-image review,2026-09-12
rdd2022_china_drone::phash6_446a0ed295b6::china_drone_002123,rdd2022_china_drone,China_Drone_002123,phash6_446a0ed295b6,train,yolo_train,true,RoadSentinel_datasets/rdd2022_full/China_Drone/China_Drone/train/images/China_Drone_002123.jpg,RoadSentinel_datasets/rdd2022_full/China_Drone/China_Drone/train/annotations/xmls/China_Drone_002123.xml,Repair,Contains only excluded visible distress,false,exclude_from_pilot,Validated source annotation contains only excluded classes: Repair.,Codex source-annotation and full-image review,2026-09-12
rdd2022_china_drone::phash6_44bf9d2d7772::china_drone_001640,rdd2022_china_drone,China_Drone_001640,phash6_44bf9d2d7772,train,sam2_development,false,RoadSentinel_datasets/rdd2022_full/China_Drone/China_Drone/train/images/China_Drone_001640.jpg,RoadSentinel_datasets/rdd2022_full/China_Drone/China_Drone/train/annotations/xmls/China_Drone_001640.xml,Repair,Contains only excluded visible distress,false,exclude_from_pilot,Validated source annotation contains only excluded classes: Repair.,Codex source-annotation and full-image review,2026-09-12
rdd2022_china_drone::phash6_46034ad51260::china_drone_000163,rdd2022_china_drone,China_Drone_000163,phash6_46034ad51260,train,yolo_train,true,RoadSentinel_datasets/rdd2022_full/China_Drone/China_Drone/train/images/China_Drone_000163.jpg,RoadSentinel_datasets/rdd2022_full/China_Drone/China_Drone/train/annotations/xmls/China_Drone_000163.xml,Repair,Contains only excluded visible distress,false,exclude_from_pilot,Validated source annotation contains only excluded classes: Repair.,Codex source-annotation and full-image review,2026-09-12
rdd2022_china_drone::phash6_488620f3de95::china_drone_001866,rdd2022_china_drone,China_Drone_001866,phash6_488620f3de95,train,yolo_train,true,RoadSentinel_datasets/rdd2022_full/China_Drone/China_Drone/train/images/China_Drone_001866.jpg,RoadSentinel_datasets/rdd2022_full/China_Drone/China_Drone/train/annotations/xmls/China_Drone_001866.xml,Repair,Contains only excluded visible distress,false,exclude_from_pilot,Validated source annotation contains only excluded classes: Repair.,Codex source-annotation and full-image review,2026-09-12
rdd2022_china_drone::phash6_48e0211f556b::china_drone_001696,rdd2022_china_drone,China_Drone_001696,phash6_48e0211f556b,train,yolo_train,true,RoadSentinel_datasets/rdd2022_full/China_Drone/China_Drone/train/images/China_Drone_001696.jpg,RoadSentinel_datasets/rdd2022_full/China_Drone/China_Drone/train/annotations/xmls/China_Drone_001696.xml,Repair,Contains only excluded visible distress,false,exclude_from_pilot,Validated source annotation contains only excluded classes: Repair.,Codex source-annotation and full-image review,2026-09-12
rdd2022_china_drone::phash6_48eb884ccba4::china_drone_001754,rdd2022_china_drone,China_Drone_001754,phash6_48eb884ccba4,train,sam2_development,false,RoadSentinel_datasets/rdd2022_full/China_Drone/China_Drone/train/images/China_Drone_001754.jpg,RoadSentinel_datasets/rdd2022_full/China_Drone/China_Drone/train/annotations/xmls/China_Drone_001754.xml,Repair,Contains only excluded visible distress,false,exclude_from_pilot,Validated source annotation contains only excluded classes: Repair.,Codex source-annotation and full-image review,2026-09-12
rdd2022_china_drone::phash6_48ec91edc115::china_drone_001371,rdd2022_china_drone,China_Drone_001371,phash6_48ec91edc115,train,yolo_train,true,RoadSentinel_datasets/rdd2022_full/China_Drone/China_Drone/train/images/China_Drone_001371.jpg,RoadSentinel_datasets/rdd2022_full/China_Drone/China_Drone/train/annotations/xmls/China_Drone_001371.xml,Repair,Contains only excluded visible distress,false,exclude_from_pilot,Validated source annotation contains only excluded classes: Repair.,Codex source-annotation and full-image review,2026-09-12
rdd2022_china_drone::phash6_4900b5e4307a::china_drone_000322,rdd2022_china_drone,China_Drone_000322,phash6_4900b5e4307a,train,yolo_train,true,RoadSentinel_datasets/rdd2022_full/China_Drone/China_Drone/train/images/China_Drone_000322.jpg,RoadSentinel_datasets/rdd2022_full/China_Drone/China_Drone/train/annotations/xmls/China_Drone_000322.xml,Repair,Contains only excluded visible distress,false,exclude_from_pilot,Validated source annotation contains only excluded classes: Repair.,Codex source-annotation and full-image review,2026-09-12
rdd2022_china_drone::phash6_4a9bd8fadb55::china_drone_001798,rdd2022_china_drone,China_Drone_001798,phash6_4a9bd8fadb55,train,yolo_train,true,RoadSentinel_datasets/rdd2022_full/China_Drone/China_Drone/train/images/China_Drone_001798.jpg,RoadSentinel_datasets/rdd2022_full/China_Drone/China_Drone/train/annotations/xmls/China_Drone_001798.xml,Repair,Contains only excluded visible distress,false,exclude_from_pilot,Validated source annotation contains only excluded classes: Repair.,Codex source-annotation and full-image review,2026-09-12
rdd2022_china_drone::phash6_4b5c515197b2::china_drone_001949,rdd2022_china_drone,China_Drone_001949,phash6_4b5c515197b2,train,yolo_train,true,RoadSentinel_datasets/rdd2022_full/China_Drone/China_Drone/train/images/China_Drone_001949.jpg,RoadSentinel_datasets/rdd2022_full/China_Drone/China_Drone/train/annotations/xmls/China_Drone_001949.xml,Repair,Contains only excluded visible distress,false,exclude_from_pilot,Validated source annotation contains only excluded classes: Repair.,Codex source-annotation and full-image review,2026-09-12
rdd2022_china_drone::phash6_4c106165c605::china_drone_000629,rdd2022_china_drone,China_Drone_000629,phash6_4c106165c605,train,yolo_train,true,RoadSentinel_datasets/rdd2022_full/China_Drone/China_Drone/train/images/China_Drone_000629.jpg,RoadSentinel_datasets/rdd2022_full/China_Drone/China_Drone/train/annotations/xmls/China_Drone_000629.xml,Repair,Contains only excluded visible distress,false,exclude_from_pilot,Validated source annotation contains only excluded classes: Repair.,Codex source-annotation and full-image review,2026-09-12
rdd2022_china_drone::phash6_4d999646e878::china_drone_001389,rdd2022_china_drone,China_Drone_001389,phash6_4d999646e878,train,yolo_train,true,RoadSentinel_datasets/rdd2022_full/China_Drone/China_Drone/train/images/China_Drone_001389.jpg,RoadSentinel_datasets/rdd2022_full/China_Drone/China_Drone/train/annotations/xmls/China_Drone_001389.xml,Repair,Contains only excluded visible distress,false,exclude_from_pilot,Validated source annotation contains only excluded classes: Repair.,Codex source-annotation and full-image review,2026-09-12
rdd2022_china_drone::phash6_503178a4d01c::china_drone_000278,rdd2022_china_drone,China_Drone_000278,phash6_503178a4d01c,train,yolo_train,true,RoadSentinel_datasets/rdd2022_full/China_Drone/China_Drone/train/images/China_Drone_000278.jpg,RoadSentinel_datasets/rdd2022_full/China_Drone/China_Drone/train/annotations/xmls/China_Drone_000278.xml,Repair,Contains only excluded visible distress,false,exclude_from_pilot,Validated source annotation contains only excluded classes: Repair.,Codex source-annotation and full-image review,2026-09-12
rdd2022_china_drone::phash6_503e48930728::china_drone_000593,rdd2022_china_drone,China_Drone_000593,phash6_503e48930728,train,yolo_train,true,RoadSentinel_datasets/rdd2022_full/China_Drone/China_Drone/train/images/China_Drone_000593.jpg,RoadSentinel_datasets/rdd2022_full/China_Drone/China_Drone/train/annotations/xmls/China_Drone_000593.xml,Repair,Contains only excluded visible distress,false,exclude_from_pilot,Validated source annotation contains only excluded classes: Repair.,Codex source-annotation and full-image review,2026-09-12
rdd2022_china_drone::phash6_513f6c8eec52::china_drone_000524,rdd2022_china_drone,China_Drone_000524,phash6_513f6c8eec52,train,yolo_train,true,RoadSentinel_datasets/rdd2022_full/China_Drone/China_Drone/train/images/China_Drone_000524.jpg,RoadSentinel_datasets/rdd2022_full/China_Drone/China_Drone/train/annotations/xmls/China_Drone_000524.xml,Repair,Contains only excluded visible distress,false,exclude_from_pilot,Validated source annotation contains only excluded classes: Repair.,Codex source-annotation and full-image review,2026-09-12
rdd2022_china_drone::phash6_5198c738e3ff::china_drone_000598,rdd2022_china_drone,China_Drone_000598,phash6_5198c738e3ff,train,yolo_train,true,RoadSentinel_datasets/rdd2022_full/China_Drone/China_Drone/train/images/China_Drone_000598.jpg,RoadSentinel_datasets/rdd2022_full/China_Drone/China_Drone/train/annotations/xmls/China_Drone_000598.xml,Repair,Contains only excluded visible distress,false,exclude_from_pilot,Validated source annotation contains only excluded classes: Repair.,Codex source-annotation and full-image review,2026-09-12
rdd2022_china_drone::phash6_51fa13de89c4::china_drone_001728,rdd2022_china_drone,China_Drone_001728,phash6_51fa13de89c4,train,yolo_train,true,RoadSentinel_datasets/rdd2022_full/China_Drone/China_Drone/train/images/China_Drone_001728.jpg,RoadSentinel_datasets/rdd2022_full/China_Drone/China_Drone/train/annotations/xmls/China_Drone_001728.xml,Repair,Contains only excluded visible distress,false,exclude_from_pilot,Validated source annotation contains only excluded classes: Repair.,Codex source-annotation and full-image review,2026-09-12
rdd2022_china_drone::phash6_53db37b882d7::china_drone_000199,rdd2022_china_drone,China_Drone_000199,phash6_53db37b882d7,train,yolo_train,true,RoadSentinel_datasets/rdd2022_full/China_Drone/China_Drone/train/images/China_Drone_000199.jpg,RoadSentinel_datasets/rdd2022_full/China_Drone/China_Drone/train/annotations/xmls/China_Drone_000199.xml,Repair,Contains only excluded visible distress,false,exclude_from_pilot,Validated source annotation contains only excluded classes: Repair.,Codex source-annotation and full-image review,2026-09-12
rdd2022_china_drone::phash6_5506594e274d::china_drone_000658,rdd2022_china_drone,China_Drone_000658,phash6_5506594e274d,train,yolo_train,true,RoadSentinel_datasets/rdd2022_full/China_Drone/China_Drone/train/images/China_Drone_000658.jpg,RoadSentinel_datasets/rdd2022_full/China_Drone/China_Drone/train/annotations/xmls/China_Drone_000658.xml,Repair,Contains only excluded visible distress,false,exclude_from_pilot,Validated source annotation contains only excluded classes: Repair.,Codex source-annotation and full-image review,2026-09-12
rdd2022_china_drone::phash6_5566c08e0a89::china_drone_000579,rdd2022_china_drone,China_Drone_000579,phash6_5566c08e0a89,train,yolo_train,true,RoadSentinel_datasets/rdd2022_full/China_Drone/China_Drone/train/images/China_Drone_000579.jpg,RoadSentinel_datasets/rdd2022_full/China_Drone/China_Drone/train/annotations/xmls/China_Drone_000579.xml,Repair,Contains only excluded visible distress,false,exclude_from_pilot,Validated source annotation contains only excluded classes: Repair.,Codex source-annotation and full-image review,2026-09-12
rdd2022_china_drone::phash6_55ea8aacdaaf::china_drone_002326,rdd2022_china_drone,China_Drone_002326,phash6_55ea8aacdaaf,train,dino_reference,false,RoadSentinel_datasets/rdd2022_full/China_Drone/China_Drone/train/images/China_Drone_002326.jpg,RoadSentinel_datasets/rdd2022_full/China_Drone/China_Drone/train/annotations/xmls/China_Drone_002326.xml,Repair,Contains only excluded visible distress,false,exclude_from_pilot,Validated source annotation contains only excluded classes: Repair.,Codex source-annotation and full-image review,2026-09-12
rdd2022_china_drone::phash6_587521e24fc5::china_drone_001976,rdd2022_china_drone,China_Drone_001976,phash6_587521e24fc5,train,yolo_train,true,RoadSentinel_datasets/rdd2022_full/China_Drone/China_Drone/train/images/China_Drone_001976.jpg,RoadSentinel_datasets/rdd2022_full/China_Drone/China_Drone/train/annotations/xmls/China_Drone_001976.xml,Repair,Contains only excluded visible distress,false,exclude_from_pilot,Validated source annotation contains only excluded classes: Repair.,Codex source-annotation and full-image review,2026-09-12
rdd2022_china_drone::phash6_59928ffd9e6b::china_drone_000902,rdd2022_china_drone,China_Drone_000902,phash6_59928ffd9e6b,train,yolo_train,true,RoadSentinel_datasets/rdd2022_full/China_Drone/China_Drone/train/images/China_Drone_000902.jpg,RoadSentinel_datasets/rdd2022_full/China_Drone/China_Drone/train/annotations/xmls/China_Drone_000902.xml,Repair,Contains only excluded visible distress,false,exclude_from_pilot,Validated source annotation contains only excluded classes: Repair.,Codex source-annotation and full-image review,2026-09-12
rdd2022_china_drone::phash6_59f448c70eb2::china_drone_001879,rdd2022_china_drone,China_Drone_001879,phash6_59f448c70eb2,train,yolo_train,true,RoadSentinel_datasets/rdd2022_full/China_Drone/China_Drone/train/images/China_Drone_001879.jpg,RoadSentinel_datasets/rdd2022_full/China_Drone/China_Drone/train/annotations/xmls/China_Drone_001879.xml,Repair,Contains only excluded visible distress,false,exclude_from_pilot,Validated source annotation contains only excluded classes: Repair.,Codex source-annotation and full-image review,2026-09-12
rdd2022_china_drone::phash6_5ac7af5311bf::china_drone_001828,rdd2022_china_drone,China_Drone_001828,phash6_5ac7af5311bf,train,yolo_train,true,RoadSentinel_datasets/rdd2022_full/China_Drone/China_Drone/train/images/China_Drone_001828.jpg,RoadSentinel_datasets/rdd2022_full/China_Drone/China_Drone/train/annotations/xmls/China_Drone_001828.xml,Repair,Contains only excluded visible distress,false,exclude_from_pilot,Validated source annotation contains only excluded classes: Repair.,Codex source-annotation and full-image review,2026-09-12
rdd2022_china_drone::phash6_5bb16f8b52d3::china_drone_000572,rdd2022_china_drone,China_Drone_000572,phash6_5bb16f8b52d3,train,yolo_train,true,RoadSentinel_datasets/rdd2022_full/China_Drone/China_Drone/train/images/China_Drone_000572.jpg,RoadSentinel_datasets/rdd2022_full/China_Drone/China_Drone/train/annotations/xmls/China_Drone_000572.xml,Repair,Contains only excluded visible distress,false,exclude_from_pilot,Validated source annotation contains only excluded classes: Repair.,Codex source-annotation and full-image review,2026-09-12
rdd2022_china_drone::phash6_5d187ee04366::china_drone_001361,rdd2022_china_drone,China_Drone_001361,phash6_5d187ee04366,train,yolo_train,true,RoadSentinel_datasets/rdd2022_full/China_Drone/China_Drone/train/images/China_Drone_001361.jpg,RoadSentinel_datasets/rdd2022_full/China_Drone/China_Drone/train/annotations/xmls/China_Drone_001361.xml,Repair,Contains only excluded visible distress,false,exclude_from_pilot,Validated source annotation contains only excluded classes: Repair.,Codex source-annotation and full-image review,2026-09-12
rdd2022_china_drone::phash6_5d95208fd003::china_drone_001243,rdd2022_china_drone,China_Drone_001243,phash6_5d95208fd003,train,yolo_train,true,RoadSentinel_datasets/rdd2022_full/China_Drone/China_Drone/train/images/China_Drone_001243.jpg,RoadSentinel_datasets/rdd2022_full/China_Drone/China_Drone/train/annotations/xmls/China_Drone_001243.xml,Repair,Contains only excluded visible distress,false,exclude_from_pilot,Validated source annotation contains only excluded classes: Repair.,Codex source-annotation and full-image review,2026-09-12
rdd2022_china_drone::phash6_5eb1030b7937::china_drone_000403,rdd2022_china_drone,China_Drone_000403,phash6_5eb1030b7937,train,yolo_train,true,RoadSentinel_datasets/rdd2022_full/China_Drone/China_Drone/train/images/China_Drone_000403.jpg,RoadSentinel_datasets/rdd2022_full/China_Drone/China_Drone/train/annotations/xmls/China_Drone_000403.xml,Repair,Contains only excluded visible distress,false,exclude_from_pilot,Validated source annotation contains only excluded classes: Repair.,Codex source-annotation and full-image review,2026-09-12
rdd2022_china_drone::phash6_5f6d271226b8::china_drone_000974,rdd2022_china_drone,China_Drone_000974,phash6_5f6d271226b8,train,yolo_train,true,RoadSentinel_datasets/rdd2022_full/China_Drone/China_Drone/train/images/China_Drone_000974.jpg,RoadSentinel_datasets/rdd2022_full/China_Drone/China_Drone/train/annotations/xmls/China_Drone_000974.xml,Repair,Contains only excluded visible distress,false,exclude_from_pilot,Validated source annotation contains only excluded classes: Repair.,Codex source-annotation and full-image review,2026-09-12
rdd2022_china_drone::phash6_5fa0853128e9::china_drone_000090,rdd2022_china_drone,China_Drone_000090,phash6_5fa0853128e9,train,yolo_train,true,RoadSentinel_datasets/rdd2022_full/China_Drone/China_Drone/train/images/China_Drone_000090.jpg,RoadSentinel_datasets/rdd2022_full/China_Drone/China_Drone/train/annotations/xmls/China_Drone_000090.xml,Repair,Contains only excluded visible distress,false,exclude_from_pilot,Validated source annotation contains only excluded classes: Repair.,Codex source-annotation and full-image review,2026-09-12
rdd2022_china_drone::phash6_612be30a0e6a::china_drone_000056,rdd2022_china_drone,China_Drone_000056,phash6_612be30a0e6a,train,yolo_train,true,RoadSentinel_datasets/rdd2022_full/China_Drone/China_Drone/train/images/China_Drone_000056.jpg,RoadSentinel_datasets/rdd2022_full/China_Drone/China_Drone/train/annotations/xmls/China_Drone_000056.xml,Repair,Contains only excluded visible distress,false,exclude_from_pilot,Validated source annotation contains only excluded classes: Repair.,Codex source-annotation and full-image review,2026-09-12
rdd2022_china_drone::phash6_6174809d0b13::china_drone_001461,rdd2022_china_drone,China_Drone_001461,phash6_6174809d0b13,train,sam2_development,false,RoadSentinel_datasets/rdd2022_full/China_Drone/China_Drone/train/images/China_Drone_001461.jpg,RoadSentinel_datasets/rdd2022_full/China_Drone/China_Drone/train/annotations/xmls/China_Drone_001461.xml,Repair,Contains only excluded visible distress,false,exclude_from_pilot,Validated source annotation contains only excluded classes: Repair.,Codex source-annotation and full-image review,2026-09-12
rdd2022_china_drone::phash6_63964de220fe::china_drone_000154,rdd2022_china_drone,China_Drone_000154,phash6_63964de220fe,train,sam2_development,false,RoadSentinel_datasets/rdd2022_full/China_Drone/China_Drone/train/images/China_Drone_000154.jpg,RoadSentinel_datasets/rdd2022_full/China_Drone/China_Drone/train/annotations/xmls/China_Drone_000154.xml,Repair,Contains only excluded visible distress,false,exclude_from_pilot,Validated source annotation contains only excluded classes: Repair.,Codex source-annotation and full-image review,2026-09-12
rdd2022_china_drone::phash6_63daf5949721::china_drone_001042,rdd2022_china_drone,China_Drone_001042,phash6_63daf5949721,train,yolo_train,true,RoadSentinel_datasets/rdd2022_full/China_Drone/China_Drone/train/images/China_Drone_001042.jpg,RoadSentinel_datasets/rdd2022_full/China_Drone/China_Drone/train/annotations/xmls/China_Drone_001042.xml,Repair,Contains only excluded visible distress,false,exclude_from_pilot,Validated source annotation contains only excluded classes: Repair.,Codex source-annotation and full-image review,2026-09-12
rdd2022_china_drone::phash6_644cc2e03c65::china_drone_001771,rdd2022_china_drone,China_Drone_001771,phash6_644cc2e03c65,train,yolo_train,true,RoadSentinel_datasets/rdd2022_full/China_Drone/China_Drone/train/images/China_Drone_001771.jpg,RoadSentinel_datasets/rdd2022_full/China_Drone/China_Drone/train/annotations/xmls/China_Drone_001771.xml,Repair,Contains only excluded visible distress,false,exclude_from_pilot,Validated source annotation contains only excluded classes: Repair.,Codex source-annotation and full-image review,2026-09-12
rdd2022_china_drone::phash6_64b782c3c296::china_drone_001304,rdd2022_china_drone,China_Drone_001304,phash6_64b782c3c296,train,yolo_train,true,RoadSentinel_datasets/rdd2022_full/China_Drone/China_Drone/train/images/China_Drone_001304.jpg,RoadSentinel_datasets/rdd2022_full/China_Drone/China_Drone/train/annotations/xmls/China_Drone_001304.xml,Repair,Contains only excluded visible distress,false,exclude_from_pilot,Validated source annotation contains only excluded classes: Repair.,Codex source-annotation and full-image review,2026-09-12
rdd2022_china_drone::phash6_6652c4b0dfe8::china_drone_001146,rdd2022_china_drone,China_Drone_001146,phash6_6652c4b0dfe8,train,yolo_train,true,RoadSentinel_datasets/rdd2022_full/China_Drone/China_Drone/train/images/China_Drone_001146.jpg,RoadSentinel_datasets/rdd2022_full/China_Drone/China_Drone/train/annotations/xmls/China_Drone_001146.xml,Repair,Contains only excluded visible distress,false,exclude_from_pilot,Validated source annotation contains only excluded classes: Repair.,Codex source-annotation and full-image review,2026-09-12
rdd2022_china_drone::phash6_684a12bbff1f::china_drone_000766,rdd2022_china_drone,China_Drone_000766,phash6_684a12bbff1f,train,yolo_train,true,RoadSentinel_datasets/rdd2022_full/China_Drone/China_Drone/train/images/China_Drone_000766.jpg,RoadSentinel_datasets/rdd2022_full/China_Drone/China_Drone/train/annotations/xmls/China_Drone_000766.xml,Repair,Contains only excluded visible distress,false,exclude_from_pilot,Validated source annotation contains only excluded classes: Repair.,Codex source-annotation and full-image review,2026-09-12
rdd2022_china_drone::phash6_688e0e3d708a::china_drone_001359,rdd2022_china_drone,China_Drone_001359,phash6_688e0e3d708a,train,dino_reference,false,RoadSentinel_datasets/rdd2022_full/China_Drone/China_Drone/train/images/China_Drone_001359.jpg,RoadSentinel_datasets/rdd2022_full/China_Drone/China_Drone/train/annotations/xmls/China_Drone_001359.xml,Repair,Contains only excluded visible distress,false,exclude_from_pilot,Validated source annotation contains only excluded classes: Repair.,Codex source-annotation and full-image review,2026-09-12
rdd2022_china_drone::phash6_6afe58816836::china_drone_000087,rdd2022_china_drone,China_Drone_000087,phash6_6afe58816836,train,yolo_train,true,RoadSentinel_datasets/rdd2022_full/China_Drone/China_Drone/train/images/China_Drone_000087.jpg,RoadSentinel_datasets/rdd2022_full/China_Drone/China_Drone/train/annotations/xmls/China_Drone_000087.xml,Repair,Contains only excluded visible distress,false,exclude_from_pilot,Validated source annotation contains only excluded classes: Repair.,Codex source-annotation and full-image review,2026-09-12
rdd2022_china_drone::phash6_6b075806b15e::china_drone_001241,rdd2022_china_drone,China_Drone_001241,phash6_6b075806b15e,train,yolo_train,true,RoadSentinel_datasets/rdd2022_full/China_Drone/China_Drone/train/images/China_Drone_001241.jpg,RoadSentinel_datasets/rdd2022_full/China_Drone/China_Drone/train/annotations/xmls/China_Drone_001241.xml,Repair,Contains only excluded visible distress,false,exclude_from_pilot,Validated source annotation contains only excluded classes: Repair.,Codex source-annotation and full-image review,2026-09-12
rdd2022_china_drone::phash6_6b0e44f701b9::china_drone_001426,rdd2022_china_drone,China_Drone_001426,phash6_6b0e44f701b9,train,sam2_development,false,RoadSentinel_datasets/rdd2022_full/China_Drone/China_Drone/train/images/China_Drone_001426.jpg,RoadSentinel_datasets/rdd2022_full/China_Drone/China_Drone/train/annotations/xmls/China_Drone_001426.xml,Repair,Contains only excluded visible distress,false,exclude_from_pilot,Validated source annotation contains only excluded classes: Repair.,Codex source-annotation and full-image review,2026-09-12
rdd2022_china_drone::phash6_6b178c18bbf5::china_drone_000220,rdd2022_china_drone,China_Drone_000220,phash6_6b178c18bbf5,train,yolo_train,true,RoadSentinel_datasets/rdd2022_full/China_Drone/China_Drone/train/images/China_Drone_000220.jpg,RoadSentinel_datasets/rdd2022_full/China_Drone/China_Drone/train/annotations/xmls/China_Drone_000220.xml,Repair,Contains only excluded visible distress,false,exclude_from_pilot,Validated source annotation contains only excluded classes: Repair.,Codex source-annotation and full-image review,2026-09-12
rdd2022_china_drone::phash6_6b65c1f67fb9::china_drone_000797,rdd2022_china_drone,China_Drone_000797,phash6_6b65c1f67fb9,train,dino_reference,false,RoadSentinel_datasets/rdd2022_full/China_Drone/China_Drone/train/images/China_Drone_000797.jpg,RoadSentinel_datasets/rdd2022_full/China_Drone/China_Drone/train/annotations/xmls/China_Drone_000797.xml,Repair,Contains only excluded visible distress,false,exclude_from_pilot,Validated source annotation contains only excluded classes: Repair.,Codex source-annotation and full-image review,2026-09-12
rdd2022_china_drone::phash6_6c4fd7dd15a8::china_drone_000397,rdd2022_china_drone,China_Drone_000397,phash6_6c4fd7dd15a8,train,dino_reference,false,RoadSentinel_datasets/rdd2022_full/China_Drone/China_Drone/train/images/China_Drone_000397.jpg,RoadSentinel_datasets/rdd2022_full/China_Drone/China_Drone/train/annotations/xmls/China_Drone_000397.xml,Repair,Contains only excluded visible distress,false,exclude_from_pilot,Validated source annotation contains only excluded classes: Repair.,Codex source-annotation and full-image review,2026-09-12
rdd2022_china_drone::phash6_6d1aaee72f89::china_drone_001680,rdd2022_china_drone,China_Drone_001680,phash6_6d1aaee72f89,train,yolo_train,true,RoadSentinel_datasets/rdd2022_full/China_Drone/China_Drone/train/images/China_Drone_001680.jpg,RoadSentinel_datasets/rdd2022_full/China_Drone/China_Drone/train/annotations/xmls/China_Drone_001680.xml,Block crack|Repair,Contains only excluded visible distress,false,exclude_from_pilot,Validated source annotation contains only excluded classes: Block crack|Repair.,Codex source-annotation and full-image review,2026-09-12
rdd2022_china_drone::phash6_6dea35e000aa::china_drone_002097,rdd2022_china_drone,China_Drone_002097,phash6_6dea35e000aa,train,yolo_train,true,RoadSentinel_datasets/rdd2022_full/China_Drone/China_Drone/train/images/China_Drone_002097.jpg,RoadSentinel_datasets/rdd2022_full/China_Drone/China_Drone/train/annotations/xmls/China_Drone_002097.xml,Repair,Contains only excluded visible distress,false,exclude_from_pilot,Validated source annotation contains only excluded classes: Repair.,Codex source-annotation and full-image review,2026-09-12
rdd2022_china_drone::phash6_6e6b08bd2cae::china_drone_001752,rdd2022_china_drone,China_Drone_001752,phash6_6e6b08bd2cae,train,yolo_train,true,RoadSentinel_datasets/rdd2022_full/China_Drone/China_Drone/train/images/China_Drone_001752.jpg,RoadSentinel_datasets/rdd2022_full/China_Drone/China_Drone/train/annotations/xmls/China_Drone_001752.xml,Repair,Contains only excluded visible distress,false,exclude_from_pilot,Validated source annotation contains only excluded classes: Repair.,Codex source-annotation and full-image review,2026-09-12
rdd2022_china_drone::phash6_6f40cf59f4f3::china_drone_002172,rdd2022_china_drone,China_Drone_002172,phash6_6f40cf59f4f3,train,yolo_train,true,RoadSentinel_datasets/rdd2022_full/China_Drone/China_Drone/train/images/China_Drone_002172.jpg,RoadSentinel_datasets/rdd2022_full/China_Drone/China_Drone/train/annotations/xmls/China_Drone_002172.xml,Repair,Contains only excluded visible distress,false,exclude_from_pilot,Validated source annotation contains only excluded classes: Repair.,Codex source-annotation and full-image review,2026-09-12
rdd2022_china_drone::phash6_7004758e0a73::china_drone_000427,rdd2022_china_drone,China_Drone_000427,phash6_7004758e0a73,train,yolo_train,true,RoadSentinel_datasets/rdd2022_full/China_Drone/China_Drone/train/images/China_Drone_000427.jpg,RoadSentinel_datasets/rdd2022_full/China_Drone/China_Drone/train/annotations/xmls/China_Drone_000427.xml,Repair,Contains only excluded visible distress,false,exclude_from_pilot,Validated source annotation contains only excluded classes: Repair.,Codex source-annotation and full-image review,2026-09-12
rdd2022_china_drone::phash6_70bfc289a481::china_drone_001013,rdd2022_china_drone,China_Drone_001013,phash6_70bfc289a481,train,yolo_train,true,RoadSentinel_datasets/rdd2022_full/China_Drone/China_Drone/train/images/China_Drone_001013.jpg,RoadSentinel_datasets/rdd2022_full/China_Drone/China_Drone/train/annotations/xmls/China_Drone_001013.xml,Repair,Contains only excluded visible distress,false,exclude_from_pilot,Validated source annotation contains only excluded classes: Repair.,Codex source-annotation and full-image review,2026-09-12
rdd2022_china_drone::phash6_72583060e985::china_drone_001901,rdd2022_china_drone,China_Drone_001901,phash6_72583060e985,train,yolo_train,true,RoadSentinel_datasets/rdd2022_full/China_Drone/China_Drone/train/images/China_Drone_001901.jpg,RoadSentinel_datasets/rdd2022_full/China_Drone/China_Drone/train/annotations/xmls/China_Drone_001901.xml,Repair,Contains only excluded visible distress,false,exclude_from_pilot,Validated source annotation contains only excluded classes: Repair.,Codex source-annotation and full-image review,2026-09-12
rdd2022_china_drone::phash6_74f195ac84c3::china_drone_001567,rdd2022_china_drone,China_Drone_001567,phash6_74f195ac84c3,train,yolo_train,true,RoadSentinel_datasets/rdd2022_full/China_Drone/China_Drone/train/images/China_Drone_001567.jpg,RoadSentinel_datasets/rdd2022_full/China_Drone/China_Drone/train/annotations/xmls/China_Drone_001567.xml,Repair,Contains only excluded visible distress,false,exclude_from_pilot,Validated source annotation contains only excluded classes: Repair.,Codex source-annotation and full-image review,2026-09-12
rdd2022_china_drone::phash6_75511719b7f3::china_drone_000967,rdd2022_china_drone,China_Drone_000967,phash6_75511719b7f3,train,yolo_train,true,RoadSentinel_datasets/rdd2022_full/China_Drone/China_Drone/train/images/China_Drone_000967.jpg,RoadSentinel_datasets/rdd2022_full/China_Drone/China_Drone/train/annotations/xmls/China_Drone_000967.xml,Repair,Contains only excluded visible distress,false,exclude_from_pilot,Validated source annotation contains only excluded classes: Repair.,Codex source-annotation and full-image review,2026-09-12
rdd2022_china_drone::phash6_77650a3f6b71::china_drone_000603,rdd2022_china_drone,China_Drone_000603,phash6_77650a3f6b71,train,sam2_development,false,RoadSentinel_datasets/rdd2022_full/China_Drone/China_Drone/train/images/China_Drone_000603.jpg,RoadSentinel_datasets/rdd2022_full/China_Drone/China_Drone/train/annotations/xmls/China_Drone_000603.xml,Repair,Contains only excluded visible distress,false,exclude_from_pilot,Validated source annotation contains only excluded classes: Repair.,Codex source-annotation and full-image review,2026-09-12
rdd2022_china_drone::phash6_77bd91750c94::china_drone_000250,rdd2022_china_drone,China_Drone_000250,phash6_77bd91750c94,train,yolo_train,true,RoadSentinel_datasets/rdd2022_full/China_Drone/China_Drone/train/images/China_Drone_000250.jpg,RoadSentinel_datasets/rdd2022_full/China_Drone/China_Drone/train/annotations/xmls/China_Drone_000250.xml,Repair,Contains only excluded visible distress,false,exclude_from_pilot,Validated source annotation contains only excluded classes: Repair.,Codex source-annotation and full-image review,2026-09-12
rdd2022_china_drone::phash6_780ac6cd4608::china_drone_002019,rdd2022_china_drone,China_Drone_002019,phash6_780ac6cd4608,train,yolo_train,true,RoadSentinel_datasets/rdd2022_full/China_Drone/China_Drone/train/images/China_Drone_002019.jpg,RoadSentinel_datasets/rdd2022_full/China_Drone/China_Drone/train/annotations/xmls/China_Drone_002019.xml,Repair,Contains only excluded visible distress,false,exclude_from_pilot,Validated source annotation contains only excluded classes: Repair.,Codex source-annotation and full-image review,2026-09-12
rdd2022_china_drone::phash6_783d44918c04::china_drone_000564,rdd2022_china_drone,China_Drone_000564,phash6_783d44918c04,train,yolo_train,true,RoadSentinel_datasets/rdd2022_full/China_Drone/China_Drone/train/images/China_Drone_000564.jpg,RoadSentinel_datasets/rdd2022_full/China_Drone/China_Drone/train/annotations/xmls/China_Drone_000564.xml,Repair,Contains only excluded visible distress,false,exclude_from_pilot,Validated source annotation contains only excluded classes: Repair.,Codex source-annotation and full-image review,2026-09-12
rdd2022_china_drone::phash6_78565c3624b0::china_drone_002393,rdd2022_china_drone,China_Drone_002393,phash6_78565c3624b0,train,yolo_train,true,RoadSentinel_datasets/rdd2022_full/China_Drone/China_Drone/train/images/China_Drone_002393.jpg,RoadSentinel_datasets/rdd2022_full/China_Drone/China_Drone/train/annotations/xmls/China_Drone_002393.xml,Repair,Contains only excluded visible distress,false,exclude_from_pilot,Validated source annotation contains only excluded classes: Repair.,Codex source-annotation and full-image review,2026-09-12
rdd2022_china_drone::phash6_7987ef53fb78::china_drone_001180,rdd2022_china_drone,China_Drone_001180,phash6_7987ef53fb78,train,yolo_train,true,RoadSentinel_datasets/rdd2022_full/China_Drone/China_Drone/train/images/China_Drone_001180.jpg,RoadSentinel_datasets/rdd2022_full/China_Drone/China_Drone/train/annotations/xmls/China_Drone_001180.xml,Repair,Contains only excluded visible distress,false,exclude_from_pilot,Validated source annotation contains only excluded classes: Repair.,Codex source-annotation and full-image review,2026-09-12
rdd2022_china_drone::phash6_7a3a8a44dd28::china_drone_000786,rdd2022_china_drone,China_Drone_000786,phash6_7a3a8a44dd28,train,yolo_train,true,RoadSentinel_datasets/rdd2022_full/China_Drone/China_Drone/train/images/China_Drone_000786.jpg,RoadSentinel_datasets/rdd2022_full/China_Drone/China_Drone/train/annotations/xmls/China_Drone_000786.xml,Repair,Contains only excluded visible distress,false,exclude_from_pilot,Validated source annotation contains only excluded classes: Repair.,Codex source-annotation and full-image review,2026-09-12
rdd2022_china_drone::phash6_7b2112286c64::china_drone_000494,rdd2022_china_drone,China_Drone_000494,phash6_7b2112286c64,train,yolo_train,true,RoadSentinel_datasets/rdd2022_full/China_Drone/China_Drone/train/images/China_Drone_000494.jpg,RoadSentinel_datasets/rdd2022_full/China_Drone/China_Drone/train/annotations/xmls/China_Drone_000494.xml,Repair,Contains only excluded visible distress,false,exclude_from_pilot,Validated source annotation contains only excluded classes: Repair.,Codex source-annotation and full-image review,2026-09-12
rdd2022_china_drone::phash6_7b61a611a451::china_drone_002166,rdd2022_china_drone,China_Drone_002166,phash6_7b61a611a451,train,sam2_development,false,RoadSentinel_datasets/rdd2022_full/China_Drone/China_Drone/train/images/China_Drone_002166.jpg,RoadSentinel_datasets/rdd2022_full/China_Drone/China_Drone/train/annotations/xmls/China_Drone_002166.xml,Repair,Contains only excluded visible distress,false,exclude_from_pilot,Validated source annotation contains only excluded classes: Repair.,Codex source-annotation and full-image review,2026-09-12
rdd2022_china_drone::phash6_7c8fc1673e7f::china_drone_000065,rdd2022_china_drone,China_Drone_000065,phash6_7c8fc1673e7f,train,yolo_train,true,RoadSentinel_datasets/rdd2022_full/China_Drone/China_Drone/train/images/China_Drone_000065.jpg,RoadSentinel_datasets/rdd2022_full/China_Drone/China_Drone/train/annotations/xmls/China_Drone_000065.xml,Repair,Contains only excluded visible distress,false,exclude_from_pilot,Validated source annotation contains only excluded classes: Repair.,Codex source-annotation and full-image review,2026-09-12
rdd2022_china_drone::phash6_7da9b30156a5::china_drone_001286,rdd2022_china_drone,China_Drone_001286,phash6_7da9b30156a5,train,yolo_train,true,RoadSentinel_datasets/rdd2022_full/China_Drone/China_Drone/train/images/China_Drone_001286.jpg,RoadSentinel_datasets/rdd2022_full/China_Drone/China_Drone/train/annotations/xmls/China_Drone_001286.xml,Repair,Contains only excluded visible distress,false,exclude_from_pilot,Validated source annotation contains only excluded classes: Repair.,Codex source-annotation and full-image review,2026-09-12
rdd2022_china_drone::phash6_7e290721e27e::china_drone_002379,rdd2022_china_drone,China_Drone_002379,phash6_7e290721e27e,train,yolo_train,true,RoadSentinel_datasets/rdd2022_full/China_Drone/China_Drone/train/images/China_Drone_002379.jpg,RoadSentinel_datasets/rdd2022_full/China_Drone/China_Drone/train/annotations/xmls/China_Drone_002379.xml,Repair,Contains only excluded visible distress,false,exclude_from_pilot,Validated source annotation contains only excluded classes: Repair.,Codex source-annotation and full-image review,2026-09-12
rdd2022_china_drone::phash6_7e94fc432bfc::china_drone_001786,rdd2022_china_drone,China_Drone_001786,phash6_7e94fc432bfc,train,dino_reference,false,RoadSentinel_datasets/rdd2022_full/China_Drone/China_Drone/train/images/China_Drone_001786.jpg,RoadSentinel_datasets/rdd2022_full/China_Drone/China_Drone/train/annotations/xmls/China_Drone_001786.xml,Repair,Contains only excluded visible distress,false,exclude_from_pilot,Validated source annotation contains only excluded classes: Repair.,Codex source-annotation and full-image review,2026-09-12
rdd2022_china_drone::phash6_7f80d20b9848::china_drone_001513,rdd2022_china_drone,China_Drone_001513,phash6_7f80d20b9848,train,yolo_train,true,RoadSentinel_datasets/rdd2022_full/China_Drone/China_Drone/train/images/China_Drone_001513.jpg,RoadSentinel_datasets/rdd2022_full/China_Drone/China_Drone/train/annotations/xmls/China_Drone_001513.xml,Repair,Contains only excluded visible distress,false,exclude_from_pilot,Validated source annotation contains only excluded classes: Repair.,Codex source-annotation and full-image review,2026-09-12
rdd2022_china_drone::phash6_7fa1a77357e1::china_drone_001577,rdd2022_china_drone,China_Drone_001577,phash6_7fa1a77357e1,train,yolo_train,true,RoadSentinel_datasets/rdd2022_full/China_Drone/China_Drone/train/images/China_Drone_001577.jpg,RoadSentinel_datasets/rdd2022_full/China_Drone/China_Drone/train/annotations/xmls/China_Drone_001577.xml,Repair,Contains only excluded visible distress,false,exclude_from_pilot,Validated source annotation contains only excluded classes: Repair.,Codex source-annotation and full-image review,2026-09-12
rdd2022_china_drone::phash6_7fe237692951::china_drone_000929,rdd2022_china_drone,China_Drone_000929,phash6_7fe237692951,train,yolo_train,true,RoadSentinel_datasets/rdd2022_full/China_Drone/China_Drone/train/images/China_Drone_000929.jpg,RoadSentinel_datasets/rdd2022_full/China_Drone/China_Drone/train/annotations/xmls/China_Drone_000929.xml,Repair,Contains only excluded visible distress,false,exclude_from_pilot,Validated source annotation contains only excluded classes: Repair.,Codex source-annotation and full-image review,2026-09-12
rdd2022_china_drone::phash6_7fecf50ff6d6::china_drone_000253,rdd2022_china_drone,China_Drone_000253,phash6_7fecf50ff6d6,train,yolo_train,true,RoadSentinel_datasets/rdd2022_full/China_Drone/China_Drone/train/images/China_Drone_000253.jpg,RoadSentinel_datasets/rdd2022_full/China_Drone/China_Drone/train/annotations/xmls/China_Drone_000253.xml,Repair,Contains only excluded visible distress,false,exclude_from_pilot,Validated source annotation contains only excluded classes: Repair.,Codex source-annotation and full-image review,2026-09-12
rdd2022_china_drone::phash6_81ad0591d5be::china_drone_000678,rdd2022_china_drone,China_Drone_000678,phash6_81ad0591d5be,train,yolo_train,true,RoadSentinel_datasets/rdd2022_full/China_Drone/China_Drone/train/images/China_Drone_000678.jpg,RoadSentinel_datasets/rdd2022_full/China_Drone/China_Drone/train/annotations/xmls/China_Drone_000678.xml,Repair,Contains only excluded visible distress,false,exclude_from_pilot,Validated source annotation contains only excluded classes: Repair.,Codex source-annotation and full-image review,2026-09-12
rdd2022_china_drone::phash6_81e4e6b5ec3f::china_drone_002325,rdd2022_china_drone,China_Drone_002325,phash6_81e4e6b5ec3f,train,yolo_train,true,RoadSentinel_datasets/rdd2022_full/China_Drone/China_Drone/train/images/China_Drone_002325.jpg,RoadSentinel_datasets/rdd2022_full/China_Drone/China_Drone/train/annotations/xmls/China_Drone_002325.xml,Repair,Contains only excluded visible distress,false,exclude_from_pilot,Validated source annotation contains only excluded classes: Repair.,Codex source-annotation and full-image review,2026-09-12
rdd2022_china_drone::phash6_82ba7f0133d1::china_drone_001877,rdd2022_china_drone,China_Drone_001877,phash6_82ba7f0133d1,train,dino_reference,false,RoadSentinel_datasets/rdd2022_full/China_Drone/China_Drone/train/images/China_Drone_001877.jpg,RoadSentinel_datasets/rdd2022_full/China_Drone/China_Drone/train/annotations/xmls/China_Drone_001877.xml,Repair,Contains only excluded visible distress,false,exclude_from_pilot,Validated source annotation contains only excluded classes: Repair.,Codex source-annotation and full-image review,2026-09-12
rdd2022_china_drone::phash6_82cbd8a45c1a::china_drone_001733,rdd2022_china_drone,China_Drone_001733,phash6_82cbd8a45c1a,train,dino_reference,false,RoadSentinel_datasets/rdd2022_full/China_Drone/China_Drone/train/images/China_Drone_001733.jpg,RoadSentinel_datasets/rdd2022_full/China_Drone/China_Drone/train/annotations/xmls/China_Drone_001733.xml,Repair,Contains only excluded visible distress,false,exclude_from_pilot,Validated source annotation contains only excluded classes: Repair.,Codex source-annotation and full-image review,2026-09-12
rdd2022_china_drone::phash6_836c354917af::china_drone_001958,rdd2022_china_drone,China_Drone_001958,phash6_836c354917af,train,yolo_train,true,RoadSentinel_datasets/rdd2022_full/China_Drone/China_Drone/train/images/China_Drone_001958.jpg,RoadSentinel_datasets/rdd2022_full/China_Drone/China_Drone/train/annotations/xmls/China_Drone_001958.xml,Repair,Contains only excluded visible distress,false,exclude_from_pilot,Validated source annotation contains only excluded classes: Repair.,Codex source-annotation and full-image review,2026-09-12
rdd2022_china_drone::phash6_845a06f9ad34::china_drone_002324,rdd2022_china_drone,China_Drone_002324,phash6_845a06f9ad34,train,dino_reference,false,RoadSentinel_datasets/rdd2022_full/China_Drone/China_Drone/train/images/China_Drone_002324.jpg,RoadSentinel_datasets/rdd2022_full/China_Drone/China_Drone/train/annotations/xmls/China_Drone_002324.xml,Repair,Contains only excluded visible distress,false,exclude_from_pilot,Validated source annotation contains only excluded classes: Repair.,Codex source-annotation and full-image review,2026-09-12
rdd2022_china_drone::phash6_84cd4e35e101::china_drone_000133,rdd2022_china_drone,China_Drone_000133,phash6_84cd4e35e101,train,yolo_train,true,RoadSentinel_datasets/rdd2022_full/China_Drone/China_Drone/train/images/China_Drone_000133.jpg,RoadSentinel_datasets/rdd2022_full/China_Drone/China_Drone/train/annotations/xmls/China_Drone_000133.xml,Repair,Contains only excluded visible distress,false,exclude_from_pilot,Validated source annotation contains only excluded classes: Repair.,Codex source-annotation and full-image review,2026-09-12
rdd2022_china_drone::phash6_851e91822a2b::china_drone_001649,rdd2022_china_drone,China_Drone_001649,phash6_851e91822a2b,train,yolo_train,true,RoadSentinel_datasets/rdd2022_full/China_Drone/China_Drone/train/images/China_Drone_001649.jpg,RoadSentinel_datasets/rdd2022_full/China_Drone/China_Drone/train/annotations/xmls/China_Drone_001649.xml,Repair,Contains only excluded visible distress,false,exclude_from_pilot,Validated source annotation contains only excluded classes: Repair.,Codex source-annotation and full-image review,2026-09-12
rdd2022_china_drone::phash6_8678b937cc47::china_drone_000639,rdd2022_china_drone,China_Drone_000639,phash6_8678b937cc47,train,yolo_train,true,RoadSentinel_datasets/rdd2022_full/China_Drone/China_Drone/train/images/China_Drone_000639.jpg,RoadSentinel_datasets/rdd2022_full/China_Drone/China_Drone/train/annotations/xmls/China_Drone_000639.xml,Repair,Contains only excluded visible distress,false,exclude_from_pilot,Validated source annotation contains only excluded classes: Repair.,Codex source-annotation and full-image review,2026-09-12
rdd2022_china_drone::phash6_869f0e19d417::china_drone_000243,rdd2022_china_drone,China_Drone_000243,phash6_869f0e19d417,train,yolo_train,true,RoadSentinel_datasets/rdd2022_full/China_Drone/China_Drone/train/images/China_Drone_000243.jpg,RoadSentinel_datasets/rdd2022_full/China_Drone/China_Drone/train/annotations/xmls/China_Drone_000243.xml,Repair,Contains only excluded visible distress,false,exclude_from_pilot,Validated source annotation contains only excluded classes: Repair.,Codex source-annotation and full-image review,2026-09-12
rdd2022_china_drone::phash6_876d21545907::china_drone_000913,rdd2022_china_drone,China_Drone_000913,phash6_876d21545907,train,dino_reference,false,RoadSentinel_datasets/rdd2022_full/China_Drone/China_Drone/train/images/China_Drone_000913.jpg,RoadSentinel_datasets/rdd2022_full/China_Drone/China_Drone/train/annotations/xmls/China_Drone_000913.xml,Repair,Contains only excluded visible distress,false,exclude_from_pilot,Validated source annotation contains only excluded classes: Repair.,Codex source-annotation and full-image review,2026-09-12
rdd2022_china_drone::phash6_889811328faf::china_drone_001289,rdd2022_china_drone,China_Drone_001289,phash6_889811328faf,train,yolo_train,true,RoadSentinel_datasets/rdd2022_full/China_Drone/China_Drone/train/images/China_Drone_001289.jpg,RoadSentinel_datasets/rdd2022_full/China_Drone/China_Drone/train/annotations/xmls/China_Drone_001289.xml,Repair,Contains only excluded visible distress,false,exclude_from_pilot,Validated source annotation contains only excluded classes: Repair.,Codex source-annotation and full-image review,2026-09-12
rdd2022_china_drone::phash6_8a6b7f66cdb6::china_drone_002135,rdd2022_china_drone,China_Drone_002135,phash6_8a6b7f66cdb6,train,yolo_train,true,RoadSentinel_datasets/rdd2022_full/China_Drone/China_Drone/train/images/China_Drone_002135.jpg,RoadSentinel_datasets/rdd2022_full/China_Drone/China_Drone/train/annotations/xmls/China_Drone_002135.xml,Repair,Contains only excluded visible distress,false,exclude_from_pilot,Validated source annotation contains only excluded classes: Repair.,Codex source-annotation and full-image review,2026-09-12
rdd2022_china_drone::phash6_8a890c00a7fa::china_drone_001785,rdd2022_china_drone,China_Drone_001785,phash6_8a890c00a7fa,train,yolo_train,true,RoadSentinel_datasets/rdd2022_full/China_Drone/China_Drone/train/images/China_Drone_001785.jpg,RoadSentinel_datasets/rdd2022_full/China_Drone/China_Drone/train/annotations/xmls/China_Drone_001785.xml,Repair,Contains only excluded visible distress,false,exclude_from_pilot,Validated source annotation contains only excluded classes: Repair.,Codex source-annotation and full-image review,2026-09-12
rdd2022_china_drone::phash6_8a8f4392a127::china_drone_000142,rdd2022_china_drone,China_Drone_000142,phash6_8a8f4392a127,train,yolo_train,true,RoadSentinel_datasets/rdd2022_full/China_Drone/China_Drone/train/images/China_Drone_000142.jpg,RoadSentinel_datasets/rdd2022_full/China_Drone/China_Drone/train/annotations/xmls/China_Drone_000142.xml,Repair,Contains only excluded visible distress,false,exclude_from_pilot,Validated source annotation contains only excluded classes: Repair.,Codex source-annotation and full-image review,2026-09-12
rdd2022_china_drone::phash6_8cdbb9fca9fb::china_drone_000270,rdd2022_china_drone,China_Drone_000270,phash6_8cdbb9fca9fb,train,yolo_train,true,RoadSentinel_datasets/rdd2022_full/China_Drone/China_Drone/train/images/China_Drone_000270.jpg,RoadSentinel_datasets/rdd2022_full/China_Drone/China_Drone/train/annotations/xmls/China_Drone_000270.xml,Repair,Contains only excluded visible distress,false,exclude_from_pilot,Validated source annotation contains only excluded classes: Repair.,Codex source-annotation and full-image review,2026-09-12
rdd2022_china_drone::phash6_8d392c177ec6::china_drone_001689,rdd2022_china_drone,China_Drone_001689,phash6_8d392c177ec6,train,yolo_train,true,RoadSentinel_datasets/rdd2022_full/China_Drone/China_Drone/train/images/China_Drone_001689.jpg,RoadSentinel_datasets/rdd2022_full/China_Drone/China_Drone/train/annotations/xmls/China_Drone_001689.xml,Repair,Contains only excluded visible distress,false,exclude_from_pilot,Validated source annotation contains only excluded classes: Repair.,Codex source-annotation and full-image review,2026-09-12
rdd2022_china_drone::phash6_8e3bf50fdf1d::china_drone_001749,rdd2022_china_drone,China_Drone_001749,phash6_8e3bf50fdf1d,train,yolo_train,true,RoadSentinel_datasets/rdd2022_full/China_Drone/China_Drone/train/images/China_Drone_001749.jpg,RoadSentinel_datasets/rdd2022_full/China_Drone/China_Drone/train/annotations/xmls/China_Drone_001749.xml,Repair,Contains only excluded visible distress,false,exclude_from_pilot,Validated source annotation contains only excluded classes: Repair.,Codex source-annotation and full-image review,2026-09-12
rdd2022_china_drone::phash6_8ffa1c55e871::china_drone_001207,rdd2022_china_drone,China_Drone_001207,phash6_8ffa1c55e871,train,sam2_development,false,RoadSentinel_datasets/rdd2022_full/China_Drone/China_Drone/train/images/China_Drone_001207.jpg,RoadSentinel_datasets/rdd2022_full/China_Drone/China_Drone/train/annotations/xmls/China_Drone_001207.xml,Repair,Contains only excluded visible distress,false,exclude_from_pilot,Validated source annotation contains only excluded classes: Repair.,Codex source-annotation and full-image review,2026-09-12
rdd2022_china_drone::phash6_9049d3346b70::china_drone_002256,rdd2022_china_drone,China_Drone_002256,phash6_9049d3346b70,train,yolo_train,true,RoadSentinel_datasets/rdd2022_full/China_Drone/China_Drone/train/images/China_Drone_002256.jpg,RoadSentinel_datasets/rdd2022_full/China_Drone/China_Drone/train/annotations/xmls/China_Drone_002256.xml,Repair,Contains only excluded visible distress,false,exclude_from_pilot,Validated source annotation contains only excluded classes: Repair.,Codex source-annotation and full-image review,2026-09-12
rdd2022_china_drone::phash6_9053d6a18b78::china_drone_001134,rdd2022_china_drone,China_Drone_001134,phash6_9053d6a18b78,train,dino_reference,false,RoadSentinel_datasets/rdd2022_full/China_Drone/China_Drone/train/images/China_Drone_001134.jpg,RoadSentinel_datasets/rdd2022_full/China_Drone/China_Drone/train/annotations/xmls/China_Drone_001134.xml,,Genuine healthy/background image,true,include_verified_negative,No visible pavement distress in full-image review.,Codex source-annotation and full-image review,2026-09-12
rdd2022_china_drone::phash6_9146730b2bb2::china_drone_000765,rdd2022_china_drone,China_Drone_000765,phash6_9146730b2bb2,train,yolo_train,true,RoadSentinel_datasets/rdd2022_full/China_Drone/China_Drone/train/images/China_Drone_000765.jpg,RoadSentinel_datasets/rdd2022_full/China_Drone/China_Drone/train/annotations/xmls/China_Drone_000765.xml,Repair,Contains only excluded visible distress,false,exclude_from_pilot,Validated source annotation contains only excluded classes: Repair.,Codex source-annotation and full-image review,2026-09-12
rdd2022_china_drone::phash6_947244c2e099::china_drone_000384,rdd2022_china_drone,China_Drone_000384,phash6_947244c2e099,train,yolo_train,true,RoadSentinel_datasets/rdd2022_full/China_Drone/China_Drone/train/images/China_Drone_000384.jpg,RoadSentinel_datasets/rdd2022_full/China_Drone/China_Drone/train/annotations/xmls/China_Drone_000384.xml,Repair,Contains only excluded visible distress,false,exclude_from_pilot,Validated source annotation contains only excluded classes: Repair.,Codex source-annotation and full-image review,2026-09-12
rdd2022_china_drone::phash6_97b74c14e6b0::china_drone_000557,rdd2022_china_drone,China_Drone_000557,phash6_97b74c14e6b0,train,yolo_train,true,RoadSentinel_datasets/rdd2022_full/China_Drone/China_Drone/train/images/China_Drone_000557.jpg,RoadSentinel_datasets/rdd2022_full/China_Drone/China_Drone/train/annotations/xmls/China_Drone_000557.xml,Repair,Contains only excluded visible distress,false,exclude_from_pilot,Validated source annotation contains only excluded classes: Repair.,Codex source-annotation and full-image review,2026-09-12
rdd2022_china_drone::phash6_97ea413afc3f::china_drone_001147,rdd2022_china_drone,China_Drone_001147,phash6_97ea413afc3f,train,dino_reference,false,RoadSentinel_datasets/rdd2022_full/China_Drone/China_Drone/train/images/China_Drone_001147.jpg,RoadSentinel_datasets/rdd2022_full/China_Drone/China_Drone/train/annotations/xmls/China_Drone_001147.xml,Repair,Contains only excluded visible distress,false,exclude_from_pilot,Validated source annotation contains only excluded classes: Repair.,Codex source-annotation and full-image review,2026-09-12
rdd2022_china_drone::phash6_983335371b14::china_drone_000868,rdd2022_china_drone,China_Drone_000868,phash6_983335371b14,train,yolo_train,true,RoadSentinel_datasets/rdd2022_full/China_Drone/China_Drone/train/images/China_Drone_000868.jpg,RoadSentinel_datasets/rdd2022_full/China_Drone/China_Drone/train/annotations/xmls/China_Drone_000868.xml,Repair,Contains only excluded visible distress,false,exclude_from_pilot,Validated source annotation contains only excluded classes: Repair.,Codex source-annotation and full-image review,2026-09-12
rdd2022_china_drone::phash6_98c7bd155712::china_drone_001869,rdd2022_china_drone,China_Drone_001869,phash6_98c7bd155712,train,yolo_train,true,RoadSentinel_datasets/rdd2022_full/China_Drone/China_Drone/train/images/China_Drone_001869.jpg,RoadSentinel_datasets/rdd2022_full/China_Drone/China_Drone/train/annotations/xmls/China_Drone_001869.xml,Repair,Contains only excluded visible distress,false,exclude_from_pilot,Validated source annotation contains only excluded classes: Repair.,Codex source-annotation and full-image review,2026-09-12
rdd2022_china_drone::phash6_998c10e2871d::china_drone_000041,rdd2022_china_drone,China_Drone_000041,phash6_998c10e2871d,train,dino_reference,false,RoadSentinel_datasets/rdd2022_full/China_Drone/China_Drone/train/images/China_Drone_000041.jpg,RoadSentinel_datasets/rdd2022_full/China_Drone/China_Drone/train/annotations/xmls/China_Drone_000041.xml,Repair,Contains only excluded visible distress,false,exclude_from_pilot,Validated source annotation contains only excluded classes: Repair.,Codex source-annotation and full-image review,2026-09-12
rdd2022_china_drone::phash6_9dfacd9edb6f::china_drone_002129,rdd2022_china_drone,China_Drone_002129,phash6_9dfacd9edb6f,train,yolo_train,true,RoadSentinel_datasets/rdd2022_full/China_Drone/China_Drone/train/images/China_Drone_002129.jpg,RoadSentinel_datasets/rdd2022_full/China_Drone/China_Drone/train/annotations/xmls/China_Drone_002129.xml,Repair,Contains only excluded visible distress,false,exclude_from_pilot,Validated source annotation contains only excluded classes: Repair.,Codex source-annotation and full-image review,2026-09-12
rdd2022_china_drone::phash6_9e11391b52af::china_drone_001547,rdd2022_china_drone,China_Drone_001547,phash6_9e11391b52af,train,yolo_train,true,RoadSentinel_datasets/rdd2022_full/China_Drone/China_Drone/train/images/China_Drone_001547.jpg,RoadSentinel_datasets/rdd2022_full/China_Drone/China_Drone/train/annotations/xmls/China_Drone_001547.xml,Repair,Contains only excluded visible distress,false,exclude_from_pilot,Validated source annotation contains only excluded classes: Repair.,Codex source-annotation and full-image review,2026-09-12
rdd2022_china_drone::phash6_a01acf65f9f6::china_drone_000899,rdd2022_china_drone,China_Drone_000899,phash6_a01acf65f9f6,train,yolo_train,true,RoadSentinel_datasets/rdd2022_full/China_Drone/China_Drone/train/images/China_Drone_000899.jpg,RoadSentinel_datasets/rdd2022_full/China_Drone/China_Drone/train/annotations/xmls/China_Drone_000899.xml,Repair,Contains only excluded visible distress,false,exclude_from_pilot,Validated source annotation contains only excluded classes: Repair.,Codex source-annotation and full-image review,2026-09-12
rdd2022_china_drone::phash6_a07438744107::china_drone_001988,rdd2022_china_drone,China_Drone_001988,phash6_a07438744107,train,yolo_train,true,RoadSentinel_datasets/rdd2022_full/China_Drone/China_Drone/train/images/China_Drone_001988.jpg,RoadSentinel_datasets/rdd2022_full/China_Drone/China_Drone/train/annotations/xmls/China_Drone_001988.xml,Repair,Contains only excluded visible distress,false,exclude_from_pilot,Validated source annotation contains only excluded classes: Repair.,Codex source-annotation and full-image review,2026-09-12
rdd2022_china_drone::phash6_a08e24b9065d::china_drone_001438,rdd2022_china_drone,China_Drone_001438,phash6_a08e24b9065d,train,yolo_train,true,RoadSentinel_datasets/rdd2022_full/China_Drone/China_Drone/train/images/China_Drone_001438.jpg,RoadSentinel_datasets/rdd2022_full/China_Drone/China_Drone/train/annotations/xmls/China_Drone_001438.xml,Repair,Contains only excluded visible distress,false,exclude_from_pilot,Validated source annotation contains only excluded classes: Repair.,Codex source-annotation and full-image review,2026-09-12
rdd2022_china_drone::phash6_a14b347571b0::china_drone_001794,rdd2022_china_drone,China_Drone_001794,phash6_a14b347571b0,train,yolo_train,true,RoadSentinel_datasets/rdd2022_full/China_Drone/China_Drone/train/images/China_Drone_001794.jpg,RoadSentinel_datasets/rdd2022_full/China_Drone/China_Drone/train/annotations/xmls/China_Drone_001794.xml,Repair,Contains only excluded visible distress,false,exclude_from_pilot,Validated source annotation contains only excluded classes: Repair.,Codex source-annotation and full-image review,2026-09-12
rdd2022_china_drone::phash6_a39f067b63a9::china_drone_001423,rdd2022_china_drone,China_Drone_001423,phash6_a39f067b63a9,train,yolo_train,true,RoadSentinel_datasets/rdd2022_full/China_Drone/China_Drone/train/images/China_Drone_001423.jpg,RoadSentinel_datasets/rdd2022_full/China_Drone/China_Drone/train/annotations/xmls/China_Drone_001423.xml,Repair,Contains only excluded visible distress,false,exclude_from_pilot,Validated source annotation contains only excluded classes: Repair.,Codex source-annotation and full-image review,2026-09-12
rdd2022_china_drone::phash6_a5fe457fa580::china_drone_000101,rdd2022_china_drone,China_Drone_000101,phash6_a5fe457fa580,train,yolo_train,true,RoadSentinel_datasets/rdd2022_full/China_Drone/China_Drone/train/images/China_Drone_000101.jpg,RoadSentinel_datasets/rdd2022_full/China_Drone/China_Drone/train/annotations/xmls/China_Drone_000101.xml,Repair,Contains only excluded visible distress,false,exclude_from_pilot,Validated source annotation contains only excluded classes: Repair.,Codex source-annotation and full-image review,2026-09-12
rdd2022_china_drone::phash6_a64cf20dd81a::china_drone_001391,rdd2022_china_drone,China_Drone_001391,phash6_a64cf20dd81a,train,dino_reference,false,RoadSentinel_datasets/rdd2022_full/China_Drone/China_Drone/train/images/China_Drone_001391.jpg,RoadSentinel_datasets/rdd2022_full/China_Drone/China_Drone/train/annotations/xmls/China_Drone_001391.xml,,Genuine healthy/background image,true,include_verified_negative,Background/road context with no visible distress in full-image review.,Codex source-annotation and full-image review,2026-09-12
rdd2022_china_drone::phash6_a6698ce9f2b4::china_drone_000536,rdd2022_china_drone,China_Drone_000536,phash6_a6698ce9f2b4,train,dino_reference,false,RoadSentinel_datasets/rdd2022_full/China_Drone/China_Drone/train/images/China_Drone_000536.jpg,RoadSentinel_datasets/rdd2022_full/China_Drone/China_Drone/train/annotations/xmls/China_Drone_000536.xml,Repair,Contains only excluded visible distress,false,exclude_from_pilot,Validated source annotation contains only excluded classes: Repair.,Codex source-annotation and full-image review,2026-09-12
rdd2022_china_drone::phash6_a68a891c60b9::china_drone_000414,rdd2022_china_drone,China_Drone_000414,phash6_a68a891c60b9,train,yolo_train,true,RoadSentinel_datasets/rdd2022_full/China_Drone/China_Drone/train/images/China_Drone_000414.jpg,RoadSentinel_datasets/rdd2022_full/China_Drone/China_Drone/train/annotations/xmls/China_Drone_000414.xml,Repair,Contains only excluded visible distress,false,exclude_from_pilot,Validated source annotation contains only excluded classes: Repair.,Codex source-annotation and full-image review,2026-09-12
rdd2022_china_drone::phash6_a6fa42aef536::china_drone_000221,rdd2022_china_drone,China_Drone_000221,phash6_a6fa42aef536,train,yolo_train,true,RoadSentinel_datasets/rdd2022_full/China_Drone/China_Drone/train/images/China_Drone_000221.jpg,RoadSentinel_datasets/rdd2022_full/China_Drone/China_Drone/train/annotations/xmls/China_Drone_000221.xml,Repair,Contains only excluded visible distress,false,exclude_from_pilot,Validated source annotation contains only excluded classes: Repair.,Codex source-annotation and full-image review,2026-09-12
rdd2022_china_drone::phash6_a787b6abcc5e::china_drone_002168,rdd2022_china_drone,China_Drone_002168,phash6_a787b6abcc5e,train,yolo_train,true,RoadSentinel_datasets/rdd2022_full/China_Drone/China_Drone/train/images/China_Drone_002168.jpg,RoadSentinel_datasets/rdd2022_full/China_Drone/China_Drone/train/annotations/xmls/China_Drone_002168.xml,Repair,Contains only excluded visible distress,false,exclude_from_pilot,Validated source annotation contains only excluded classes: Repair.,Codex source-annotation and full-image review,2026-09-12
rdd2022_china_drone::phash6_a7ba2f9f1270::china_drone_001178,rdd2022_china_drone,China_Drone_001178,phash6_a7ba2f9f1270,train,yolo_train,true,RoadSentinel_datasets/rdd2022_full/China_Drone/China_Drone/train/images/China_Drone_001178.jpg,RoadSentinel_datasets/rdd2022_full/China_Drone/China_Drone/train/annotations/xmls/China_Drone_001178.xml,Repair,Contains only excluded visible distress,false,exclude_from_pilot,Validated source annotation contains only excluded classes: Repair.,Codex source-annotation and full-image review,2026-09-12
rdd2022_china_drone::phash6_a883c28f6d20::china_drone_001409,rdd2022_china_drone,China_Drone_001409,phash6_a883c28f6d20,train,yolo_train,true,RoadSentinel_datasets/rdd2022_full/China_Drone/China_Drone/train/images/China_Drone_001409.jpg,RoadSentinel_datasets/rdd2022_full/China_Drone/China_Drone/train/annotations/xmls/China_Drone_001409.xml,Repair,Contains only excluded visible distress,false,exclude_from_pilot,Validated source annotation contains only excluded classes: Repair.,Codex source-annotation and full-image review,2026-09-12
rdd2022_china_drone::phash6_a9441aff0e68::china_drone_002186,rdd2022_china_drone,China_Drone_002186,phash6_a9441aff0e68,train,yolo_train,true,RoadSentinel_datasets/rdd2022_full/China_Drone/China_Drone/train/images/China_Drone_002186.jpg,RoadSentinel_datasets/rdd2022_full/China_Drone/China_Drone/train/annotations/xmls/China_Drone_002186.xml,Repair,Contains only excluded visible distress,false,exclude_from_pilot,Validated source annotation contains only excluded classes: Repair.,Codex source-annotation and full-image review,2026-09-12
rdd2022_china_drone::phash6_a9f2ef8dd47f::china_drone_000241,rdd2022_china_drone,China_Drone_000241,phash6_a9f2ef8dd47f,train,yolo_train,true,RoadSentinel_datasets/rdd2022_full/China_Drone/China_Drone/train/images/China_Drone_000241.jpg,RoadSentinel_datasets/rdd2022_full/China_Drone/China_Drone/train/annotations/xmls/China_Drone_000241.xml,Repair,Contains only excluded visible distress,false,exclude_from_pilot,Validated source annotation contains only excluded classes: Repair.,Codex source-annotation and full-image review,2026-09-12
rdd2022_china_drone::phash6_aad7e8b91d34::china_drone_000776,rdd2022_china_drone,China_Drone_000776,phash6_aad7e8b91d34,train,yolo_train,true,RoadSentinel_datasets/rdd2022_full/China_Drone/China_Drone/train/images/China_Drone_000776.jpg,RoadSentinel_datasets/rdd2022_full/China_Drone/China_Drone/train/annotations/xmls/China_Drone_000776.xml,Repair,Contains only excluded visible distress,false,exclude_from_pilot,Validated source annotation contains only excluded classes: Repair.,Codex source-annotation and full-image review,2026-09-12
rdd2022_china_drone::phash6_ac0f72728aa9::china_drone_000485,rdd2022_china_drone,China_Drone_000485,phash6_ac0f72728aa9,train,yolo_train,true,RoadSentinel_datasets/rdd2022_full/China_Drone/China_Drone/train/images/China_Drone_000485.jpg,RoadSentinel_datasets/rdd2022_full/China_Drone/China_Drone/train/annotations/xmls/China_Drone_000485.xml,Repair,Contains only excluded visible distress,false,exclude_from_pilot,Validated source annotation contains only excluded classes: Repair.,Codex source-annotation and full-image review,2026-09-12
rdd2022_china_drone::phash6_ac44ffc56af3::china_drone_002330,rdd2022_china_drone,China_Drone_002330,phash6_ac44ffc56af3,train,yolo_train,true,RoadSentinel_datasets/rdd2022_full/China_Drone/China_Drone/train/images/China_Drone_002330.jpg,RoadSentinel_datasets/rdd2022_full/China_Drone/China_Drone/train/annotations/xmls/China_Drone_002330.xml,Repair,Contains only excluded visible distress,false,exclude_from_pilot,Validated source annotation contains only excluded classes: Repair.,Codex source-annotation and full-image review,2026-09-12
rdd2022_china_drone::phash6_ac4d09c01df3::china_drone_002181,rdd2022_china_drone,China_Drone_002181,phash6_ac4d09c01df3,train,yolo_train,true,RoadSentinel_datasets/rdd2022_full/China_Drone/China_Drone/train/images/China_Drone_002181.jpg,RoadSentinel_datasets/rdd2022_full/China_Drone/China_Drone/train/annotations/xmls/China_Drone_002181.xml,Repair,Contains only excluded visible distress,false,exclude_from_pilot,Validated source annotation contains only excluded classes: Repair.,Codex source-annotation and full-image review,2026-09-12
rdd2022_china_drone::phash6_ac93bacfadb0::china_drone_001326,rdd2022_china_drone,China_Drone_001326,phash6_ac93bacfadb0,train,yolo_train,true,RoadSentinel_datasets/rdd2022_full/China_Drone/China_Drone/train/images/China_Drone_001326.jpg,RoadSentinel_datasets/rdd2022_full/China_Drone/China_Drone/train/annotations/xmls/China_Drone_001326.xml,Repair,Contains only excluded visible distress,false,exclude_from_pilot,Validated source annotation contains only excluded classes: Repair.,Codex source-annotation and full-image review,2026-09-12
rdd2022_china_drone::phash6_addefdef4113::china_drone_000468,rdd2022_china_drone,China_Drone_000468,phash6_addefdef4113,train,yolo_train,true,RoadSentinel_datasets/rdd2022_full/China_Drone/China_Drone/train/images/China_Drone_000468.jpg,RoadSentinel_datasets/rdd2022_full/China_Drone/China_Drone/train/annotations/xmls/China_Drone_000468.xml,Repair,Contains only excluded visible distress,false,exclude_from_pilot,Validated source annotation contains only excluded classes: Repair.,Codex source-annotation and full-image review,2026-09-12
rdd2022_china_drone::phash6_adfebcdc3604::china_drone_001328,rdd2022_china_drone,China_Drone_001328,phash6_adfebcdc3604,train,yolo_train,true,RoadSentinel_datasets/rdd2022_full/China_Drone/China_Drone/train/images/China_Drone_001328.jpg,RoadSentinel_datasets/rdd2022_full/China_Drone/China_Drone/train/annotations/xmls/China_Drone_001328.xml,Repair,Contains only excluded visible distress,false,exclude_from_pilot,Validated source annotation contains only excluded classes: Repair.,Codex source-annotation and full-image review,2026-09-12
rdd2022_china_drone::phash6_aef875dd5495::china_drone_001740,rdd2022_china_drone,China_Drone_001740,phash6_aef875dd5495,train,dino_reference,false,RoadSentinel_datasets/rdd2022_full/China_Drone/China_Drone/train/images/China_Drone_001740.jpg,RoadSentinel_datasets/rdd2022_full/China_Drone/China_Drone/train/annotations/xmls/China_Drone_001740.xml,Repair,Contains only excluded visible distress,false,exclude_from_pilot,Validated source annotation contains only excluded classes: Repair.,Codex source-annotation and full-image review,2026-09-12
rdd2022_china_drone::phash6_af8236f2f7ce::china_drone_001422,rdd2022_china_drone,China_Drone_001422,phash6_af8236f2f7ce,train,sam2_development,false,RoadSentinel_datasets/rdd2022_full/China_Drone/China_Drone/train/images/China_Drone_001422.jpg,RoadSentinel_datasets/rdd2022_full/China_Drone/China_Drone/train/annotations/xmls/China_Drone_001422.xml,Repair,Contains only excluded visible distress,false,exclude_from_pilot,Validated source annotation contains only excluded classes: Repair.,Codex source-annotation and full-image review,2026-09-12
rdd2022_china_drone::phash6_b092c7201346::china_drone_002302,rdd2022_china_drone,China_Drone_002302,phash6_b092c7201346,train,yolo_train,true,RoadSentinel_datasets/rdd2022_full/China_Drone/China_Drone/train/images/China_Drone_002302.jpg,RoadSentinel_datasets/rdd2022_full/China_Drone/China_Drone/train/annotations/xmls/China_Drone_002302.xml,Repair,Contains only excluded visible distress,false,exclude_from_pilot,Validated source annotation contains only excluded classes: Repair.,Codex source-annotation and full-image review,2026-09-12
rdd2022_china_drone::phash6_b09f95ecf538::china_drone_001139,rdd2022_china_drone,China_Drone_001139,phash6_b09f95ecf538,train,yolo_train,true,RoadSentinel_datasets/rdd2022_full/China_Drone/China_Drone/train/images/China_Drone_001139.jpg,RoadSentinel_datasets/rdd2022_full/China_Drone/China_Drone/train/annotations/xmls/China_Drone_001139.xml,Repair,Contains only excluded visible distress,false,exclude_from_pilot,Validated source annotation contains only excluded classes: Repair.,Codex source-annotation and full-image review,2026-09-12
rdd2022_china_drone::phash6_b112e66ab141::china_drone_002087,rdd2022_china_drone,China_Drone_002087,phash6_b112e66ab141,train,yolo_train,true,RoadSentinel_datasets/rdd2022_full/China_Drone/China_Drone/train/images/China_Drone_002087.jpg,RoadSentinel_datasets/rdd2022_full/China_Drone/China_Drone/train/annotations/xmls/China_Drone_002087.xml,Repair,Contains only excluded visible distress,false,exclude_from_pilot,Validated source annotation contains only excluded classes: Repair.,Codex source-annotation and full-image review,2026-09-12
rdd2022_china_drone::phash6_b19cc9dd92b0::china_drone_002014,rdd2022_china_drone,China_Drone_002014,phash6_b19cc9dd92b0,train,yolo_train,true,RoadSentinel_datasets/rdd2022_full/China_Drone/China_Drone/train/images/China_Drone_002014.jpg,RoadSentinel_datasets/rdd2022_full/China_Drone/China_Drone/train/annotations/xmls/China_Drone_002014.xml,Repair,Contains only excluded visible distress,false,exclude_from_pilot,Validated source annotation contains only excluded classes: Repair.,Codex source-annotation and full-image review,2026-09-12
rdd2022_china_drone::phash6_b1a5db1fc2ce::china_drone_001276,rdd2022_china_drone,China_Drone_001276,phash6_b1a5db1fc2ce,train,yolo_train,true,RoadSentinel_datasets/rdd2022_full/China_Drone/China_Drone/train/images/China_Drone_001276.jpg,RoadSentinel_datasets/rdd2022_full/China_Drone/China_Drone/train/annotations/xmls/China_Drone_001276.xml,Repair,Contains only excluded visible distress,false,exclude_from_pilot,Validated source annotation contains only excluded classes: Repair.,Codex source-annotation and full-image review,2026-09-12
rdd2022_china_drone::phash6_b1e3861d5212::china_drone_000042,rdd2022_china_drone,China_Drone_000042,phash6_b1e3861d5212,train,yolo_train,true,RoadSentinel_datasets/rdd2022_full/China_Drone/China_Drone/train/images/China_Drone_000042.jpg,RoadSentinel_datasets/rdd2022_full/China_Drone/China_Drone/train/annotations/xmls/China_Drone_000042.xml,Repair,Contains only excluded visible distress,false,exclude_from_pilot,Validated source annotation contains only excluded classes: Repair.,Codex source-annotation and full-image review,2026-09-12
rdd2022_china_drone::phash6_b20132fe5345::china_drone_001929,rdd2022_china_drone,China_Drone_001929,phash6_b20132fe5345,train,yolo_train,true,RoadSentinel_datasets/rdd2022_full/China_Drone/China_Drone/train/images/China_Drone_001929.jpg,RoadSentinel_datasets/rdd2022_full/China_Drone/China_Drone/train/annotations/xmls/China_Drone_001929.xml,Repair,Contains only excluded visible distress,false,exclude_from_pilot,Validated source annotation contains only excluded classes: Repair.,Codex source-annotation and full-image review,2026-09-12
rdd2022_china_drone::phash6_b2834530529f::china_drone_000067,rdd2022_china_drone,China_Drone_000067,phash6_b2834530529f,train,yolo_train,true,RoadSentinel_datasets/rdd2022_full/China_Drone/China_Drone/train/images/China_Drone_000067.jpg,RoadSentinel_datasets/rdd2022_full/China_Drone/China_Drone/train/annotations/xmls/China_Drone_000067.xml,Repair,Contains only excluded visible distress,false,exclude_from_pilot,Validated source annotation contains only excluded classes: Repair.,Codex source-annotation and full-image review,2026-09-12
rdd2022_china_drone::phash6_b32fbe44b35b::china_drone_000146,rdd2022_china_drone,China_Drone_000146,phash6_b32fbe44b35b,train,yolo_train,true,RoadSentinel_datasets/rdd2022_full/China_Drone/China_Drone/train/images/China_Drone_000146.jpg,RoadSentinel_datasets/rdd2022_full/China_Drone/China_Drone/train/annotations/xmls/China_Drone_000146.xml,Repair,Contains only excluded visible distress,false,exclude_from_pilot,Validated source annotation contains only excluded classes: Repair.,Codex source-annotation and full-image review,2026-09-12
rdd2022_china_drone::phash6_b4b401ed74bf::china_drone_001864,rdd2022_china_drone,China_Drone_001864,phash6_b4b401ed74bf,train,yolo_train,true,RoadSentinel_datasets/rdd2022_full/China_Drone/China_Drone/train/images/China_Drone_001864.jpg,RoadSentinel_datasets/rdd2022_full/China_Drone/China_Drone/train/annotations/xmls/China_Drone_001864.xml,Repair,Contains only excluded visible distress,false,exclude_from_pilot,Validated source annotation contains only excluded classes: Repair.,Codex source-annotation and full-image review,2026-09-12
rdd2022_china_drone::phash6_b4c7d93a356c::china_drone_001288,rdd2022_china_drone,China_Drone_001288,phash6_b4c7d93a356c,train,yolo_train,true,RoadSentinel_datasets/rdd2022_full/China_Drone/China_Drone/train/images/China_Drone_001288.jpg,RoadSentinel_datasets/rdd2022_full/China_Drone/China_Drone/train/annotations/xmls/China_Drone_001288.xml,Repair,Contains only excluded visible distress,false,exclude_from_pilot,Validated source annotation contains only excluded classes: Repair.,Codex source-annotation and full-image review,2026-09-12
rdd2022_china_drone::phash6_b590feac1cc4::china_drone_000285,rdd2022_china_drone,China_Drone_000285,phash6_b590feac1cc4,train,yolo_train,true,RoadSentinel_datasets/rdd2022_full/China_Drone/China_Drone/train/images/China_Drone_000285.jpg,RoadSentinel_datasets/rdd2022_full/China_Drone/China_Drone/train/annotations/xmls/China_Drone_000285.xml,Repair,Contains only excluded visible distress,false,exclude_from_pilot,Validated source annotation contains only excluded classes: Repair.,Codex source-annotation and full-image review,2026-09-12
rdd2022_china_drone::phash6_b61aa29376f4::china_drone_000256,rdd2022_china_drone,China_Drone_000256,phash6_b61aa29376f4,train,dino_reference,false,RoadSentinel_datasets/rdd2022_full/China_Drone/China_Drone/train/images/China_Drone_000256.jpg,RoadSentinel_datasets/rdd2022_full/China_Drone/China_Drone/train/annotations/xmls/China_Drone_000256.xml,,Contains ambiguous distress,false,exclude_from_pilot,Dark resurfacing/seam boundary is visible; conservatively excluded.,Codex source-annotation and full-image review,2026-09-12
rdd2022_china_drone::phash6_b6d1c91020c7::china_drone_000727,rdd2022_china_drone,China_Drone_000727,phash6_b6d1c91020c7,train,yolo_train,true,RoadSentinel_datasets/rdd2022_full/China_Drone/China_Drone/train/images/China_Drone_000727.jpg,RoadSentinel_datasets/rdd2022_full/China_Drone/China_Drone/train/annotations/xmls/China_Drone_000727.xml,Repair,Contains only excluded visible distress,false,exclude_from_pilot,Validated source annotation contains only excluded classes: Repair.,Codex source-annotation and full-image review,2026-09-12
rdd2022_china_drone::phash6_b7e5a5c1151f::china_drone_000898,rdd2022_china_drone,China_Drone_000898,phash6_b7e5a5c1151f,train,yolo_train,true,RoadSentinel_datasets/rdd2022_full/China_Drone/China_Drone/train/images/China_Drone_000898.jpg,RoadSentinel_datasets/rdd2022_full/China_Drone/China_Drone/train/annotations/xmls/China_Drone_000898.xml,Repair,Contains only excluded visible distress,false,exclude_from_pilot,Validated source annotation contains only excluded classes: Repair.,Codex source-annotation and full-image review,2026-09-12
rdd2022_china_drone::phash6_b804559759f8::china_drone_001815,rdd2022_china_drone,China_Drone_001815,phash6_b804559759f8,train,yolo_train,true,RoadSentinel_datasets/rdd2022_full/China_Drone/China_Drone/train/images/China_Drone_001815.jpg,RoadSentinel_datasets/rdd2022_full/China_Drone/China_Drone/train/annotations/xmls/China_Drone_001815.xml,Repair,Contains only excluded visible distress,false,exclude_from_pilot,Validated source annotation contains only excluded classes: Repair.,Codex source-annotation and full-image review,2026-09-12
rdd2022_china_drone::phash6_b82f301d7df6::china_drone_001756,rdd2022_china_drone,China_Drone_001756,phash6_b82f301d7df6,train,yolo_train,true,RoadSentinel_datasets/rdd2022_full/China_Drone/China_Drone/train/images/China_Drone_001756.jpg,RoadSentinel_datasets/rdd2022_full/China_Drone/China_Drone/train/annotations/xmls/China_Drone_001756.xml,Repair,Contains only excluded visible distress,false,exclude_from_pilot,Validated source annotation contains only excluded classes: Repair.,Codex source-annotation and full-image review,2026-09-12
rdd2022_china_drone::phash6_b8c5dfafdfe3::china_drone_000305,rdd2022_china_drone,China_Drone_000305,phash6_b8c5dfafdfe3,train,yolo_train,true,RoadSentinel_datasets/rdd2022_full/China_Drone/China_Drone/train/images/China_Drone_000305.jpg,RoadSentinel_datasets/rdd2022_full/China_Drone/China_Drone/train/annotations/xmls/China_Drone_000305.xml,Repair,Contains only excluded visible distress,false,exclude_from_pilot,Validated source annotation contains only excluded classes: Repair.,Codex source-annotation and full-image review,2026-09-12
rdd2022_china_drone::phash6_b8cc1d55b7ab::china_drone_000332,rdd2022_china_drone,China_Drone_000332,phash6_b8cc1d55b7ab,train,yolo_train,true,RoadSentinel_datasets/rdd2022_full/China_Drone/China_Drone/train/images/China_Drone_000332.jpg,RoadSentinel_datasets/rdd2022_full/China_Drone/China_Drone/train/annotations/xmls/China_Drone_000332.xml,Repair,Contains only excluded visible distress,false,exclude_from_pilot,Validated source annotation contains only excluded classes: Repair.,Codex source-annotation and full-image review,2026-09-12
rdd2022_china_drone::phash6_b9c41c519ff1::china_drone_000273,rdd2022_china_drone,China_Drone_000273,phash6_b9c41c519ff1,train,yolo_train,true,RoadSentinel_datasets/rdd2022_full/China_Drone/China_Drone/train/images/China_Drone_000273.jpg,RoadSentinel_datasets/rdd2022_full/China_Drone/China_Drone/train/annotations/xmls/China_Drone_000273.xml,Repair,Contains only excluded visible distress,false,exclude_from_pilot,Validated source annotation contains only excluded classes: Repair.,Codex source-annotation and full-image review,2026-09-12
rdd2022_china_drone::phash6_bb7c33ae28d6::china_drone_001481,rdd2022_china_drone,China_Drone_001481,phash6_bb7c33ae28d6,train,yolo_train,true,RoadSentinel_datasets/rdd2022_full/China_Drone/China_Drone/train/images/China_Drone_001481.jpg,RoadSentinel_datasets/rdd2022_full/China_Drone/China_Drone/train/annotations/xmls/China_Drone_001481.xml,Repair,Contains only excluded visible distress,false,exclude_from_pilot,Validated source annotation contains only excluded classes: Repair.,Codex source-annotation and full-image review,2026-09-12
rdd2022_china_drone::phash6_bd2f10c88472::china_drone_001909,rdd2022_china_drone,China_Drone_001909,phash6_bd2f10c88472,train,yolo_train,true,RoadSentinel_datasets/rdd2022_full/China_Drone/China_Drone/train/images/China_Drone_001909.jpg,RoadSentinel_datasets/rdd2022_full/China_Drone/China_Drone/train/annotations/xmls/China_Drone_001909.xml,Repair,Contains only excluded visible distress,false,exclude_from_pilot,Validated source annotation contains only excluded classes: Repair.,Codex source-annotation and full-image review,2026-09-12
rdd2022_china_drone::phash6_c0207266b22c::china_drone_001353,rdd2022_china_drone,China_Drone_001353,phash6_c0207266b22c,train,yolo_train,true,RoadSentinel_datasets/rdd2022_full/China_Drone/China_Drone/train/images/China_Drone_001353.jpg,RoadSentinel_datasets/rdd2022_full/China_Drone/China_Drone/train/annotations/xmls/China_Drone_001353.xml,Repair,Contains only excluded visible distress,false,exclude_from_pilot,Validated source annotation contains only excluded classes: Repair.,Codex source-annotation and full-image review,2026-09-12
rdd2022_china_drone::phash6_c07a9663e1b1::china_drone_000549,rdd2022_china_drone,China_Drone_000549,phash6_c07a9663e1b1,train,yolo_train,true,RoadSentinel_datasets/rdd2022_full/China_Drone/China_Drone/train/images/China_Drone_000549.jpg,RoadSentinel_datasets/rdd2022_full/China_Drone/China_Drone/train/annotations/xmls/China_Drone_000549.xml,Repair,Contains only excluded visible distress,false,exclude_from_pilot,Validated source annotation contains only excluded classes: Repair.,Codex source-annotation and full-image review,2026-09-12
rdd2022_china_drone::phash6_c15e2aac981f::china_drone_000208,rdd2022_china_drone,China_Drone_000208,phash6_c15e2aac981f,train,yolo_train,true,RoadSentinel_datasets/rdd2022_full/China_Drone/China_Drone/train/images/China_Drone_000208.jpg,RoadSentinel_datasets/rdd2022_full/China_Drone/China_Drone/train/annotations/xmls/China_Drone_000208.xml,Repair,Contains only excluded visible distress,false,exclude_from_pilot,Validated source annotation contains only excluded classes: Repair.,Codex source-annotation and full-image review,2026-09-12
rdd2022_china_drone::phash6_c2921b2ff4a5::china_drone_000218,rdd2022_china_drone,China_Drone_000218,phash6_c2921b2ff4a5,train,dino_reference,false,RoadSentinel_datasets/rdd2022_full/China_Drone/China_Drone/train/images/China_Drone_000218.jpg,RoadSentinel_datasets/rdd2022_full/China_Drone/China_Drone/train/annotations/xmls/China_Drone_000218.xml,,Contains ambiguous distress,false,exclude_from_pilot,Faint rectangular surface feature may be repair or marking; conservatively excluded.,Codex source-annotation and full-image review,2026-09-12
rdd2022_china_drone::phash6_c2f3cc1ad14d::china_drone_001925,rdd2022_china_drone,China_Drone_001925,phash6_c2f3cc1ad14d,train,dino_reference,false,RoadSentinel_datasets/rdd2022_full/China_Drone/China_Drone/train/images/China_Drone_001925.jpg,RoadSentinel_datasets/rdd2022_full/China_Drone/China_Drone/train/annotations/xmls/China_Drone_001925.xml,Repair,Contains only excluded visible distress,false,exclude_from_pilot,Validated source annotation contains only excluded classes: Repair.,Codex source-annotation and full-image review,2026-09-12
rdd2022_china_drone::phash6_c3d9ed0deba6::china_drone_000122,rdd2022_china_drone,China_Drone_000122,phash6_c3d9ed0deba6,train,yolo_train,true,RoadSentinel_datasets/rdd2022_full/China_Drone/China_Drone/train/images/China_Drone_000122.jpg,RoadSentinel_datasets/rdd2022_full/China_Drone/China_Drone/train/annotations/xmls/China_Drone_000122.xml,Repair,Contains only excluded visible distress,false,exclude_from_pilot,Validated source annotation contains only excluded classes: Repair.,Codex source-annotation and full-image review,2026-09-12
rdd2022_china_drone::phash6_c6f13a28ff9c::china_drone_000845,rdd2022_china_drone,China_Drone_000845,phash6_c6f13a28ff9c,train,yolo_train,true,RoadSentinel_datasets/rdd2022_full/China_Drone/China_Drone/train/images/China_Drone_000845.jpg,RoadSentinel_datasets/rdd2022_full/China_Drone/China_Drone/train/annotations/xmls/China_Drone_000845.xml,Repair,Contains only excluded visible distress,false,exclude_from_pilot,Validated source annotation contains only excluded classes: Repair.,Codex source-annotation and full-image review,2026-09-12
rdd2022_china_drone::phash6_c7002f3cf584::china_drone_001707,rdd2022_china_drone,China_Drone_001707,phash6_c7002f3cf584,train,yolo_train,true,RoadSentinel_datasets/rdd2022_full/China_Drone/China_Drone/train/images/China_Drone_001707.jpg,RoadSentinel_datasets/rdd2022_full/China_Drone/China_Drone/train/annotations/xmls/China_Drone_001707.xml,Repair,Contains only excluded visible distress,false,exclude_from_pilot,Validated source annotation contains only excluded classes: Repair.,Codex source-annotation and full-image review,2026-09-12
rdd2022_china_drone::phash6_c70d147d46f9::china_drone_002388,rdd2022_china_drone,China_Drone_002388,phash6_c70d147d46f9,train,yolo_train,true,RoadSentinel_datasets/rdd2022_full/China_Drone/China_Drone/train/images/China_Drone_002388.jpg,RoadSentinel_datasets/rdd2022_full/China_Drone/China_Drone/train/annotations/xmls/China_Drone_002388.xml,Repair,Contains only excluded visible distress,false,exclude_from_pilot,Validated source annotation contains only excluded classes: Repair.,Codex source-annotation and full-image review,2026-09-12
rdd2022_china_drone::phash6_c78f59636114::china_drone_000121,rdd2022_china_drone,China_Drone_000121,phash6_c78f59636114,train,yolo_train,true,RoadSentinel_datasets/rdd2022_full/China_Drone/China_Drone/train/images/China_Drone_000121.jpg,RoadSentinel_datasets/rdd2022_full/China_Drone/China_Drone/train/annotations/xmls/China_Drone_000121.xml,Repair,Contains only excluded visible distress,false,exclude_from_pilot,Validated source annotation contains only excluded classes: Repair.,Codex source-annotation and full-image review,2026-09-12
rdd2022_china_drone::phash6_c800c07ef15d::china_drone_002299,rdd2022_china_drone,China_Drone_002299,phash6_c800c07ef15d,train,yolo_train,true,RoadSentinel_datasets/rdd2022_full/China_Drone/China_Drone/train/images/China_Drone_002299.jpg,RoadSentinel_datasets/rdd2022_full/China_Drone/China_Drone/train/annotations/xmls/China_Drone_002299.xml,Repair,Contains only excluded visible distress,false,exclude_from_pilot,Validated source annotation contains only excluded classes: Repair.,Codex source-annotation and full-image review,2026-09-12
rdd2022_china_drone::phash6_c9f801736aba::china_drone_000242,rdd2022_china_drone,China_Drone_000242,phash6_c9f801736aba,train,yolo_train,true,RoadSentinel_datasets/rdd2022_full/China_Drone/China_Drone/train/images/China_Drone_000242.jpg,RoadSentinel_datasets/rdd2022_full/China_Drone/China_Drone/train/annotations/xmls/China_Drone_000242.xml,Repair,Contains only excluded visible distress,false,exclude_from_pilot,Validated source annotation contains only excluded classes: Repair.,Codex source-annotation and full-image review,2026-09-12
rdd2022_china_drone::phash6_ca0dadd59306::china_drone_000643,rdd2022_china_drone,China_Drone_000643,phash6_ca0dadd59306,train,sam2_development,false,RoadSentinel_datasets/rdd2022_full/China_Drone/China_Drone/train/images/China_Drone_000643.jpg,RoadSentinel_datasets/rdd2022_full/China_Drone/China_Drone/train/annotations/xmls/China_Drone_000643.xml,Repair,Contains only excluded visible distress,false,exclude_from_pilot,Validated source annotation contains only excluded classes: Repair.,Codex source-annotation and full-image review,2026-09-12
rdd2022_china_drone::phash6_ca8b9ee4978a::china_drone_000779,rdd2022_china_drone,China_Drone_000779,phash6_ca8b9ee4978a,train,dino_reference,false,RoadSentinel_datasets/rdd2022_full/China_Drone/China_Drone/train/images/China_Drone_000779.jpg,RoadSentinel_datasets/rdd2022_full/China_Drone/China_Drone/train/annotations/xmls/China_Drone_000779.xml,Repair,Contains only excluded visible distress,false,exclude_from_pilot,Validated source annotation contains only excluded classes: Repair.,Codex source-annotation and full-image review,2026-09-12
rdd2022_china_drone::phash6_cacf749a8f04::china_drone_002106,rdd2022_china_drone,China_Drone_002106,phash6_cacf749a8f04,train,yolo_train,true,RoadSentinel_datasets/rdd2022_full/China_Drone/China_Drone/train/images/China_Drone_002106.jpg,RoadSentinel_datasets/rdd2022_full/China_Drone/China_Drone/train/annotations/xmls/China_Drone_002106.xml,Repair,Contains only excluded visible distress,false,exclude_from_pilot,Validated source annotation contains only excluded classes: Repair.,Codex source-annotation and full-image review,2026-09-12
rdd2022_china_drone::phash6_cd5c44735209::china_drone_001703,rdd2022_china_drone,China_Drone_001703,phash6_cd5c44735209,train,dino_reference,false,RoadSentinel_datasets/rdd2022_full/China_Drone/China_Drone/train/images/China_Drone_001703.jpg,RoadSentinel_datasets/rdd2022_full/China_Drone/China_Drone/train/annotations/xmls/China_Drone_001703.xml,Repair,Contains only excluded visible distress,false,exclude_from_pilot,Validated source annotation contains only excluded classes: Repair.,Codex source-annotation and full-image review,2026-09-12
rdd2022_china_drone::phash6_cdea289c2895::china_drone_001387,rdd2022_china_drone,China_Drone_001387,phash6_cdea289c2895,train,dino_reference,false,RoadSentinel_datasets/rdd2022_full/China_Drone/China_Drone/train/images/China_Drone_001387.jpg,RoadSentinel_datasets/rdd2022_full/China_Drone/China_Drone/train/annotations/xmls/China_Drone_001387.xml,Repair,Contains only excluded visible distress,false,exclude_from_pilot,Validated source annotation contains only excluded classes: Repair.,Codex source-annotation and full-image review,2026-09-12
rdd2022_china_drone::phash6_cf03174323a5::china_drone_002185,rdd2022_china_drone,China_Drone_002185,phash6_cf03174323a5,train,yolo_train,true,RoadSentinel_datasets/rdd2022_full/China_Drone/China_Drone/train/images/China_Drone_002185.jpg,RoadSentinel_datasets/rdd2022_full/China_Drone/China_Drone/train/annotations/xmls/China_Drone_002185.xml,Repair,Contains only excluded visible distress,false,exclude_from_pilot,Validated source annotation contains only excluded classes: Repair.,Codex source-annotation and full-image review,2026-09-12
rdd2022_china_drone::phash6_cfdddfec8165::china_drone_000395,rdd2022_china_drone,China_Drone_000395,phash6_cfdddfec8165,train,dino_reference,false,RoadSentinel_datasets/rdd2022_full/China_Drone/China_Drone/train/images/China_Drone_000395.jpg,RoadSentinel_datasets/rdd2022_full/China_Drone/China_Drone/train/annotations/xmls/China_Drone_000395.xml,Repair,Contains only excluded visible distress,false,exclude_from_pilot,Validated source annotation contains only excluded classes: Repair.,Codex source-annotation and full-image review,2026-09-12
rdd2022_china_drone::phash6_d004de112d70::china_drone_001251,rdd2022_china_drone,China_Drone_001251,phash6_d004de112d70,train,yolo_train,true,RoadSentinel_datasets/rdd2022_full/China_Drone/China_Drone/train/images/China_Drone_001251.jpg,RoadSentinel_datasets/rdd2022_full/China_Drone/China_Drone/train/annotations/xmls/China_Drone_001251.xml,Repair,Contains only excluded visible distress,false,exclude_from_pilot,Validated source annotation contains only excluded classes: Repair.,Codex source-annotation and full-image review,2026-09-12
rdd2022_china_drone::phash6_d02149dbe612::china_drone_000900,rdd2022_china_drone,China_Drone_000900,phash6_d02149dbe612,train,yolo_train,true,RoadSentinel_datasets/rdd2022_full/China_Drone/China_Drone/train/images/China_Drone_000900.jpg,RoadSentinel_datasets/rdd2022_full/China_Drone/China_Drone/train/annotations/xmls/China_Drone_000900.xml,Repair,Contains only excluded visible distress,false,exclude_from_pilot,Validated source annotation contains only excluded classes: Repair.,Codex source-annotation and full-image review,2026-09-12
rdd2022_china_drone::phash6_d0c131d96533::china_drone_000073,rdd2022_china_drone,China_Drone_000073,phash6_d0c131d96533,train,yolo_train,true,RoadSentinel_datasets/rdd2022_full/China_Drone/China_Drone/train/images/China_Drone_000073.jpg,RoadSentinel_datasets/rdd2022_full/China_Drone/China_Drone/train/annotations/xmls/China_Drone_000073.xml,Repair,Contains only excluded visible distress,false,exclude_from_pilot,Validated source annotation contains only excluded classes: Repair.,Codex source-annotation and full-image review,2026-09-12
rdd2022_china_drone::phash6_d14a69708a11::china_drone_001505,rdd2022_china_drone,China_Drone_001505,phash6_d14a69708a11,train,yolo_train,true,RoadSentinel_datasets/rdd2022_full/China_Drone/China_Drone/train/images/China_Drone_001505.jpg,RoadSentinel_datasets/rdd2022_full/China_Drone/China_Drone/train/annotations/xmls/China_Drone_001505.xml,Repair,Contains only excluded visible distress,false,exclude_from_pilot,Validated source annotation contains only excluded classes: Repair.,Codex source-annotation and full-image review,2026-09-12
rdd2022_china_drone::phash6_d49f36908b49::china_drone_001411,rdd2022_china_drone,China_Drone_001411,phash6_d49f36908b49,train,dino_reference,false,RoadSentinel_datasets/rdd2022_full/China_Drone/China_Drone/train/images/China_Drone_001411.jpg,RoadSentinel_datasets/rdd2022_full/China_Drone/China_Drone/train/annotations/xmls/China_Drone_001411.xml,Repair,Contains only excluded visible distress,false,exclude_from_pilot,Validated source annotation contains only excluded classes: Repair.,Codex source-annotation and full-image review,2026-09-12
rdd2022_china_drone::phash6_d51c66d52f6e::china_drone_001087,rdd2022_china_drone,China_Drone_001087,phash6_d51c66d52f6e,train,yolo_train,true,RoadSentinel_datasets/rdd2022_full/China_Drone/China_Drone/train/images/China_Drone_001087.jpg,RoadSentinel_datasets/rdd2022_full/China_Drone/China_Drone/train/annotations/xmls/China_Drone_001087.xml,Repair,Contains only excluded visible distress,false,exclude_from_pilot,Validated source annotation contains only excluded classes: Repair.,Codex source-annotation and full-image review,2026-09-12
rdd2022_china_drone::phash6_d6d2129ab596::china_drone_000239,rdd2022_china_drone,China_Drone_000239,phash6_d6d2129ab596,train,yolo_train,true,RoadSentinel_datasets/rdd2022_full/China_Drone/China_Drone/train/images/China_Drone_000239.jpg,RoadSentinel_datasets/rdd2022_full/China_Drone/China_Drone/train/annotations/xmls/China_Drone_000239.xml,Repair,Contains only excluded visible distress,false,exclude_from_pilot,Validated source annotation contains only excluded classes: Repair.,Codex source-annotation and full-image review,2026-09-12
rdd2022_china_drone::phash6_d79bfce0b949::china_drone_000534,rdd2022_china_drone,China_Drone_000534,phash6_d79bfce0b949,train,yolo_train,true,RoadSentinel_datasets/rdd2022_full/China_Drone/China_Drone/train/images/China_Drone_000534.jpg,RoadSentinel_datasets/rdd2022_full/China_Drone/China_Drone/train/annotations/xmls/China_Drone_000534.xml,Repair,Contains only excluded visible distress,false,exclude_from_pilot,Validated source annotation contains only excluded classes: Repair.,Codex source-annotation and full-image review,2026-09-12
rdd2022_china_drone::phash6_d9b2b4019bf4::china_drone_001378,rdd2022_china_drone,China_Drone_001378,phash6_d9b2b4019bf4,train,yolo_train,true,RoadSentinel_datasets/rdd2022_full/China_Drone/China_Drone/train/images/China_Drone_001378.jpg,RoadSentinel_datasets/rdd2022_full/China_Drone/China_Drone/train/annotations/xmls/China_Drone_001378.xml,Repair,Contains only excluded visible distress,false,exclude_from_pilot,Validated source annotation contains only excluded classes: Repair.,Codex source-annotation and full-image review,2026-09-12
rdd2022_china_drone::phash6_da5bd2a311a0::china_drone_001308,rdd2022_china_drone,China_Drone_001308,phash6_da5bd2a311a0,train,yolo_train,true,RoadSentinel_datasets/rdd2022_full/China_Drone/China_Drone/train/images/China_Drone_001308.jpg,RoadSentinel_datasets/rdd2022_full/China_Drone/China_Drone/train/annotations/xmls/China_Drone_001308.xml,Repair,Contains only excluded visible distress,false,exclude_from_pilot,Validated source annotation contains only excluded classes: Repair.,Codex source-annotation and full-image review,2026-09-12
rdd2022_china_drone::phash6_dc7b0454e822::china_drone_001882,rdd2022_china_drone,China_Drone_001882,phash6_dc7b0454e822,train,yolo_train,true,RoadSentinel_datasets/rdd2022_full/China_Drone/China_Drone/train/images/China_Drone_001882.jpg,RoadSentinel_datasets/rdd2022_full/China_Drone/China_Drone/train/annotations/xmls/China_Drone_001882.xml,Repair,Contains only excluded visible distress,false,exclude_from_pilot,Validated source annotation contains only excluded classes: Repair.,Codex source-annotation and full-image review,2026-09-12
rdd2022_china_drone::phash6_dcb219937f49::china_drone_000453,rdd2022_china_drone,China_Drone_000453,phash6_dcb219937f49,train,yolo_train,true,RoadSentinel_datasets/rdd2022_full/China_Drone/China_Drone/train/images/China_Drone_000453.jpg,RoadSentinel_datasets/rdd2022_full/China_Drone/China_Drone/train/annotations/xmls/China_Drone_000453.xml,Repair,Contains only excluded visible distress,false,exclude_from_pilot,Validated source annotation contains only excluded classes: Repair.,Codex source-annotation and full-image review,2026-09-12
rdd2022_china_drone::phash6_de699516dc98::china_drone_001843,rdd2022_china_drone,China_Drone_001843,phash6_de699516dc98,train,yolo_train,true,RoadSentinel_datasets/rdd2022_full/China_Drone/China_Drone/train/images/China_Drone_001843.jpg,RoadSentinel_datasets/rdd2022_full/China_Drone/China_Drone/train/annotations/xmls/China_Drone_001843.xml,Repair,Contains only excluded visible distress,false,exclude_from_pilot,Validated source annotation contains only excluded classes: Repair.,Codex source-annotation and full-image review,2026-09-12
rdd2022_china_drone::phash6_df712da12feb::china_drone_001261,rdd2022_china_drone,China_Drone_001261,phash6_df712da12feb,train,dino_reference,false,RoadSentinel_datasets/rdd2022_full/China_Drone/China_Drone/train/images/China_Drone_001261.jpg,RoadSentinel_datasets/rdd2022_full/China_Drone/China_Drone/train/annotations/xmls/China_Drone_001261.xml,Repair,Contains only excluded visible distress,false,exclude_from_pilot,Validated source annotation contains only excluded classes: Repair.,Codex source-annotation and full-image review,2026-09-12
rdd2022_china_drone::phash6_e000e373093b::china_drone_000028,rdd2022_china_drone,China_Drone_000028,phash6_e000e373093b,train,yolo_train,true,RoadSentinel_datasets/rdd2022_full/China_Drone/China_Drone/train/images/China_Drone_000028.jpg,RoadSentinel_datasets/rdd2022_full/China_Drone/China_Drone/train/annotations/xmls/China_Drone_000028.xml,Repair,Contains only excluded visible distress,false,exclude_from_pilot,Validated source annotation contains only excluded classes: Repair.,Codex source-annotation and full-image review,2026-09-12
rdd2022_china_drone::phash6_e02f39bb2e54::china_drone_002392,rdd2022_china_drone,China_Drone_002392,phash6_e02f39bb2e54,train,yolo_train,true,RoadSentinel_datasets/rdd2022_full/China_Drone/China_Drone/train/images/China_Drone_002392.jpg,RoadSentinel_datasets/rdd2022_full/China_Drone/China_Drone/train/annotations/xmls/China_Drone_002392.xml,Repair,Contains only excluded visible distress,false,exclude_from_pilot,Validated source annotation contains only excluded classes: Repair.,Codex source-annotation and full-image review,2026-09-12
rdd2022_china_drone::phash6_e045be9c47d0::china_drone_000855,rdd2022_china_drone,China_Drone_000855,phash6_e045be9c47d0,train,yolo_train,true,RoadSentinel_datasets/rdd2022_full/China_Drone/China_Drone/train/images/China_Drone_000855.jpg,RoadSentinel_datasets/rdd2022_full/China_Drone/China_Drone/train/annotations/xmls/China_Drone_000855.xml,Repair,Contains only excluded visible distress,false,exclude_from_pilot,Validated source annotation contains only excluded classes: Repair.,Codex source-annotation and full-image review,2026-09-12
rdd2022_china_drone::phash6_e2f6d1de1cb4::china_drone_002022,rdd2022_china_drone,China_Drone_002022,phash6_e2f6d1de1cb4,train,yolo_train,true,RoadSentinel_datasets/rdd2022_full/China_Drone/China_Drone/train/images/China_Drone_002022.jpg,RoadSentinel_datasets/rdd2022_full/China_Drone/China_Drone/train/annotations/xmls/China_Drone_002022.xml,Repair,Contains only excluded visible distress,false,exclude_from_pilot,Validated source annotation contains only excluded classes: Repair.,Codex source-annotation and full-image review,2026-09-12
rdd2022_china_drone::phash6_e3830433970d::china_drone_001615,rdd2022_china_drone,China_Drone_001615,phash6_e3830433970d,train,yolo_train,true,RoadSentinel_datasets/rdd2022_full/China_Drone/China_Drone/train/images/China_Drone_001615.jpg,RoadSentinel_datasets/rdd2022_full/China_Drone/China_Drone/train/annotations/xmls/China_Drone_001615.xml,Repair,Contains only excluded visible distress,false,exclude_from_pilot,Validated source annotation contains only excluded classes: Repair.,Codex source-annotation and full-image review,2026-09-12
rdd2022_china_drone::phash6_e3b6344725eb::china_drone_001646,rdd2022_china_drone,China_Drone_001646,phash6_e3b6344725eb,train,yolo_train,true,RoadSentinel_datasets/rdd2022_full/China_Drone/China_Drone/train/images/China_Drone_001646.jpg,RoadSentinel_datasets/rdd2022_full/China_Drone/China_Drone/train/annotations/xmls/China_Drone_001646.xml,Repair,Contains only excluded visible distress,false,exclude_from_pilot,Validated source annotation contains only excluded classes: Repair.,Codex source-annotation and full-image review,2026-09-12
rdd2022_china_drone::phash6_e41a776b3865::china_drone_000858,rdd2022_china_drone,China_Drone_000858,phash6_e41a776b3865,train,yolo_train,true,RoadSentinel_datasets/rdd2022_full/China_Drone/China_Drone/train/images/China_Drone_000858.jpg,RoadSentinel_datasets/rdd2022_full/China_Drone/China_Drone/train/annotations/xmls/China_Drone_000858.xml,Repair,Contains only excluded visible distress,false,exclude_from_pilot,Validated source annotation contains only excluded classes: Repair.,Codex source-annotation and full-image review,2026-09-12
rdd2022_china_drone::phash6_e4dd7f6b441a::china_drone_000824,rdd2022_china_drone,China_Drone_000824,phash6_e4dd7f6b441a,train,yolo_train,true,RoadSentinel_datasets/rdd2022_full/China_Drone/China_Drone/train/images/China_Drone_000824.jpg,RoadSentinel_datasets/rdd2022_full/China_Drone/China_Drone/train/annotations/xmls/China_Drone_000824.xml,Repair,Contains only excluded visible distress,false,exclude_from_pilot,Validated source annotation contains only excluded classes: Repair.,Codex source-annotation and full-image review,2026-09-12
rdd2022_china_drone::phash6_e5a2555c2423::china_drone_001724,rdd2022_china_drone,China_Drone_001724,phash6_e5a2555c2423,train,yolo_train,true,RoadSentinel_datasets/rdd2022_full/China_Drone/China_Drone/train/images/China_Drone_001724.jpg,RoadSentinel_datasets/rdd2022_full/China_Drone/China_Drone/train/annotations/xmls/China_Drone_001724.xml,Repair,Contains only excluded visible distress,false,exclude_from_pilot,Validated source annotation contains only excluded classes: Repair.,Codex source-annotation and full-image review,2026-09-12
rdd2022_china_drone::phash6_e5c09a4327f8::china_drone_001635,rdd2022_china_drone,China_Drone_001635,phash6_e5c09a4327f8,train,yolo_train,true,RoadSentinel_datasets/rdd2022_full/China_Drone/China_Drone/train/images/China_Drone_001635.jpg,RoadSentinel_datasets/rdd2022_full/China_Drone/China_Drone/train/annotations/xmls/China_Drone_001635.xml,Repair,Contains only excluded visible distress,false,exclude_from_pilot,Validated source annotation contains only excluded classes: Repair.,Codex source-annotation and full-image review,2026-09-12
rdd2022_china_drone::phash6_e74cef8d6523::china_drone_000959,rdd2022_china_drone,China_Drone_000959,phash6_e74cef8d6523,train,yolo_train,true,RoadSentinel_datasets/rdd2022_full/China_Drone/China_Drone/train/images/China_Drone_000959.jpg,RoadSentinel_datasets/rdd2022_full/China_Drone/China_Drone/train/annotations/xmls/China_Drone_000959.xml,Repair,Contains only excluded visible distress,false,exclude_from_pilot,Validated source annotation contains only excluded classes: Repair.,Codex source-annotation and full-image review,2026-09-12
rdd2022_china_drone::phash6_e827a29a4eb7::china_drone_000350,rdd2022_china_drone,China_Drone_000350,phash6_e827a29a4eb7,train,yolo_train,true,RoadSentinel_datasets/rdd2022_full/China_Drone/China_Drone/train/images/China_Drone_000350.jpg,RoadSentinel_datasets/rdd2022_full/China_Drone/China_Drone/train/annotations/xmls/China_Drone_000350.xml,Repair,Contains only excluded visible distress,false,exclude_from_pilot,Validated source annotation contains only excluded classes: Repair.,Codex source-annotation and full-image review,2026-09-12
rdd2022_china_drone::phash6_ebe6aa00a4ce::china_drone_001818,rdd2022_china_drone,China_Drone_001818,phash6_ebe6aa00a4ce,train,yolo_train,true,RoadSentinel_datasets/rdd2022_full/China_Drone/China_Drone/train/images/China_Drone_001818.jpg,RoadSentinel_datasets/rdd2022_full/China_Drone/China_Drone/train/annotations/xmls/China_Drone_001818.xml,Repair,Contains only excluded visible distress,false,exclude_from_pilot,Validated source annotation contains only excluded classes: Repair.,Codex source-annotation and full-image review,2026-09-12
rdd2022_china_drone::phash6_eca128a81fdc::china_drone_000739,rdd2022_china_drone,China_Drone_000739,phash6_eca128a81fdc,train,yolo_train,true,RoadSentinel_datasets/rdd2022_full/China_Drone/China_Drone/train/images/China_Drone_000739.jpg,RoadSentinel_datasets/rdd2022_full/China_Drone/China_Drone/train/annotations/xmls/China_Drone_000739.xml,Repair,Contains only excluded visible distress,false,exclude_from_pilot,Validated source annotation contains only excluded classes: Repair.,Codex source-annotation and full-image review,2026-09-12
rdd2022_china_drone::phash6_ecbd8866097c::china_drone_001008,rdd2022_china_drone,China_Drone_001008,phash6_ecbd8866097c,train,dino_reference,false,RoadSentinel_datasets/rdd2022_full/China_Drone/China_Drone/train/images/China_Drone_001008.jpg,RoadSentinel_datasets/rdd2022_full/China_Drone/China_Drone/train/annotations/xmls/China_Drone_001008.xml,Repair,Contains only excluded visible distress,false,exclude_from_pilot,Validated source annotation contains only excluded classes: Repair.,Codex source-annotation and full-image review,2026-09-12
rdd2022_china_drone::phash6_eed8258e1f47::china_drone_001301,rdd2022_china_drone,China_Drone_001301,phash6_eed8258e1f47,train,yolo_train,true,RoadSentinel_datasets/rdd2022_full/China_Drone/China_Drone/train/images/China_Drone_001301.jpg,RoadSentinel_datasets/rdd2022_full/China_Drone/China_Drone/train/annotations/xmls/China_Drone_001301.xml,Repair,Contains only excluded visible distress,false,exclude_from_pilot,Validated source annotation contains only excluded classes: Repair.,Codex source-annotation and full-image review,2026-09-12
rdd2022_china_drone::phash6_eee4032274a2::china_drone_001554,rdd2022_china_drone,China_Drone_001554,phash6_eee4032274a2,train,yolo_train,true,RoadSentinel_datasets/rdd2022_full/China_Drone/China_Drone/train/images/China_Drone_001554.jpg,RoadSentinel_datasets/rdd2022_full/China_Drone/China_Drone/train/annotations/xmls/China_Drone_001554.xml,Repair,Contains only excluded visible distress,false,exclude_from_pilot,Validated source annotation contains only excluded classes: Repair.,Codex source-annotation and full-image review,2026-09-12
rdd2022_china_drone::phash6_eefb442cf3c9::china_drone_002001,rdd2022_china_drone,China_Drone_002001,phash6_eefb442cf3c9,train,yolo_train,true,RoadSentinel_datasets/rdd2022_full/China_Drone/China_Drone/train/images/China_Drone_002001.jpg,RoadSentinel_datasets/rdd2022_full/China_Drone/China_Drone/train/annotations/xmls/China_Drone_002001.xml,Repair,Contains only excluded visible distress,false,exclude_from_pilot,Validated source annotation contains only excluded classes: Repair.,Codex source-annotation and full-image review,2026-09-12
rdd2022_china_drone::phash6_f04e4bf4e4d6::china_drone_000025,rdd2022_china_drone,China_Drone_000025,phash6_f04e4bf4e4d6,train,yolo_train,true,RoadSentinel_datasets/rdd2022_full/China_Drone/China_Drone/train/images/China_Drone_000025.jpg,RoadSentinel_datasets/rdd2022_full/China_Drone/China_Drone/train/annotations/xmls/China_Drone_000025.xml,Repair,Contains only excluded visible distress,false,exclude_from_pilot,Validated source annotation contains only excluded classes: Repair.,Codex source-annotation and full-image review,2026-09-12
rdd2022_china_drone::phash6_f051d57cc788::china_drone_001470,rdd2022_china_drone,China_Drone_001470,phash6_f051d57cc788,train,dino_reference,false,RoadSentinel_datasets/rdd2022_full/China_Drone/China_Drone/train/images/China_Drone_001470.jpg,RoadSentinel_datasets/rdd2022_full/China_Drone/China_Drone/train/annotations/xmls/China_Drone_001470.xml,Repair,Contains only excluded visible distress,false,exclude_from_pilot,Validated source annotation contains only excluded classes: Repair.,Codex source-annotation and full-image review,2026-09-12
rdd2022_china_drone::phash6_f166c97cc7a0::china_drone_000608,rdd2022_china_drone,China_Drone_000608,phash6_f166c97cc7a0,train,yolo_train,true,RoadSentinel_datasets/rdd2022_full/China_Drone/China_Drone/train/images/China_Drone_000608.jpg,RoadSentinel_datasets/rdd2022_full/China_Drone/China_Drone/train/annotations/xmls/China_Drone_000608.xml,Repair,Contains only excluded visible distress,false,exclude_from_pilot,Validated source annotation contains only excluded classes: Repair.,Codex source-annotation and full-image review,2026-09-12
rdd2022_china_drone::phash6_f1e010fac762::china_drone_000854,rdd2022_china_drone,China_Drone_000854,phash6_f1e010fac762,train,yolo_train,true,RoadSentinel_datasets/rdd2022_full/China_Drone/China_Drone/train/images/China_Drone_000854.jpg,RoadSentinel_datasets/rdd2022_full/China_Drone/China_Drone/train/annotations/xmls/China_Drone_000854.xml,Repair,Contains only excluded visible distress,false,exclude_from_pilot,Validated source annotation contains only excluded classes: Repair.,Codex source-annotation and full-image review,2026-09-12
rdd2022_china_drone::phash6_f2ef499fb15a::china_drone_001784,rdd2022_china_drone,China_Drone_001784,phash6_f2ef499fb15a,train,sam2_development,false,RoadSentinel_datasets/rdd2022_full/China_Drone/China_Drone/train/images/China_Drone_001784.jpg,RoadSentinel_datasets/rdd2022_full/China_Drone/China_Drone/train/annotations/xmls/China_Drone_001784.xml,Repair,Contains only excluded visible distress,false,exclude_from_pilot,Validated source annotation contains only excluded classes: Repair.,Codex source-annotation and full-image review,2026-09-12
rdd2022_china_drone::phash6_f320843736ff::china_drone_000920,rdd2022_china_drone,China_Drone_000920,phash6_f320843736ff,train,yolo_train,true,RoadSentinel_datasets/rdd2022_full/China_Drone/China_Drone/train/images/China_Drone_000920.jpg,RoadSentinel_datasets/rdd2022_full/China_Drone/China_Drone/train/annotations/xmls/China_Drone_000920.xml,Repair,Contains only excluded visible distress,false,exclude_from_pilot,Validated source annotation contains only excluded classes: Repair.,Codex source-annotation and full-image review,2026-09-12
rdd2022_china_drone::phash6_f32f687b28e6::china_drone_001373,rdd2022_china_drone,China_Drone_001373,phash6_f32f687b28e6,train,yolo_train,true,RoadSentinel_datasets/rdd2022_full/China_Drone/China_Drone/train/images/China_Drone_001373.jpg,RoadSentinel_datasets/rdd2022_full/China_Drone/China_Drone/train/annotations/xmls/China_Drone_001373.xml,Repair,Contains only excluded visible distress,false,exclude_from_pilot,Validated source annotation contains only excluded classes: Repair.,Codex source-annotation and full-image review,2026-09-12
rdd2022_china_drone::phash6_f3da04e16163::china_drone_000556,rdd2022_china_drone,China_Drone_000556,phash6_f3da04e16163,train,yolo_train,true,RoadSentinel_datasets/rdd2022_full/China_Drone/China_Drone/train/images/China_Drone_000556.jpg,RoadSentinel_datasets/rdd2022_full/China_Drone/China_Drone/train/annotations/xmls/China_Drone_000556.xml,Repair,Contains only excluded visible distress,false,exclude_from_pilot,Validated source annotation contains only excluded classes: Repair.,Codex source-annotation and full-image review,2026-09-12
rdd2022_china_drone::phash6_f44ff492cbe7::china_drone_000341,rdd2022_china_drone,China_Drone_000341,phash6_f44ff492cbe7,train,yolo_train,true,RoadSentinel_datasets/rdd2022_full/China_Drone/China_Drone/train/images/China_Drone_000341.jpg,RoadSentinel_datasets/rdd2022_full/China_Drone/China_Drone/train/annotations/xmls/China_Drone_000341.xml,Repair,Contains only excluded visible distress,false,exclude_from_pilot,Validated source annotation contains only excluded classes: Repair.,Codex source-annotation and full-image review,2026-09-12
rdd2022_china_drone::phash6_f556cebb9db3::china_drone_002194,rdd2022_china_drone,China_Drone_002194,phash6_f556cebb9db3,train,yolo_train,true,RoadSentinel_datasets/rdd2022_full/China_Drone/China_Drone/train/images/China_Drone_002194.jpg,RoadSentinel_datasets/rdd2022_full/China_Drone/China_Drone/train/annotations/xmls/China_Drone_002194.xml,Repair,Contains only excluded visible distress,false,exclude_from_pilot,Validated source annotation contains only excluded classes: Repair.,Codex source-annotation and full-image review,2026-09-12
rdd2022_china_drone::phash6_f5a48155124c::china_drone_000177,rdd2022_china_drone,China_Drone_000177,phash6_f5a48155124c,train,dino_reference,false,RoadSentinel_datasets/rdd2022_full/China_Drone/China_Drone/train/images/China_Drone_000177.jpg,RoadSentinel_datasets/rdd2022_full/China_Drone/China_Drone/train/annotations/xmls/China_Drone_000177.xml,Repair,Contains only excluded visible distress,false,exclude_from_pilot,Validated source annotation contains only excluded classes: Repair.,Codex source-annotation and full-image review,2026-09-12
rdd2022_china_drone::phash6_f733e75c871a::china_drone_001510,rdd2022_china_drone,China_Drone_001510,phash6_f733e75c871a,train,yolo_train,true,RoadSentinel_datasets/rdd2022_full/China_Drone/China_Drone/train/images/China_Drone_001510.jpg,RoadSentinel_datasets/rdd2022_full/China_Drone/China_Drone/train/annotations/xmls/China_Drone_001510.xml,Repair,Contains only excluded visible distress,false,exclude_from_pilot,Validated source annotation contains only excluded classes: Repair.,Codex source-annotation and full-image review,2026-09-12
rdd2022_china_drone::phash6_f8cb8087233b::china_drone_002050,rdd2022_china_drone,China_Drone_002050,phash6_f8cb8087233b,train,sam2_development,false,RoadSentinel_datasets/rdd2022_full/China_Drone/China_Drone/train/images/China_Drone_002050.jpg,RoadSentinel_datasets/rdd2022_full/China_Drone/China_Drone/train/annotations/xmls/China_Drone_002050.xml,Repair,Contains only excluded visible distress,false,exclude_from_pilot,Validated source annotation contains only excluded classes: Repair.,Codex source-annotation and full-image review,2026-09-12
rdd2022_china_drone::phash6_f906b42d204b::china_drone_000921,rdd2022_china_drone,China_Drone_000921,phash6_f906b42d204b,train,yolo_train,true,RoadSentinel_datasets/rdd2022_full/China_Drone/China_Drone/train/images/China_Drone_000921.jpg,RoadSentinel_datasets/rdd2022_full/China_Drone/China_Drone/train/annotations/xmls/China_Drone_000921.xml,Repair,Contains only excluded visible distress,false,exclude_from_pilot,Validated source annotation contains only excluded classes: Repair.,Codex source-annotation and full-image review,2026-09-12
rdd2022_china_drone::phash6_f9219e141bed::china_drone_000777,rdd2022_china_drone,China_Drone_000777,phash6_f9219e141bed,train,yolo_train,true,RoadSentinel_datasets/rdd2022_full/China_Drone/China_Drone/train/images/China_Drone_000777.jpg,RoadSentinel_datasets/rdd2022_full/China_Drone/China_Drone/train/annotations/xmls/China_Drone_000777.xml,Repair,Contains only excluded visible distress,false,exclude_from_pilot,Validated source annotation contains only excluded classes: Repair.,Codex source-annotation and full-image review,2026-09-12
rdd2022_china_drone::phash6_fa02a0f28627::china_drone_000896,rdd2022_china_drone,China_Drone_000896,phash6_fa02a0f28627,train,yolo_train,true,RoadSentinel_datasets/rdd2022_full/China_Drone/China_Drone/train/images/China_Drone_000896.jpg,RoadSentinel_datasets/rdd2022_full/China_Drone/China_Drone/train/annotations/xmls/China_Drone_000896.xml,Repair,Contains only excluded visible distress,false,exclude_from_pilot,Validated source annotation contains only excluded classes: Repair.,Codex source-annotation and full-image review,2026-09-12
rdd2022_china_drone::phash6_fa40ebd21ba0::china_drone_001002,rdd2022_china_drone,China_Drone_001002,phash6_fa40ebd21ba0,train,yolo_train,true,RoadSentinel_datasets/rdd2022_full/China_Drone/China_Drone/train/images/China_Drone_001002.jpg,RoadSentinel_datasets/rdd2022_full/China_Drone/China_Drone/train/annotations/xmls/China_Drone_001002.xml,Repair,Contains only excluded visible distress,false,exclude_from_pilot,Validated source annotation contains only excluded classes: Repair.,Codex source-annotation and full-image review,2026-09-12
rdd2022_china_drone::phash6_fa4c42205119::china_drone_000924,rdd2022_china_drone,China_Drone_000924,phash6_fa4c42205119,train,dino_reference,false,RoadSentinel_datasets/rdd2022_full/China_Drone/China_Drone/train/images/China_Drone_000924.jpg,RoadSentinel_datasets/rdd2022_full/China_Drone/China_Drone/train/annotations/xmls/China_Drone_000924.xml,Repair,Contains only excluded visible distress,false,exclude_from_pilot,Validated source annotation contains only excluded classes: Repair.,Codex source-annotation and full-image review,2026-09-12
rdd2022_china_drone::phash6_fa9ddc325208::china_drone_001097,rdd2022_china_drone,China_Drone_001097,phash6_fa9ddc325208,train,yolo_train,true,RoadSentinel_datasets/rdd2022_full/China_Drone/China_Drone/train/images/China_Drone_001097.jpg,RoadSentinel_datasets/rdd2022_full/China_Drone/China_Drone/train/annotations/xmls/China_Drone_001097.xml,Repair,Contains only excluded visible distress,false,exclude_from_pilot,Validated source annotation contains only excluded classes: Repair.,Codex source-annotation and full-image review,2026-09-12
rdd2022_china_drone::phash6_fcec78017c16::china_drone_001175,rdd2022_china_drone,China_Drone_001175,phash6_fcec78017c16,train,yolo_train,true,RoadSentinel_datasets/rdd2022_full/China_Drone/China_Drone/train/images/China_Drone_001175.jpg,RoadSentinel_datasets/rdd2022_full/China_Drone/China_Drone/train/annotations/xmls/China_Drone_001175.xml,Repair,Contains only excluded visible distress,false,exclude_from_pilot,Validated source annotation contains only excluded classes: Repair.,Codex source-annotation and full-image review,2026-09-12
rdd2022_china_drone::phash6_fd47772122a5::china_drone_001474,rdd2022_china_drone,China_Drone_001474,phash6_fd47772122a5,train,yolo_train,true,RoadSentinel_datasets/rdd2022_full/China_Drone/China_Drone/train/images/China_Drone_001474.jpg,RoadSentinel_datasets/rdd2022_full/China_Drone/China_Drone/train/annotations/xmls/China_Drone_001474.xml,Repair,Contains only excluded visible distress,false,exclude_from_pilot,Validated source annotation contains only excluded classes: Repair.,Codex source-annotation and full-image review,2026-09-12
rdd2022_china_drone::phash6_fe430c4198da::china_drone_001338,rdd2022_china_drone,China_Drone_001338,phash6_fe430c4198da,train,yolo_train,true,RoadSentinel_datasets/rdd2022_full/China_Drone/China_Drone/train/images/China_Drone_001338.jpg,RoadSentinel_datasets/rdd2022_full/China_Drone/China_Drone/train/annotations/xmls/China_Drone_001338.xml,Repair,Contains only excluded visible distress,false,exclude_from_pilot,Validated source annotation contains only excluded classes: Repair.,Codex source-annotation and full-image review,2026-09-12
rdd2022_china_drone::phash6_ff3cf4a08a44::china_drone_002257,rdd2022_china_drone,China_Drone_002257,phash6_ff3cf4a08a44,train,yolo_train,true,RoadSentinel_datasets/rdd2022_full/China_Drone/China_Drone/train/images/China_Drone_002257.jpg,RoadSentinel_datasets/rdd2022_full/China_Drone/China_Drone/train/annotations/xmls/China_Drone_002257.xml,Repair,Contains only excluded visible distress,false,exclude_from_pilot,Validated source annotation contains only excluded classes: Repair.,Codex source-annotation and full-image review,2026-09-12
uav_pdd2023::phash6_0af979622a5f::r180_00448_top_right,uav_pdd2023,r180_00448_top_right,source_photo_00448,internal_test,yolo_train,true,data/external_uav/uav_pdd2023/extracted/JPEGImages/r180_00448_top_right.jpg,data/external_uav/uav_pdd2023/extracted/Annotations/r180_00448_top_right.xml,Oblique crack|Repair,Contains only excluded visible distress,false,exclude_from_pilot,Validated source annotation contains only excluded classes: Oblique crack|Repair.,Codex source-annotation and full-image review,2026-09-12
uav_pdd2023::phash6_0d26a2d9229c::r180_00443_bottom_left,uav_pdd2023,r180_00443_bottom_left,source_photo_00443,internal_test,yolo_train,true,data/external_uav/uav_pdd2023/extracted/JPEGImages/r180_00443_bottom_left.jpg,data/external_uav/uav_pdd2023/extracted/Annotations/r180_00443_bottom_left.xml,Oblique crack,Contains only excluded visible distress,false,exclude_from_pilot,Validated source annotation contains only excluded classes: Oblique crack.,Codex source-annotation and full-image review,2026-09-12
uav_pdd2023::phash6_100fd5042f2a::r180_00445_top_left,uav_pdd2023,r180_00445_top_left,source_photo_00445,internal_test,yolo_train,true,data/external_uav/uav_pdd2023/extracted/JPEGImages/r180_00445_top_left.jpg,data/external_uav/uav_pdd2023/extracted/Annotations/r180_00445_top_left.xml,Oblique crack|Repair,Contains only excluded visible distress,false,exclude_from_pilot,Validated source annotation contains only excluded classes: Oblique crack|Repair.,Codex source-annotation and full-image review,2026-09-12
uav_pdd2023::phash6_104da94c503e::tb_00445_bottom_left,uav_pdd2023,tb_00445_bottom_left,source_photo_00445,internal_test,yolo_train,true,data/external_uav/uav_pdd2023/extracted/JPEGImages/tb_00445_bottom_left.jpg,data/external_uav/uav_pdd2023/extracted/Annotations/tb_00445_bottom_left.xml,Repair,Contains only excluded visible distress,false,exclude_from_pilot,Validated source annotation contains only excluded classes: Repair.,Codex source-annotation and full-image review,2026-09-12
uav_pdd2023::phash6_1545d81ef8e4::lr_00521_bottom_right,uav_pdd2023,lr_00521_bottom_right,source_photo_00521,internal_test,yolo_train,true,data/external_uav/uav_pdd2023/extracted/JPEGImages/lr_00521_bottom_right.jpg,data/external_uav/uav_pdd2023/extracted/Annotations/lr_00521_bottom_right.xml,Oblique crack,Contains only excluded visible distress,false,exclude_from_pilot,Validated source annotation contains only excluded classes: Oblique crack.,Codex source-annotation and full-image review,2026-09-12
uav_pdd2023::phash6_25418ee5bfd0::tb_00448_top_right,uav_pdd2023,tb_00448_top_right,source_photo_00448,internal_test,yolo_train,true,data/external_uav/uav_pdd2023/extracted/JPEGImages/tb_00448_top_right.jpg,data/external_uav/uav_pdd2023/extracted/Annotations/tb_00448_top_right.xml,Oblique crack|Repair,Contains only excluded visible distress,false,exclude_from_pilot,Validated source annotation contains only excluded classes: Oblique crack|Repair.,Codex source-annotation and full-image review,2026-09-12
uav_pdd2023::phash6_309ade0aef64::tb_00046_top_left,uav_pdd2023,tb_00046_top_left,source_photo_00046,internal_test,yolo_train,true,data/external_uav/uav_pdd2023/extracted/JPEGImages/tb_00046_top_left.jpg,data/external_uav/uav_pdd2023/extracted/Annotations/tb_00046_top_left.xml,Oblique crack,Contains only excluded visible distress,false,exclude_from_pilot,Validated source annotation contains only excluded classes: Oblique crack.,Codex source-annotation and full-image review,2026-09-12
uav_pdd2023::phash6_30c015187257::r180_00451_bottom_left,uav_pdd2023,r180_00451_bottom_left,source_photo_00451,internal_test,yolo_train,true,data/external_uav/uav_pdd2023/extracted/JPEGImages/r180_00451_bottom_left.jpg,data/external_uav/uav_pdd2023/extracted/Annotations/r180_00451_bottom_left.xml,Repair,Contains only excluded visible distress,false,exclude_from_pilot,Validated source annotation contains only excluded classes: Repair.,Codex source-annotation and full-image review,2026-09-12
uav_pdd2023::phash6_30fec2a05e6c::lr_00046_top_left,uav_pdd2023,lr_00046_top_left,source_photo_00046,internal_test,yolo_train,true,data/external_uav/uav_pdd2023/extracted/JPEGImages/lr_00046_top_left.jpg,data/external_uav/uav_pdd2023/extracted/Annotations/lr_00046_top_left.xml,Oblique crack,Contains only excluded visible distress,false,exclude_from_pilot,Validated source annotation contains only excluded classes: Oblique crack.,Codex source-annotation and full-image review,2026-09-12
uav_pdd2023::phash6_3a12ec0d5ab2::r180_00450_bottom_left,uav_pdd2023,r180_00450_bottom_left,source_photo_00450,internal_test,yolo_train,true,data/external_uav/uav_pdd2023/extracted/JPEGImages/r180_00450_bottom_left.jpg,data/external_uav/uav_pdd2023/extracted/Annotations/r180_00450_bottom_left.xml,Repair,Contains only excluded visible distress,false,exclude_from_pilot,Validated source annotation contains only excluded classes: Repair.,Codex source-annotation and full-image review,2026-09-12
uav_pdd2023::phash6_4482376f5091::tb_00490_top_left,uav_pdd2023,tb_00490_top_left,source_photo_00490,train,dino_reference,false,data/external_uav/uav_pdd2023/extracted/JPEGImages/tb_00490_top_left.jpg,data/external_uav/uav_pdd2023/extracted/Annotations/tb_00490_top_left.xml,,Genuine healthy/background image,true,include_verified_negative,No visible pavement distress in full-image review.,Codex source-annotation and full-image review,2026-09-12
uav_pdd2023::phash6_4caccfc9c4fa::lr_00450_bottom_left,uav_pdd2023,lr_00450_bottom_left,source_photo_00450,internal_test,yolo_train,true,data/external_uav/uav_pdd2023/extracted/JPEGImages/lr_00450_bottom_left.jpg,data/external_uav/uav_pdd2023/extracted/Annotations/lr_00450_bottom_left.xml,Repair,Contains only excluded visible distress,false,exclude_from_pilot,Validated source annotation contains only excluded classes: Repair.,Codex source-annotation and full-image review,2026-09-12
uav_pdd2023::phash6_504568054349::r180_00449_top_left,uav_pdd2023,r180_00449_top_left,source_photo_00449,calibration,yolo_train,true,data/external_uav/uav_pdd2023/extracted/JPEGImages/r180_00449_top_left.jpg,data/external_uav/uav_pdd2023/extracted/Annotations/r180_00449_top_left.xml,Oblique crack|Repair,Contains only excluded visible distress,false,exclude_from_pilot,Validated source annotation contains only excluded classes: Oblique crack|Repair.,Codex source-annotation and full-image review,2026-09-12
uav_pdd2023::phash6_5f6f4bcc0c91::tb_00445_top_left,uav_pdd2023,tb_00445_top_left,source_photo_00445,internal_test,yolo_train,true,data/external_uav/uav_pdd2023/extracted/JPEGImages/tb_00445_top_left.jpg,data/external_uav/uav_pdd2023/extracted/Annotations/tb_00445_top_left.xml,Oblique crack|Repair,Contains only excluded visible distress,false,exclude_from_pilot,Validated source annotation contains only excluded classes: Oblique crack|Repair.,Codex source-annotation and full-image review,2026-09-12
uav_pdd2023::phash6_6979758635a2::r180_00449_top_right,uav_pdd2023,r180_00449_top_right,source_photo_00449,calibration,yolo_train,true,data/external_uav/uav_pdd2023/extracted/JPEGImages/r180_00449_top_right.jpg,data/external_uav/uav_pdd2023/extracted/Annotations/r180_00449_top_right.xml,Oblique crack|Repair,Contains only excluded visible distress,false,exclude_from_pilot,Validated source annotation contains only excluded classes: Oblique crack|Repair.,Codex source-annotation and full-image review,2026-09-12
uav_pdd2023::phash6_77f93726629c::r180_00490_bottom_left,uav_pdd2023,r180_00490_bottom_left,source_photo_00490,train,yolo_train,true,data/external_uav/uav_pdd2023/extracted/JPEGImages/r180_00490_bottom_left.jpg,data/external_uav/uav_pdd2023/extracted/Annotations/r180_00490_bottom_left.xml,Oblique crack,Contains only excluded visible distress,false,exclude_from_pilot,Validated source annotation contains only excluded classes: Oblique crack.,Codex source-annotation and full-image review,2026-09-12
uav_pdd2023::phash6_7af11605a8f8::tb_00450_top_left,uav_pdd2023,tb_00450_top_left,source_photo_00450,internal_test,yolo_train,true,data/external_uav/uav_pdd2023/extracted/JPEGImages/tb_00450_top_left.jpg,data/external_uav/uav_pdd2023/extracted/Annotations/tb_00450_top_left.xml,Repair,Contains only excluded visible distress,false,exclude_from_pilot,Validated source annotation contains only excluded classes: Repair.,Codex source-annotation and full-image review,2026-09-12
uav_pdd2023::phash6_929c82baf059::r180_00448_bottom_right,uav_pdd2023,r180_00448_bottom_right,source_photo_00448,internal_test,yolo_train,true,data/external_uav/uav_pdd2023/extracted/JPEGImages/r180_00448_bottom_right.jpg,data/external_uav/uav_pdd2023/extracted/Annotations/r180_00448_bottom_right.xml,Repair,Contains only excluded visible distress,false,exclude_from_pilot,Validated source annotation contains only excluded classes: Repair.,Codex source-annotation and full-image review,2026-09-12
uav_pdd2023::phash6_9865defe79aa::tb_00451_bottom_left,uav_pdd2023,tb_00451_bottom_left,source_photo_00451,internal_test,yolo_train,true,data/external_uav/uav_pdd2023/extracted/JPEGImages/tb_00451_bottom_left.jpg,data/external_uav/uav_pdd2023/extracted/Annotations/tb_00451_bottom_left.xml,Repair,Contains only excluded visible distress,false,exclude_from_pilot,Validated source annotation contains only excluded classes: Repair.,Codex source-annotation and full-image review,2026-09-12
uav_pdd2023::phash6_994639541446::tb_00490_bottom_left,uav_pdd2023,tb_00490_bottom_left,source_photo_00490,train,yolo_train,true,data/external_uav/uav_pdd2023/extracted/JPEGImages/tb_00490_bottom_left.jpg,data/external_uav/uav_pdd2023/extracted/Annotations/tb_00490_bottom_left.xml,Oblique crack,Contains only excluded visible distress,false,exclude_from_pilot,Validated source annotation contains only excluded classes: Oblique crack.,Codex source-annotation and full-image review,2026-09-12
uav_pdd2023::phash6_9ea13bf0902b::lr_00448_top_right,uav_pdd2023,lr_00448_top_right,source_photo_00448,internal_test,yolo_train,true,data/external_uav/uav_pdd2023/extracted/JPEGImages/lr_00448_top_right.jpg,data/external_uav/uav_pdd2023/extracted/Annotations/lr_00448_top_right.xml,Oblique crack|Repair,Contains only excluded visible distress,false,exclude_from_pilot,Validated source annotation contains only excluded classes: Oblique crack|Repair.,Codex source-annotation and full-image review,2026-09-12
uav_pdd2023::phash6_a2164ef4fc55::lr_00036_top_left,uav_pdd2023,lr_00036_top_left,source_photo_00036,internal_test,yolo_train,true,data/external_uav/uav_pdd2023/extracted/JPEGImages/lr_00036_top_left.jpg,data/external_uav/uav_pdd2023/extracted/Annotations/lr_00036_top_left.xml,Oblique crack,Contains only excluded visible distress,false,exclude_from_pilot,Validated source annotation contains only excluded classes: Oblique crack.,Codex source-annotation and full-image review,2026-09-12
uav_pdd2023::phash6_a8828c06745e::lr_00490_top_left,uav_pdd2023,lr_00490_top_left,source_photo_00490,train,dino_reference,false,data/external_uav/uav_pdd2023/extracted/JPEGImages/lr_00490_top_left.jpg,data/external_uav/uav_pdd2023/extracted/Annotations/lr_00490_top_left.xml,,Genuine healthy/background image,true,include_verified_negative,No visible pavement distress in full-image review.,Codex source-annotation and full-image review,2026-09-12
uav_pdd2023::phash6_ab0abb18795b::lr_00490_bottom_left,uav_pdd2023,lr_00490_bottom_left,source_photo_00490,train,yolo_train,true,data/external_uav/uav_pdd2023/extracted/JPEGImages/lr_00490_bottom_left.jpg,data/external_uav/uav_pdd2023/extracted/Annotations/lr_00490_bottom_left.xml,Oblique crack,Contains only excluded visible distress,false,exclude_from_pilot,Validated source annotation contains only excluded classes: Oblique crack.,Codex source-annotation and full-image review,2026-09-12
uav_pdd2023::phash6_b149f070b215::lr_00449_top_right,uav_pdd2023,lr_00449_top_right,source_photo_00449,calibration,yolo_train,true,data/external_uav/uav_pdd2023/extracted/JPEGImages/lr_00449_top_right.jpg,data/external_uav/uav_pdd2023/extracted/Annotations/lr_00449_top_right.xml,Oblique crack|Repair,Contains only excluded visible distress,false,exclude_from_pilot,Validated source annotation contains only excluded classes: Oblique crack|Repair.,Codex source-annotation and full-image review,2026-09-12
uav_pdd2023::phash6_c2e506755b3d::r180_00490_top_left,uav_pdd2023,r180_00490_top_left,source_photo_00490,train,dino_reference,false,data/external_uav/uav_pdd2023/extracted/JPEGImages/r180_00490_top_left.jpg,data/external_uav/uav_pdd2023/extracted/Annotations/r180_00490_top_left.xml,,Genuine healthy/background image,true,include_verified_negative,No visible pavement distress in full-image review.,Codex source-annotation and full-image review,2026-09-12
uav_pdd2023::phash6_d4da20ac2941::lr_00451_bottom_left,uav_pdd2023,lr_00451_bottom_left,source_photo_00451,internal_test,yolo_train,true,data/external_uav/uav_pdd2023/extracted/JPEGImages/lr_00451_bottom_left.jpg,data/external_uav/uav_pdd2023/extracted/Annotations/lr_00451_bottom_left.xml,Repair,Contains only excluded visible distress,false,exclude_from_pilot,Validated source annotation contains only excluded classes: Repair.,Codex source-annotation and full-image review,2026-09-12
uav_pdd2023::phash6_e2c5f0a47211::r180_00091_bottom_left,uav_pdd2023,r180_00091_bottom_left,source_photo_00091,internal_test,yolo_train,true,data/external_uav/uav_pdd2023/extracted/JPEGImages/r180_00091_bottom_left.jpg,data/external_uav/uav_pdd2023/extracted/Annotations/r180_00091_bottom_left.xml,Repair,Contains only excluded visible distress,false,exclude_from_pilot,Validated source annotation contains only excluded classes: Repair.,Codex source-annotation and full-image review,2026-09-12
uav_pdd2023::phash6_ef1d736f8e82::lr_00443_bottom_left,uav_pdd2023,lr_00443_bottom_left,source_photo_00443,internal_test,yolo_train,true,data/external_uav/uav_pdd2023/extracted/JPEGImages/lr_00443_bottom_left.jpg,data/external_uav/uav_pdd2023/extracted/Annotations/lr_00443_bottom_left.xml,Oblique crack,Contains only excluded visible distress,false,exclude_from_pilot,Validated source annotation contains only excluded classes: Oblique crack.,Codex source-annotation and full-image review,2026-09-12
uav_pdd2023::phash6_fb34df74baa1::lr_00445_bottom_left,uav_pdd2023,lr_00445_bottom_left,source_photo_00445,internal_test,yolo_train,true,data/external_uav/uav_pdd2023/extracted/JPEGImages/lr_00445_bottom_left.jpg,data/external_uav/uav_pdd2023/extracted/Annotations/lr_00445_bottom_left.xml,Repair,Contains only excluded visible distress,false,exclude_from_pilot,Validated source annotation contains only excluded classes: Repair.,Codex source-annotation and full-image review,2026-09-12
