model_id,model,sample_id,source,source_label,isolation_group_id,original_id,image_path,gt_objects,predicted_objects,tp,fp,fn,precision,recall,f1,mean_matched_iou,no_predictions,class_stats_json,ground_truth_json,predictions_json
m_uav0,M-UAV0,rdd2022_china_drone::phash6_02eb77e053ae::china_drone_001520,rdd2022_china_drone,China UAV,phash6_02eb77e053ae,China_Drone_001520,RoadSentinel_datasets/rdd2022_full/China_Drone/China_Drone/train/images/China_Drone_001520.jpg,1,0,0,0,1,0.0,0.0,0.0,0.0,true,"{""0"": {""fn"": 1, ""fp"": 0, ""gt"": 1, ""iou_sum"": 0.0, ""matched"": 0, ""pred"": 0, ""tp"": 0}, ""1"": {""fn"": 0, ""fp"": 0, ""gt"": 0, ""iou_sum"": 0.0, ""matched"": 0, ""pred"": 0, ""tp"": 0}, ""2"": {""fn"": 0, ""fp"": 0, ""gt"": 0, ""iou_sum"": 0.0, ""matched"": 0, ""pred"": 0, ""tp"": 0}, ""3"": {""fn"": 0, ""fp"": 0, ""gt"": 0, ""iou_sum"": 0.0, ""matched"": 0, ""pred"": 0, ""tp"": 0}}","[[0.0, 0.49609375, 0.0019531200000000026, 0.59960937, 0.2109375]]",[]
m_uav0,M-UAV0,rdd2022_china_drone::phash6_057bb1b164a3::china_drone_001682,rdd2022_china_drone,China UAV,phash6_057bb1b164a3,China_Drone_001682,RoadSentinel_datasets/rdd2022_full/China_Drone/China_Drone/train/images/China_Drone_001682.jpg,2,3,2,1,0,0.6666666666666666,1.0,0.8,0.7571175518583727,false,"{""0"": {""fn"": 0, ""fp"": 0, ""gt"": 0, ""iou_sum"": 0.0, ""matched"": 0, ""pred"": 0, ""tp"": 0}, ""1"": {""fn"": 0, ""fp"": 1, ""gt"": 2, ""iou_sum"": 1.5142351037167454, ""matched"": 2, ""pred"": 3, ""tp"": 2}, ""2"": {""fn"": 0, ""fp"": 0, ""gt"": 0, ""iou_sum"": 0.0, ""matched"": 0, ""pred"": 0, ""tp"": 0}, ""3"": {""fn"": 0, ""fp"": 0, ""gt"": 0, ""iou_sum"": 0.0, ""matched"": 0, ""pred"": 0, ""tp"": 0}}","[[1.0, 0.34179688, 0.359375, 0.43554688, 0.40820312000000003], [1.0, 0.589843755, 0.271484375, 1.000000005, 0.353515625]]","[[1.0, 0.343976229429245, 0.3688480854034424, 0.4399772584438324, 0.40824323892593384, 0.5593168139457703], [1.0, 0.6298989057540894, 0.2836271822452545, 1.0, 0.35239824652671814, 0.5471006631851196], [1.0, 0.6280303597450256, 0.24814529716968536, 0.9995293021202087, 0.35272303223609924, 0.2781503200531006]]"
m_uav0,M-UAV0,rdd2022_china_drone::phash6_063fb083a2ac::china_drone_002088,rdd2022_china_drone,China UAV,phash6_063fb083a2ac,China_Drone_002088,RoadSentinel_datasets/rdd2022_full/China_Drone/China_Drone/train/images/China_Drone_002088.jpg,1,0,0,0,1,0.0,0.0,0.0,0.0,true,"{""0"": {""fn"": 0, ""fp"": 0, ""gt"": 0, ""iou_sum"": 0.0, ""matched"": 0, ""pred"": 0, ""tp"": 0}, ""1"": {""fn"": 1, ""fp"": 0, ""gt"": 1, ""iou_sum"": 0.0, ""matched"": 0, ""pred"": 0, ""tp"": 0}, ""2"": {""fn"": 0, ""fp"": 0, ""gt"": 0, ""iou_sum"": 0.0, ""matched"": 0, ""pred"": 0, ""tp"": 0}, ""3"": {""fn"": 0, ""fp"": 0, ""gt"": 0, ""iou_sum"": 0.0, ""matched"": 0, ""pred"": 0, ""tp"": 0}}","[[1.0, 0.001953125, 0.81835938, 0.341796875, 1.0]]",[]
m_uav0,M-UAV0,rdd2022_china_drone::phash6_08f88e483beb::china_drone_000553,rdd2022_china_drone,China UAV,phash6_08f88e483beb,China_Drone_000553,RoadSentinel_datasets/rdd2022_full/China_Drone/China_Drone/train/images/China_Drone_000553.jpg,1,1,1,0,0,1.0,1.0,1.0,0.8558585077436554,false,"{""0"": {""fn"": 0, ""fp"": 0, ""gt"": 1, ""iou_sum"": 0.8558585077436554, ""matched"": 1, ""pred"": 1, ""tp"": 1}, ""1"": {""fn"": 0, ""fp"": 0, ""gt"": 0, ""iou_sum"": 0.0, ""matched"": 0, ""pred"": 0, ""tp"": 0}, ""2"": {""fn"": 0, ""fp"": 0, ""gt"": 0, ""iou_sum"": 0.0, ""matched"": 0, ""pred"": 0, ""tp"": 0}, ""3"": {""fn"": 0, ""fp"": 0, ""gt"": 0, ""iou_sum"": 0.0, ""matched"": 0, ""pred"": 0, ""tp"": 0}}","[[0.0, 0.6640625, 0.001953130000000025, 0.70898438, 0.44921875]]","[[0.0, 0.6639057993888855, 0.0016599654918536544, 0.7140511870384216, 0.4273659884929657, 0.8322219848632812]]"
m_uav0,M-UAV0,rdd2022_china_drone::phash6_0938ca56207f::china_drone_001858,rdd2022_china_drone,China UAV,phash6_0938ca56207f,China_Drone_001858,RoadSentinel_datasets/rdd2022_full/China_Drone/China_Drone/train/images/China_Drone_001858.jpg,2,2,0,2,2,0.0,0.0,0.0,0.0,false,"{""0"": {""fn"": 1, ""fp"": 1, ""gt"": 1, ""iou_sum"": 0.0, ""matched"": 0, ""pred"": 1, ""tp"": 0}, ""1"": {""fn"": 0, ""fp"": 0, ""gt"": 0, ""iou_sum"": 0.0, ""matched"": 0, ""pred"": 0, ""tp"": 0}, ""2"": {""fn"": 1, ""fp"": 1, ""gt"": 1, ""iou_sum"": 0.0, ""matched"": 0, ""pred"": 1, ""tp"": 0}, ""3"": {""fn"": 0, ""fp"": 0, ""gt"": 0, ""iou_sum"": 0.0, ""matched"": 0, ""pred"": 0, ""tp"": 0}}","[[2.0, 0.23632812000000003, 0.527343755, 1.0, 1.000000005], [0.0, 0.72460938, 0.11132811999999999, 0.7734375, 0.3203125]]","[[2.0, 0.6279239654541016, 0.5317389369010925, 0.9957441687583923, 1.0, 0.42927947640419006], [0.0, 0.7304007411003113, 0.027759050950407982, 0.79145348072052, 0.3094761371612549, 0.36198410391807556]]"
m_uav0,M-UAV0,rdd2022_china_drone::phash6_0baae3407993::china_drone_000571,rdd2022_china_drone,China UAV,phash6_0baae3407993,China_Drone_000571,RoadSentinel_datasets/rdd2022_full/China_Drone/China_Drone/train/images/China_Drone_000571.jpg,2,1,1,0,1,1.0,0.5,0.6666666666666666,0.9124596917658271,false,"{""0"": {""fn"": 1, ""fp"": 0, ""gt"": 2, ""iou_sum"": 0.9124596917658271, ""matched"": 1, ""pred"": 1, ""tp"": 1}, ""1"": {""fn"": 0, ""fp"": 0, ""gt"": 0, ""iou_sum"": 0.0, ""matched"": 0, ""pred"": 0, ""tp"": 0}, ""2"": {""fn"": 0, ""fp"": 0, ""gt"": 0, ""iou_sum"": 0.0, ""matched"": 0, ""pred"": 0, ""tp"": 0}, ""3"": {""fn"": 0, ""fp"": 0, ""gt"": 0, ""iou_sum"": 0.0, ""matched"": 0, ""pred"": 0, ""tp"": 0}}","[[0.0, 0.46289062000000003, 0.57617188, 0.5625, 1.0], [0.0, 0.796875, 0.0019531200000000026, 0.8515625, 0.234375]]","[[0.0, 0.4579894244670868, 0.5914444327354431, 0.5633069276809692, 0.9995075464248657, 0.3069407641887665]]"
m_uav0,M-UAV0,rdd2022_china_drone::phash6_0c8d6cdd6b16::china_drone_001765,rdd2022_china_drone,China UAV,phash6_0c8d6cdd6b16,China_Drone_001765,RoadSentinel_datasets/rdd2022_full/China_Drone/China_Drone/train/images/China_Drone_001765.jpg,2,2,2,0,0,1.0,1.0,1.0,0.7909783269336116,false,"{""0"": {""fn"": 0, ""fp"": 0, ""gt"": 1, ""iou_sum"": 0.7790593082256807, ""matched"": 1, ""pred"": 1, ""tp"": 1}, ""1"": {""fn"": 0, ""fp"": 0, ""gt"": 1, ""iou_sum"": 0.8028973456415425, ""matched"": 1, ""pred"": 1, ""tp"": 1}, ""2"": {""fn"": 0, ""fp"": 0, ""gt"": 0, ""iou_sum"": 0.0, ""matched"": 0, ""pred"": 0, ""tp"": 0}, ""3"": {""fn"": 0, ""fp"": 0, ""gt"": 0, ""iou_sum"": 0.0, ""matched"": 0, ""pred"": 0, ""tp"": 0}}","[[0.0, 0.21484375, 0.42578125, 0.25585937, 0.54492187], [1.0, 0.16210937, 0.82226562, 0.48046875, 0.88476562]]","[[1.0, 0.1356745809316635, 0.8166878819465637, 0.47004443407058716, 0.8832087516784668, 0.5855302810668945], [0.0, 0.2123461216688156, 0.4205840229988098, 0.26261335611343384, 0.5444068312644958, 0.4029967486858368]]"
m_uav0,M-UAV0,rdd2022_china_drone::phash6_1045729235da::china_drone_000784,rdd2022_china_drone,China UAV,phash6_1045729235da,China_Drone_000784,RoadSentinel_datasets/rdd2022_full/China_Drone/China_Drone/train/images/China_Drone_000784.jpg,1,1,1,0,0,1.0,1.0,1.0,0.8161841459394026,false,"{""0"": {""fn"": 0, ""fp"": 0, ""gt"": 1, ""iou_sum"": 0.8161841459394026, ""matched"": 1, ""pred"": 1, ""tp"": 1}, ""1"": {""fn"": 0, ""fp"": 0, ""gt"": 0, ""iou_sum"": 0.0, ""matched"": 0, ""pred"": 0, ""tp"": 0}, ""2"": {""fn"": 0, ""fp"": 0, ""gt"": 0, ""iou_sum"": 0.0, ""matched"": 0, ""pred"": 0, ""tp"": 0}, ""3"": {""fn"": 0, ""fp"": 0, ""gt"": 0, ""iou_sum"": 0.0, ""matched"": 0, ""pred"": 0, ""tp"": 0}}","[[0.0, 0.625, 0.0019531200000000026, 0.6796875, 0.23632812]]","[[0.0, 0.6164485216140747, 0.0018616676097735763, 0.68254154920578, 0.23259715735912323, 0.5335642695426941]]"
m_uav0,M-UAV0,rdd2022_china_drone::phash6_10d75093cc32::china_drone_000030,rdd2022_china_drone,China UAV,phash6_10d75093cc32,China_Drone_000030,RoadSentinel_datasets/rdd2022_full/China_Drone/China_Drone/train/images/China_Drone_000030.jpg,2,3,2,1,0,0.6666666666666666,1.0,0.8,0.5760392971320749,false,"{""0"": {""fn"": 0, ""fp"": 1, ""gt"": 0, ""iou_sum"": 0.0, ""matched"": 0, ""pred"": 1, ""tp"": 0}, ""1"": {""fn"": 0, ""fp"": 0, ""gt"": 2, ""iou_sum"": 1.1520785942641498, ""matched"": 2, ""pred"": 2, ""tp"": 2}, ""2"": {""fn"": 0, ""fp"": 0, ""gt"": 0, ""iou_sum"": 0.0, ""matched"": 0, ""pred"": 0, ""tp"": 0}, ""3"": {""fn"": 0, ""fp"": 0, ""gt"": 0, ""iou_sum"": 0.0, ""matched"": 0, ""pred"": 0, ""tp"": 0}}","[[1.0, 0.14453125000000003, 0.269531255, 0.59960937, 0.351562505], [1.0, 0.69921875, 0.2265625, 0.84960937, 0.27539062000000003]]","[[1.0, 0.010747385211288929, 0.2712676227092743, 0.608387291431427, 0.3724214732646942, 0.5671466588973999], [1.0, 0.6939861178398132, 0.2387659102678299, 0.8839171528816223, 0.28131410479545593, 0.5373102426528931], [0.0, 0.18413697183132172, 0.6014645099639893, 0.2395784854888916, 1.0, 0.4116078019142151]]"
m_uav0,M-UAV0,rdd2022_china_drone::phash6_12ac2baffa46::china_drone_002292,rdd2022_china_drone,China UAV,phash6_12ac2baffa46,China_Drone_002292,RoadSentinel_datasets/rdd2022_full/China_Drone/China_Drone/train/images/China_Drone_002292.jpg,1,1,1,0,0,1.0,1.0,1.0,0.8919932902114671,false,"{""0"": {""fn"": 0, ""fp"": 0, ""gt"": 0, ""iou_sum"": 0.0, ""matched"": 0, ""pred"": 0, ""tp"": 0}, ""1"": {""fn"": 0, ""fp"": 0, ""gt"": 1, ""iou_sum"": 0.8919932902114671, ""matched"": 1, ""pred"": 1, ""tp"": 1}, ""2"": {""fn"": 0, ""fp"": 0, ""gt"": 0, ""iou_sum"": 0.0, ""matched"": 0, ""pred"": 0, ""tp"": 0}, ""3"": {""fn"": 0, ""fp"": 0, ""gt"": 0, ""iou_sum"": 0.0, ""matched"": 0, ""pred"": 0, ""tp"": 0}}","[[1.0, 0.169921875, 0.72265625, 0.634765625, 0.83398437]]","[[1.0, 0.18010425567626953, 0.727193295955658, 0.6297019124031067, 0.8298646807670593, 0.4991110861301422]]"
m_uav0,M-UAV0,rdd2022_china_drone::phash6_15a8a403bb91::china_drone_001434,rdd2022_china_drone,China UAV,phash6_15a8a403bb91,China_Drone_001434,RoadSentinel_datasets/rdd2022_full/China_Drone/China_Drone/train/images/China_Drone_001434.jpg,1,0,0,0,1,0.0,0.0,0.0,0.0,true,"{""0"": {""fn"": 1, ""fp"": 0, ""gt"": 1, ""iou_sum"": 0.0, ""matched"": 0, ""pred"": 0, ""tp"": 0}, ""1"": {""fn"": 0, ""fp"": 0, ""gt"": 0, ""iou_sum"": 0.0, ""matched"": 0, ""pred"": 0, ""tp"": 0}, ""2"": {""fn"": 0, ""fp"": 0, ""gt"": 0, ""iou_sum"": 0.0, ""matched"": 0, ""pred"": 0, ""tp"": 0}, ""3"": {""fn"": 0, ""fp"": 0, ""gt"": 0, ""iou_sum"": 0.0, ""matched"": 0, ""pred"": 0, ""tp"": 0}}","[[0.0, 0.63085938, 0.523437495, 0.9921875, 0.652343745]]",[]
m_uav0,M-UAV0,rdd2022_china_drone::phash6_16127146e9f2::china_drone_002347,rdd2022_china_drone,China UAV,phash6_16127146e9f2,China_Drone_002347,RoadSentinel_datasets/rdd2022_full/China_Drone/China_Drone/train/images/China_Drone_002347.jpg,1,0,0,0,1,0.0,0.0,0.0,0.0,true,"{""0"": {""fn"": 1, ""fp"": 0, ""gt"": 1, ""iou_sum"": 0.0, ""matched"": 0, ""pred"": 0, ""tp"": 0}, ""1"": {""fn"": 0, ""fp"": 0, ""gt"": 0, ""iou_sum"": 0.0, ""matched"": 0, ""pred"": 0, ""tp"": 0}, ""2"": {""fn"": 0, ""fp"": 0, ""gt"": 0, ""iou_sum"": 0.0, ""matched"": 0, ""pred"": 0, ""tp"": 0}, ""3"": {""fn"": 0, ""fp"": 0, ""gt"": 0, ""iou_sum"": 0.0, ""matched"": 0, ""pred"": 0, ""tp"": 0}}","[[0.0, 0.191406255, 0.66210938, 0.242187505, 1.0]]",[]
m_uav0,M-UAV0,rdd2022_china_drone::phash6_193f0d5a669f::china_drone_001218,rdd2022_china_drone,China UAV,phash6_193f0d5a669f,China_Drone_001218,RoadSentinel_datasets/rdd2022_full/China_Drone/China_Drone/train/images/China_Drone_001218.jpg,1,3,0,3,1,0.0,0.0,0.0,0.0,false,"{""0"": {""fn"": 0, ""fp"": 1, ""gt"": 0, ""iou_sum"": 0.0, ""matched"": 0, ""pred"": 1, ""tp"": 0}, ""1"": {""fn"": 0, ""fp"": 2, ""gt"": 0, ""iou_sum"": 0.0, ""matched"": 0, ""pred"": 2, ""tp"": 0}, ""2"": {""fn"": 1, ""fp"": 0, ""gt"": 1, ""iou_sum"": 0.0, ""matched"": 0, ""pred"": 0, ""tp"": 0}, ""3"": {""fn"": 0, ""fp"": 0, ""gt"": 0, ""iou_sum"": 0.0, ""matched"": 0, ""pred"": 0, ""tp"": 0}}","[[2.0, 0.001953130000000025, 0.0019531200000000026, 0.41796875, 0.12695312]]","[[0.0, 0.4352743327617645, 0.0, 0.4949033856391907, 0.3196524977684021, 0.3864169418811798], [1.0, 0.05915374681353569, 0.3491267263889313, 0.6141806840896606, 0.4466293454170227, 0.3016255497932434], [1.0, 0.045502375811338425, 0.3749259412288666, 0.5038127303123474, 0.441389799118042, 0.2567175328731537]]"
m_uav0,M-UAV0,rdd2022_china_drone::phash6_1b1f4861d0ef::china_drone_000514,rdd2022_china_drone,China UAV,phash6_1b1f4861d0ef,China_Drone_000514,RoadSentinel_datasets/rdd2022_full/China_Drone/China_Drone/train/images/China_Drone_000514.jpg,1,4,1,3,0,0.25,1.0,0.4,0.8207965710522512,false,"{""0"": {""fn"": 0, ""fp"": 1, ""gt"": 1, ""iou_sum"": 0.8207965710522512, ""matched"": 1, ""pred"": 2, ""tp"": 1}, ""1"": {""fn"": 0, ""fp"": 2, ""gt"": 0, ""iou_sum"": 0.0, ""matched"": 0, ""pred"": 2, ""tp"": 0}, ""2"": {""fn"": 0, ""fp"": 0, ""gt"": 0, ""iou_sum"": 0.0, ""matched"": 0, ""pred"": 0, ""tp"": 0}, ""3"": {""fn"": 0, ""fp"": 0, ""gt"": 0, ""iou_sum"": 0.0, ""matched"": 0, ""pred"": 0, ""tp"": 0}}","[[0.0, 0.22070313000000003, 0.68554688, 0.26953125, 1.0]]","[[0.0, 0.2150954306125641, 0.6893261075019836, 0.2739901542663574, 1.0, 0.652106761932373], [1.0, 0.18390296399593353, 0.134548619389534, 0.7276977896690369, 0.20456281304359436, 0.519744873046875], [0.0, 0.5159291625022888, 0.0, 0.5665457844734192, 0.05630326271057129, 0.2765556275844574], [1.0, 0.11464583873748779, 0.1443493366241455, 0.8260844349861145, 0.21708451211452484, 0.2543486952781677]]"
m_uav0,M-UAV0,rdd2022_china_drone::phash6_1c18c0e5ad1f::china_drone_000000,rdd2022_china_drone,China UAV,phash6_1c18c0e5ad1f,China_Drone_000000,RoadSentinel_datasets/rdd2022_full/China_Drone/China_Drone/train/images/China_Drone_000000.jpg,1,0,0,0,1,0.0,0.0,0.0,0.0,true,"{""0"": {""fn"": 0, ""fp"": 0, ""gt"": 0, ""iou_sum"": 0.0, ""matched"": 0, ""pred"": 0, ""tp"": 0}, ""1"": {""fn"": 1, ""fp"": 0, ""gt"": 1, ""iou_sum"": 0.0, ""matched"": 0, ""pred"": 0, ""tp"": 0}, ""2"": {""fn"": 0, ""fp"": 0, ""gt"": 0, ""iou_sum"": 0.0, ""matched"": 0, ""pred"": 0, ""tp"": 0}, ""3"": {""fn"": 0, ""fp"": 0, ""gt"": 0, ""iou_sum"": 0.0, ""matched"": 0, ""pred"": 0, ""tp"": 0}}","[[1.0, 0.63085937, 0.41601562, 0.76171875, 0.47851562]]",[]
m_uav0,M-UAV0,rdd2022_china_drone::phash6_1d87c7c7a617::china_drone_001064,rdd2022_china_drone,China UAV,phash6_1d87c7c7a617,China_Drone_001064,RoadSentinel_datasets/rdd2022_full/China_Drone/China_Drone/train/images/China_Drone_001064.jpg,1,0,0,0,1,0.0,0.0,0.0,0.0,true,"{""0"": {""fn"": 1, ""fp"": 0, ""gt"": 1, ""iou_sum"": 0.0, ""matched"": 0, ""pred"": 0, ""tp"": 0}, ""1"": {""fn"": 0, ""fp"": 0, ""gt"": 0, ""iou_sum"": 0.0, ""matched"": 0, ""pred"": 0, ""tp"": 0}, ""2"": {""fn"": 0, ""fp"": 0, ""gt"": 0, ""iou_sum"": 0.0, ""matched"": 0, ""pred"": 0, ""tp"": 0}, ""3"": {""fn"": 0, ""fp"": 0, ""gt"": 0, ""iou_sum"": 0.0, ""matched"": 0, ""pred"": 0, ""tp"": 0}}","[[0.0, 0.0019531200000000026, 0.0019531200000000026, 0.2265625, 0.34570312000000003]]",[]
m_uav0,M-UAV0,rdd2022_china_drone::phash6_1f71bd340f8a::china_drone_000991,rdd2022_china_drone,China UAV,phash6_1f71bd340f8a,China_Drone_000991,RoadSentinel_datasets/rdd2022_full/China_Drone/China_Drone/train/images/China_Drone_000991.jpg,2,4,2,2,0,0.5,1.0,0.6666666666666666,0.6596228656078731,false,"{""0"": {""fn"": 0, ""fp"": 2, ""gt"": 2, ""iou_sum"": 1.3192457312157462, ""matched"": 2, ""pred"": 4, ""tp"": 2}, ""1"": {""fn"": 0, ""fp"": 0, ""gt"": 0, ""iou_sum"": 0.0, ""matched"": 0, ""pred"": 0, ""tp"": 0}, ""2"": {""fn"": 0, ""fp"": 0, ""gt"": 0, ""iou_sum"": 0.0, ""matched"": 0, ""pred"": 0, ""tp"": 0}, ""3"": {""fn"": 0, ""fp"": 0, ""gt"": 0, ""iou_sum"": 0.0, ""matched"": 0, ""pred"": 0, ""tp"": 0}}","[[0.0, 0.40625, 0.03125, 0.4765625, 0.46875], [0.0, 0.431640625, 0.48632812999999997, 0.466796875, 0.71484375]]","[[0.0, 0.42955657839775085, 0.47076353430747986, 0.47869330644607544, 0.718551516532898, 0.5184938907623291], [0.0, 0.4216662347316742, 0.0029469013679772615, 0.4706496298313141, 0.46402865648269653, 0.47382718324661255], [0.0, 0.3035927712917328, 0.8453842401504517, 0.3543105125427246, 1.0, 0.4281580448150635], [0.0, 0.3139488399028778, 0.4698355793952942, 0.36110231280326843, 0.7740883827209473, 0.2916707694530487]]"
m_uav0,M-UAV0,rdd2022_china_drone::phash6_24f56194d024::china_drone_000700,rdd2022_china_drone,China UAV,phash6_24f56194d024,China_Drone_000700,RoadSentinel_datasets/rdd2022_full/China_Drone/China_Drone/train/images/China_Drone_000700.jpg,1,0,0,0,1,0.0,0.0,0.0,0.0,true,"{""0"": {""fn"": 1, ""fp"": 0, ""gt"": 1, ""iou_sum"": 0.0, ""matched"": 0, ""pred"": 0, ""tp"": 0}, ""1"": {""fn"": 0, ""fp"": 0, ""gt"": 0, ""iou_sum"": 0.0, ""matched"": 0, ""pred"": 0, ""tp"": 0}, ""2"": {""fn"": 0, ""fp"": 0, ""gt"": 0, ""iou_sum"": 0.0, ""matched"": 0, ""pred"": 0, ""tp"": 0}, ""3"": {""fn"": 0, ""fp"": 0, ""gt"": 0, ""iou_sum"": 0.0, ""matched"": 0, ""pred"": 0, ""tp"": 0}}","[[0.0, 0.11718750000000001, 0.3828125, 0.18554688000000003, 0.71679688]]",[]
m_uav0,M-UAV0,rdd2022_china_drone::phash6_26dd94796f23::china_drone_001149,rdd2022_china_drone,China UAV,phash6_26dd94796f23,China_Drone_001149,RoadSentinel_datasets/rdd2022_full/China_Drone/China_Drone/train/images/China_Drone_001149.jpg,6,6,3,3,3,0.5,0.5,0.5,0.7737942860487523,false,"{""0"": {""fn"": 0, ""fp"": 2, ""gt"": 2, ""iou_sum"": 1.631863571024496, ""matched"": 2, ""pred"": 4, ""tp"": 2}, ""1"": {""fn"": 1, ""fp"": 1, ""gt"": 2, ""iou_sum"": 0.6895192871217612, ""matched"": 1, ""pred"": 2, ""tp"": 1}, ""2"": {""fn"": 2, ""fp"": 0, ""gt"": 2, ""iou_sum"": 0.0, ""matched"": 0, ""pred"": 0, ""tp"": 0}, ""3"": {""fn"": 0, ""fp"": 0, ""gt"": 0, ""iou_sum"": 0.0, ""matched"": 0, ""pred"": 0, ""tp"": 0}}","[[0.0, 0.30273437999999997, 0.00390625, 0.359375, 0.54296875], [0.0, 0.5703125, 0.25585937000000003, 0.61523438, 0.64453125], [1.0, 0.005859375, 0.86914063, 0.244140625, 0.91796875], [2.0, 0.24804687999999997, 0.85351563, 0.4140625, 0.95507813], [2.0, 0.49609375, 0.82226563, 0.80859375, 0.94921875], [1.0, 0.839843755, 0.88476562, 1.000000005, 0.9296875]]","[[0.0, 0.5647708773612976, 0.20809097588062286, 0.6180889010429382, 0.646110475063324, 0.4691290855407715], [0.0, 0.3017455041408539, 0.0, 0.36520424485206604, 0.5416883826255798, 0.4646470248699188], [1.0, 0.0, 0.8654770255088806, 0.27811744809150696, 0.9261485934257507, 0.38299521803855896], [1.0, 0.3999701738357544, 0.8640062212944031, 1.0, 0.9434229135513306, 0.3516843318939209], [0.0, 0.2910127639770508, 0.0, 0.35287848114967346, 0.5621650218963623, 0.3130047619342804], [0.0, 0.30553388595581055, 0.0, 0.37524518370628357, 0.6578029990196228, 0.26270216703414917]]"
m_uav0,M-UAV0,rdd2022_china_drone::phash6_288414d59d6e::china_drone_001104,rdd2022_china_drone,China UAV,phash6_288414d59d6e,China_Drone_001104,RoadSentinel_datasets/rdd2022_full/China_Drone/China_Drone/train/images/China_Drone_001104.jpg,2,2,2,0,0,1.0,1.0,1.0,0.6898788785271729,false,"{""0"": {""fn"": 0, ""fp"": 0, ""gt"": 2, ""iou_sum"": 1.3797577570543458, ""matched"": 2, ""pred"": 2, ""tp"": 2}, ""1"": {""fn"": 0, ""fp"": 0, ""gt"": 0, ""iou_sum"": 0.0, ""matched"": 0, ""pred"": 0, ""tp"": 0}, ""2"": {""fn"": 0, ""fp"": 0, ""gt"": 0, ""iou_sum"": 0.0, ""matched"": 0, ""pred"": 0, ""tp"": 0}, ""3"": {""fn"": 0, ""fp"": 0, ""gt"": 0, ""iou_sum"": 0.0, ""matched"": 0, ""pred"": 0, ""tp"": 0}}","[[0.0, 0.859374995, 0.667968755, 0.910156245, 1.000000005], [0.0, 0.88085938, 0.12500000000000003, 0.92773438, 0.38476562000000003]]","[[0.0, 0.8518277406692505, 0.6553171277046204, 0.9146187901496887, 0.9954986572265625, 0.5901929140090942], [0.0, 0.8809178471565247, 0.048244476318359375, 0.9392651915550232, 0.38005349040031433, 0.3415423631668091]]"
m_uav0,M-UAV0,rdd2022_china_drone::phash6_2b8a30163cc7::china_drone_000641,rdd2022_china_drone,China UAV,phash6_2b8a30163cc7,China_Drone_000641,RoadSentinel_datasets/rdd2022_full/China_Drone/China_Drone/train/images/China_Drone_000641.jpg,2,2,1,1,1,0.5,0.5,0.5,0.6971036344452411,false,"{""0"": {""fn"": 0, ""fp"": 0, ""gt"": 1, ""iou_sum"": 0.6971036344452411, ""matched"": 1, ""pred"": 1, ""tp"": 1}, ""1"": {""fn"": 0, ""fp"": 1, ""gt"": 0, ""iou_sum"": 0.0, ""matched"": 0, ""pred"": 1, ""tp"": 0}, ""2"": {""fn"": 1, ""fp"": 0, ""gt"": 1, ""iou_sum"": 0.0, ""matched"": 0, ""pred"": 0, ""tp"": 0}, ""3"": {""fn"": 0, ""fp"": 0, ""gt"": 0, ""iou_sum"": 0.0, ""matched"": 0, ""pred"": 0, ""tp"": 0}}","[[0.0, 0.8828125, 0.07812499499999997, 0.93945312, 0.488281245], [2.0, 0.8125, 0.570312505, 0.99804688, 0.769531255]]","[[0.0, 0.8686162829399109, 0.0800517126917839, 0.9344032406806946, 0.468466579914093, 0.6252497434616089], [1.0, 0.0016813755501061678, 0.3381233215332031, 0.46528178453445435, 0.43935200572013855, 0.26092246174812317]]"
m_uav0,M-UAV0,rdd2022_china_drone::phash6_2bc3f6b3ea20::china_drone_001839,rdd2022_china_drone,China UAV,phash6_2bc3f6b3ea20,China_Drone_001839,RoadSentinel_datasets/rdd2022_full/China_Drone/China_Drone/train/images/China_Drone_001839.jpg,1,1,1,0,0,1.0,1.0,1.0,0.7640677737903474,false,"{""0"": {""fn"": 0, ""fp"": 0, ""gt"": 1, ""iou_sum"": 0.7640677737903474, ""matched"": 1, ""pred"": 1, ""tp"": 1}, ""1"": {""fn"": 0, ""fp"": 0, ""gt"": 0, ""iou_sum"": 0.0, ""matched"": 0, ""pred"": 0, ""tp"": 0}, ""2"": {""fn"": 0, ""fp"": 0, ""gt"": 0, ""iou_sum"": 0.0, ""matched"": 0, ""pred"": 0, ""tp"": 0}, ""3"": {""fn"": 0, ""fp"": 0, ""gt"": 0, ""iou_sum"": 0.0, ""matched"": 0, ""pred"": 0, ""tp"": 0}}","[[0.0, 0.42773437000000003, 0.0019531299999999696, 0.54296875, 0.71484375]]","[[0.0, 0.4274587333202362, 0.0, 0.5356608033180237, 0.5861687064170837, 0.3337588906288147]]"
m_uav0,M-UAV0,rdd2022_china_drone::phash6_319ea13ec609::china_drone_000878,rdd2022_china_drone,China UAV,phash6_319ea13ec609,China_Drone_000878,RoadSentinel_datasets/rdd2022_full/China_Drone/China_Drone/train/images/China_Drone_000878.jpg,1,1,1,0,0,1.0,1.0,1.0,0.8770952241909394,false,"{""0"": {""fn"": 0, ""fp"": 0, ""gt"": 0, ""iou_sum"": 0.0, ""matched"": 0, ""pred"": 0, ""tp"": 0}, ""1"": {""fn"": 0, ""fp"": 0, ""gt"": 0, ""iou_sum"": 0.0, ""matched"": 0, ""pred"": 0, ""tp"": 0}, ""2"": {""fn"": 0, ""fp"": 0, ""gt"": 1, ""iou_sum"": 0.8770952241909394, ""matched"": 1, ""pred"": 1, ""tp"": 1}, ""3"": {""fn"": 0, ""fp"": 0, ""gt"": 0, ""iou_sum"": 0.0, ""matched"": 0, ""pred"": 0, ""tp"": 0}}","[[2.0, 0.78320312, 0.06640624999999999, 1.0, 0.22460936999999997]]","[[2.0, 0.795207679271698, 0.06736534088850021, 1.0, 0.2142583578824997, 0.4667024612426758]]"
m_uav0,M-UAV0,rdd2022_china_drone::phash6_388bec64e9f3::china_drone_000673,rdd2022_china_drone,China UAV,phash6_388bec64e9f3,China_Drone_000673,RoadSentinel_datasets/rdd2022_full/China_Drone/China_Drone/train/images/China_Drone_000673.jpg,1,1,1,0,0,1.0,1.0,1.0,0.8018729059806582,false,"{""0"": {""fn"": 0, ""fp"": 0, ""gt"": 0, ""iou_sum"": 0.0, ""matched"": 0, ""pred"": 0, ""tp"": 0}, ""1"": {""fn"": 0, ""fp"": 0, ""gt"": 1, ""iou_sum"": 0.8018729059806582, ""matched"": 1, ""pred"": 1, ""tp"": 1}, ""2"": {""fn"": 0, ""fp"": 0, ""gt"": 0, ""iou_sum"": 0.0, ""matched"": 0, ""pred"": 0, ""tp"": 0}, ""3"": {""fn"": 0, ""fp"": 0, ""gt"": 0, ""iou_sum"": 0.0, ""matched"": 0, ""pred"": 0, ""tp"": 0}}","[[1.0, 0.298828125, 0.341796875, 0.982421875, 0.408203125]]","[[1.0, 0.34616830945014954, 0.3345280587673187, 0.9848331809043884, 0.41210705041885376, 0.646448016166687]]"
m_uav0,M-UAV0,rdd2022_china_drone::phash6_3c2e400c8ae6::china_drone_000405,rdd2022_china_drone,China UAV,phash6_3c2e400c8ae6,China_Drone_000405,RoadSentinel_datasets/rdd2022_full/China_Drone/China_Drone/train/images/China_Drone_000405.jpg,1,1,1,0,0,1.0,1.0,1.0,0.8231315457117923,false,"{""0"": {""fn"": 0, ""fp"": 0, ""gt"": 1, ""iou_sum"": 0.8231315457117923, ""matched"": 1, ""pred"": 1, ""tp"": 1}, ""1"": {""fn"": 0, ""fp"": 0, ""gt"": 0, ""iou_sum"": 0.0, ""matched"": 0, ""pred"": 0, ""tp"": 0}, ""2"": {""fn"": 0, ""fp"": 0, ""gt"": 0, ""iou_sum"": 0.0, ""matched"": 0, ""pred"": 0, ""tp"": 0}, ""3"": {""fn"": 0, ""fp"": 0, ""gt"": 0, ""iou_sum"": 0.0, ""matched"": 0, ""pred"": 0, ""tp"": 0}}","[[0.0, 0.605468755, 0.69921875, 1.000000005, 0.99804687]]","[[0.0, 0.6018339991569519, 0.642671525478363, 0.9968679547309875, 1.0, 0.5403241515159607]]"
m_uav0,M-UAV0,rdd2022_china_drone::phash6_4b88dad0221d::china_drone_000589,rdd2022_china_drone,China UAV,phash6_4b88dad0221d,China_Drone_000589,RoadSentinel_datasets/rdd2022_full/China_Drone/China_Drone/train/images/China_Drone_000589.jpg,1,3,0,3,1,0.0,0.0,0.0,0.0,false,"{""0"": {""fn"": 1, ""fp"": 0, ""gt"": 1, ""iou_sum"": 0.0, ""matched"": 0, ""pred"": 0, ""tp"": 0}, ""1"": {""fn"": 0, ""fp"": 3, ""gt"": 0, ""iou_sum"": 0.0, ""matched"": 0, ""pred"": 3, ""tp"": 0}, ""2"": {""fn"": 0, ""fp"": 0, ""gt"": 0, ""iou_sum"": 0.0, ""matched"": 0, ""pred"": 0, ""tp"": 0}, ""3"": {""fn"": 0, ""fp"": 0, ""gt"": 0, ""iou_sum"": 0.0, ""matched"": 0, ""pred"": 0, ""tp"": 0}}","[[0.0, 0.0019531199999999749, 0.5, 0.3671875, 0.66601562]]","[[1.0, 0.0, 0.7494692206382751, 0.5442335605621338, 0.8321394324302673, 0.52684485912323], [1.0, 0.0015969753731042147, 0.4699821472167969, 0.45771700143814087, 0.7102846503257751, 0.33814871311187744], [1.0, 0.001569986343383789, 0.7610477805137634, 0.3631002604961395, 0.8283084034919739, 0.282619446516037]]"
m_uav0,M-UAV0,rdd2022_china_drone::phash6_4e3b9b53c2c9::china_drone_002228,rdd2022_china_drone,China UAV,phash6_4e3b9b53c2c9,China_Drone_002228,RoadSentinel_datasets/rdd2022_full/China_Drone/China_Drone/train/images/China_Drone_002228.jpg,2,2,2,0,0,1.0,1.0,1.0,0.7381463132110223,false,"{""0"": {""fn"": 0, ""fp"": 0, ""gt"": 1, ""iou_sum"": 0.657366104086178, ""matched"": 1, ""pred"": 1, ""tp"": 1}, ""1"": {""fn"": 0, ""fp"": 0, ""gt"": 1, ""iou_sum"": 0.8189265223358666, ""matched"": 1, ""pred"": 1, ""tp"": 1}, ""2"": {""fn"": 0, ""fp"": 0, ""gt"": 0, ""iou_sum"": 0.0, ""matched"": 0, ""pred"": 0, ""tp"": 0}, ""3"": {""fn"": 0, ""fp"": 0, ""gt"": 0, ""iou_sum"": 0.0, ""matched"": 0, ""pred"": 0, ""tp"": 0}}","[[1.0, 0.0019531200000000026, 0.4921875, 0.18945312, 0.54101562], [0.0, 0.902343755, 0.021484379999999997, 1.000000005, 0.42773437999999997]]","[[1.0, 0.0, 0.4958118498325348, 0.17734086513519287, 0.5434833765029907, 0.39943844079971313], [0.0, 0.8681545257568359, 0.0, 0.994933545589447, 0.4351029396057129, 0.3506593406200409]]"
m_uav0,M-UAV0,rdd2022_china_drone::phash6_4e9446aea53a::china_drone_001022,rdd2022_china_drone,China UAV,phash6_4e9446aea53a,China_Drone_001022,RoadSentinel_datasets/rdd2022_full/China_Drone/China_Drone/train/images/China_Drone_001022.jpg,1,1,1,0,0,1.0,1.0,1.0,0.8219488074553042,false,"{""0"": {""fn"": 0, ""fp"": 0, ""gt"": 0, ""iou_sum"": 0.0, ""matched"": 0, ""pred"": 0, ""tp"": 0}, ""1"": {""fn"": 0, ""fp"": 0, ""gt"": 1, ""iou_sum"": 0.8219488074553042, ""matched"": 1, ""pred"": 1, ""tp"": 1}, ""2"": {""fn"": 0, ""fp"": 0, ""gt"": 0, ""iou_sum"": 0.0, ""matched"": 0, ""pred"": 0, ""tp"": 0}, ""3"": {""fn"": 0, ""fp"": 0, ""gt"": 0, ""iou_sum"": 0.0, ""matched"": 0, ""pred"": 0, ""tp"": 0}}","[[1.0, 0.68945312, 0.38085937999999997, 1.0, 0.453125]]","[[1.0, 0.6906309723854065, 0.3705635964870453, 1.0, 0.4489467740058899, 0.5641433000564575]]"
m_uav0,M-UAV0,rdd2022_china_drone::phash6_4ea3b7e1c64a::china_drone_000763,rdd2022_china_drone,China UAV,phash6_4ea3b7e1c64a,China_Drone_000763,RoadSentinel_datasets/rdd2022_full/China_Drone/China_Drone/train/images/China_Drone_000763.jpg,1,3,0,3,1,0.0,0.0,0.0,0.0,false,"{""0"": {""fn"": 1, ""fp"": 3, ""gt"": 1, ""iou_sum"": 0.0, ""matched"": 0, ""pred"": 3, ""tp"": 0}, ""1"": {""fn"": 0, ""fp"": 0, ""gt"": 0, ""iou_sum"": 0.0, ""matched"": 0, ""pred"": 0, ""tp"": 0}, ""2"": {""fn"": 0, ""fp"": 0, ""gt"": 0, ""iou_sum"": 0.0, ""matched"": 0, ""pred"": 0, ""tp"": 0}, ""3"": {""fn"": 0, ""fp"": 0, ""gt"": 0, ""iou_sum"": 0.0, ""matched"": 0, ""pred"": 0, ""tp"": 0}}","[[0.0, 0.37890625, 0.0019531299999999696, 0.46679687000000003, 0.80859375]]","[[0.0, 0.3868626058101654, 0.13703660666942596, 0.4489000737667084, 0.5251604914665222, 0.5791114568710327], [0.0, 0.4359912872314453, 0.0005077719688415527, 0.48466625809669495, 0.14405570924282074, 0.3388768434524536], [0.0, 0.38354307413101196, 0.3757648169994354, 0.44687142968177795, 0.624612033367157, 0.3373742997646332]]"
m_uav0,M-UAV0,rdd2022_china_drone::phash6_4fa48fbc8427::china_drone_001556,rdd2022_china_drone,China UAV,phash6_4fa48fbc8427,China_Drone_001556,RoadSentinel_datasets/rdd2022_full/China_Drone/China_Drone/train/images/China_Drone_001556.jpg,1,4,1,3,0,0.25,1.0,0.4,0.6171479819458686,false,"{""0"": {""fn"": 0, ""fp"": 3, ""gt"": 1, ""iou_sum"": 0.6171479819458686, ""matched"": 1, ""pred"": 4, ""tp"": 1}, ""1"": {""fn"": 0, ""fp"": 0, ""gt"": 0, ""iou_sum"": 0.0, ""matched"": 0, ""pred"": 0, ""tp"": 0}, ""2"": {""fn"": 0, ""fp"": 0, ""gt"": 0, ""iou_sum"": 0.0, ""matched"": 0, ""pred"": 0, ""tp"": 0}, ""3"": {""fn"": 0, ""fp"": 0, ""gt"": 0, ""iou_sum"": 0.0, ""matched"": 0, ""pred"": 0, ""tp"": 0}}","[[0.0, 0.63671875, 0.001953125, 0.73046875, 0.998046875]]","[[0.0, 0.6515430808067322, 0.25582626461982727, 0.7324409484863281, 0.9989533424377441, 0.5287244319915771], [0.0, 0.6390983462333679, 0.0, 0.7062736749649048, 0.15197239816188812, 0.42027032375335693], [0.0, 0.6367935538291931, 0.0005887270090170205, 0.7053846716880798, 0.24311093986034393, 0.37322095036506653], [0.0, 0.646294116973877, 0.7095806002616882, 0.7010661959648132, 0.9983806610107422, 0.2897120714187622]]"
m_uav0,M-UAV0,rdd2022_china_drone::phash6_5401d816f9c0::china_drone_000567,rdd2022_china_drone,China UAV,phash6_5401d816f9c0,China_Drone_000567,RoadSentinel_datasets/rdd2022_full/China_Drone/China_Drone/train/images/China_Drone_000567.jpg,1,1,1,0,0,1.0,1.0,1.0,0.7785572457147504,false,"{""0"": {""fn"": 0, ""fp"": 0, ""gt"": 0, ""iou_sum"": 0.0, ""matched"": 0, ""pred"": 0, ""tp"": 0}, ""1"": {""fn"": 0, ""fp"": 0, ""gt"": 1, ""iou_sum"": 0.7785572457147504, ""matched"": 1, ""pred"": 1, ""tp"": 1}, ""2"": {""fn"": 0, ""fp"": 0, ""gt"": 0, ""iou_sum"": 0.0, ""matched"": 0, ""pred"": 0, ""tp"": 0}, ""3"": {""fn"": 0, ""fp"": 0, ""gt"": 0, ""iou_sum"": 0.0, ""matched"": 0, ""pred"": 0, ""tp"": 0}}","[[1.0, 0.26171875, 0.51757812, 0.99609375, 0.5859375]]","[[1.0, 0.2713850736618042, 0.5053664445877075, 1.0, 0.5917914509773254, 0.6513721942901611]]"
m_uav0,M-UAV0,rdd2022_china_drone::phash6_580dea02bc48::china_drone_001664,rdd2022_china_drone,China UAV,phash6_580dea02bc48,China_Drone_001664,RoadSentinel_datasets/rdd2022_full/China_Drone/China_Drone/train/images/China_Drone_001664.jpg,1,1,1,0,0,1.0,1.0,1.0,0.8724962190782896,false,"{""0"": {""fn"": 0, ""fp"": 0, ""gt"": 0, ""iou_sum"": 0.0, ""matched"": 0, ""pred"": 0, ""tp"": 0}, ""1"": {""fn"": 0, ""fp"": 0, ""gt"": 1, ""iou_sum"": 0.8724962190782896, ""matched"": 1, ""pred"": 1, ""tp"": 1}, ""2"": {""fn"": 0, ""fp"": 0, ""gt"": 0, ""iou_sum"": 0.0, ""matched"": 0, ""pred"": 0, ""tp"": 0}, ""3"": {""fn"": 0, ""fp"": 0, ""gt"": 0, ""iou_sum"": 0.0, ""matched"": 0, ""pred"": 0, ""tp"": 0}}","[[1.0, 0.0019531200000000026, 0.478515625, 0.48632812000000003, 0.560546875]]","[[1.0, 0.0, 0.47282227873802185, 0.4548064172267914, 0.5603663325309753, 0.6323695182800293]]"
m_uav0,M-UAV0,rdd2022_china_drone::phash6_581f9ebae600::china_drone_002177,rdd2022_china_drone,China UAV,phash6_581f9ebae600,China_Drone_002177,RoadSentinel_datasets/rdd2022_full/China_Drone/China_Drone/train/images/China_Drone_002177.jpg,1,0,0,0,1,0.0,0.0,0.0,0.0,true,"{""0"": {""fn"": 0, ""fp"": 0, ""gt"": 0, ""iou_sum"": 0.0, ""matched"": 0, ""pred"": 0, ""tp"": 0}, ""1"": {""fn"": 0, ""fp"": 0, ""gt"": 0, ""iou_sum"": 0.0, ""matched"": 0, ""pred"": 0, ""tp"": 0}, ""2"": {""fn"": 1, ""fp"": 0, ""gt"": 1, ""iou_sum"": 0.0, ""matched"": 0, ""pred"": 0, ""tp"": 0}, ""3"": {""fn"": 0, ""fp"": 0, ""gt"": 0, ""iou_sum"": 0.0, ""matched"": 0, ""pred"": 0, ""tp"": 0}}","[[2.0, 0.6171875, 0.6796875, 0.70507812, 0.90625]]",[]
m_uav0,M-UAV0,rdd2022_china_drone::phash6_598b5e7ed54e::china_drone_000764,rdd2022_china_drone,China UAV,phash6_598b5e7ed54e,China_Drone_000764,RoadSentinel_datasets/rdd2022_full/China_Drone/China_Drone/train/images/China_Drone_000764.jpg,1,1,1,0,0,1.0,1.0,1.0,0.8986245452135394,false,"{""0"": {""fn"": 0, ""fp"": 0, ""gt"": 0, ""iou_sum"": 0.0, ""matched"": 0, ""pred"": 0, ""tp"": 0}, ""1"": {""fn"": 0, ""fp"": 0, ""gt"": 0, ""iou_sum"": 0.0, ""matched"": 0, ""pred"": 0, ""tp"": 0}, ""2"": {""fn"": 0, ""fp"": 0, ""gt"": 0, ""iou_sum"": 0.0, ""matched"": 0, ""pred"": 0, ""tp"": 0}, ""3"": {""fn"": 0, ""fp"": 0, ""gt"": 1, ""iou_sum"": 0.8986245452135394, ""matched"": 1, ""pred"": 1, ""tp"": 1}}","[[3.0, 0.054687505, 0.673828125, 0.160156255, 0.724609375]]","[[3.0, 0.05957835912704468, 0.6721740961074829, 0.15785183012485504, 0.7242888808250427, 0.630850613117218]]"
m_uav0,M-UAV0,rdd2022_china_drone::phash6_5b04bb5dd4c4::china_drone_001291,rdd2022_china_drone,China UAV,phash6_5b04bb5dd4c4,China_Drone_001291,RoadSentinel_datasets/rdd2022_full/China_Drone/China_Drone/train/images/China_Drone_001291.jpg,1,7,1,6,0,0.14285714285714285,1.0,0.25,0.567441125454626,false,"{""0"": {""fn"": 0, ""fp"": 5, ""gt"": 1, ""iou_sum"": 0.567441125454626, ""matched"": 1, ""pred"": 6, ""tp"": 1}, ""1"": {""fn"": 0, ""fp"": 1, ""gt"": 0, ""iou_sum"": 0.0, ""matched"": 0, ""pred"": 1, ""tp"": 0}, ""2"": {""fn"": 0, ""fp"": 0, ""gt"": 0, ""iou_sum"": 0.0, ""matched"": 0, ""pred"": 0, ""tp"": 0}, ""3"": {""fn"": 0, ""fp"": 0, ""gt"": 0, ""iou_sum"": 0.0, ""matched"": 0, ""pred"": 0, ""tp"": 0}}","[[0.0, 0.15039062999999997, 0.0390625, 0.36328125, 0.9140625]]","[[0.0, 0.2024460881948471, 0.0027153969276696444, 0.3019959628582001, 0.4978347718715668, 0.41612735390663147], [0.0, 0.20602117478847504, 0.0064997198060154915, 0.33998438715934753, 0.5573952794075012, 0.38379523158073425], [0.0, 0.20546606183052063, 0.01263570785522461, 0.34551236033439636, 0.8088266253471375, 0.3736264705657959], [1.0, 0.29346153140068054, 0.8794704675674438, 0.4531267285346985, 0.9151050448417664, 0.36893129348754883], [0.0, 0.2500797212123871, 0.4292673170566559, 0.34024307131767273, 0.9044651389122009, 0.35843464732170105], [0.0, 0.2359933853149414, 0.3321654498577118, 0.3424042761325836, 0.9389049410820007, 0.33038532733917236], [0.0, 0.22224955260753632, 0.14363908767700195, 0.345012903213501, 0.9847161173820496, 0.2953503727912903]]"
m_uav0,M-UAV0,rdd2022_china_drone::phash6_602632ebe000::china_drone_001067,rdd2022_china_drone,China UAV,phash6_602632ebe000,China_Drone_001067,RoadSentinel_datasets/rdd2022_full/China_Drone/China_Drone/train/images/China_Drone_001067.jpg,2,3,2,1,0,0.6666666666666666,1.0,0.8,0.8358566146900659,false,"{""0"": {""fn"": 0, ""fp"": 0, ""gt"": 0, ""iou_sum"": 0.0, ""matched"": 0, ""pred"": 0, ""tp"": 0}, ""1"": {""fn"": 0, ""fp"": 1, ""gt"": 1, ""iou_sum"": 0.7601943001430874, ""matched"": 1, ""pred"": 2, ""tp"": 1}, ""2"": {""fn"": 0, ""fp"": 0, ""gt"": 0, ""iou_sum"": 0.0, ""matched"": 0, ""pred"": 0, ""tp"": 0}, ""3"": {""fn"": 0, ""fp"": 0, ""gt"": 1, ""iou_sum"": 0.9115189292370444, ""matched"": 1, ""pred"": 1, ""tp"": 1}}","[[1.0, 0.22070311999999997, 0.07617187, 0.72070312, 0.15234375], [3.0, 0.54882813, 0.49218749500000003, 0.66601563, 0.605468745]]","[[1.0, 0.2174108475446701, 0.0639394000172615, 0.7205929756164551, 0.1437888890504837, 0.47426897287368774], [3.0, 0.5512701869010925, 0.4956868588924408, 0.6630629897117615, 0.6071593761444092, 0.33279895782470703], [1.0, 0.06918998062610626, 0.06606612354516983, 0.7566328644752502, 0.15030215680599213, 0.27356016635894775]]"
m_uav0,M-UAV0,rdd2022_china_drone::phash6_60a10b21b3a9::china_drone_002137,rdd2022_china_drone,China UAV,phash6_60a10b21b3a9,China_Drone_002137,RoadSentinel_datasets/rdd2022_full/China_Drone/China_Drone/train/images/China_Drone_002137.jpg,1,1,0,1,1,0.0,0.0,0.0,0.0,false,"{""0"": {""fn"": 0, ""fp"": 1, ""gt"": 0, ""iou_sum"": 0.0, ""matched"": 0, ""pred"": 1, ""tp"": 0}, ""1"": {""fn"": 0, ""fp"": 0, ""gt"": 0, ""iou_sum"": 0.0, ""matched"": 0, ""pred"": 0, ""tp"": 0}, ""2"": {""fn"": 0, ""fp"": 0, ""gt"": 0, ""iou_sum"": 0.0, ""matched"": 0, ""pred"": 0, ""tp"": 0}, ""3"": {""fn"": 1, ""fp"": 0, ""gt"": 1, ""iou_sum"": 0.0, ""matched"": 0, ""pred"": 0, ""tp"": 0}}","[[3.0, 0.744140625, 0.52734375, 0.849609375, 0.64453125]]","[[0.0, 0.750420331954956, 0.0, 0.9213722348213196, 0.4561898410320282, 0.37662360072135925]]"
m_uav0,M-UAV0,rdd2022_china_drone::phash6_64fd05b9869b::china_drone_000931,rdd2022_china_drone,China UAV,phash6_64fd05b9869b,China_Drone_000931,RoadSentinel_datasets/rdd2022_full/China_Drone/China_Drone/train/images/China_Drone_000931.jpg,1,1,0,1,1,0.0,0.0,0.0,0.0,false,"{""0"": {""fn"": 0, ""fp"": 0, ""gt"": 0, ""iou_sum"": 0.0, ""matched"": 0, ""pred"": 0, ""tp"": 0}, ""1"": {""fn"": 0, ""fp"": 1, ""gt"": 0, ""iou_sum"": 0.0, ""matched"": 0, ""pred"": 1, ""tp"": 0}, ""2"": {""fn"": 1, ""fp"": 0, ""gt"": 1, ""iou_sum"": 0.0, ""matched"": 0, ""pred"": 0, ""tp"": 0}, ""3"": {""fn"": 0, ""fp"": 0, ""gt"": 0, ""iou_sum"": 0.0, ""matched"": 0, ""pred"": 0, ""tp"": 0}}","[[2.0, 0.0019531200000000304, 0.5859375, 1.0, 1.0]]","[[1.0, 0.2733817994594574, 0.6217090487480164, 1.0, 0.7038699984550476, 0.25182661414146423]]"
m_uav0,M-UAV0,rdd2022_china_drone::phash6_6716fdeaca0b::china_drone_000863,rdd2022_china_drone,China UAV,phash6_6716fdeaca0b,China_Drone_000863,RoadSentinel_datasets/rdd2022_full/China_Drone/China_Drone/train/images/China_Drone_000863.jpg,1,1,1,0,0,1.0,1.0,1.0,0.565563210370085,false,"{""0"": {""fn"": 0, ""fp"": 0, ""gt"": 0, ""iou_sum"": 0.0, ""matched"": 0, ""pred"": 0, ""tp"": 0}, ""1"": {""fn"": 0, ""fp"": 0, ""gt"": 0, ""iou_sum"": 0.0, ""matched"": 0, ""pred"": 0, ""tp"": 0}, ""2"": {""fn"": 0, ""fp"": 0, ""gt"": 1, ""iou_sum"": 0.565563210370085, ""matched"": 1, ""pred"": 1, ""tp"": 1}, ""3"": {""fn"": 0, ""fp"": 0, ""gt"": 0, ""iou_sum"": 0.0, ""matched"": 0, ""pred"": 0, ""tp"": 0}}","[[2.0, 0.38085937999999997, 0.17968749999999997, 1.0, 0.56835938]]","[[2.0, 0.6110121607780457, 0.17410632967948914, 0.999424159526825, 0.5332414507865906, 0.367473304271698]]"
m_uav0,M-UAV0,rdd2022_china_drone::phash6_67245bc00664::china_drone_002213,rdd2022_china_drone,China UAV,phash6_67245bc00664,China_Drone_002213,RoadSentinel_datasets/rdd2022_full/China_Drone/China_Drone/train/images/China_Drone_002213.jpg,2,2,2,0,0,1.0,1.0,1.0,0.9107906045463598,false,"{""0"": {""fn"": 0, ""fp"": 0, ""gt"": 0, ""iou_sum"": 0.0, ""matched"": 0, ""pred"": 0, ""tp"": 0}, ""1"": {""fn"": 0, ""fp"": 0, ""gt"": 2, ""iou_sum"": 1.8215812090927197, ""matched"": 2, ""pred"": 2, ""tp"": 2}, ""2"": {""fn"": 0, ""fp"": 0, ""gt"": 0, ""iou_sum"": 0.0, ""matched"": 0, ""pred"": 0, ""tp"": 0}, ""3"": {""fn"": 0, ""fp"": 0, ""gt"": 0, ""iou_sum"": 0.0, ""matched"": 0, ""pred"": 0, ""tp"": 0}}","[[1.0, 0.060546869999999975, 0.5625, 0.37890625, 0.6796875], [1.0, 0.550781245, 0.68164063, 0.999999995, 0.83007813]]","[[1.0, 0.055552173405885696, 0.5711949467658997, 0.37186959385871887, 0.6823737025260925, 0.5458000898361206], [1.0, 0.5500237345695496, 0.6849824786186218, 0.9967861175537109, 0.8332452774047852, 0.4417259097099304]]"
m_uav0,M-UAV0,rdd2022_china_drone::phash6_67e5013367ba::china_drone_002258,rdd2022_china_drone,China UAV,phash6_67e5013367ba,China_Drone_002258,RoadSentinel_datasets/rdd2022_full/China_Drone/China_Drone/train/images/China_Drone_002258.jpg,2,1,0,1,2,0.0,0.0,0.0,0.0,false,"{""0"": {""fn"": 2, ""fp"": 0, ""gt"": 2, ""iou_sum"": 0.0, ""matched"": 0, ""pred"": 0, ""tp"": 0}, ""1"": {""fn"": 0, ""fp"": 1, ""gt"": 0, ""iou_sum"": 0.0, ""matched"": 0, ""pred"": 1, ""tp"": 0}, ""2"": {""fn"": 0, ""fp"": 0, ""gt"": 0, ""iou_sum"": 0.0, ""matched"": 0, ""pred"": 0, ""tp"": 0}, ""3"": {""fn"": 0, ""fp"": 0, ""gt"": 0, ""iou_sum"": 0.0, ""matched"": 0, ""pred"": 0, ""tp"": 0}}","[[0.0, 0.39257813, 0.2890625, 0.49414063, 0.65039062], [0.0, 0.10546875, 0.671875, 0.16015625, 1.0]]","[[1.0, 0.3132253885269165, 0.24915547668933868, 0.6963943839073181, 0.30820927023887634, 0.27234193682670593]]"
m_uav0,M-UAV0,rdd2022_china_drone::phash6_68e79c74d453::china_drone_001506,rdd2022_china_drone,China UAV,phash6_68e79c74d453,China_Drone_001506,RoadSentinel_datasets/rdd2022_full/China_Drone/China_Drone/train/images/China_Drone_001506.jpg,2,3,1,2,1,0.3333333333333333,0.5,0.4,0.7951676606040712,false,"{""0"": {""fn"": 1, ""fp"": 1, ""gt"": 2, ""iou_sum"": 0.7951676606040712, ""matched"": 1, ""pred"": 2, ""tp"": 1}, ""1"": {""fn"": 0, ""fp"": 0, ""gt"": 0, ""iou_sum"": 0.0, ""matched"": 0, ""pred"": 0, ""tp"": 0}, ""2"": {""fn"": 0, ""fp"": 1, ""gt"": 0, ""iou_sum"": 0.0, ""matched"": 0, ""pred"": 1, ""tp"": 0}, ""3"": {""fn"": 0, ""fp"": 0, ""gt"": 0, ""iou_sum"": 0.0, ""matched"": 0, ""pred"": 0, ""tp"": 0}}","[[0.0, 0.69335937, 0.00390625, 0.76171875, 0.33398437], [0.0, 0.54101562, 0.44921875, 0.640625, 0.94921875]]","[[0.0, 0.6996321678161621, 0.0, 0.7545331120491028, 0.333821177482605, 0.6520237922668457], [2.0, 0.5385143160820007, 0.7283629775047302, 0.6301288604736328, 0.8635011911392212, 0.4317851662635803], [0.0, 0.5568341016769409, 0.45338329672813416, 0.6152331829071045, 0.7263875603675842, 0.30835211277008057]]"
m_uav0,M-UAV0,rdd2022_china_drone::phash6_6b99e091b68d::china_drone_001082,rdd2022_china_drone,China UAV,phash6_6b99e091b68d,China_Drone_001082,RoadSentinel_datasets/rdd2022_full/China_Drone/China_Drone/train/images/China_Drone_001082.jpg,1,2,1,1,0,0.5,1.0,0.6666666666666666,0.8687371743979405,false,"{""0"": {""fn"": 0, ""fp"": 1, ""gt"": 1, ""iou_sum"": 0.8687371743979405, ""matched"": 1, ""pred"": 2, ""tp"": 1}, ""1"": {""fn"": 0, ""fp"": 0, ""gt"": 0, ""iou_sum"": 0.0, ""matched"": 0, ""pred"": 0, ""tp"": 0}, ""2"": {""fn"": 0, ""fp"": 0, ""gt"": 0, ""iou_sum"": 0.0, ""matched"": 0, ""pred"": 0, ""tp"": 0}, ""3"": {""fn"": 0, ""fp"": 0, ""gt"": 0, ""iou_sum"": 0.0, ""matched"": 0, ""pred"": 0, ""tp"": 0}}","[[0.0, 0.91796875, 0.0019531200000000304, 0.98828125, 1.0]]","[[0.0, 0.9153017997741699, 0.04078865051269531, 0.9933720827102661, 0.9997453689575195, 0.4247249364852905], [0.0, 0.9137771725654602, 0.0012225151294842362, 0.993670642375946, 0.6886138319969177, 0.26379308104515076]]"
m_uav0,M-UAV0,rdd2022_china_drone::phash6_6b9f2ca7911c::china_drone_000076,rdd2022_china_drone,China UAV,phash6_6b9f2ca7911c,China_Drone_000076,RoadSentinel_datasets/rdd2022_full/China_Drone/China_Drone/train/images/China_Drone_000076.jpg,1,1,1,0,0,1.0,1.0,1.0,0.891118935989216,false,"{""0"": {""fn"": 0, ""fp"": 0, ""gt"": 0, ""iou_sum"": 0.0, ""matched"": 0, ""pred"": 0, ""tp"": 0}, ""1"": {""fn"": 0, ""fp"": 0, ""gt"": 1, ""iou_sum"": 0.891118935989216, ""matched"": 1, ""pred"": 1, ""tp"": 1}, ""2"": {""fn"": 0, ""fp"": 0, ""gt"": 0, ""iou_sum"": 0.0, ""matched"": 0, ""pred"": 0, ""tp"": 0}, ""3"": {""fn"": 0, ""fp"": 0, ""gt"": 0, ""iou_sum"": 0.0, ""matched"": 0, ""pred"": 0, ""tp"": 0}}","[[1.0, 0.574218755, 0.494140625, 1.000000005, 0.599609375]]","[[1.0, 0.599524199962616, 0.49323710799217224, 0.9974350929260254, 0.604205310344696, 0.4721331000328064]]"
m_uav0,M-UAV0,rdd2022_china_drone::phash6_6c868917e695::china_drone_000942,rdd2022_china_drone,China UAV,phash6_6c868917e695,China_Drone_000942,RoadSentinel_datasets/rdd2022_full/China_Drone/China_Drone/train/images/China_Drone_000942.jpg,1,0,0,0,1,0.0,0.0,0.0,0.0,true,"{""0"": {""fn"": 0, ""fp"": 0, ""gt"": 0, ""iou_sum"": 0.0, ""matched"": 0, ""pred"": 0, ""tp"": 0}, ""1"": {""fn"": 0, ""fp"": 0, ""gt"": 0, ""iou_sum"": 0.0, ""matched"": 0, ""pred"": 0, ""tp"": 0}, ""2"": {""fn"": 0, ""fp"": 0, ""gt"": 0, ""iou_sum"": 0.0, ""matched"": 0, ""pred"": 0, ""tp"": 0}, ""3"": {""fn"": 1, ""fp"": 0, ""gt"": 1, ""iou_sum"": 0.0, ""matched"": 0, ""pred"": 0, ""tp"": 0}}","[[3.0, 0.320312505, 0.18164061999999997, 0.394531255, 0.25]]",[]
m_uav0,M-UAV0,rdd2022_china_drone::phash6_6dae10418f27::china_drone_001331,rdd2022_china_drone,China UAV,phash6_6dae10418f27,China_Drone_001331,RoadSentinel_datasets/rdd2022_full/China_Drone/China_Drone/train/images/China_Drone_001331.jpg,1,1,1,0,0,1.0,1.0,1.0,0.7268536695799783,false,"{""0"": {""fn"": 0, ""fp"": 0, ""gt"": 0, ""iou_sum"": 0.0, ""matched"": 0, ""pred"": 0, ""tp"": 0}, ""1"": {""fn"": 0, ""fp"": 0, ""gt"": 1, ""iou_sum"": 0.7268536695799783, ""matched"": 1, ""pred"": 1, ""tp"": 1}, ""2"": {""fn"": 0, ""fp"": 0, ""gt"": 0, ""iou_sum"": 0.0, ""matched"": 0, ""pred"": 0, ""tp"": 0}, ""3"": {""fn"": 0, ""fp"": 0, ""gt"": 0, ""iou_sum"": 0.0, ""matched"": 0, ""pred"": 0, ""tp"": 0}}","[[1.0, 0.64257813, 0.609375, 0.96289063, 0.67382812]]","[[1.0, 0.6041578650474548, 0.6156781315803528, 0.9939510226249695, 0.6762404441833496, 0.5160900950431824]]"
m_uav0,M-UAV0,rdd2022_china_drone::phash6_6e1a7563bf0e::china_drone_000050,rdd2022_china_drone,China UAV,phash6_6e1a7563bf0e,China_Drone_000050,RoadSentinel_datasets/rdd2022_full/China_Drone/China_Drone/train/images/China_Drone_000050.jpg,3,2,1,1,2,0.5,0.3333333333333333,0.4,0.7703656064560245,false,"{""0"": {""fn"": 1, ""fp"": 1, ""gt"": 2, ""iou_sum"": 0.7703656064560245, ""matched"": 1, ""pred"": 2, ""tp"": 1}, ""1"": {""fn"": 0, ""fp"": 0, ""gt"": 0, ""iou_sum"": 0.0, ""matched"": 0, ""pred"": 0, ""tp"": 0}, ""2"": {""fn"": 1, ""fp"": 0, ""gt"": 1, ""iou_sum"": 0.0, ""matched"": 0, ""pred"": 0, ""tp"": 0}, ""3"": {""fn"": 0, ""fp"": 0, ""gt"": 0, ""iou_sum"": 0.0, ""matched"": 0, ""pred"": 0, ""tp"": 0}}","[[0.0, 0.24609375, 0.011718745000000003, 0.34960937000000003, 0.44531249500000003], [0.0, 0.621093755, 0.02734375, 0.718750005, 0.33203125], [2.0, 0.60742188, 0.33398437, 0.68554688, 0.43554687]]","[[0.0, 0.25453993678092957, 0.000655400741379708, 0.3289926052093506, 0.18368208408355713, 0.4009234607219696], [0.0, 0.25316113233566284, 0.0004463672812562436, 0.3355562388896942, 0.4521438777446747, 0.26183411478996277]]"
m_uav0,M-UAV0,rdd2022_china_drone::phash6_6ea8fd9845ca::china_drone_001847,rdd2022_china_drone,China UAV,phash6_6ea8fd9845ca,China_Drone_001847,RoadSentinel_datasets/rdd2022_full/China_Drone/China_Drone/train/images/China_Drone_001847.jpg,1,0,0,0,1,0.0,0.0,0.0,0.0,true,"{""0"": {""fn"": 0, ""fp"": 0, ""gt"": 0, ""iou_sum"": 0.0, ""matched"": 0, ""pred"": 0, ""tp"": 0}, ""1"": {""fn"": 0, ""fp"": 0, ""gt"": 0, ""iou_sum"": 0.0, ""matched"": 0, ""pred"": 0, ""tp"": 0}, ""2"": {""fn"": 0, ""fp"": 0, ""gt"": 0, ""iou_sum"": 0.0, ""matched"": 0, ""pred"": 0, ""tp"": 0}, ""3"": {""fn"": 1, ""fp"": 0, ""gt"": 1, ""iou_sum"": 0.0, ""matched"": 0, ""pred"": 0, ""tp"": 0}}","[[3.0, 0.0019531200000000026, 0.0019531299999999974, 0.1953125, 0.22265625]]",[]
m_uav0,M-UAV0,rdd2022_china_drone::phash6_71d425d3eed9::china_drone_000103,rdd2022_china_drone,China UAV,phash6_71d425d3eed9,China_Drone_000103,RoadSentinel_datasets/rdd2022_full/China_Drone/China_Drone/train/images/China_Drone_000103.jpg,2,1,1,0,1,1.0,0.5,0.6666666666666666,0.7799545951320551,false,"{""0"": {""fn"": 0, ""fp"": 0, ""gt"": 1, ""iou_sum"": 0.7799545951320551, ""matched"": 1, ""pred"": 1, ""tp"": 1}, ""1"": {""fn"": 1, ""fp"": 0, ""gt"": 1, ""iou_sum"": 0.0, ""matched"": 0, ""pred"": 0, ""tp"": 0}, ""2"": {""fn"": 0, ""fp"": 0, ""gt"": 0, ""iou_sum"": 0.0, ""matched"": 0, ""pred"": 0, ""tp"": 0}, ""3"": {""fn"": 0, ""fp"": 0, ""gt"": 0, ""iou_sum"": 0.0, ""matched"": 0, ""pred"": 0, ""tp"": 0}}","[[0.0, 0.19726563000000003, 0.0019531299999999696, 0.26953125, 0.54296875], [1.0, 0.05859375, 0.32617187, 0.22265625, 0.38085937]]","[[0.0, 0.20985984802246094, 0.006490087602287531, 0.2672806680202484, 0.5499194860458374, 0.44193440675735474]]"
m_uav0,M-UAV0,rdd2022_china_drone::phash6_72b7586679f7::china_drone_000661,rdd2022_china_drone,China UAV,phash6_72b7586679f7,China_Drone_000661,RoadSentinel_datasets/rdd2022_full/China_Drone/China_Drone/train/images/China_Drone_000661.jpg,1,3,1,2,0,0.3333333333333333,1.0,0.5,0.8051924897383406,false,"{""0"": {""fn"": 0, ""fp"": 1, ""gt"": 1, ""iou_sum"": 0.8051924897383406, ""matched"": 1, ""pred"": 2, ""tp"": 1}, ""1"": {""fn"": 0, ""fp"": 1, ""gt"": 0, ""iou_sum"": 0.0, ""matched"": 0, ""pred"": 1, ""tp"": 0}, ""2"": {""fn"": 0, ""fp"": 0, ""gt"": 0, ""iou_sum"": 0.0, ""matched"": 0, ""pred"": 0, ""tp"": 0}, ""3"": {""fn"": 0, ""fp"": 0, ""gt"": 0, ""iou_sum"": 0.0, ""matched"": 0, ""pred"": 0, ""tp"": 0}}","[[0.0, 0.8984375, 0.2421875, 0.97070312, 0.90820312]]","[[1.0, 0.29465451836586, 0.02002769149839878, 0.38975903391838074, 0.058271270245313644, 0.5640731453895569], [0.0, 0.8917156457901001, 0.24250821769237518, 0.9783126711845398, 0.9321693778038025, 0.4692542254924774], [0.0, 0.9079477190971375, 0.24708102643489838, 0.9900545477867126, 0.9668747186660767, 0.29382631182670593]]"
m_uav0,M-UAV0,rdd2022_china_drone::phash6_730a4dd23828::china_drone_001612,rdd2022_china_drone,China UAV,phash6_730a4dd23828,China_Drone_001612,RoadSentinel_datasets/rdd2022_full/China_Drone/China_Drone/train/images/China_Drone_001612.jpg,1,2,1,1,0,0.5,1.0,0.6666666666666666,0.8961356043329975,false,"{""0"": {""fn"": 0, ""fp"": 1, ""gt"": 1, ""iou_sum"": 0.8961356043329975, ""matched"": 1, ""pred"": 2, ""tp"": 1}, ""1"": {""fn"": 0, ""fp"": 0, ""gt"": 0, ""iou_sum"": 0.0, ""matched"": 0, ""pred"": 0, ""tp"": 0}, ""2"": {""fn"": 0, ""fp"": 0, ""gt"": 0, ""iou_sum"": 0.0, ""matched"": 0, ""pred"": 0, ""tp"": 0}, ""3"": {""fn"": 0, ""fp"": 0, ""gt"": 0, ""iou_sum"": 0.0, ""matched"": 0, ""pred"": 0, ""tp"": 0}}","[[0.0, 0.40820313, 0.63867187, 0.46289063, 0.89453125]]","[[0.0, 0.41168710589408875, 0.6383488774299622, 0.4644180238246918, 0.898688018321991, 0.6529136300086975], [0.0, 0.3925996422767639, 0.8952855467796326, 0.43769946694374084, 1.0, 0.2542825937271118]]"
m_uav0,M-UAV0,rdd2022_china_drone::phash6_7477484d59bb::china_drone_001781,rdd2022_china_drone,China UAV,phash6_7477484d59bb,China_Drone_001781,RoadSentinel_datasets/rdd2022_full/China_Drone/China_Drone/train/images/China_Drone_001781.jpg,2,1,1,0,1,1.0,0.5,0.6666666666666666,0.6560774839403486,false,"{""0"": {""fn"": 1, ""fp"": 0, ""gt"": 1, ""iou_sum"": 0.0, ""matched"": 0, ""pred"": 0, ""tp"": 0}, ""1"": {""fn"": 0, ""fp"": 0, ""gt"": 1, ""iou_sum"": 0.6560774839403486, ""matched"": 1, ""pred"": 1, ""tp"": 1}, ""2"": {""fn"": 0, ""fp"": 0, ""gt"": 0, ""iou_sum"": 0.0, ""matched"": 0, ""pred"": 0, ""tp"": 0}, ""3"": {""fn"": 0, ""fp"": 0, ""gt"": 0, ""iou_sum"": 0.0, ""matched"": 0, ""pred"": 0, ""tp"": 0}}","[[1.0, 0.30078124500000003, 0.447265625, 0.999999995, 0.560546875], [0.0, 0.0019531200000000026, 0.203125, 0.20507812, 0.34375]]","[[1.0, 0.12973013520240784, 0.4341675937175751, 0.999244213104248, 0.5727669596672058, 0.26247721910476685]]"
m_uav0,M-UAV0,rdd2022_china_drone::phash6_76c5ee739dac::china_drone_001732,rdd2022_china_drone,China UAV,phash6_76c5ee739dac,China_Drone_001732,RoadSentinel_datasets/rdd2022_full/China_Drone/China_Drone/train/images/China_Drone_001732.jpg,1,0,0,0,1,0.0,0.0,0.0,0.0,true,"{""0"": {""fn"": 0, ""fp"": 0, ""gt"": 0, ""iou_sum"": 0.0, ""matched"": 0, ""pred"": 0, ""tp"": 0}, ""1"": {""fn"": 0, ""fp"": 0, ""gt"": 0, ""iou_sum"": 0.0, ""matched"": 0, ""pred"": 0, ""tp"": 0}, ""2"": {""fn"": 0, ""fp"": 0, ""gt"": 0, ""iou_sum"": 0.0, ""matched"": 0, ""pred"": 0, ""tp"": 0}, ""3"": {""fn"": 1, ""fp"": 0, ""gt"": 1, ""iou_sum"": 0.0, ""matched"": 0, ""pred"": 0, ""tp"": 0}}","[[3.0, 0.20898437999999997, 0.19921875, 0.359375, 0.41015625]]",[]
m_uav0,M-UAV0,rdd2022_china_drone::phash6_78808df3b40a::china_drone_001281,rdd2022_china_drone,China UAV,phash6_78808df3b40a,China_Drone_001281,RoadSentinel_datasets/rdd2022_full/China_Drone/China_Drone/train/images/China_Drone_001281.jpg,1,1,1,0,0,1.0,1.0,1.0,0.6855545563646105,false,"{""0"": {""fn"": 0, ""fp"": 0, ""gt"": 0, ""iou_sum"": 0.0, ""matched"": 0, ""pred"": 0, ""tp"": 0}, ""1"": {""fn"": 0, ""fp"": 0, ""gt"": 1, ""iou_sum"": 0.6855545563646105, ""matched"": 1, ""pred"": 1, ""tp"": 1}, ""2"": {""fn"": 0, ""fp"": 0, ""gt"": 0, ""iou_sum"": 0.0, ""matched"": 0, ""pred"": 0, ""tp"": 0}, ""3"": {""fn"": 0, ""fp"": 0, ""gt"": 0, ""iou_sum"": 0.0, ""matched"": 0, ""pred"": 0, ""tp"": 0}}","[[1.0, 0.29492188, 0.32421875, 0.70117188, 0.41015625]]","[[1.0, 0.3290632367134094, 0.32626309990882874, 0.6896983981132507, 0.3926297724246979, 0.6106503009796143]]"
m_uav0,M-UAV0,rdd2022_china_drone::phash6_79264b3d0811::china_drone_001586,rdd2022_china_drone,China UAV,phash6_79264b3d0811,China_Drone_001586,RoadSentinel_datasets/rdd2022_full/China_Drone/China_Drone/train/images/China_Drone_001586.jpg,1,0,0,0,1,0.0,0.0,0.0,0.0,true,"{""0"": {""fn"": 0, ""fp"": 0, ""gt"": 0, ""iou_sum"": 0.0, ""matched"": 0, ""pred"": 0, ""tp"": 0}, ""1"": {""fn"": 0, ""fp"": 0, ""gt"": 0, ""iou_sum"": 0.0, ""matched"": 0, ""pred"": 0, ""tp"": 0}, ""2"": {""fn"": 1, ""fp"": 0, ""gt"": 1, ""iou_sum"": 0.0, ""matched"": 0, ""pred"": 0, ""tp"": 0}, ""3"": {""fn"": 0, ""fp"": 0, ""gt"": 0, ""iou_sum"": 0.0, ""matched"": 0, ""pred"": 0, ""tp"": 0}}","[[2.0, 0.21679687, 0.86328125, 0.58984375, 0.99609375]]",[]
m_uav0,M-UAV0,rdd2022_china_drone::phash6_7aea144198b6::china_drone_002170,rdd2022_china_drone,China UAV,phash6_7aea144198b6,China_Drone_002170,RoadSentinel_datasets/rdd2022_full/China_Drone/China_Drone/train/images/China_Drone_002170.jpg,1,0,0,0,1,0.0,0.0,0.0,0.0,true,"{""0"": {""fn"": 0, ""fp"": 0, ""gt"": 0, ""iou_sum"": 0.0, ""matched"": 0, ""pred"": 0, ""tp"": 0}, ""1"": {""fn"": 1, ""fp"": 0, ""gt"": 1, ""iou_sum"": 0.0, ""matched"": 0, ""pred"": 0, ""tp"": 0}, ""2"": {""fn"": 0, ""fp"": 0, ""gt"": 0, ""iou_sum"": 0.0, ""matched"": 0, ""pred"": 0, ""tp"": 0}, ""3"": {""fn"": 0, ""fp"": 0, ""gt"": 0, ""iou_sum"": 0.0, ""matched"": 0, ""pred"": 0, ""tp"": 0}}","[[1.0, 0.75585938, 0.076171875, 0.9453125, 0.126953125]]",[]
m_uav0,M-UAV0,rdd2022_china_drone::phash6_7d4f79d61838::china_drone_001540,rdd2022_china_drone,China UAV,phash6_7d4f79d61838,China_Drone_001540,RoadSentinel_datasets/rdd2022_full/China_Drone/China_Drone/train/images/China_Drone_001540.jpg,1,1,0,1,1,0.0,0.0,0.0,0.0,false,"{""0"": {""fn"": 1, ""fp"": 0, ""gt"": 1, ""iou_sum"": 0.0, ""matched"": 0, ""pred"": 0, ""tp"": 0}, ""1"": {""fn"": 0, ""fp"": 1, ""gt"": 0, ""iou_sum"": 0.0, ""matched"": 0, ""pred"": 1, ""tp"": 0}, ""2"": {""fn"": 0, ""fp"": 0, ""gt"": 0, ""iou_sum"": 0.0, ""matched"": 0, ""pred"": 0, ""tp"": 0}, ""3"": {""fn"": 0, ""fp"": 0, ""gt"": 0, ""iou_sum"": 0.0, ""matched"": 0, ""pred"": 0, ""tp"": 0}}","[[0.0, 0.21875, 0.37695312999999997, 0.43945312000000003, 0.77734375]]","[[1.0, 0.0, 0.838913083076477, 0.6875883936882019, 0.9053689241409302, 0.29913556575775146]]"
m_uav0,M-UAV0,rdd2022_china_drone::phash6_7dc16320de67::china_drone_001825,rdd2022_china_drone,China UAV,phash6_7dc16320de67,China_Drone_001825,RoadSentinel_datasets/rdd2022_full/China_Drone/China_Drone/train/images/China_Drone_001825.jpg,2,1,1,0,1,1.0,0.5,0.6666666666666666,0.5509435557398064,false,"{""0"": {""fn"": 1, ""fp"": 0, ""gt"": 2, ""iou_sum"": 0.5509435557398064, ""matched"": 1, ""pred"": 1, ""tp"": 1}, ""1"": {""fn"": 0, ""fp"": 0, ""gt"": 0, ""iou_sum"": 0.0, ""matched"": 0, ""pred"": 0, ""tp"": 0}, ""2"": {""fn"": 0, ""fp"": 0, ""gt"": 0, ""iou_sum"": 0.0, ""matched"": 0, ""pred"": 0, ""tp"": 0}, ""3"": {""fn"": 0, ""fp"": 0, ""gt"": 0, ""iou_sum"": 0.0, ""matched"": 0, ""pred"": 0, ""tp"": 0}}","[[0.0, 0.91992188, 0.7734375, 0.9765625, 1.0], [0.0, 0.62695312, 0.17382812999999997, 1.0, 0.33203125]]","[[0.0, 0.9103054404258728, 0.7064703106880188, 0.9893550872802734, 0.9988967776298523, 0.29181668162345886]]"
m_uav0,M-UAV0,rdd2022_china_drone::phash6_7e0b85711cd3::china_drone_001287,rdd2022_china_drone,China UAV,phash6_7e0b85711cd3,China_Drone_001287,RoadSentinel_datasets/rdd2022_full/China_Drone/China_Drone/train/images/China_Drone_001287.jpg,1,1,0,1,1,0.0,0.0,0.0,0.0,false,"{""0"": {""fn"": 0, ""fp"": 0, ""gt"": 0, ""iou_sum"": 0.0, ""matched"": 0, ""pred"": 0, ""tp"": 0}, ""1"": {""fn"": 0, ""fp"": 0, ""gt"": 0, ""iou_sum"": 0.0, ""matched"": 0, ""pred"": 0, ""tp"": 0}, ""2"": {""fn"": 0, ""fp"": 1, ""gt"": 0, ""iou_sum"": 0.0, ""matched"": 0, ""pred"": 1, ""tp"": 0}, ""3"": {""fn"": 1, ""fp"": 0, ""gt"": 1, ""iou_sum"": 0.0, ""matched"": 0, ""pred"": 0, ""tp"": 0}}","[[3.0, 0.142578125, 0.54882812, 0.373046875, 0.734375]]","[[2.0, 0.14428897202014923, 0.4672112464904785, 0.4028176963329315, 0.7415308952331543, 0.7327125072479248]]"
m_uav0,M-UAV0,rdd2022_china_drone::phash6_835924fe2506::china_drone_000906,rdd2022_china_drone,China UAV,phash6_835924fe2506,China_Drone_000906,RoadSentinel_datasets/rdd2022_full/China_Drone/China_Drone/train/images/China_Drone_000906.jpg,1,2,1,1,0,0.5,1.0,0.6666666666666666,0.9165788536318187,false,"{""0"": {""fn"": 0, ""fp"": 0, ""gt"": 0, ""iou_sum"": 0.0, ""matched"": 0, ""pred"": 0, ""tp"": 0}, ""1"": {""fn"": 0, ""fp"": 1, ""gt"": 1, ""iou_sum"": 0.9165788536318187, ""matched"": 1, ""pred"": 2, ""tp"": 1}, ""2"": {""fn"": 0, ""fp"": 0, ""gt"": 0, ""iou_sum"": 0.0, ""matched"": 0, ""pred"": 0, ""tp"": 0}, ""3"": {""fn"": 0, ""fp"": 0, ""gt"": 0, ""iou_sum"": 0.0, ""matched"": 0, ""pred"": 0, ""tp"": 0}}","[[1.0, 0.0019531299999999696, 0.65234375, 0.51171875, 0.74804687]]","[[1.0, 0.0036389350425451994, 0.6481103897094727, 0.5143784880638123, 0.7516641616821289, 0.5250371098518372], [1.0, 0.8332160115242004, 0.1699860394001007, 0.9427483677864075, 0.20969460904598236, 0.250467985868454]]"
m_uav0,M-UAV0,rdd2022_china_drone::phash6_85d0bc938c82::china_drone_001589,rdd2022_china_drone,China UAV,phash6_85d0bc938c82,China_Drone_001589,RoadSentinel_datasets/rdd2022_full/China_Drone/China_Drone/train/images/China_Drone_001589.jpg,1,0,0,0,1,0.0,0.0,0.0,0.0,true,"{""0"": {""fn"": 1, ""fp"": 0, ""gt"": 1, ""iou_sum"": 0.0, ""matched"": 0, ""pred"": 0, ""tp"": 0}, ""1"": {""fn"": 0, ""fp"": 0, ""gt"": 0, ""iou_sum"": 0.0, ""matched"": 0, ""pred"": 0, ""tp"": 0}, ""2"": {""fn"": 0, ""fp"": 0, ""gt"": 0, ""iou_sum"": 0.0, ""matched"": 0, ""pred"": 0, ""tp"": 0}, ""3"": {""fn"": 0, ""fp"": 0, ""gt"": 0, ""iou_sum"": 0.0, ""matched"": 0, ""pred"": 0, ""tp"": 0}}","[[0.0, 0.36914062000000003, 0.32617187000000003, 0.4609375, 0.80859375]]",[]
m_uav0,M-UAV0,rdd2022_china_drone::phash6_86cb1d942902::china_drone_001654,rdd2022_china_drone,China UAV,phash6_86cb1d942902,China_Drone_001654,RoadSentinel_datasets/rdd2022_full/China_Drone/China_Drone/train/images/China_Drone_001654.jpg,2,2,0,2,2,0.0,0.0,0.0,0.0,false,"{""0"": {""fn"": 2, ""fp"": 1, ""gt"": 2, ""iou_sum"": 0.0, ""matched"": 0, ""pred"": 1, ""tp"": 0}, ""1"": {""fn"": 0, ""fp"": 1, ""gt"": 0, ""iou_sum"": 0.0, ""matched"": 0, ""pred"": 1, ""tp"": 0}, ""2"": {""fn"": 0, ""fp"": 0, ""gt"": 0, ""iou_sum"": 0.0, ""matched"": 0, ""pred"": 0, ""tp"": 0}, ""3"": {""fn"": 0, ""fp"": 0, ""gt"": 0, ""iou_sum"": 0.0, ""matched"": 0, ""pred"": 0, ""tp"": 0}}","[[0.0, 0.8828125, 0.47265624500000003, 1.0, 0.640624995], [0.0, 0.80664062, 0.644531255, 0.88476562, 0.835937505]]","[[0.0, 0.5230107307434082, 0.7394949793815613, 0.6069977879524231, 1.0, 0.31230947375297546], [1.0, 0.6017851829528809, 0.7860286831855774, 0.9855942726135254, 0.9183282852172852, 0.2785454988479614]]"
m_uav0,M-UAV0,rdd2022_china_drone::phash6_8abe65b25b89::china_drone_001801,rdd2022_china_drone,China UAV,phash6_8abe65b25b89,China_Drone_001801,RoadSentinel_datasets/rdd2022_full/China_Drone/China_Drone/train/images/China_Drone_001801.jpg,1,0,0,0,1,0.0,0.0,0.0,0.0,true,"{""0"": {""fn"": 0, ""fp"": 0, ""gt"": 0, ""iou_sum"": 0.0, ""matched"": 0, ""pred"": 0, ""tp"": 0}, ""1"": {""fn"": 1, ""fp"": 0, ""gt"": 1, ""iou_sum"": 0.0, ""matched"": 0, ""pred"": 0, ""tp"": 0}, ""2"": {""fn"": 0, ""fp"": 0, ""gt"": 0, ""iou_sum"": 0.0, ""matched"": 0, ""pred"": 0, ""tp"": 0}, ""3"": {""fn"": 0, ""fp"": 0, ""gt"": 0, ""iou_sum"": 0.0, ""matched"": 0, ""pred"": 0, ""tp"": 0}}","[[1.0, 0.01171875, 0.22070311999999997, 0.24609375, 0.2734375]]",[]
m_uav0,M-UAV0,rdd2022_china_drone::phash6_8b4b81447f8a::china_drone_002337,rdd2022_china_drone,China UAV,phash6_8b4b81447f8a,China_Drone_002337,RoadSentinel_datasets/rdd2022_full/China_Drone/China_Drone/train/images/China_Drone_002337.jpg,2,2,2,0,0,1.0,1.0,1.0,0.7576749277153995,false,"{""0"": {""fn"": 0, ""fp"": 0, ""gt"": 2, ""iou_sum"": 1.515349855430799, ""matched"": 2, ""pred"": 2, ""tp"": 2}, ""1"": {""fn"": 0, ""fp"": 0, ""gt"": 0, ""iou_sum"": 0.0, ""matched"": 0, ""pred"": 0, ""tp"": 0}, ""2"": {""fn"": 0, ""fp"": 0, ""gt"": 0, ""iou_sum"": 0.0, ""matched"": 0, ""pred"": 0, ""tp"": 0}, ""3"": {""fn"": 0, ""fp"": 0, ""gt"": 0, ""iou_sum"": 0.0, ""matched"": 0, ""pred"": 0, ""tp"": 0}}","[[0.0, 0.41210937999999997, 0.0019531299999999974, 0.4765625, 0.47851562999999997], [0.0, 0.55078125, 0.31640624500000003, 0.60546875, 0.999999995]]","[[0.0, 0.5435628294944763, 0.28398606181144714, 0.6098565459251404, 0.9993202090263367, 0.6046348810195923], [0.0, 0.41707029938697815, 0.0, 0.46683111786842346, 0.4530128538608551, 0.5320307612419128]]"
m_uav0,M-UAV0,rdd2022_china_drone::phash6_8c80572de644::china_drone_001673,rdd2022_china_drone,China UAV,phash6_8c80572de644,China_Drone_001673,RoadSentinel_datasets/rdd2022_full/China_Drone/China_Drone/train/images/China_Drone_001673.jpg,3,1,1,0,2,1.0,0.3333333333333333,0.5,0.7398335271392694,false,"{""0"": {""fn"": 1, ""fp"": 0, ""gt"": 2, ""iou_sum"": 0.7398335271392694, ""matched"": 1, ""pred"": 1, ""tp"": 1}, ""1"": {""fn"": 1, ""fp"": 0, ""gt"": 1, ""iou_sum"": 0.0, ""matched"": 0, ""pred"": 0, ""tp"": 0}, ""2"": {""fn"": 0, ""fp"": 0, ""gt"": 0, ""iou_sum"": 0.0, ""matched"": 0, ""pred"": 0, ""tp"": 0}, ""3"": {""fn"": 0, ""fp"": 0, ""gt"": 0, ""iou_sum"": 0.0, ""matched"": 0, ""pred"": 0, ""tp"": 0}}","[[0.0, 0.45898437000000003, 0.70117188, 0.51953125, 0.8828125], [1.0, 0.583984375, 0.552734375, 0.783203125, 0.626953125], [0.0, 0.738281245, 0.24999999999999997, 0.828124995, 0.55273438]]","[[0.0, 0.4527862071990967, 0.6814009547233582, 0.5144014954566956, 0.8789706230163574, 0.3737071752548218]]"
m_uav0,M-UAV0,rdd2022_china_drone::phash6_8d18dc63d269::china_drone_000706,rdd2022_china_drone,China UAV,phash6_8d18dc63d269,China_Drone_000706,RoadSentinel_datasets/rdd2022_full/China_Drone/China_Drone/train/images/China_Drone_000706.jpg,1,0,0,0,1,0.0,0.0,0.0,0.0,true,"{""0"": {""fn"": 0, ""fp"": 0, ""gt"": 0, ""iou_sum"": 0.0, ""matched"": 0, ""pred"": 0, ""tp"": 0}, ""1"": {""fn"": 0, ""fp"": 0, ""gt"": 0, ""iou_sum"": 0.0, ""matched"": 0, ""pred"": 0, ""tp"": 0}, ""2"": {""fn"": 1, ""fp"": 0, ""gt"": 1, ""iou_sum"": 0.0, ""matched"": 0, ""pred"": 0, ""tp"": 0}, ""3"": {""fn"": 0, ""fp"": 0, ""gt"": 0, ""iou_sum"": 0.0, ""matched"": 0, ""pred"": 0, ""tp"": 0}}","[[2.0, 0.16992187000000003, 0.68164062, 0.83984375, 0.86914062]]",[]
m_uav0,M-UAV0,rdd2022_china_drone::phash6_8dd803adc68d::china_drone_000236,rdd2022_china_drone,China UAV,phash6_8dd803adc68d,China_Drone_000236,RoadSentinel_datasets/rdd2022_full/China_Drone/China_Drone/train/images/China_Drone_000236.jpg,1,3,1,2,0,0.3333333333333333,1.0,0.5,0.9205725593951083,false,"{""0"": {""fn"": 0, ""fp"": 1, ""gt"": 0, ""iou_sum"": 0.0, ""matched"": 0, ""pred"": 1, ""tp"": 0}, ""1"": {""fn"": 0, ""fp"": 1, ""gt"": 1, ""iou_sum"": 0.9205725593951083, ""matched"": 1, ""pred"": 2, ""tp"": 1}, ""2"": {""fn"": 0, ""fp"": 0, ""gt"": 0, ""iou_sum"": 0.0, ""matched"": 0, ""pred"": 0, ""tp"": 0}, ""3"": {""fn"": 0, ""fp"": 0, ""gt"": 0, ""iou_sum"": 0.0, ""matched"": 0, ""pred"": 0, ""tp"": 0}}","[[1.0, 0.0019531199999999749, 0.31445312, 0.61132812, 0.45507812]]","[[0.0, 0.2890646457672119, 0.7362698912620544, 0.33835339546203613, 1.0, 0.6713114976882935], [1.0, 0.9103723764419556, 0.5760671496391296, 1.0, 0.6199979782104492, 0.6509760022163391], [1.0, 0.0, 0.3144477903842926, 0.6143169403076172, 0.46597710251808167, 0.4147226810455322]]"
m_uav0,M-UAV0,rdd2022_china_drone::phash6_8ebb6dc117e0::china_drone_000581,rdd2022_china_drone,China UAV,phash6_8ebb6dc117e0,China_Drone_000581,RoadSentinel_datasets/rdd2022_full/China_Drone/China_Drone/train/images/China_Drone_000581.jpg,1,1,1,0,0,1.0,1.0,1.0,0.7357674109454896,false,"{""0"": {""fn"": 0, ""fp"": 0, ""gt"": 0, ""iou_sum"": 0.0, ""matched"": 0, ""pred"": 0, ""tp"": 0}, ""1"": {""fn"": 0, ""fp"": 0, ""gt"": 1, ""iou_sum"": 0.7357674109454896, ""matched"": 1, ""pred"": 1, ""tp"": 1}, ""2"": {""fn"": 0, ""fp"": 0, ""gt"": 0, ""iou_sum"": 0.0, ""matched"": 0, ""pred"": 0, ""tp"": 0}, ""3"": {""fn"": 0, ""fp"": 0, ""gt"": 0, ""iou_sum"": 0.0, ""matched"": 0, ""pred"": 0, ""tp"": 0}}","[[1.0, 0.0019531200000000026, 0.501953125, 0.1875, 0.552734375]]","[[1.0, 0.0, 0.4928625226020813, 0.17878437042236328, 0.5482969284057617, 0.4867963492870331]]"
m_uav0,M-UAV0,rdd2022_china_drone::phash6_904eccfb40e6::china_drone_000229,rdd2022_china_drone,China UAV,phash6_904eccfb40e6,China_Drone_000229,RoadSentinel_datasets/rdd2022_full/China_Drone/China_Drone/train/images/China_Drone_000229.jpg,2,3,1,2,1,0.3333333333333333,0.5,0.4,0.758489663706759,false,"{""0"": {""fn"": 0, ""fp"": 1, ""gt"": 1, ""iou_sum"": 0.758489663706759, ""matched"": 1, ""pred"": 2, ""tp"": 1}, ""1"": {""fn"": 1, ""fp"": 1, ""gt"": 1, ""iou_sum"": 0.0, ""matched"": 0, ""pred"": 1, ""tp"": 0}, ""2"": {""fn"": 0, ""fp"": 0, ""gt"": 0, ""iou_sum"": 0.0, ""matched"": 0, ""pred"": 0, ""tp"": 0}, ""3"": {""fn"": 0, ""fp"": 0, ""gt"": 0, ""iou_sum"": 0.0, ""matched"": 0, ""pred"": 0, ""tp"": 0}}","[[0.0, 0.412109375, 0.61132812, 0.494140625, 0.9609375], [1.0, 0.15625000499999997, 0.93554688, 0.996093755, 0.99804688]]","[[0.0, 0.4209813177585602, 0.6003807187080383, 0.48482152819633484, 0.9616891145706177, 0.5713929533958435], [1.0, 0.628084123134613, 0.9408478140830994, 1.0, 0.9973621368408203, 0.47203949093818665], [0.0, 0.15032339096069336, 0.0004297494888305664, 0.20580653846263885, 0.11548688262701035, 0.26368770003318787]]"
m_uav0,M-UAV0,rdd2022_china_drone::phash6_91122e23612a::china_drone_001443,rdd2022_china_drone,China UAV,phash6_91122e23612a,China_Drone_001443,RoadSentinel_datasets/rdd2022_full/China_Drone/China_Drone/train/images/China_Drone_001443.jpg,1,1,0,1,1,0.0,0.0,0.0,0.0,false,"{""0"": {""fn"": 1, ""fp"": 0, ""gt"": 1, ""iou_sum"": 0.0, ""matched"": 0, ""pred"": 0, ""tp"": 0}, ""1"": {""fn"": 0, ""fp"": 1, ""gt"": 0, ""iou_sum"": 0.0, ""matched"": 0, ""pred"": 1, ""tp"": 0}, ""2"": {""fn"": 0, ""fp"": 0, ""gt"": 0, ""iou_sum"": 0.0, ""matched"": 0, ""pred"": 0, ""tp"": 0}, ""3"": {""fn"": 0, ""fp"": 0, ""gt"": 0, ""iou_sum"": 0.0, ""matched"": 0, ""pred"": 0, ""tp"": 0}}","[[0.0, 0.66015625, 0.29296875, 0.90234375, 0.35546875]]","[[1.0, 0.635392963886261, 0.3096545934677124, 0.9065858721733093, 0.35515525937080383, 0.5206593871116638]]"
m_uav0,M-UAV0,rdd2022_china_drone::phash6_91bf3005ec46::china_drone_000509,rdd2022_china_drone,China UAV,phash6_91bf3005ec46,China_Drone_000509,RoadSentinel_datasets/rdd2022_full/China_Drone/China_Drone/train/images/China_Drone_000509.jpg,3,4,2,2,1,0.5,0.6666666666666666,0.5714285714285715,0.615407732181174,false,"{""0"": {""fn"": 1, ""fp"": 2, ""gt"": 2, ""iou_sum"": 0.5417221981978226, ""matched"": 1, ""pred"": 3, ""tp"": 1}, ""1"": {""fn"": 0, ""fp"": 0, ""gt"": 1, ""iou_sum"": 0.6890932661645253, ""matched"": 1, ""pred"": 1, ""tp"": 1}, ""2"": {""fn"": 0, ""fp"": 0, ""gt"": 0, ""iou_sum"": 0.0, ""matched"": 0, ""pred"": 0, ""tp"": 0}, ""3"": {""fn"": 0, ""fp"": 0, ""gt"": 0, ""iou_sum"": 0.0, ""matched"": 0, ""pred"": 0, ""tp"": 0}}","[[0.0, 0.882812505, 0.001953130000000025, 0.972656255, 0.41796875], [1.0, 0.34960937, 0.79882813, 0.60742187, 0.85546875], [0.0, 0.69921875, 0.43554687000000003, 0.95507813, 0.92773437]]","[[1.0, 0.35128387808799744, 0.8008243441581726, 0.6659315824508667, 0.8634510040283203, 0.4636746048927307], [0.0, 0.7195168733596802, 0.6495275497436523, 0.8463954925537109, 0.8976629376411438, 0.45938992500305176], [0.0, 0.8685188293457031, 0.0, 0.98028564453125, 0.6173166632652283, 0.31314679980278015], [0.0, 0.8681817054748535, 0.43560513854026794, 0.9490609169006348, 0.5989894270896912, 0.30341845750808716]]"
m_uav0,M-UAV0,rdd2022_china_drone::phash6_92b0eb22c388::china_drone_000894,rdd2022_china_drone,China UAV,phash6_92b0eb22c388,China_Drone_000894,RoadSentinel_datasets/rdd2022_full/China_Drone/China_Drone/train/images/China_Drone_000894.jpg,2,2,2,0,0,1.0,1.0,1.0,0.6900419265016806,false,"{""0"": {""fn"": 0, ""fp"": 0, ""gt"": 0, ""iou_sum"": 0.0, ""matched"": 0, ""pred"": 0, ""tp"": 0}, ""1"": {""fn"": 0, ""fp"": 0, ""gt"": 2, ""iou_sum"": 1.3800838530033612, ""matched"": 2, ""pred"": 2, ""tp"": 2}, ""2"": {""fn"": 0, ""fp"": 0, ""gt"": 0, ""iou_sum"": 0.0, ""matched"": 0, ""pred"": 0, ""tp"": 0}, ""3"": {""fn"": 0, ""fp"": 0, ""gt"": 0, ""iou_sum"": 0.0, ""matched"": 0, ""pred"": 0, ""tp"": 0}}","[[1.0, 0.36523437999999997, 0.05664063, 0.703125, 0.12109375], [1.0, 0.60546875, 0.917968755, 0.93164063, 0.968750005]]","[[1.0, 0.6021658778190613, 0.9227067828178406, 0.9427733421325684, 0.9791467785835266, 0.49913907051086426], [1.0, 0.4007259011268616, 0.06594321876764297, 0.6985759139060974, 0.13191941380500793, 0.4623374342918396]]"
m_uav0,M-UAV0,rdd2022_china_drone::phash6_93b3886a2a24::china_drone_000657,rdd2022_china_drone,China UAV,phash6_93b3886a2a24,China_Drone_000657,RoadSentinel_datasets/rdd2022_full/China_Drone/China_Drone/train/images/China_Drone_000657.jpg,3,5,3,2,0,0.6,1.0,0.7499999999999999,0.6682305735749553,false,"{""0"": {""fn"": 0, ""fp"": 0, ""gt"": 2, ""iou_sum"": 1.1163690390277372, ""matched"": 2, ""pred"": 2, ""tp"": 2}, ""1"": {""fn"": 0, ""fp"": 2, ""gt"": 1, ""iou_sum"": 0.8883226816971286, ""matched"": 1, ""pred"": 3, ""tp"": 1}, ""2"": {""fn"": 0, ""fp"": 0, ""gt"": 0, ""iou_sum"": 0.0, ""matched"": 0, ""pred"": 0, ""tp"": 0}, ""3"": {""fn"": 0, ""fp"": 0, ""gt"": 0, ""iou_sum"": 0.0, ""matched"": 0, ""pred"": 0, ""tp"": 0}}","[[0.0, 0.03710938, 0.30859375, 0.1484375, 0.77734375], [0.0, 0.0859375, 0.81835938, 0.13085938, 1.0], [1.0, 0.4296875, 0.074218755, 1.0, 0.187500005]]","[[0.0, 0.07376377284526825, 0.7972583174705505, 0.13945753872394562, 1.0, 0.38560789823532104], [0.0, 0.0019991756416857243, 0.3002016246318817, 0.15274058282375336, 0.9874513745307922, 0.37795090675354004], [1.0, 0.40210047364234924, 0.07098591327667236, 0.9930408596992493, 0.1838746815919876, 0.3406694829463959], [1.0, 0.41206905245780945, 0.08482320606708527, 0.7245416045188904, 0.15886621177196503, 0.2770766019821167], [1.0, 0.19528236985206604, 0.12646983563899994, 0.422570139169693, 0.18870070576667786, 0.27025726437568665]]"
m_uav0,M-UAV0,rdd2022_china_drone::phash6_957310d57625::china_drone_001464,rdd2022_china_drone,China UAV,phash6_957310d57625,China_Drone_001464,RoadSentinel_datasets/rdd2022_full/China_Drone/China_Drone/train/images/China_Drone_001464.jpg,3,3,2,1,1,0.6666666666666666,0.6666666666666666,0.6666666666666666,0.5817773876685475,false,"{""0"": {""fn"": 0, ""fp"": 1, ""gt"": 1, ""iou_sum"": 0.5844604661718285, ""matched"": 1, ""pred"": 2, ""tp"": 1}, ""1"": {""fn"": 0, ""fp"": 0, ""gt"": 1, ""iou_sum"": 0.5790943091652666, ""matched"": 1, ""pred"": 1, ""tp"": 1}, ""2"": {""fn"": 1, ""fp"": 0, ""gt"": 1, ""iou_sum"": 0.0, ""matched"": 0, ""pred"": 0, ""tp"": 0}, ""3"": {""fn"": 0, ""fp"": 0, ""gt"": 0, ""iou_sum"": 0.0, ""matched"": 0, ""pred"": 0, ""tp"": 0}}","[[2.0, 0.73242188, 0.056640625, 0.8671875, 0.169921875], [1.0, 0.45703125499999997, 0.06835938, 0.726562505, 0.1484375], [0.0, 0.83007813, 0.296875, 0.96289063, 0.99023438]]","[[0.0, 0.9023041129112244, 0.2962394654750824, 0.9636373519897461, 0.6576253175735474, 0.568733274936676], [1.0, 0.46393558382987976, 0.08829754590988159, 0.7645873427391052, 0.15975922346115112, 0.5282734036445618], [0.0, 0.8584527373313904, 0.2968338131904602, 0.9706236720085144, 0.8355533480644226, 0.3928169012069702]]"
m_uav0,M-UAV0,rdd2022_china_drone::phash6_9650f5f5ded2::china_drone_000448,rdd2022_china_drone,China UAV,phash6_9650f5f5ded2,China_Drone_000448,RoadSentinel_datasets/rdd2022_full/China_Drone/China_Drone/train/images/China_Drone_000448.jpg,5,5,2,3,3,0.4,0.4,0.4000000000000001,0.5998969964511065,false,"{""0"": {""fn"": 2, ""fp"": 3, ""gt"": 3, ""iou_sum"": 0.6437414787078188, ""matched"": 1, ""pred"": 4, ""tp"": 1}, ""1"": {""fn"": 1, ""fp"": 0, ""gt"": 2, ""iou_sum"": 0.5560525141943942, ""matched"": 1, ""pred"": 1, ""tp"": 1}, ""2"": {""fn"": 0, ""fp"": 0, ""gt"": 0, ""iou_sum"": 0.0, ""matched"": 0, ""pred"": 0, ""tp"": 0}, ""3"": {""fn"": 0, ""fp"": 0, ""gt"": 0, ""iou_sum"": 0.0, ""matched"": 0, ""pred"": 0, ""tp"": 0}}","[[0.0, 0.1171875, 0.0019531200000000304, 0.1953125, 0.9609375], [1.0, 0.19140625, 0.54882813, 0.31835937000000003, 0.59765625], [0.0, 0.28515625, 0.5546875, 0.36132812999999997, 1.0], [1.0, 0.40820312000000003, 0.57421875, 0.625, 0.63476563], [0.0, 0.73632812, 0.001953130000000025, 0.7890625, 0.44140625]]","[[0.0, 0.3073720932006836, 0.8171781897544861, 0.3666747510433197, 1.0, 0.44397398829460144], [0.0, 0.11985957622528076, 0.0, 0.19882693886756897, 0.6622682809829712, 0.42462074756622314], [0.0, 0.2897091507911682, 0.16333690285682678, 0.3395734429359436, 0.5605840086936951, 0.42119675874710083], [1.0, 0.4424593150615692, 0.5862244963645935, 0.6572883725166321, 0.640544056892395, 0.37531229853630066], [0.0, 0.10809550434350967, 0.18404138088226318, 0.18672719597816467, 0.9772443771362305, 0.3636588156223297]]"
m_uav0,M-UAV0,rdd2022_china_drone::phash6_977f0ad514b4::china_drone_000860,rdd2022_china_drone,China UAV,phash6_977f0ad514b4,China_Drone_000860,RoadSentinel_datasets/rdd2022_full/China_Drone/China_Drone/train/images/China_Drone_000860.jpg,1,2,1,1,0,0.5,1.0,0.6666666666666666,0.7127133643093823,false,"{""0"": {""fn"": 0, ""fp"": 0, ""gt"": 1, ""iou_sum"": 0.7127133643093823, ""matched"": 1, ""pred"": 1, ""tp"": 1}, ""1"": {""fn"": 0, ""fp"": 1, ""gt"": 0, ""iou_sum"": 0.0, ""matched"": 0, ""pred"": 1, ""tp"": 0}, ""2"": {""fn"": 0, ""fp"": 0, ""gt"": 0, ""iou_sum"": 0.0, ""matched"": 0, ""pred"": 0, ""tp"": 0}, ""3"": {""fn"": 0, ""fp"": 0, ""gt"": 0, ""iou_sum"": 0.0, ""matched"": 0, ""pred"": 0, ""tp"": 0}}","[[0.0, 0.292968745, 0.11718750000000001, 0.335937495, 0.28710938]]","[[0.0, 0.29402223229408264, 0.0864567756652832, 0.3417583107948303, 0.29205045104026794, 0.5505972504615784], [1.0, 0.16650605201721191, 0.35259905457496643, 0.2924804389476776, 0.39705219864845276, 0.25791725516319275]]"
m_uav0,M-UAV0,rdd2022_china_drone::phash6_99f5a6dbd664::china_drone_000838,rdd2022_china_drone,China UAV,phash6_99f5a6dbd664,China_Drone_000838,RoadSentinel_datasets/rdd2022_full/China_Drone/China_Drone/train/images/China_Drone_000838.jpg,3,3,3,0,0,1.0,1.0,1.0,0.8091540770072353,false,"{""0"": {""fn"": 0, ""fp"": 0, ""gt"": 2, ""iou_sum"": 1.5540611542245726, ""matched"": 2, ""pred"": 2, ""tp"": 2}, ""1"": {""fn"": 0, ""fp"": 0, ""gt"": 1, ""iou_sum"": 0.8734010767971336, ""matched"": 1, ""pred"": 1, ""tp"": 1}, ""2"": {""fn"": 0, ""fp"": 0, ""gt"": 0, ""iou_sum"": 0.0, ""matched"": 0, ""pred"": 0, ""tp"": 0}, ""3"": {""fn"": 0, ""fp"": 0, ""gt"": 0, ""iou_sum"": 0.0, ""matched"": 0, ""pred"": 0, ""tp"": 0}}","[[0.0, 0.11718750000000001, 0.107421875, 0.19335938000000003, 0.314453125], [0.0, 0.3125, 0.519531245, 0.35351562000000003, 0.953124995], [1.0, 0.134765625, 0.74023437, 0.419921875, 0.79296875]]","[[0.0, 0.12618616223335266, 0.11207995563745499, 0.1911441534757614, 0.314223974943161, 0.6581310629844666], [1.0, 0.13876739144325256, 0.7431766390800476, 0.4291403889656067, 0.7948005795478821, 0.5936762094497681], [0.0, 0.30487605929374695, 0.5097442865371704, 0.35886797308921814, 0.9368778467178345, 0.4919765889644623]]"
m_uav0,M-UAV0,rdd2022_china_drone::phash6_9a34263b4610::china_drone_001374,rdd2022_china_drone,China UAV,phash6_9a34263b4610,China_Drone_001374,RoadSentinel_datasets/rdd2022_full/China_Drone/China_Drone/train/images/China_Drone_001374.jpg,1,1,1,0,0,1.0,1.0,1.0,0.7922803861989836,false,"{""0"": {""fn"": 0, ""fp"": 0, ""gt"": 0, ""iou_sum"": 0.0, ""matched"": 0, ""pred"": 0, ""tp"": 0}, ""1"": {""fn"": 0, ""fp"": 0, ""gt"": 1, ""iou_sum"": 0.7922803861989836, ""matched"": 1, ""pred"": 1, ""tp"": 1}, ""2"": {""fn"": 0, ""fp"": 0, ""gt"": 0, ""iou_sum"": 0.0, ""matched"": 0, ""pred"": 0, ""tp"": 0}, ""3"": {""fn"": 0, ""fp"": 0, ""gt"": 0, ""iou_sum"": 0.0, ""matched"": 0, ""pred"": 0, ""tp"": 0}}","[[1.0, 0.001953125, 0.34765625, 0.287109375, 0.48242187000000003]]","[[1.0, 0.0, 0.34496164321899414, 0.3044435679912567, 0.5042838454246521, 0.28682756423950195]]"
m_uav0,M-UAV0,rdd2022_china_drone::phash6_9b6f3bd0dc58::china_drone_000438,rdd2022_china_drone,China UAV,phash6_9b6f3bd0dc58,China_Drone_000438,RoadSentinel_datasets/rdd2022_full/China_Drone/China_Drone/train/images/China_Drone_000438.jpg,1,3,1,2,0,0.3333333333333333,1.0,0.5,0.6975440024928522,false,"{""0"": {""fn"": 0, ""fp"": 1, ""gt"": 0, ""iou_sum"": 0.0, ""matched"": 0, ""pred"": 1, ""tp"": 0}, ""1"": {""fn"": 0, ""fp"": 1, ""gt"": 1, ""iou_sum"": 0.6975440024928522, ""matched"": 1, ""pred"": 2, ""tp"": 1}, ""2"": {""fn"": 0, ""fp"": 0, ""gt"": 0, ""iou_sum"": 0.0, ""matched"": 0, ""pred"": 0, ""tp"": 0}, ""3"": {""fn"": 0, ""fp"": 0, ""gt"": 0, ""iou_sum"": 0.0, ""matched"": 0, ""pred"": 0, ""tp"": 0}}","[[1.0, 0.0019531200000000304, 0.50585937, 1.0, 0.58203125]]","[[1.0, 0.05869035795331001, 0.48223814368247986, 1.0, 0.5868470072746277, 0.46349096298217773], [1.0, 0.0, 0.4922439157962799, 0.9217994809150696, 0.5711061358451843, 0.44176167249679565], [0.0, 0.2143193781375885, 0.6943485140800476, 0.26808056235313416, 0.9994287490844727, 0.4376314878463745]]"
m_uav0,M-UAV0,rdd2022_china_drone::phash6_9d3685df8864::china_drone_000886,rdd2022_china_drone,China UAV,phash6_9d3685df8864,China_Drone_000886,RoadSentinel_datasets/rdd2022_full/China_Drone/China_Drone/train/images/China_Drone_000886.jpg,2,3,1,2,1,0.3333333333333333,0.5,0.4,0.9568581244195646,false,"{""0"": {""fn"": 1, ""fp"": 1, ""gt"": 2, ""iou_sum"": 0.9568581244195646, ""matched"": 1, ""pred"": 2, ""tp"": 1}, ""1"": {""fn"": 0, ""fp"": 1, ""gt"": 0, ""iou_sum"": 0.0, ""matched"": 0, ""pred"": 1, ""tp"": 0}, ""2"": {""fn"": 0, ""fp"": 0, ""gt"": 0, ""iou_sum"": 0.0, ""matched"": 0, ""pred"": 0, ""tp"": 0}, ""3"": {""fn"": 0, ""fp"": 0, ""gt"": 0, ""iou_sum"": 0.0, ""matched"": 0, ""pred"": 0, ""tp"": 0}}","[[0.0, 0.46875, 0.001953130000000025, 0.578125, 0.41015625], [0.0, 0.62890625, 0.001953125, 0.68164063, 0.310546875]]","[[1.0, 0.05065517500042915, 0.481931209564209, 0.6676379442214966, 0.5565773844718933, 0.5370860695838928], [0.0, 0.46892425417900085, 0.0, 0.5746863484382629, 0.4126632809638977, 0.44688504934310913], [0.0, 0.19649095833301544, 0.0017307281959801912, 0.24338117241859436, 0.39964649081230164, 0.28828567266464233]]"
m_uav0,M-UAV0,rdd2022_china_drone::phash6_9e6d5a39aecc::china_drone_000455,rdd2022_china_drone,China UAV,phash6_9e6d5a39aecc,China_Drone_000455,RoadSentinel_datasets/rdd2022_full/China_Drone/China_Drone/train/images/China_Drone_000455.jpg,1,0,0,0,1,0.0,0.0,0.0,0.0,true,"{""0"": {""fn"": 1, ""fp"": 0, ""gt"": 1, ""iou_sum"": 0.0, ""matched"": 0, ""pred"": 0, ""tp"": 0}, ""1"": {""fn"": 0, ""fp"": 0, ""gt"": 0, ""iou_sum"": 0.0, ""matched"": 0, ""pred"": 0, ""tp"": 0}, ""2"": {""fn"": 0, ""fp"": 0, ""gt"": 0, ""iou_sum"": 0.0, ""matched"": 0, ""pred"": 0, ""tp"": 0}, ""3"": {""fn"": 0, ""fp"": 0, ""gt"": 0, ""iou_sum"": 0.0, ""matched"": 0, ""pred"": 0, ""tp"": 0}}","[[0.0, 0.17773436999999997, 0.132812495, 0.24609375, 0.32421874500000003]]",[]
m_uav0,M-UAV0,rdd2022_china_drone::phash6_9eec777fd7eb::china_drone_002079,rdd2022_china_drone,China UAV,phash6_9eec777fd7eb,China_Drone_002079,RoadSentinel_datasets/rdd2022_full/China_Drone/China_Drone/train/images/China_Drone_002079.jpg,1,1,1,0,0,1.0,1.0,1.0,0.7382929624616441,false,"{""0"": {""fn"": 0, ""fp"": 0, ""gt"": 0, ""iou_sum"": 0.0, ""matched"": 0, ""pred"": 0, ""tp"": 0}, ""1"": {""fn"": 0, ""fp"": 0, ""gt"": 1, ""iou_sum"": 0.7382929624616441, ""matched"": 1, ""pred"": 1, ""tp"": 1}, ""2"": {""fn"": 0, ""fp"": 0, ""gt"": 0, ""iou_sum"": 0.0, ""matched"": 0, ""pred"": 0, ""tp"": 0}, ""3"": {""fn"": 0, ""fp"": 0, ""gt"": 0, ""iou_sum"": 0.0, ""matched"": 0, ""pred"": 0, ""tp"": 0}}","[[1.0, 0.7421875, 0.65820312, 0.99804688, 0.72070312]]","[[1.0, 0.7421219944953918, 0.662519097328186, 1.0, 0.7364288568496704, 0.3277968764305115]]"
m_uav0,M-UAV0,rdd2022_china_drone::phash6_9eecac7e28d3::china_drone_001738,rdd2022_china_drone,China UAV,phash6_9eecac7e28d3,China_Drone_001738,RoadSentinel_datasets/rdd2022_full/China_Drone/China_Drone/train/images/China_Drone_001738.jpg,1,3,1,2,0,0.3333333333333333,1.0,0.5,0.695323381819438,false,"{""0"": {""fn"": 0, ""fp"": 2, ""gt"": 1, ""iou_sum"": 0.695323381819438, ""matched"": 1, ""pred"": 3, ""tp"": 1}, ""1"": {""fn"": 0, ""fp"": 0, ""gt"": 0, ""iou_sum"": 0.0, ""matched"": 0, ""pred"": 0, ""tp"": 0}, ""2"": {""fn"": 0, ""fp"": 0, ""gt"": 0, ""iou_sum"": 0.0, ""matched"": 0, ""pred"": 0, ""tp"": 0}, ""3"": {""fn"": 0, ""fp"": 0, ""gt"": 0, ""iou_sum"": 0.0, ""matched"": 0, ""pred"": 0, ""tp"": 0}}","[[0.0, 0.54296875, 0.05664062999999997, 0.62304687, 0.70703125]]","[[0.0, 0.5377891659736633, 0.027872180566191673, 0.6048065423965454, 0.7015037536621094, 0.5221678018569946], [0.0, 0.5455069541931152, 0.010596657171845436, 0.6177636384963989, 0.8431671261787415, 0.3898334503173828], [0.0, 0.541650116443634, 0.247707799077034, 0.5994244813919067, 0.6981850266456604, 0.3090316653251648]]"
m_uav0,M-UAV0,rdd2022_china_drone::phash6_a296ab089898::china_drone_000286,rdd2022_china_drone,China UAV,phash6_a296ab089898,China_Drone_000286,RoadSentinel_datasets/rdd2022_full/China_Drone/China_Drone/train/images/China_Drone_000286.jpg,2,1,0,1,2,0.0,0.0,0.0,0.0,false,"{""0"": {""fn"": 1, ""fp"": 1, ""gt"": 1, ""iou_sum"": 0.0, ""matched"": 0, ""pred"": 1, ""tp"": 0}, ""1"": {""fn"": 0, ""fp"": 0, ""gt"": 0, ""iou_sum"": 0.0, ""matched"": 0, ""pred"": 0, ""tp"": 0}, ""2"": {""fn"": 0, ""fp"": 0, ""gt"": 0, ""iou_sum"": 0.0, ""matched"": 0, ""pred"": 0, ""tp"": 0}, ""3"": {""fn"": 1, ""fp"": 0, ""gt"": 1, ""iou_sum"": 0.0, ""matched"": 0, ""pred"": 0, ""tp"": 0}}","[[3.0, 0.1484375, 0.5390625, 0.28710938, 0.90039062], [0.0, 0.16992186999999997, 0.910156245, 0.21484375, 0.999999995]]","[[0.0, 0.1510343998670578, 0.5465728044509888, 0.2837192118167877, 0.9966369867324829, 0.2682606875896454]]"
m_uav0,M-UAV0,rdd2022_china_drone::phash6_a3bc556f41f8::china_drone_000337,rdd2022_china_drone,China UAV,phash6_a3bc556f41f8,China_Drone_000337,RoadSentinel_datasets/rdd2022_full/China_Drone/China_Drone/train/images/China_Drone_000337.jpg,3,3,3,0,0,1.0,1.0,1.0,0.7887109713920001,false,"{""0"": {""fn"": 0, ""fp"": 0, ""gt"": 1, ""iou_sum"": 0.8990969680617505, ""matched"": 1, ""pred"": 1, ""tp"": 1}, ""1"": {""fn"": 0, ""fp"": 0, ""gt"": 2, ""iou_sum"": 1.4670359461142495, ""matched"": 2, ""pred"": 2, ""tp"": 2}, ""2"": {""fn"": 0, ""fp"": 0, ""gt"": 0, ""iou_sum"": 0.0, ""matched"": 0, ""pred"": 0, ""tp"": 0}, ""3"": {""fn"": 0, ""fp"": 0, ""gt"": 0, ""iou_sum"": 0.0, ""matched"": 0, ""pred"": 0, ""tp"": 0}}","[[1.0, 0.0019531200000000026, 0.67578125, 0.45507812000000003, 0.72851563], [1.0, 0.66210938, 0.568359375, 1.0, 0.634765625], [0.0, 0.6640625, 0.0019531200000000304, 0.72851562, 0.5078125]]","[[1.0, 0.654008150100708, 0.561758816242218, 0.9981014132499695, 0.6258142590522766, 0.5643362402915955], [0.0, 0.6628832221031189, 0.0, 0.7233747839927673, 0.5086719393730164, 0.42358097434043884], [1.0, 0.0037857533898204565, 0.6604228019714355, 0.43694543838500977, 0.7333033680915833, 0.3688009977340698]]"
m_uav0,M-UAV0,rdd2022_china_drone::phash6_a435388f655c::china_drone_000435,rdd2022_china_drone,China UAV,phash6_a435388f655c,China_Drone_000435,RoadSentinel_datasets/rdd2022_full/China_Drone/China_Drone/train/images/China_Drone_000435.jpg,2,1,1,0,1,1.0,0.5,0.6666666666666666,0.5446236378107455,false,"{""0"": {""fn"": 0, ""fp"": 0, ""gt"": 0, ""iou_sum"": 0.0, ""matched"": 0, ""pred"": 0, ""tp"": 0}, ""1"": {""fn"": 1, ""fp"": 0, ""gt"": 1, ""iou_sum"": 0.0, ""matched"": 0, ""pred"": 0, ""tp"": 0}, ""2"": {""fn"": 0, ""fp"": 0, ""gt"": 0, ""iou_sum"": 0.0, ""matched"": 0, ""pred"": 0, ""tp"": 0}, ""3"": {""fn"": 0, ""fp"": 0, ""gt"": 1, ""iou_sum"": 0.5446236378107455, ""matched"": 1, ""pred"": 1, ""tp"": 1}}","[[3.0, 0.9375, 0.76171875, 1.0, 0.82617187], [1.0, 0.613281245, 0.0019531200000000026, 0.999999995, 0.0546875]]","[[3.0, 0.9486324191093445, 0.7310600280761719, 0.9996219873428345, 0.8214430212974548, 0.3771830201148987]]"
m_uav0,M-UAV0,rdd2022_china_drone::phash6_a4ef5365ac51::china_drone_000338,rdd2022_china_drone,China UAV,phash6_a4ef5365ac51,China_Drone_000338,RoadSentinel_datasets/rdd2022_full/China_Drone/China_Drone/train/images/China_Drone_000338.jpg,1,2,1,1,0,0.5,1.0,0.6666666666666666,0.6970500743048738,false,"{""0"": {""fn"": 0, ""fp"": 0, ""gt"": 0, ""iou_sum"": 0.0, ""matched"": 0, ""pred"": 0, ""tp"": 0}, ""1"": {""fn"": 0, ""fp"": 1, ""gt"": 1, ""iou_sum"": 0.6970500743048738, ""matched"": 1, ""pred"": 2, ""tp"": 1}, ""2"": {""fn"": 0, ""fp"": 0, ""gt"": 0, ""iou_sum"": 0.0, ""matched"": 0, ""pred"": 0, ""tp"": 0}, ""3"": {""fn"": 0, ""fp"": 0, ""gt"": 0, ""iou_sum"": 0.0, ""matched"": 0, ""pred"": 0, ""tp"": 0}}","[[1.0, 0.41015625, 0.0234375, 0.99609375, 0.20507812]]","[[1.0, 0.42274150252342224, 0.01727975718677044, 0.9702248573303223, 0.1632353812456131, 0.4497374892234802], [1.0, 0.4169391691684723, 0.011956214904785156, 0.9934431314468384, 0.22330275177955627, 0.26673492789268494]]"
m_uav0,M-UAV0,rdd2022_china_drone::phash6_a4ef5365ac51::china_drone_000511,rdd2022_china_drone,China UAV,phash6_a4ef5365ac51,China_Drone_000511,RoadSentinel_datasets/rdd2022_full/China_Drone/China_Drone/train/images/China_Drone_000511.jpg,1,2,1,1,0,0.5,1.0,0.6666666666666666,0.9669163196722453,false,"{""0"": {""fn"": 0, ""fp"": 0, ""gt"": 0, ""iou_sum"": 0.0, ""matched"": 0, ""pred"": 0, ""tp"": 0}, ""1"": {""fn"": 0, ""fp"": 1, ""gt"": 1, ""iou_sum"": 0.9669163196722453, ""matched"": 1, ""pred"": 2, ""tp"": 1}, ""2"": {""fn"": 0, ""fp"": 0, ""gt"": 0, ""iou_sum"": 0.0, ""matched"": 0, ""pred"": 0, ""tp"": 0}, ""3"": {""fn"": 0, ""fp"": 0, ""gt"": 0, ""iou_sum"": 0.0, ""matched"": 0, ""pred"": 0, ""tp"": 0}}","[[1.0, 0.40820312000000003, 0.01171875, 1.0, 0.18945313]]","[[1.0, 0.4082798957824707, 0.010184812359511852, 1.0, 0.19397743046283722, 0.4355514645576477], [1.0, 0.40722665190696716, 0.01030201930552721, 0.9712610244750977, 0.14030173420906067, 0.3088221549987793]]"
m_uav0,M-UAV0,rdd2022_china_drone::phash6_a4ef5365ac51::china_drone_001900,rdd2022_china_drone,China UAV,phash6_a4ef5365ac51,China_Drone_001900,RoadSentinel_datasets/rdd2022_full/China_Drone/China_Drone/train/images/China_Drone_001900.jpg,1,2,1,1,0,0.5,1.0,0.6666666666666666,0.9575838784482674,false,"{""0"": {""fn"": 0, ""fp"": 0, ""gt"": 0, ""iou_sum"": 0.0, ""matched"": 0, ""pred"": 0, ""tp"": 0}, ""1"": {""fn"": 0, ""fp"": 1, ""gt"": 1, ""iou_sum"": 0.9575838784482674, ""matched"": 1, ""pred"": 2, ""tp"": 1}, ""2"": {""fn"": 0, ""fp"": 0, ""gt"": 0, ""iou_sum"": 0.0, ""matched"": 0, ""pred"": 0, ""tp"": 0}, ""3"": {""fn"": 0, ""fp"": 0, ""gt"": 0, ""iou_sum"": 0.0, ""matched"": 0, ""pred"": 0, ""tp"": 0}}","[[1.0, 0.41015624500000003, 0.00390625, 0.999999995, 0.18164063]]","[[1.0, 0.40620192885398865, 0.0010922193760052323, 0.9999269843101501, 0.1854413002729416, 0.3581829071044922], [1.0, 0.4057970941066742, 0.0, 0.9897659420967102, 0.13313835859298706, 0.2589224576950073]]"
m_uav0,M-UAV0,rdd2022_china_drone::phash6_a6004b7f0ea5::china_drone_000113,rdd2022_china_drone,China UAV,phash6_a6004b7f0ea5,China_Drone_000113,RoadSentinel_datasets/rdd2022_full/China_Drone/China_Drone/train/images/China_Drone_000113.jpg,4,5,4,1,0,0.8,1.0,0.888888888888889,0.6971162203396831,false,"{""0"": {""fn"": 0, ""fp"": 1, ""gt"": 3, ""iou_sum"": 2.0093367164336717, ""matched"": 3, ""pred"": 4, ""tp"": 3}, ""1"": {""fn"": 0, ""fp"": 0, ""gt"": 1, ""iou_sum"": 0.7791281649250609, ""matched"": 1, ""pred"": 1, ""tp"": 1}, ""2"": {""fn"": 0, ""fp"": 0, ""gt"": 0, ""iou_sum"": 0.0, ""matched"": 0, ""pred"": 0, ""tp"": 0}, ""3"": {""fn"": 0, ""fp"": 0, ""gt"": 0, ""iou_sum"": 0.0, ""matched"": 0, ""pred"": 0, ""tp"": 0}}","[[0.0, 0.166015625, 0.0019531299999999696, 0.224609375, 0.76171875], [0.0, 0.343749995, 0.0019531299999999974, 0.410156245, 0.49414062999999997], [1.0, 0.44140625, 0.41210937999999997, 0.68945313, 0.4765625], [0.0, 0.33007812, 0.5546875, 0.40820312, 1.0]]","[[0.0, 0.32761526107788086, 0.6494231224060059, 0.41002994775772095, 1.0, 0.6749807596206665], [0.0, 0.3405814468860626, 0.004119491670280695, 0.3917783498764038, 0.38682135939598083, 0.44467872381210327], [0.0, 0.1666431427001953, 0.0, 0.23741035163402557, 0.6532822251319885, 0.3609783947467804], [0.0, 0.15587864816188812, 0.0, 0.23443663120269775, 0.8617120981216431, 0.2765998840332031], [1.0, 0.46610450744628906, 0.41381675004959106, 0.7112269401550293, 0.47417137026786804, 0.25401240587234497]]"
m_uav0,M-UAV0,rdd2022_china_drone::phash6_a69350d64210::china_drone_001185,rdd2022_china_drone,China UAV,phash6_a69350d64210,China_Drone_001185,RoadSentinel_datasets/rdd2022_full/China_Drone/China_Drone/train/images/China_Drone_001185.jpg,2,3,2,1,0,0.6666666666666666,1.0,0.8,0.7546504064749472,false,"{""0"": {""fn"": 0, ""fp"": 1, ""gt"": 0, ""iou_sum"": 0.0, ""matched"": 0, ""pred"": 1, ""tp"": 0}, ""1"": {""fn"": 0, ""fp"": 0, ""gt"": 2, ""iou_sum"": 1.5093008129498944, ""matched"": 2, ""pred"": 2, ""tp"": 2}, ""2"": {""fn"": 0, ""fp"": 0, ""gt"": 0, ""iou_sum"": 0.0, ""matched"": 0, ""pred"": 0, ""tp"": 0}, ""3"": {""fn"": 0, ""fp"": 0, ""gt"": 0, ""iou_sum"": 0.0, ""matched"": 0, ""pred"": 0, ""tp"": 0}}","[[1.0, 0.013671875, 0.296875, 0.525390625, 0.36523437999999997], [1.0, 0.57226562, 0.34765625, 0.8359375, 0.41210937000000003]]","[[1.0, 0.003913974855095148, 0.3016926944255829, 0.5217464566230774, 0.36297303438186646, 0.6609291434288025], [1.0, 0.5879265069961548, 0.36205849051475525, 0.807830810546875, 0.4110702574253082, 0.5656399130821228], [0.0, 0.6621634364128113, 0.1278759092092514, 0.7034686207771301, 0.3591592013835907, 0.456947386264801]]"
m_uav0,M-UAV0,rdd2022_china_drone::phash6_a6b54aa112b2::china_drone_002307,rdd2022_china_drone,China UAV,phash6_a6b54aa112b2,China_Drone_002307,RoadSentinel_datasets/rdd2022_full/China_Drone/China_Drone/train/images/China_Drone_002307.jpg,1,1,1,0,0,1.0,1.0,1.0,0.8504736882260034,false,"{""0"": {""fn"": 0, ""fp"": 0, ""gt"": 0, ""iou_sum"": 0.0, ""matched"": 0, ""pred"": 0, ""tp"": 0}, ""1"": {""fn"": 0, ""fp"": 0, ""gt"": 1, ""iou_sum"": 0.8504736882260034, ""matched"": 1, ""pred"": 1, ""tp"": 1}, ""2"": {""fn"": 0, ""fp"": 0, ""gt"": 0, ""iou_sum"": 0.0, ""matched"": 0, ""pred"": 0, ""tp"": 0}, ""3"": {""fn"": 0, ""fp"": 0, ""gt"": 0, ""iou_sum"": 0.0, ""matched"": 0, ""pred"": 0, ""tp"": 0}}","[[1.0, 0.44726562000000003, 0.75390625, 0.953125, 0.85742187]]","[[1.0, 0.446500301361084, 0.7626257538795471, 0.9632502794265747, 0.8632036447525024, 0.30055126547813416]]"
m_uav0,M-UAV0,rdd2022_china_drone::phash6_a761e8e08dee::china_drone_001676,rdd2022_china_drone,China UAV,phash6_a761e8e08dee,China_Drone_001676,RoadSentinel_datasets/rdd2022_full/China_Drone/China_Drone/train/images/China_Drone_001676.jpg,1,1,1,0,0,1.0,1.0,1.0,0.7012698501718939,false,"{""0"": {""fn"": 0, ""fp"": 0, ""gt"": 0, ""iou_sum"": 0.0, ""matched"": 0, ""pred"": 0, ""tp"": 0}, ""1"": {""fn"": 0, ""fp"": 0, ""gt"": 1, ""iou_sum"": 0.7012698501718939, ""matched"": 1, ""pred"": 1, ""tp"": 1}, ""2"": {""fn"": 0, ""fp"": 0, ""gt"": 0, ""iou_sum"": 0.0, ""matched"": 0, ""pred"": 0, ""tp"": 0}, ""3"": {""fn"": 0, ""fp"": 0, ""gt"": 0, ""iou_sum"": 0.0, ""matched"": 0, ""pred"": 0, ""tp"": 0}}","[[1.0, 0.52539063, 0.8984375, 0.98046875, 0.98242188]]","[[1.0, 0.4836132228374481, 0.902077317237854, 0.9991418719291687, 1.0, 0.2593018114566803]]"
m_uav0,M-UAV0,rdd2022_china_drone::phash6_ab41a6dd06a0::china_drone_002384,rdd2022_china_drone,China UAV,phash6_ab41a6dd06a0,China_Drone_002384,RoadSentinel_datasets/rdd2022_full/China_Drone/China_Drone/train/images/China_Drone_002384.jpg,1,1,0,1,1,0.0,0.0,0.0,0.0,false,"{""0"": {""fn"": 0, ""fp"": 1, ""gt"": 0, ""iou_sum"": 0.0, ""matched"": 0, ""pred"": 1, ""tp"": 0}, ""1"": {""fn"": 0, ""fp"": 0, ""gt"": 0, ""iou_sum"": 0.0, ""matched"": 0, ""pred"": 0, ""tp"": 0}, ""2"": {""fn"": 1, ""fp"": 0, ""gt"": 1, ""iou_sum"": 0.0, ""matched"": 0, ""pred"": 0, ""tp"": 0}, ""3"": {""fn"": 0, ""fp"": 0, ""gt"": 0, ""iou_sum"": 0.0, ""matched"": 0, ""pred"": 0, ""tp"": 0}}","[[2.0, 0.14648437, 0.455078125, 0.58203125, 0.966796875]]","[[0.0, 0.15702937543392181, 0.0, 0.21552367508411407, 0.24598152935504913, 0.3633975386619568]]"
m_uav0,M-UAV0,rdd2022_china_drone::phash6_ad8f13ac6aca::china_drone_000474,rdd2022_china_drone,China UAV,phash6_ad8f13ac6aca,China_Drone_000474,RoadSentinel_datasets/rdd2022_full/China_Drone/China_Drone/train/images/China_Drone_000474.jpg,5,4,3,1,2,0.75,0.6,0.6666666666666665,0.7670955765060249,false,"{""0"": {""fn"": 0, ""fp"": 0, ""gt"": 2, ""iou_sum"": 1.5897961668172655, ""matched"": 2, ""pred"": 2, ""tp"": 2}, ""1"": {""fn"": 0, ""fp"": 1, ""gt"": 1, ""iou_sum"": 0.711490562700809, ""matched"": 1, ""pred"": 2, ""tp"": 1}, ""2"": {""fn"": 2, ""fp"": 0, ""gt"": 2, ""iou_sum"": 0.0, ""matched"": 0, ""pred"": 0, ""tp"": 0}, ""3"": {""fn"": 0, ""fp"": 0, ""gt"": 0, ""iou_sum"": 0.0, ""matched"": 0, ""pred"": 0, ""tp"": 0}}","[[0.0, 0.359375, 0.001953125, 0.4140625, 0.435546875], [0.0, 0.63085938, 0.125, 0.6796875, 0.4609375], [1.0, 0.0390625, 0.75585938, 0.30273438, 0.8046875], [2.0, 0.29492187000000003, 0.74023437, 0.47265625, 0.84179687], [2.0, 0.55273438, 0.70117187, 0.875, 0.83203125]]","[[0.0, 0.363283634185791, 0.0, 0.4137776494026184, 0.4268648326396942, 0.8296219706535339], [0.0, 0.6235679388046265, 0.10899396240711212, 0.6817465424537659, 0.5183743834495544, 0.4262404441833496], [1.0, 0.029375171288847923, 0.7459713816642761, 0.3194471597671509, 0.801598072052002, 0.3741689622402191], [1.0, 0.0021200894843786955, 0.7379944920539856, 0.33255669474601746, 0.8111950755119324, 0.3046104609966278]]"
m_uav0,M-UAV0,rdd2022_china_drone::phash6_ae1635acb99f::china_drone_000370,rdd2022_china_drone,China UAV,phash6_ae1635acb99f,China_Drone_000370,RoadSentinel_datasets/rdd2022_full/China_Drone/China_Drone/train/images/China_Drone_000370.jpg,1,2,1,1,0,0.5,1.0,0.6666666666666666,0.6182349451060744,false,"{""0"": {""fn"": 0, ""fp"": 0, ""gt"": 0, ""iou_sum"": 0.0, ""matched"": 0, ""pred"": 0, ""tp"": 0}, ""1"": {""fn"": 0, ""fp"": 1, ""gt"": 1, ""iou_sum"": 0.6182349451060744, ""matched"": 1, ""pred"": 2, ""tp"": 1}, ""2"": {""fn"": 0, ""fp"": 0, ""gt"": 0, ""iou_sum"": 0.0, ""matched"": 0, ""pred"": 0, ""tp"": 0}, ""3"": {""fn"": 0, ""fp"": 0, ""gt"": 0, ""iou_sum"": 0.0, ""matched"": 0, ""pred"": 0, ""tp"": 0}}","[[1.0, 0.22265624499999997, 0.49023437999999997, 0.765624995, 0.6328125]]","[[1.0, 0.8292163014411926, 0.6598519682884216, 0.9926970601081848, 0.6949478983879089, 0.4687417447566986], [1.0, 0.0, 0.47756263613700867, 0.789779782295227, 0.6286839842796326, 0.38544267416000366]]"
m_uav0,M-UAV0,rdd2022_china_drone::phash6_af1cd886781d::china_drone_002268,rdd2022_china_drone,China UAV,phash6_af1cd886781d,China_Drone_002268,RoadSentinel_datasets/rdd2022_full/China_Drone/China_Drone/train/images/China_Drone_002268.jpg,1,0,0,0,1,0.0,0.0,0.0,0.0,true,"{""0"": {""fn"": 0, ""fp"": 0, ""gt"": 0, ""iou_sum"": 0.0, ""matched"": 0, ""pred"": 0, ""tp"": 0}, ""1"": {""fn"": 0, ""fp"": 0, ""gt"": 0, ""iou_sum"": 0.0, ""matched"": 0, ""pred"": 0, ""tp"": 0}, ""2"": {""fn"": 0, ""fp"": 0, ""gt"": 0, ""iou_sum"": 0.0, ""matched"": 0, ""pred"": 0, ""tp"": 0}, ""3"": {""fn"": 1, ""fp"": 0, ""gt"": 1, ""iou_sum"": 0.0, ""matched"": 0, ""pred"": 0, ""tp"": 0}}","[[3.0, 0.09179686999999999, 0.74609375, 0.17578125, 0.79296875]]",[]
m_uav0,M-UAV0,rdd2022_china_drone::phash6_b2796af71c61::china_drone_000695,rdd2022_china_drone,China UAV,phash6_b2796af71c61,China_Drone_000695,RoadSentinel_datasets/rdd2022_full/China_Drone/China_Drone/train/images/China_Drone_000695.jpg,2,1,1,0,1,1.0,0.5,0.6666666666666666,0.7440614190670471,false,"{""0"": {""fn"": 0, ""fp"": 0, ""gt"": 0, ""iou_sum"": 0.0, ""matched"": 0, ""pred"": 0, ""tp"": 0}, ""1"": {""fn"": 0, ""fp"": 0, ""gt"": 0, ""iou_sum"": 0.0, ""matched"": 0, ""pred"": 0, ""tp"": 0}, ""2"": {""fn"": 1, ""fp"": 0, ""gt"": 1, ""iou_sum"": 0.0, ""matched"": 0, ""pred"": 0, ""tp"": 0}, ""3"": {""fn"": 0, ""fp"": 0, ""gt"": 1, ""iou_sum"": 0.7440614190670471, ""matched"": 1, ""pred"": 1, ""tp"": 1}}","[[3.0, 0.12695311999999997, 0.46875, 0.2265625, 0.5703125], [2.0, 0.8359375, 0.869140625, 1.0, 0.998046875]]","[[3.0, 0.11522693932056427, 0.4716745913028717, 0.22097916901111603, 0.5815795660018921, 0.5262666940689087]]"
m_uav0,M-UAV0,rdd2022_china_drone::phash6_b3a9bc5a191e::china_drone_001881,rdd2022_china_drone,China UAV,phash6_b3a9bc5a191e,China_Drone_001881,RoadSentinel_datasets/rdd2022_full/China_Drone/China_Drone/train/images/China_Drone_001881.jpg,1,1,1,0,0,1.0,1.0,1.0,0.8633171822791815,false,"{""0"": {""fn"": 0, ""fp"": 0, ""gt"": 0, ""iou_sum"": 0.0, ""matched"": 0, ""pred"": 0, ""tp"": 0}, ""1"": {""fn"": 0, ""fp"": 0, ""gt"": 1, ""iou_sum"": 0.8633171822791815, ""matched"": 1, ""pred"": 1, ""tp"": 1}, ""2"": {""fn"": 0, ""fp"": 0, ""gt"": 0, ""iou_sum"": 0.0, ""matched"": 0, ""pred"": 0, ""tp"": 0}, ""3"": {""fn"": 0, ""fp"": 0, ""gt"": 0, ""iou_sum"": 0.0, ""matched"": 0, ""pred"": 0, ""tp"": 0}}","[[1.0, 0.0019531199999999749, 0.34765625, 0.70507812, 0.41601562999999997]]","[[1.0, 0.0, 0.3405323028564453, 0.695911705493927, 0.4185918867588043, 0.6206421256065369]]"
m_uav0,M-UAV0,rdd2022_china_drone::phash6_b43e137e4830::china_drone_000955,rdd2022_china_drone,China UAV,phash6_b43e137e4830,China_Drone_000955,RoadSentinel_datasets/rdd2022_full/China_Drone/China_Drone/train/images/China_Drone_000955.jpg,3,1,0,1,3,0.0,0.0,0.0,0.0,false,"{""0"": {""fn"": 2, ""fp"": 1, ""gt"": 2, ""iou_sum"": 0.0, ""matched"": 0, ""pred"": 1, ""tp"": 0}, ""1"": {""fn"": 0, ""fp"": 0, ""gt"": 0, ""iou_sum"": 0.0, ""matched"": 0, ""pred"": 0, ""tp"": 0}, ""2"": {""fn"": 0, ""fp"": 0, ""gt"": 0, ""iou_sum"": 0.0, ""matched"": 0, ""pred"": 0, ""tp"": 0}, ""3"": {""fn"": 1, ""fp"": 0, ""gt"": 1, ""iou_sum"": 0.0, ""matched"": 0, ""pred"": 0, ""tp"": 0}}","[[3.0, 0.22070312000000003, 0.552734375, 0.3984375, 0.908203125], [0.0, 0.35742187999999997, 0.28515625, 0.5078125, 0.53515625], [0.0, 0.21679688000000003, 0.91210937, 0.265625, 0.99609375]]","[[0.0, 0.20799051225185394, 0.5453373193740845, 0.40970292687416077, 0.9987363815307617, 0.2735241651535034]]"
m_uav0,M-UAV0,rdd2022_china_drone::phash6_b8f7432456d9::china_drone_000819,rdd2022_china_drone,China UAV,phash6_b8f7432456d9,China_Drone_000819,RoadSentinel_datasets/rdd2022_full/China_Drone/China_Drone/train/images/China_Drone_000819.jpg,2,1,0,1,2,0.0,0.0,0.0,0.0,false,"{""0"": {""fn"": 1, ""fp"": 1, ""gt"": 1, ""iou_sum"": 0.0, ""matched"": 0, ""pred"": 1, ""tp"": 0}, ""1"": {""fn"": 0, ""fp"": 0, ""gt"": 0, ""iou_sum"": 0.0, ""matched"": 0, ""pred"": 0, ""tp"": 0}, ""2"": {""fn"": 1, ""fp"": 0, ""gt"": 1, ""iou_sum"": 0.0, ""matched"": 0, ""pred"": 0, ""tp"": 0}, ""3"": {""fn"": 0, ""fp"": 0, ""gt"": 0, ""iou_sum"": 0.0, ""matched"": 0, ""pred"": 0, ""tp"": 0}}","[[0.0, 0.31054687000000003, 0.6171875, 0.47265625, 0.8125], [2.0, 0.44921875499999997, 0.0019531200000000304, 1.000000005, 0.6171875]]","[[0.0, 0.3070340156555176, 0.43532678484916687, 0.6779974102973938, 0.8155038952827454, 0.29915618896484375]]"
m_uav0,M-UAV0,rdd2022_china_drone::phash6_ba4346aeeab7::china_drone_002245,rdd2022_china_drone,China UAV,phash6_ba4346aeeab7,China_Drone_002245,RoadSentinel_datasets/rdd2022_full/China_Drone/China_Drone/train/images/China_Drone_002245.jpg,6,5,3,2,3,0.6,0.5,0.5454545454545454,0.6732884688229955,false,"{""0"": {""fn"": 0, ""fp"": 1, ""gt"": 1, ""iou_sum"": 0.8007096048260509, ""matched"": 1, ""pred"": 2, ""tp"": 1}, ""1"": {""fn"": 2, ""fp"": 1, ""gt"": 3, ""iou_sum"": 0.6404484564267032, ""matched"": 1, ""pred"": 2, ""tp"": 1}, ""2"": {""fn"": 0, ""fp"": 0, ""gt"": 0, ""iou_sum"": 0.0, ""matched"": 0, ""pred"": 0, ""tp"": 0}, ""3"": {""fn"": 1, ""fp"": 0, ""gt"": 2, ""iou_sum"": 0.5787073452162328, ""matched"": 1, ""pred"": 1, ""tp"": 1}}","[[3.0, 0.09570312, 0.31445312999999997, 0.15820312, 0.40234375], [3.0, 0.365234375, 0.24609375, 0.447265625, 0.31640625], [1.0, 0.375, 0.384765625, 0.70898438, 0.474609375], [1.0, 0.09960936999999997, 0.40429687, 0.37109375, 0.45898437], [0.0, 0.695312495, 0.1953125, 0.746093745, 0.35742187999999997], [1.0, 0.734375, 0.28320312999999997, 1.0, 0.34765625]]","[[0.0, 0.6932375431060791, 0.1979592889547348, 0.7401522397994995, 0.36524271965026855, 0.4099920094013214], [3.0, 0.08298327773809433, 0.30803725123405457, 0.16882817447185516, 0.41861024498939514, 0.28678077459335327], [1.0, 0.7465031743049622, 0.2512132227420807, 1.0, 0.3487670421600342, 0.2843383252620697], [1.0, 0.0, 0.7890710234642029, 0.2428758144378662, 0.827668309211731, 0.25496557354927063], [0.0, 0.0, 0.00029201508732512593, 0.1523786038160324, 0.12337930500507355, 0.2540208101272583]]"
m_uav0,M-UAV0,rdd2022_china_drone::phash6_bc875efbbadf::china_drone_001133,rdd2022_china_drone,China UAV,phash6_bc875efbbadf,China_Drone_001133,RoadSentinel_datasets/rdd2022_full/China_Drone/China_Drone/train/images/China_Drone_001133.jpg,1,0,0,0,1,0.0,0.0,0.0,0.0,true,"{""0"": {""fn"": 0, ""fp"": 0, ""gt"": 0, ""iou_sum"": 0.0, ""matched"": 0, ""pred"": 0, ""tp"": 0}, ""1"": {""fn"": 1, ""fp"": 0, ""gt"": 1, ""iou_sum"": 0.0, ""matched"": 0, ""pred"": 0, ""tp"": 0}, ""2"": {""fn"": 0, ""fp"": 0, ""gt"": 0, ""iou_sum"": 0.0, ""matched"": 0, ""pred"": 0, ""tp"": 0}, ""3"": {""fn"": 0, ""fp"": 0, ""gt"": 0, ""iou_sum"": 0.0, ""matched"": 0, ""pred"": 0, ""tp"": 0}}","[[1.0, 0.19335937000000003, 0.73828125, 0.71484375, 0.85546875]]",[]
m_uav0,M-UAV0,rdd2022_china_drone::phash6_c0af61efa8cb::china_drone_001944,rdd2022_china_drone,China UAV,phash6_c0af61efa8cb,China_Drone_001944,RoadSentinel_datasets/rdd2022_full/China_Drone/China_Drone/train/images/China_Drone_001944.jpg,2,2,2,0,0,1.0,1.0,1.0,0.8188227767561578,false,"{""0"": {""fn"": 0, ""fp"": 0, ""gt"": 1, ""iou_sum"": 0.7948250486025196, ""matched"": 1, ""pred"": 1, ""tp"": 1}, ""1"": {""fn"": 0, ""fp"": 0, ""gt"": 1, ""iou_sum"": 0.842820504909796, ""matched"": 1, ""pred"": 1, ""tp"": 1}, ""2"": {""fn"": 0, ""fp"": 0, ""gt"": 0, ""iou_sum"": 0.0, ""matched"": 0, ""pred"": 0, ""tp"": 0}, ""3"": {""fn"": 0, ""fp"": 0, ""gt"": 0, ""iou_sum"": 0.0, ""matched"": 0, ""pred"": 0, ""tp"": 0}}","[[0.0, 0.70703125, 0.0019531200000000304, 0.75195313, 0.5234375], [1.0, 0.710937505, 0.51367188, 0.972656255, 0.578125]]","[[1.0, 0.7237796783447266, 0.5142820477485657, 0.9918087124824524, 0.575369656085968, 0.5260900855064392], [0.0, 0.6978998184204102, 0.0009407043689861894, 0.7534791827201843, 0.5312315225601196, 0.4353451430797577]]"
m_uav0,M-UAV0,rdd2022_china_drone::phash6_c0b5ae089b6b::china_drone_001142,rdd2022_china_drone,China UAV,phash6_c0b5ae089b6b,China_Drone_001142,RoadSentinel_datasets/rdd2022_full/China_Drone/China_Drone/train/images/China_Drone_001142.jpg,1,0,0,0,1,0.0,0.0,0.0,0.0,true,"{""0"": {""fn"": 0, ""fp"": 0, ""gt"": 0, ""iou_sum"": 0.0, ""matched"": 0, ""pred"": 0, ""tp"": 0}, ""1"": {""fn"": 1, ""fp"": 0, ""gt"": 1, ""iou_sum"": 0.0, ""matched"": 0, ""pred"": 0, ""tp"": 0}, ""2"": {""fn"": 0, ""fp"": 0, ""gt"": 0, ""iou_sum"": 0.0, ""matched"": 0, ""pred"": 0, ""tp"": 0}, ""3"": {""fn"": 0, ""fp"": 0, ""gt"": 0, ""iou_sum"": 0.0, ""matched"": 0, ""pred"": 0, ""tp"": 0}}","[[1.0, 0.740234375, 0.515625, 0.994140625, 0.57226562]]",[]
m_uav0,M-UAV0,rdd2022_china_drone::phash6_c56438d443da::china_drone_000128,rdd2022_china_drone,China UAV,phash6_c56438d443da,China_Drone_000128,RoadSentinel_datasets/rdd2022_full/China_Drone/China_Drone/train/images/China_Drone_000128.jpg,1,1,1,0,0,1.0,1.0,1.0,0.7430704811411944,false,"{""0"": {""fn"": 0, ""fp"": 0, ""gt"": 1, ""iou_sum"": 0.7430704811411944, ""matched"": 1, ""pred"": 1, ""tp"": 1}, ""1"": {""fn"": 0, ""fp"": 0, ""gt"": 0, ""iou_sum"": 0.0, ""matched"": 0, ""pred"": 0, ""tp"": 0}, ""2"": {""fn"": 0, ""fp"": 0, ""gt"": 0, ""iou_sum"": 0.0, ""matched"": 0, ""pred"": 0, ""tp"": 0}, ""3"": {""fn"": 0, ""fp"": 0, ""gt"": 0, ""iou_sum"": 0.0, ""matched"": 0, ""pred"": 0, ""tp"": 0}}","[[0.0, 0.47265624500000003, 0.64453125, 0.546874995, 0.96289063]]","[[0.0, 0.4830354154109955, 0.6472153067588806, 0.542557418346405, 0.9907497763633728, 0.5345774292945862]]"
m_uav0,M-UAV0,rdd2022_china_drone::phash6_c7c242d98baf::china_drone_002252,rdd2022_china_drone,China UAV,phash6_c7c242d98baf,China_Drone_002252,RoadSentinel_datasets/rdd2022_full/China_Drone/China_Drone/train/images/China_Drone_002252.jpg,1,2,0,2,1,0.0,0.0,0.0,0.0,false,"{""0"": {""fn"": 0, ""fp"": 0, ""gt"": 0, ""iou_sum"": 0.0, ""matched"": 0, ""pred"": 0, ""tp"": 0}, ""1"": {""fn"": 1, ""fp"": 2, ""gt"": 1, ""iou_sum"": 0.0, ""matched"": 0, ""pred"": 2, ""tp"": 0}, ""2"": {""fn"": 0, ""fp"": 0, ""gt"": 0, ""iou_sum"": 0.0, ""matched"": 0, ""pred"": 0, ""tp"": 0}, ""3"": {""fn"": 0, ""fp"": 0, ""gt"": 0, ""iou_sum"": 0.0, ""matched"": 0, ""pred"": 0, ""tp"": 0}}","[[1.0, 0.0019531200000000304, 0.41210938, 0.8984375, 0.52148438]]","[[1.0, 0.4959019720554352, 0.4347866177558899, 0.8828325271606445, 0.5234686136245728, 0.4195127785205841], [1.0, 0.0, 0.4094620645046234, 0.43935710191726685, 0.49593326449394226, 0.2984685003757477]]"
m_uav0,M-UAV0,rdd2022_china_drone::phash6_c8668962067b::china_drone_001200,rdd2022_china_drone,China UAV,phash6_c8668962067b,China_Drone_001200,RoadSentinel_datasets/rdd2022_full/China_Drone/China_Drone/train/images/China_Drone_001200.jpg,1,0,0,0,1,0.0,0.0,0.0,0.0,true,"{""0"": {""fn"": 0, ""fp"": 0, ""gt"": 0, ""iou_sum"": 0.0, ""matched"": 0, ""pred"": 0, ""tp"": 0}, ""1"": {""fn"": 1, ""fp"": 0, ""gt"": 1, ""iou_sum"": 0.0, ""matched"": 0, ""pred"": 0, ""tp"": 0}, ""2"": {""fn"": 0, ""fp"": 0, ""gt"": 0, ""iou_sum"": 0.0, ""matched"": 0, ""pred"": 0, ""tp"": 0}, ""3"": {""fn"": 0, ""fp"": 0, ""gt"": 0, ""iou_sum"": 0.0, ""matched"": 0, ""pred"": 0, ""tp"": 0}}","[[1.0, 0.02734375499999997, 0.01171875, 1.000000005, 0.15039063]]",[]
m_uav0,M-UAV0,rdd2022_china_drone::phash6_c96735d46472::china_drone_001824,rdd2022_china_drone,China UAV,phash6_c96735d46472,China_Drone_001824,RoadSentinel_datasets/rdd2022_full/China_Drone/China_Drone/train/images/China_Drone_001824.jpg,1,2,1,1,0,0.5,1.0,0.6666666666666666,0.7854019941946454,false,"{""0"": {""fn"": 0, ""fp"": 0, ""gt"": 0, ""iou_sum"": 0.0, ""matched"": 0, ""pred"": 0, ""tp"": 0}, ""1"": {""fn"": 0, ""fp"": 1, ""gt"": 1, ""iou_sum"": 0.7854019941946454, ""matched"": 1, ""pred"": 2, ""tp"": 1}, ""2"": {""fn"": 0, ""fp"": 0, ""gt"": 0, ""iou_sum"": 0.0, ""matched"": 0, ""pred"": 0, ""tp"": 0}, ""3"": {""fn"": 0, ""fp"": 0, ""gt"": 0, ""iou_sum"": 0.0, ""matched"": 0, ""pred"": 0, ""tp"": 0}}","[[1.0, 0.01171875, 0.64453125, 0.84765625, 0.80664063]]","[[1.0, 0.0, 0.6687238812446594, 0.8443567156791687, 0.7979782223701477, 0.4096458852291107], [1.0, 0.0014586448669433594, 0.6562711596488953, 0.6452322006225586, 0.7606083154678345, 0.35242563486099243]]"
m_uav0,M-UAV0,rdd2022_china_drone::phash6_c96a08dcd7ed::china_drone_001260,rdd2022_china_drone,China UAV,phash6_c96a08dcd7ed,China_Drone_001260,RoadSentinel_datasets/rdd2022_full/China_Drone/China_Drone/train/images/China_Drone_001260.jpg,4,2,0,2,4,0.0,0.0,0.0,0.0,false,"{""0"": {""fn"": 3, ""fp"": 1, ""gt"": 3, ""iou_sum"": 0.0, ""matched"": 0, ""pred"": 1, ""tp"": 0}, ""1"": {""fn"": 0, ""fp"": 1, ""gt"": 0, ""iou_sum"": 0.0, ""matched"": 0, ""pred"": 1, ""tp"": 0}, ""2"": {""fn"": 1, ""fp"": 0, ""gt"": 1, ""iou_sum"": 0.0, ""matched"": 0, ""pred"": 0, ""tp"": 0}, ""3"": {""fn"": 0, ""fp"": 0, ""gt"": 0, ""iou_sum"": 0.0, ""matched"": 0, ""pred"": 0, ""tp"": 0}}","[[2.0, 0.33007812000000003, 0.17578125, 0.97070312, 0.85546875], [0.0, 0.001953130000000025, 0.36914062, 0.30859375, 0.52539062], [0.0, 0.65625, 0.86132812, 0.74023438, 1.0], [0.0, 0.941406245, 0.0019531299999999974, 0.999999995, 0.16601563]]","[[0.0, 0.657357394695282, 0.5343995094299316, 0.8265485167503357, 0.8289430737495422, 0.38903796672821045], [1.0, 0.3436264097690582, 0.14596310257911682, 0.8937916159629822, 0.41701245307922363, 0.35915660858154297]]"
m_uav0,M-UAV0,rdd2022_china_drone::phash6_cb2354c7c9d0::china_drone_001610,rdd2022_china_drone,China UAV,phash6_cb2354c7c9d0,China_Drone_001610,RoadSentinel_datasets/rdd2022_full/China_Drone/China_Drone/train/images/China_Drone_001610.jpg,2,1,1,0,1,1.0,0.5,0.6666666666666666,0.5156231635990798,false,"{""0"": {""fn"": 0, ""fp"": 0, ""gt"": 0, ""iou_sum"": 0.0, ""matched"": 0, ""pred"": 0, ""tp"": 0}, ""1"": {""fn"": 1, ""fp"": 0, ""gt"": 2, ""iou_sum"": 0.5156231635990798, ""matched"": 1, ""pred"": 1, ""tp"": 1}, ""2"": {""fn"": 0, ""fp"": 0, ""gt"": 0, ""iou_sum"": 0.0, ""matched"": 0, ""pred"": 0, ""tp"": 0}, ""3"": {""fn"": 0, ""fp"": 0, ""gt"": 0, ""iou_sum"": 0.0, ""matched"": 0, ""pred"": 0, ""tp"": 0}}","[[1.0, 0.2734375, 0.349609375, 0.625, 0.470703125], [1.0, 0.62695313, 0.396484375, 0.79296875, 0.439453125]]","[[1.0, 0.3007783889770508, 0.36964792013168335, 0.829281747341156, 0.46993207931518555, 0.6173179745674133]]"
m_uav0,M-UAV0,rdd2022_china_drone::phash6_cb7403c0b48d::china_drone_001845,rdd2022_china_drone,China UAV,phash6_cb7403c0b48d,China_Drone_001845,RoadSentinel_datasets/rdd2022_full/China_Drone/China_Drone/train/images/China_Drone_001845.jpg,1,0,0,0,1,0.0,0.0,0.0,0.0,true,"{""0"": {""fn"": 1, ""fp"": 0, ""gt"": 1, ""iou_sum"": 0.0, ""matched"": 0, ""pred"": 0, ""tp"": 0}, ""1"": {""fn"": 0, ""fp"": 0, ""gt"": 0, ""iou_sum"": 0.0, ""matched"": 0, ""pred"": 0, ""tp"": 0}, ""2"": {""fn"": 0, ""fp"": 0, ""gt"": 0, ""iou_sum"": 0.0, ""matched"": 0, ""pred"": 0, ""tp"": 0}, ""3"": {""fn"": 0, ""fp"": 0, ""gt"": 0, ""iou_sum"": 0.0, ""matched"": 0, ""pred"": 0, ""tp"": 0}}","[[0.0, 0.34765625, 0.90429688, 0.38867187000000003, 1.0]]",[]
m_uav0,M-UAV0,rdd2022_china_drone::phash6_d280eb342c4d::china_drone_001028,rdd2022_china_drone,China UAV,phash6_d280eb342c4d,China_Drone_001028,RoadSentinel_datasets/rdd2022_full/China_Drone/China_Drone/train/images/China_Drone_001028.jpg,5,0,0,0,5,0.0,0.0,0.0,0.0,true,"{""0"": {""fn"": 3, ""fp"": 0, ""gt"": 3, ""iou_sum"": 0.0, ""matched"": 0, ""pred"": 0, ""tp"": 0}, ""1"": {""fn"": 0, ""fp"": 0, ""gt"": 0, ""iou_sum"": 0.0, ""matched"": 0, ""pred"": 0, ""tp"": 0}, ""2"": {""fn"": 2, ""fp"": 0, ""gt"": 2, ""iou_sum"": 0.0, ""matched"": 0, ""pred"": 0, ""tp"": 0}, ""3"": {""fn"": 0, ""fp"": 0, ""gt"": 0, ""iou_sum"": 0.0, ""matched"": 0, ""pred"": 0, ""tp"": 0}}","[[0.0, 0.66210937, 0.65429688, 0.73242187, 1.0], [2.0, 0.62695312, 0.0019531200000000026, 0.7265625, 0.1328125], [2.0, 0.66601563, 0.546875, 0.75390625, 0.65429688], [0.0, 0.72460938, 0.34570313, 0.78710938, 0.54101563], [0.0, 0.623046875, 0.14257813, 0.697265625, 0.45703125]]",[]
m_uav0,M-UAV0,rdd2022_china_drone::phash6_d2aca8ac3875::china_drone_001317,rdd2022_china_drone,China UAV,phash6_d2aca8ac3875,China_Drone_001317,RoadSentinel_datasets/rdd2022_full/China_Drone/China_Drone/train/images/China_Drone_001317.jpg,2,1,1,0,1,1.0,0.5,0.6666666666666666,0.6674723274739153,false,"{""0"": {""fn"": 0, ""fp"": 0, ""gt"": 0, ""iou_sum"": 0.0, ""matched"": 0, ""pred"": 0, ""tp"": 0}, ""1"": {""fn"": 1, ""fp"": 0, ""gt"": 2, ""iou_sum"": 0.6674723274739153, ""matched"": 1, ""pred"": 1, ""tp"": 1}, ""2"": {""fn"": 0, ""fp"": 0, ""gt"": 0, ""iou_sum"": 0.0, ""matched"": 0, ""pred"": 0, ""tp"": 0}, ""3"": {""fn"": 0, ""fp"": 0, ""gt"": 0, ""iou_sum"": 0.0, ""matched"": 0, ""pred"": 0, ""tp"": 0}}","[[1.0, 0.0019531200000000304, 0.31054687999999997, 1.0, 0.4296875], [1.0, 0.814453125, 0.93359375, 0.951171875, 0.98242187]]","[[1.0, 0.0, 0.34422507882118225, 0.9550600051879883, 0.4276117980480194, 0.3688887059688568]]"
m_uav0,M-UAV0,rdd2022_china_drone::phash6_d2d2cd213636::china_drone_000383,rdd2022_china_drone,China UAV,phash6_d2d2cd213636,China_Drone_000383,RoadSentinel_datasets/rdd2022_full/China_Drone/China_Drone/train/images/China_Drone_000383.jpg,1,0,0,0,1,0.0,0.0,0.0,0.0,true,"{""0"": {""fn"": 0, ""fp"": 0, ""gt"": 0, ""iou_sum"": 0.0, ""matched"": 0, ""pred"": 0, ""tp"": 0}, ""1"": {""fn"": 0, ""fp"": 0, ""gt"": 0, ""iou_sum"": 0.0, ""matched"": 0, ""pred"": 0, ""tp"": 0}, ""2"": {""fn"": 0, ""fp"": 0, ""gt"": 0, ""iou_sum"": 0.0, ""matched"": 0, ""pred"": 0, ""tp"": 0}, ""3"": {""fn"": 1, ""fp"": 0, ""gt"": 1, ""iou_sum"": 0.0, ""matched"": 0, ""pred"": 0, ""tp"": 0}}","[[3.0, 0.51367187, 0.01757811999999999, 0.75390625, 0.2421875]]",[]
m_uav0,M-UAV0,rdd2022_china_drone::phash6_d7e2b1755031::china_drone_000994,rdd2022_china_drone,China UAV,phash6_d7e2b1755031,China_Drone_000994,RoadSentinel_datasets/rdd2022_full/China_Drone/China_Drone/train/images/China_Drone_000994.jpg,1,0,0,0,1,0.0,0.0,0.0,0.0,true,"{""0"": {""fn"": 0, ""fp"": 0, ""gt"": 0, ""iou_sum"": 0.0, ""matched"": 0, ""pred"": 0, ""tp"": 0}, ""1"": {""fn"": 1, ""fp"": 0, ""gt"": 1, ""iou_sum"": 0.0, ""matched"": 0, ""pred"": 0, ""tp"": 0}, ""2"": {""fn"": 0, ""fp"": 0, ""gt"": 0, ""iou_sum"": 0.0, ""matched"": 0, ""pred"": 0, ""tp"": 0}, ""3"": {""fn"": 0, ""fp"": 0, ""gt"": 0, ""iou_sum"": 0.0, ""matched"": 0, ""pred"": 0, ""tp"": 0}}","[[1.0, 0.001953125, 0.63085937, 0.505859375, 0.72265625]]",[]
m_uav0,M-UAV0,rdd2022_china_drone::phash6_dbb5783f6da8::china_drone_001813,rdd2022_china_drone,China UAV,phash6_dbb5783f6da8,China_Drone_001813,RoadSentinel_datasets/rdd2022_full/China_Drone/China_Drone/train/images/China_Drone_001813.jpg,3,2,1,1,2,0.5,0.3333333333333333,0.4,0.6575515179605244,false,"{""0"": {""fn"": 0, ""fp"": 1, ""gt"": 1, ""iou_sum"": 0.6575515179605244, ""matched"": 1, ""pred"": 2, ""tp"": 1}, ""1"": {""fn"": 0, ""fp"": 0, ""gt"": 0, ""iou_sum"": 0.0, ""matched"": 0, ""pred"": 0, ""tp"": 0}, ""2"": {""fn"": 2, ""fp"": 0, ""gt"": 2, ""iou_sum"": 0.0, ""matched"": 0, ""pred"": 0, ""tp"": 0}, ""3"": {""fn"": 0, ""fp"": 0, ""gt"": 0, ""iou_sum"": 0.0, ""matched"": 0, ""pred"": 0, ""tp"": 0}}","[[0.0, 0.54492187, 0.32226562999999997, 0.59765625, 0.87890625], [2.0, 0.54296875, 0.2421875, 0.59960937, 0.32226562000000003], [2.0, 0.55078125, 0.87890625, 0.59765625, 0.94335937]]","[[0.0, 0.5478469729423523, 0.34732192754745483, 0.6053653955459595, 0.9973926544189453, 0.5179916024208069], [0.0, 0.5346978306770325, 0.1991974264383316, 0.5978924632072449, 0.33563780784606934, 0.3939436376094818]]"
m_uav0,M-UAV0,rdd2022_china_drone::phash6_dc2359c23d83::china_drone_001248,rdd2022_china_drone,China UAV,phash6_dc2359c23d83,China_Drone_001248,RoadSentinel_datasets/rdd2022_full/China_Drone/China_Drone/train/images/China_Drone_001248.jpg,1,2,1,1,0,0.5,1.0,0.6666666666666666,0.5722301336702903,false,"{""0"": {""fn"": 0, ""fp"": 0, ""gt"": 1, ""iou_sum"": 0.5722301336702903, ""matched"": 1, ""pred"": 1, ""tp"": 1}, ""1"": {""fn"": 0, ""fp"": 1, ""gt"": 0, ""iou_sum"": 0.0, ""matched"": 0, ""pred"": 1, ""tp"": 0}, ""2"": {""fn"": 0, ""fp"": 0, ""gt"": 0, ""iou_sum"": 0.0, ""matched"": 0, ""pred"": 0, ""tp"": 0}, ""3"": {""fn"": 0, ""fp"": 0, ""gt"": 0, ""iou_sum"": 0.0, ""matched"": 0, ""pred"": 0, ""tp"": 0}}","[[0.0, 0.68945312, 0.66992188, 0.8046875, 1.0]]","[[0.0, 0.7134430408477783, 0.7131054997444153, 0.7896103262901306, 0.9988652467727661, 0.5656202435493469], [1.0, 0.0, 0.11541140079498291, 0.2458106130361557, 0.16706407070159912, 0.38859787583351135]]"
m_uav0,M-UAV0,rdd2022_china_drone::phash6_de38891d467d::china_drone_000061,rdd2022_china_drone,China UAV,phash6_de38891d467d,China_Drone_000061,RoadSentinel_datasets/rdd2022_full/China_Drone/China_Drone/train/images/China_Drone_000061.jpg,3,2,2,0,1,1.0,0.6666666666666666,0.8,0.7582591820365158,false,"{""0"": {""fn"": 0, ""fp"": 0, ""gt"": 0, ""iou_sum"": 0.0, ""matched"": 0, ""pred"": 0, ""tp"": 0}, ""1"": {""fn"": 0, ""fp"": 0, ""gt"": 2, ""iou_sum"": 1.5165183640730315, ""matched"": 2, ""pred"": 2, ""tp"": 2}, ""2"": {""fn"": 0, ""fp"": 0, ""gt"": 0, ""iou_sum"": 0.0, ""matched"": 0, ""pred"": 0, ""tp"": 0}, ""3"": {""fn"": 1, ""fp"": 0, ""gt"": 1, ""iou_sum"": 0.0, ""matched"": 0, ""pred"": 0, ""tp"": 0}}","[[1.0, 0.001953125, 0.30664062999999997, 0.201171875, 0.36328125], [1.0, 0.38085937999999997, 0.11328125, 0.9296875, 0.19140625], [3.0, 0.75, 0.53515625, 0.87304688, 0.65820313]]","[[1.0, 0.4174087643623352, 0.11030160635709763, 0.9585708975791931, 0.19024842977523804, 0.4978450834751129], [1.0, 0.0, 0.2862943410873413, 0.2055654525756836, 0.367923766374588, 0.3291867673397064]]"
m_uav0,M-UAV0,rdd2022_china_drone::phash6_df2246d81a79::china_drone_000613,rdd2022_china_drone,China UAV,phash6_df2246d81a79,China_Drone_000613,RoadSentinel_datasets/rdd2022_full/China_Drone/China_Drone/train/images/China_Drone_000613.jpg,2,1,0,1,2,0.0,0.0,0.0,0.0,false,"{""0"": {""fn"": 1, ""fp"": 0, ""gt"": 1, ""iou_sum"": 0.0, ""matched"": 0, ""pred"": 0, ""tp"": 0}, ""1"": {""fn"": 0, ""fp"": 1, ""gt"": 0, ""iou_sum"": 0.0, ""matched"": 0, ""pred"": 1, ""tp"": 0}, ""2"": {""fn"": 1, ""fp"": 0, ""gt"": 1, ""iou_sum"": 0.0, ""matched"": 0, ""pred"": 0, ""tp"": 0}, ""3"": {""fn"": 0, ""fp"": 0, ""gt"": 0, ""iou_sum"": 0.0, ""matched"": 0, ""pred"": 0, ""tp"": 0}}","[[0.0, 0.583984375, 0.81640625, 0.845703125, 0.91210937], [2.0, 0.863281245, 0.824218745, 0.999999995, 0.929687495]]","[[1.0, 0.5957155227661133, 0.8439079523086548, 0.8897196054458618, 0.9168594479560852, 0.5066572427749634]]"
m_uav0,M-UAV0,rdd2022_china_drone::phash6_e0ce87beaf9a::china_drone_001305,rdd2022_china_drone,China UAV,phash6_e0ce87beaf9a,China_Drone_001305,RoadSentinel_datasets/rdd2022_full/China_Drone/China_Drone/train/images/China_Drone_001305.jpg,1,0,0,0,1,0.0,0.0,0.0,0.0,true,"{""0"": {""fn"": 1, ""fp"": 0, ""gt"": 1, ""iou_sum"": 0.0, ""matched"": 0, ""pred"": 0, ""tp"": 0}, ""1"": {""fn"": 0, ""fp"": 0, ""gt"": 0, ""iou_sum"": 0.0, ""matched"": 0, ""pred"": 0, ""tp"": 0}, ""2"": {""fn"": 0, ""fp"": 0, ""gt"": 0, ""iou_sum"": 0.0, ""matched"": 0, ""pred"": 0, ""tp"": 0}, ""3"": {""fn"": 0, ""fp"": 0, ""gt"": 0, ""iou_sum"": 0.0, ""matched"": 0, ""pred"": 0, ""tp"": 0}}","[[0.0, 0.75976563, 0.20703125, 0.94921875, 0.37695312999999997]]",[]
m_uav0,M-UAV0,rdd2022_china_drone::phash6_e475f7ebfe5d::china_drone_001496,rdd2022_china_drone,China UAV,phash6_e475f7ebfe5d,China_Drone_001496,RoadSentinel_datasets/rdd2022_full/China_Drone/China_Drone/train/images/China_Drone_001496.jpg,3,6,2,4,1,0.3333333333333333,0.6666666666666666,0.4444444444444444,0.803668772294725,false,"{""0"": {""fn"": 1, ""fp"": 4, ""gt"": 3, ""iou_sum"": 1.60733754458945, ""matched"": 2, ""pred"": 6, ""tp"": 2}, ""1"": {""fn"": 0, ""fp"": 0, ""gt"": 0, ""iou_sum"": 0.0, ""matched"": 0, ""pred"": 0, ""tp"": 0}, ""2"": {""fn"": 0, ""fp"": 0, ""gt"": 0, ""iou_sum"": 0.0, ""matched"": 0, ""pred"": 0, ""tp"": 0}, ""3"": {""fn"": 0, ""fp"": 0, ""gt"": 0, ""iou_sum"": 0.0, ""matched"": 0, ""pred"": 0, ""tp"": 0}}","[[0.0, 0.62109375, 0.0019531200000000304, 0.74023437, 0.5859375], [0.0, 0.416015625, 0.53710937, 0.482421875, 0.85546875], [0.0, 0.5703125, 0.73632812, 0.6640625, 1.0]]","[[0.0, 0.6408951878547668, 0.0006607055547647178, 0.7337124943733215, 0.5661671757698059, 0.4701940417289734], [0.0, 0.5777716636657715, 0.0, 0.740195095539093, 0.6516335606575012, 0.4371234178543091], [0.0, 0.5804248452186584, 0.7403207421302795, 0.6665842533111572, 1.0, 0.4005787670612335], [0.0, 0.5336275100708008, 0.018974637612700462, 0.8265226483345032, 0.6527921557426453, 0.37866997718811035], [0.0, 0.5334393382072449, 0.24556489288806915, 0.8557500243186951, 0.645353376865387, 0.3076786696910858], [0.0, 0.5391570925712585, 0.02874579466879368, 0.945587158203125, 0.6518363952636719, 0.3025670349597931]]"
m_uav0,M-UAV0,rdd2022_china_drone::phash6_e54bf28264ee::china_drone_000057,rdd2022_china_drone,China UAV,phash6_e54bf28264ee,China_Drone_000057,RoadSentinel_datasets/rdd2022_full/China_Drone/China_Drone/train/images/China_Drone_000057.jpg,2,0,0,0,2,0.0,0.0,0.0,0.0,true,"{""0"": {""fn"": 0, ""fp"": 0, ""gt"": 0, ""iou_sum"": 0.0, ""matched"": 0, ""pred"": 0, ""tp"": 0}, ""1"": {""fn"": 0, ""fp"": 0, ""gt"": 0, ""iou_sum"": 0.0, ""matched"": 0, ""pred"": 0, ""tp"": 0}, ""2"": {""fn"": 0, ""fp"": 0, ""gt"": 0, ""iou_sum"": 0.0, ""matched"": 0, ""pred"": 0, ""tp"": 0}, ""3"": {""fn"": 2, ""fp"": 0, ""gt"": 2, ""iou_sum"": 0.0, ""matched"": 0, ""pred"": 0, ""tp"": 0}}","[[3.0, 0.39257812000000003, 0.460937505, 0.4765625, 0.535156255], [3.0, 0.390625005, 0.7578125, 0.464843755, 0.8359375]]",[]
m_uav0,M-UAV0,rdd2022_china_drone::phash6_e54bf28264ee::china_drone_000062,rdd2022_china_drone,China UAV,phash6_e54bf28264ee,China_Drone_000062,RoadSentinel_datasets/rdd2022_full/China_Drone/China_Drone/train/images/China_Drone_000062.jpg,2,0,0,0,2,0.0,0.0,0.0,0.0,true,"{""0"": {""fn"": 0, ""fp"": 0, ""gt"": 0, ""iou_sum"": 0.0, ""matched"": 0, ""pred"": 0, ""tp"": 0}, ""1"": {""fn"": 0, ""fp"": 0, ""gt"": 0, ""iou_sum"": 0.0, ""matched"": 0, ""pred"": 0, ""tp"": 0}, ""2"": {""fn"": 0, ""fp"": 0, ""gt"": 0, ""iou_sum"": 0.0, ""matched"": 0, ""pred"": 0, ""tp"": 0}, ""3"": {""fn"": 2, ""fp"": 0, ""gt"": 2, ""iou_sum"": 0.0, ""matched"": 0, ""pred"": 0, ""tp"": 0}}","[[3.0, 0.3984375, 0.45117187999999997, 0.484375, 0.5234375], [3.0, 0.40429687999999997, 0.757812505, 0.46875, 0.832031255]]",[]
m_uav0,M-UAV0,rdd2022_china_drone::phash6_e54bf28264ee::china_drone_000237,rdd2022_china_drone,China UAV,phash6_e54bf28264ee,China_Drone_000237,RoadSentinel_datasets/rdd2022_full/China_Drone/China_Drone/train/images/China_Drone_000237.jpg,2,0,0,0,2,0.0,0.0,0.0,0.0,true,"{""0"": {""fn"": 0, ""fp"": 0, ""gt"": 0, ""iou_sum"": 0.0, ""matched"": 0, ""pred"": 0, ""tp"": 0}, ""1"": {""fn"": 0, ""fp"": 0, ""gt"": 0, ""iou_sum"": 0.0, ""matched"": 0, ""pred"": 0, ""tp"": 0}, ""2"": {""fn"": 0, ""fp"": 0, ""gt"": 0, ""iou_sum"": 0.0, ""matched"": 0, ""pred"": 0, ""tp"": 0}, ""3"": {""fn"": 2, ""fp"": 0, ""gt"": 2, ""iou_sum"": 0.0, ""matched"": 0, ""pred"": 0, ""tp"": 0}}","[[3.0, 0.373046875, 0.44726563, 0.462890625, 0.51757813], [3.0, 0.374999995, 0.755859375, 0.441406245, 0.822265625]]",[]
m_uav0,M-UAV0,rdd2022_china_drone::phash6_e54bf28264ee::china_drone_001773,rdd2022_china_drone,China UAV,phash6_e54bf28264ee,China_Drone_001773,RoadSentinel_datasets/rdd2022_full/China_Drone/China_Drone/train/images/China_Drone_001773.jpg,2,0,0,0,2,0.0,0.0,0.0,0.0,true,"{""0"": {""fn"": 0, ""fp"": 0, ""gt"": 0, ""iou_sum"": 0.0, ""matched"": 0, ""pred"": 0, ""tp"": 0}, ""1"": {""fn"": 0, ""fp"": 0, ""gt"": 0, ""iou_sum"": 0.0, ""matched"": 0, ""pred"": 0, ""tp"": 0}, ""2"": {""fn"": 0, ""fp"": 0, ""gt"": 0, ""iou_sum"": 0.0, ""matched"": 0, ""pred"": 0, ""tp"": 0}, ""3"": {""fn"": 2, ""fp"": 0, ""gt"": 2, ""iou_sum"": 0.0, ""matched"": 0, ""pred"": 0, ""tp"": 0}}","[[3.0, 0.38671875, 0.453125, 0.48632812999999997, 0.5390625], [3.0, 0.39453125, 0.765625005, 0.46289062999999997, 0.839843755]]",[]
m_uav0,M-UAV0,rdd2022_china_drone::phash6_e54bf28264ee::china_drone_001990,rdd2022_china_drone,China UAV,phash6_e54bf28264ee,China_Drone_001990,RoadSentinel_datasets/rdd2022_full/China_Drone/China_Drone/train/images/China_Drone_001990.jpg,2,0,0,0,2,0.0,0.0,0.0,0.0,true,"{""0"": {""fn"": 0, ""fp"": 0, ""gt"": 0, ""iou_sum"": 0.0, ""matched"": 0, ""pred"": 0, ""tp"": 0}, ""1"": {""fn"": 0, ""fp"": 0, ""gt"": 0, ""iou_sum"": 0.0, ""matched"": 0, ""pred"": 0, ""tp"": 0}, ""2"": {""fn"": 0, ""fp"": 0, ""gt"": 0, ""iou_sum"": 0.0, ""matched"": 0, ""pred"": 0, ""tp"": 0}, ""3"": {""fn"": 2, ""fp"": 0, ""gt"": 2, ""iou_sum"": 0.0, ""matched"": 0, ""pred"": 0, ""tp"": 0}}","[[3.0, 0.38085937999999997, 0.419921875, 0.4765625, 0.494140625], [3.0, 0.38671875, 0.71679687, 0.47070312999999997, 0.80078125]]",[]
m_uav0,M-UAV0,rdd2022_china_drone::phash6_e54bf28264ee::china_drone_002080,rdd2022_china_drone,China UAV,phash6_e54bf28264ee,China_Drone_002080,RoadSentinel_datasets/rdd2022_full/China_Drone/China_Drone/train/images/China_Drone_002080.jpg,2,0,0,0,2,0.0,0.0,0.0,0.0,true,"{""0"": {""fn"": 0, ""fp"": 0, ""gt"": 0, ""iou_sum"": 0.0, ""matched"": 0, ""pred"": 0, ""tp"": 0}, ""1"": {""fn"": 0, ""fp"": 0, ""gt"": 0, ""iou_sum"": 0.0, ""matched"": 0, ""pred"": 0, ""tp"": 0}, ""2"": {""fn"": 0, ""fp"": 0, ""gt"": 0, ""iou_sum"": 0.0, ""matched"": 0, ""pred"": 0, ""tp"": 0}, ""3"": {""fn"": 2, ""fp"": 0, ""gt"": 2, ""iou_sum"": 0.0, ""matched"": 0, ""pred"": 0, ""tp"": 0}}","[[3.0, 0.390625, 0.455078125, 0.4921875, 0.537109375], [3.0, 0.396484375, 0.763671875, 0.470703125, 0.837890625]]",[]
m_uav0,M-UAV0,rdd2022_china_drone::phash6_e54bf28264ee::china_drone_002132,rdd2022_china_drone,China UAV,phash6_e54bf28264ee,China_Drone_002132,RoadSentinel_datasets/rdd2022_full/China_Drone/China_Drone/train/images/China_Drone_002132.jpg,2,0,0,0,2,0.0,0.0,0.0,0.0,true,"{""0"": {""fn"": 0, ""fp"": 0, ""gt"": 0, ""iou_sum"": 0.0, ""matched"": 0, ""pred"": 0, ""tp"": 0}, ""1"": {""fn"": 0, ""fp"": 0, ""gt"": 0, ""iou_sum"": 0.0, ""matched"": 0, ""pred"": 0, ""tp"": 0}, ""2"": {""fn"": 0, ""fp"": 0, ""gt"": 0, ""iou_sum"": 0.0, ""matched"": 0, ""pred"": 0, ""tp"": 0}, ""3"": {""fn"": 2, ""fp"": 0, ""gt"": 2, ""iou_sum"": 0.0, ""matched"": 0, ""pred"": 0, ""tp"": 0}}","[[3.0, 0.388671875, 0.4453125, 0.478515625, 0.5234375], [3.0, 0.39453125, 0.748046875, 0.46289062999999997, 0.822265625]]",[]
m_uav0,M-UAV0,rdd2022_china_drone::phash6_e54bf28264ee::china_drone_002189,rdd2022_china_drone,China UAV,phash6_e54bf28264ee,China_Drone_002189,RoadSentinel_datasets/rdd2022_full/China_Drone/China_Drone/train/images/China_Drone_002189.jpg,2,0,0,0,2,0.0,0.0,0.0,0.0,true,"{""0"": {""fn"": 0, ""fp"": 0, ""gt"": 0, ""iou_sum"": 0.0, ""matched"": 0, ""pred"": 0, ""tp"": 0}, ""1"": {""fn"": 0, ""fp"": 0, ""gt"": 0, ""iou_sum"": 0.0, ""matched"": 0, ""pred"": 0, ""tp"": 0}, ""2"": {""fn"": 0, ""fp"": 0, ""gt"": 0, ""iou_sum"": 0.0, ""matched"": 0, ""pred"": 0, ""tp"": 0}, ""3"": {""fn"": 2, ""fp"": 0, ""gt"": 2, ""iou_sum"": 0.0, ""matched"": 0, ""pred"": 0, ""tp"": 0}}","[[3.0, 0.39257812000000003, 0.447265625, 0.4765625, 0.521484375], [3.0, 0.39257812000000003, 0.75390625, 0.453125, 0.82226563]]",[]
m_uav0,M-UAV0,rdd2022_china_drone::phash6_e5f73e9c76a9::china_drone_001922,rdd2022_china_drone,China UAV,phash6_e5f73e9c76a9,China_Drone_001922,RoadSentinel_datasets/rdd2022_full/China_Drone/China_Drone/train/images/China_Drone_001922.jpg,1,2,1,1,0,0.5,1.0,0.6666666666666666,0.8374616502657277,false,"{""0"": {""fn"": 0, ""fp"": 1, ""gt"": 0, ""iou_sum"": 0.0, ""matched"": 0, ""pred"": 1, ""tp"": 0}, ""1"": {""fn"": 0, ""fp"": 0, ""gt"": 1, ""iou_sum"": 0.8374616502657277, ""matched"": 1, ""pred"": 1, ""tp"": 1}, ""2"": {""fn"": 0, ""fp"": 0, ""gt"": 0, ""iou_sum"": 0.0, ""matched"": 0, ""pred"": 0, ""tp"": 0}, ""3"": {""fn"": 0, ""fp"": 0, ""gt"": 0, ""iou_sum"": 0.0, ""matched"": 0, ""pred"": 0, ""tp"": 0}}","[[1.0, 0.14257813, 0.289062495, 0.40234375, 0.339843745]]","[[1.0, 0.15384827554225922, 0.2917547821998596, 0.406766414642334, 0.3432649075984955, 0.5252482295036316], [0.0, 0.1155133992433548, 0.594048023223877, 0.20572279393672943, 0.998271644115448, 0.31641092896461487]]"
m_uav0,M-UAV0,rdd2022_china_drone::phash6_eac3c0577bfb::china_drone_000360,rdd2022_china_drone,China UAV,phash6_eac3c0577bfb,China_Drone_000360,RoadSentinel_datasets/rdd2022_full/China_Drone/China_Drone/train/images/China_Drone_000360.jpg,1,1,1,0,0,1.0,1.0,1.0,0.5899865913130833,false,"{""0"": {""fn"": 0, ""fp"": 0, ""gt"": 1, ""iou_sum"": 0.5899865913130833, ""matched"": 1, ""pred"": 1, ""tp"": 1}, ""1"": {""fn"": 0, ""fp"": 0, ""gt"": 0, ""iou_sum"": 0.0, ""matched"": 0, ""pred"": 0, ""tp"": 0}, ""2"": {""fn"": 0, ""fp"": 0, ""gt"": 0, ""iou_sum"": 0.0, ""matched"": 0, ""pred"": 0, ""tp"": 0}, ""3"": {""fn"": 0, ""fp"": 0, ""gt"": 0, ""iou_sum"": 0.0, ""matched"": 0, ""pred"": 0, ""tp"": 0}}","[[0.0, 0.312499995, 0.24023438000000003, 0.347656245, 0.64648438]]","[[0.0, 0.3140561282634735, 0.1764276772737503, 0.3608425259590149, 0.63479083776474, 0.8408109545707703]]"
m_uav0,M-UAV0,rdd2022_china_drone::phash6_ebb2c5acc201::china_drone_001993,rdd2022_china_drone,China UAV,phash6_ebb2c5acc201,China_Drone_001993,RoadSentinel_datasets/rdd2022_full/China_Drone/China_Drone/train/images/China_Drone_001993.jpg,1,1,1,0,0,1.0,1.0,1.0,0.8110027763272423,false,"{""0"": {""fn"": 0, ""fp"": 0, ""gt"": 1, ""iou_sum"": 0.8110027763272423, ""matched"": 1, ""pred"": 1, ""tp"": 1}, ""1"": {""fn"": 0, ""fp"": 0, ""gt"": 0, ""iou_sum"": 0.0, ""matched"": 0, ""pred"": 0, ""tp"": 0}, ""2"": {""fn"": 0, ""fp"": 0, ""gt"": 0, ""iou_sum"": 0.0, ""matched"": 0, ""pred"": 0, ""tp"": 0}, ""3"": {""fn"": 0, ""fp"": 0, ""gt"": 0, ""iou_sum"": 0.0, ""matched"": 0, ""pred"": 0, ""tp"": 0}}","[[0.0, 0.08984375, 0.60351562, 0.19140625, 0.96875]]","[[0.0, 0.09548842906951904, 0.5689651370048523, 0.19097569584846497, 0.996076762676239, 0.46760493516921997]]"
m_uav0,M-UAV0,rdd2022_china_drone::phash6_ee178cf18045::china_drone_001269,rdd2022_china_drone,China UAV,phash6_ee178cf18045,China_Drone_001269,RoadSentinel_datasets/rdd2022_full/China_Drone/China_Drone/train/images/China_Drone_001269.jpg,1,1,1,0,0,1.0,1.0,1.0,0.7473020196841839,false,"{""0"": {""fn"": 0, ""fp"": 0, ""gt"": 0, ""iou_sum"": 0.0, ""matched"": 0, ""pred"": 0, ""tp"": 0}, ""1"": {""fn"": 0, ""fp"": 0, ""gt"": 1, ""iou_sum"": 0.7473020196841839, ""matched"": 1, ""pred"": 1, ""tp"": 1}, ""2"": {""fn"": 0, ""fp"": 0, ""gt"": 0, ""iou_sum"": 0.0, ""matched"": 0, ""pred"": 0, ""tp"": 0}, ""3"": {""fn"": 0, ""fp"": 0, ""gt"": 0, ""iou_sum"": 0.0, ""matched"": 0, ""pred"": 0, ""tp"": 0}}","[[1.0, 0.21484374999999997, 0.67773437, 0.58789063, 0.73828125]]","[[1.0, 0.20067191123962402, 0.6715240478515625, 0.5712811350822449, 0.7315130233764648, 0.37007132172584534]]"
m_uav0,M-UAV0,rdd2022_china_drone::phash6_f4156f0d5d05::china_drone_000240,rdd2022_china_drone,China UAV,phash6_f4156f0d5d05,China_Drone_000240,RoadSentinel_datasets/rdd2022_full/China_Drone/China_Drone/train/images/China_Drone_000240.jpg,1,4,1,3,0,0.25,1.0,0.4,0.7723472239907454,false,"{""0"": {""fn"": 0, ""fp"": 3, ""gt"": 1, ""iou_sum"": 0.7723472239907454, ""matched"": 1, ""pred"": 4, ""tp"": 1}, ""1"": {""fn"": 0, ""fp"": 0, ""gt"": 0, ""iou_sum"": 0.0, ""matched"": 0, ""pred"": 0, ""tp"": 0}, ""2"": {""fn"": 0, ""fp"": 0, ""gt"": 0, ""iou_sum"": 0.0, ""matched"": 0, ""pred"": 0, ""tp"": 0}, ""3"": {""fn"": 0, ""fp"": 0, ""gt"": 0, ""iou_sum"": 0.0, ""matched"": 0, ""pred"": 0, ""tp"": 0}}","[[0.0, 0.787109375, 0.12695312999999997, 0.861328125, 0.97851563]]","[[0.0, 0.7783781290054321, 0.0652851089835167, 0.8666650652885437, 0.9921600222587585, 0.5236846208572388], [0.0, 0.7877489924430847, 0.44583436846733093, 0.8557058572769165, 0.9956170916557312, 0.36993926763534546], [0.0, 0.7192460298538208, 0.0, 0.778475284576416, 0.14033715426921844, 0.3267490565776825], [0.0, 0.7888426184654236, 0.09010262787342072, 0.8518190383911133, 0.5286957621574402, 0.28462085127830505]]"
m_uav0,M-UAV0,rdd2022_china_drone::phash6_fdbf6300e6df::china_drone_000980,rdd2022_china_drone,China UAV,phash6_fdbf6300e6df,China_Drone_000980,RoadSentinel_datasets/rdd2022_full/China_Drone/China_Drone/train/images/China_Drone_000980.jpg,1,1,1,0,0,1.0,1.0,1.0,0.9524866870581696,false,"{""0"": {""fn"": 0, ""fp"": 0, ""gt"": 1, ""iou_sum"": 0.9524866870581696, ""matched"": 1, ""pred"": 1, ""tp"": 1}, ""1"": {""fn"": 0, ""fp"": 0, ""gt"": 0, ""iou_sum"": 0.0, ""matched"": 0, ""pred"": 0, ""tp"": 0}, ""2"": {""fn"": 0, ""fp"": 0, ""gt"": 0, ""iou_sum"": 0.0, ""matched"": 0, ""pred"": 0, ""tp"": 0}, ""3"": {""fn"": 0, ""fp"": 0, ""gt"": 0, ""iou_sum"": 0.0, ""matched"": 0, ""pred"": 0, ""tp"": 0}}","[[0.0, 0.4296875, 0.0019531200000000304, 0.54101562, 1.0]]","[[0.0, 0.4278746545314789, 0.016007233411073685, 0.5426562428474426, 0.9955766797065735, 0.3779289424419403]]"
m_uav0,M-UAV0,uav_pdd2023::phash6_0119678873af::lr_00504_top_right,uav_pdd2023,UAV-PDD,source_photo_00504,lr_00504_top_right,data/external_uav/uav_pdd2023/extracted/JPEGImages/lr_00504_top_right.jpg,2,2,0,2,2,0.0,0.0,0.0,0.0,false,"{""0"": {""fn"": 0, ""fp"": 2, ""gt"": 0, ""iou_sum"": 0.0, ""matched"": 0, ""pred"": 2, ""tp"": 0}, ""1"": {""fn"": 2, ""fp"": 0, ""gt"": 2, ""iou_sum"": 0.0, ""matched"": 0, ""pred"": 0, ""tp"": 0}, ""2"": {""fn"": 0, ""fp"": 0, ""gt"": 0, ""iou_sum"": 0.0, ""matched"": 0, ""pred"": 0, ""tp"": 0}, ""3"": {""fn"": 0, ""fp"": 0, ""gt"": 0, ""iou_sum"": 0.0, ""matched"": 0, ""pred"": 0, ""tp"": 0}}","[[1.0, 0.8020833300000001, 0.572530865, 0.95794753, 0.615226335], [1.0, 0.62885803, 0.58179012, 0.67283951, 0.61316872]]","[[0.0, 0.7094048394097222, 0.00464890817555871, 0.7554323172863618, 0.5706854298281572, 0.5578274726867676], [0.0, 0.7271589585292486, 0.6795238604761445, 0.7619829531069156, 0.9636882263937114, 0.4566780626773834]]"
m_uav0,M-UAV0,uav_pdd2023::phash6_0c604168d797::lr_00013_bottom_left,uav_pdd2023,UAV-PDD,source_photo_00013,lr_00013_bottom_left,data/external_uav/uav_pdd2023/extracted/JPEGImages/lr_00013_bottom_left.jpg,6,2,1,1,5,0.5,0.16666666666666666,0.25,0.5321326853611886,false,"{""0"": {""fn"": 2, ""fp"": 0, ""gt"": 2, ""iou_sum"": 0.0, ""matched"": 0, ""pred"": 0, ""tp"": 0}, ""1"": {""fn"": 2, ""fp"": 1, ""gt"": 3, ""iou_sum"": 0.5321326853611886, ""matched"": 1, ""pred"": 2, ""tp"": 1}, ""2"": {""fn"": 1, ""fp"": 0, ""gt"": 1, ""iou_sum"": 0.0, ""matched"": 0, ""pred"": 0, ""tp"": 0}, ""3"": {""fn"": 0, ""fp"": 0, ""gt"": 0, ""iou_sum"": 0.0, ""matched"": 0, ""pred"": 0, ""tp"": 0}}","[[1.0, 0.47106482, 0.40740741, 0.8777006199999999, 0.51748971], [2.0, 0.23070986999999998, 0.442901235, 0.46759259, 0.500000005], [1.0, 0.123842595, 0.538580245, 0.190972225, 0.565843615], [1.0, 0.0015432049999999989, 0.53703704, 0.121527775, 0.57201646], [0.0, 0.550154315, 0.0041152299999999975, 0.5887345650000001, 0.37911523], [0.0, 0.40933642, 0.19598765499999998, 0.42554012, 0.312757205]]","[[1.0, 0.0, 0.5326308262201003, 0.17158649585865163, 0.5785966410067837, 0.5349520444869995], [1.0, 0.17590142473762418, 0.43307940950118956, 0.8465537553952064, 0.49793409810635286, 0.2877017557621002]]"
m_uav0,M-UAV0,uav_pdd2023::phash6_0fc5dbb591ca::tb_00435_top_left,uav_pdd2023,UAV-PDD,source_photo_00435,tb_00435_top_left,data/external_uav/uav_pdd2023/extracted/JPEGImages/tb_00435_top_left.jpg,2,0,0,0,2,0.0,0.0,0.0,0.0,true,"{""0"": {""fn"": 0, ""fp"": 0, ""gt"": 0, ""iou_sum"": 0.0, ""matched"": 0, ""pred"": 0, ""tp"": 0}, ""1"": {""fn"": 2, ""fp"": 0, ""gt"": 2, ""iou_sum"": 0.0, ""matched"": 0, ""pred"": 0, ""tp"": 0}, ""2"": {""fn"": 0, ""fp"": 0, ""gt"": 0, ""iou_sum"": 0.0, ""matched"": 0, ""pred"": 0, ""tp"": 0}, ""3"": {""fn"": 0, ""fp"": 0, ""gt"": 0, ""iou_sum"": 0.0, ""matched"": 0, ""pred"": 0, ""tp"": 0}}","[[1.0, 0.28472221999999997, 0.32921810999999995, 0.38155864, 0.35390947], [1.0, 0.207175925, 0.252572015, 0.283564815, 0.291666665]]",[]
m_uav0,M-UAV0,uav_pdd2023::phash6_14932d40d514::tb_00485_bottom_left,uav_pdd2023,UAV-PDD,source_photo_00485,tb_00485_bottom_left,data/external_uav/uav_pdd2023/extracted/JPEGImages/tb_00485_bottom_left.jpg,1,0,0,0,1,0.0,0.0,0.0,0.0,true,"{""0"": {""fn"": 1, ""fp"": 0, ""gt"": 1, ""iou_sum"": 0.0, ""matched"": 0, ""pred"": 0, ""tp"": 0}, ""1"": {""fn"": 0, ""fp"": 0, ""gt"": 0, ""iou_sum"": 0.0, ""matched"": 0, ""pred"": 0, ""tp"": 0}, ""2"": {""fn"": 0, ""fp"": 0, ""gt"": 0, ""iou_sum"": 0.0, ""matched"": 0, ""pred"": 0, ""tp"": 0}, ""3"": {""fn"": 0, ""fp"": 0, ""gt"": 0, ""iou_sum"": 0.0, ""matched"": 0, ""pred"": 0, ""tp"": 0}}","[[0.0, 0.891589505, 0.402263375, 0.9436728350000001, 0.566358025]]",[]
m_uav0,M-UAV0,uav_pdd2023::phash6_16808fc3491c::tb_00024_top_left,uav_pdd2023,UAV-PDD,source_photo_00024,tb_00024_top_left,data/external_uav/uav_pdd2023/extracted/JPEGImages/tb_00024_top_left.jpg,4,3,1,2,3,0.3333333333333333,0.25,0.28571428571428575,0.6110601702129913,false,"{""0"": {""fn"": 1, ""fp"": 1, ""gt"": 1, ""iou_sum"": 0.0, ""matched"": 0, ""pred"": 1, ""tp"": 0}, ""1"": {""fn"": 0, ""fp"": 1, ""gt"": 1, ""iou_sum"": 0.6110601702129913, ""matched"": 1, ""pred"": 2, ""tp"": 1}, ""2"": {""fn"": 2, ""fp"": 0, ""gt"": 2, ""iou_sum"": 0.0, ""matched"": 0, ""pred"": 0, ""tp"": 0}, ""3"": {""fn"": 0, ""fp"": 0, ""gt"": 0, ""iou_sum"": 0.0, ""matched"": 0, ""pred"": 0, ""tp"": 0}}","[[0.0, 0.8703703749999999, 0.7561728400000001, 0.900077165, 1.0], [2.0, 0.8368055550000001, 0.617283955, 0.900848765, 0.7407407450000001], [2.0, 0.85108025, 0.2494856, 0.8985339499999999, 0.4367284], [1.0, 0.39544753000000005, 0.14969135500000003, 0.9085648100000001, 0.263374485]]","[[1.0, 0.46166601298767845, 0.14840622890142746, 0.8985539189091435, 0.23206470630787038, 0.5008105039596558], [1.0, 0.6585506863064237, 0.19704051076630016, 0.8944842491620852, 0.2406702080871833, 0.3663756251335144], [0.0, 0.8595470852322049, 0.8811432010352366, 0.8965481416678723, 1.0, 0.26118654012680054]]"
m_uav0,M-UAV0,uav_pdd2023::phash6_17d98133df1e::lr_00400_bottom_right,uav_pdd2023,UAV-PDD,source_photo_00400,lr_00400_bottom_right,data/external_uav/uav_pdd2023/extracted/JPEGImages/lr_00400_bottom_right.jpg,4,1,1,0,3,1.0,0.25,0.4,0.5877946907597656,false,"{""0"": {""fn"": 0, ""fp"": 0, ""gt"": 1, ""iou_sum"": 0.5877946907597656, ""matched"": 1, ""pred"": 1, ""tp"": 1}, ""1"": {""fn"": 3, ""fp"": 0, ""gt"": 3, ""iou_sum"": 0.0, ""matched"": 0, ""pred"": 0, ""tp"": 0}, ""2"": {""fn"": 0, ""fp"": 0, ""gt"": 0, ""iou_sum"": 0.0, ""matched"": 0, ""pred"": 0, ""tp"": 0}, ""3"": {""fn"": 0, ""fp"": 0, ""gt"": 0, ""iou_sum"": 0.0, ""matched"": 0, ""pred"": 0, ""tp"": 0}}","[[1.0, 0.344907405, 0.028292179999999997, 0.556327155, 0.06532922], [1.0, 0.33101852, 0.334362145, 0.5625, 0.37705761499999996], [0.0, 0.16435185, 0.001543210000000017, 0.20254629, 0.96141975], [1.0, 0.37268518500000003, 0.834362145, 0.567515435, 0.892489715]]","[[0.0, 0.16997906013771338, 0.21496798668378664, 0.20788369355378328, 0.9472054061575682, 0.2571891248226166]]"
m_uav0,M-UAV0,uav_pdd2023::phash6_18d6cfe02a5b::r180_00494_top_right,uav_pdd2023,UAV-PDD,source_photo_00494,r180_00494_top_right,data/external_uav/uav_pdd2023/extracted/JPEGImages/r180_00494_top_right.jpg,1,0,0,0,1,0.0,0.0,0.0,0.0,true,"{""0"": {""fn"": 0, ""fp"": 0, ""gt"": 0, ""iou_sum"": 0.0, ""matched"": 0, ""pred"": 0, ""tp"": 0}, ""1"": {""fn"": 1, ""fp"": 0, ""gt"": 1, ""iou_sum"": 0.0, ""matched"": 0, ""pred"": 0, ""tp"": 0}, ""2"": {""fn"": 0, ""fp"": 0, ""gt"": 0, ""iou_sum"": 0.0, ""matched"": 0, ""pred"": 0, ""tp"": 0}, ""3"": {""fn"": 0, ""fp"": 0, ""gt"": 0, ""iou_sum"": 0.0, ""matched"": 0, ""pred"": 0, ""tp"": 0}}","[[1.0, 0.588348765, 0.11522633499999999, 0.9776234549999999, 0.173353905]]",[]
m_uav0,M-UAV0,uav_pdd2023::phash6_18e2e3a2d3e0::lr_00403_bottom_left,uav_pdd2023,UAV-PDD,source_photo_00403,lr_00403_bottom_left,data/external_uav/uav_pdd2023/extracted/JPEGImages/lr_00403_bottom_left.jpg,3,4,2,2,1,0.5,0.6666666666666666,0.5714285714285715,0.7818537055591508,false,"{""0"": {""fn"": 1, ""fp"": 0, ""gt"": 1, ""iou_sum"": 0.0, ""matched"": 0, ""pred"": 0, ""tp"": 0}, ""1"": {""fn"": 0, ""fp"": 2, ""gt"": 2, ""iou_sum"": 1.5637074111183016, ""matched"": 2, ""pred"": 4, ""tp"": 2}, ""2"": {""fn"": 0, ""fp"": 0, ""gt"": 0, ""iou_sum"": 0.0, ""matched"": 0, ""pred"": 0, ""tp"": 0}, ""3"": {""fn"": 0, ""fp"": 0, ""gt"": 0, ""iou_sum"": 0.0, ""matched"": 0, ""pred"": 0, ""tp"": 0}}","[[1.0, 0.644675925, 0.128600825, 0.790123455, 0.165123455], [1.0, 0.6388888850000001, 0.8122427950000001, 0.777391975, 0.870370365], [0.0, 0.7249228350000001, 0.009259260000000047, 0.757716045, 0.64969136]]","[[1.0, 0.6320967497649016, 0.12502283323939445, 0.7935168419355227, 0.16153164459354102, 0.7614759802818298], [1.0, 0.6335432735490211, 0.808486184956115, 0.7824184276439525, 0.8746652485411844, 0.3297041058540344], [1.0, 0.6429511647165558, 0.8059278574500064, 0.76005478847174, 0.8632286919487847, 0.28819018602371216], [1.0, 0.1010750311392325, 0.9161443514097866, 0.27516051869333524, 0.9575790593653549, 0.2673952877521515]]"
m_uav0,M-UAV0,uav_pdd2023::phash6_1a0fe112355e::lr_00403_bottom_right,uav_pdd2023,UAV-PDD,source_photo_00403,lr_00403_bottom_right,data/external_uav/uav_pdd2023/extracted/JPEGImages/lr_00403_bottom_right.jpg,2,1,0,1,2,0.0,0.0,0.0,0.0,false,"{""0"": {""fn"": 2, ""fp"": 0, ""gt"": 2, ""iou_sum"": 0.0, ""matched"": 0, ""pred"": 0, ""tp"": 0}, ""1"": {""fn"": 0, ""fp"": 1, ""gt"": 0, ""iou_sum"": 0.0, ""matched"": 0, ""pred"": 1, ""tp"": 0}, ""2"": {""fn"": 0, ""fp"": 0, ""gt"": 0, ""iou_sum"": 0.0, ""matched"": 0, ""pred"": 0, ""tp"": 0}, ""3"": {""fn"": 0, ""fp"": 0, ""gt"": 0, ""iou_sum"": 0.0, ""matched"": 0, ""pred"": 0, ""tp"": 0}}","[[0.0, 0.251929015, 0.7973251, 0.522376545, 0.83744856], [0.0, 0.07908950499999999, 0.8132716, 0.233796295, 0.8688271599999999]]","[[1.0, 0.08566746888337312, 0.816236959072788, 0.2315530659239969, 0.8607485421891075, 0.5274040102958679]]"
m_uav0,M-UAV0,uav_pdd2023::phash6_1d8cf6fe38dd::lr_00504_top_left,uav_pdd2023,UAV-PDD,source_photo_00504,lr_00504_top_left,data/external_uav/uav_pdd2023/extracted/JPEGImages/lr_00504_top_left.jpg,1,1,0,1,1,0.0,0.0,0.0,0.0,false,"{""0"": {""fn"": 0, ""fp"": 1, ""gt"": 0, ""iou_sum"": 0.0, ""matched"": 0, ""pred"": 1, ""tp"": 0}, ""1"": {""fn"": 1, ""fp"": 0, ""gt"": 1, ""iou_sum"": 0.0, ""matched"": 0, ""pred"": 0, ""tp"": 0}, ""2"": {""fn"": 0, ""fp"": 0, ""gt"": 0, ""iou_sum"": 0.0, ""matched"": 0, ""pred"": 0, ""tp"": 0}, ""3"": {""fn"": 0, ""fp"": 0, ""gt"": 0, ""iou_sum"": 0.0, ""matched"": 0, ""pred"": 0, ""tp"": 0}}","[[1.0, 0.0019290149999999992, 0.56841564, 0.076003085, 0.62191358]]","[[0.0, 0.6442769368489584, 0.2617370699658806, 0.6958912978937597, 0.4341228783375932, 0.36337733268737793]]"
m_uav0,M-UAV0,uav_pdd2023::phash6_1e7a3e815a49::tb_00504_top_right,uav_pdd2023,UAV-PDD,source_photo_00504,tb_00504_top_right,data/external_uav/uav_pdd2023/extracted/JPEGImages/tb_00504_top_right.jpg,2,3,0,3,2,0.0,0.0,0.0,0.0,false,"{""0"": {""fn"": 0, ""fp"": 2, ""gt"": 0, ""iou_sum"": 0.0, ""matched"": 0, ""pred"": 2, ""tp"": 0}, ""1"": {""fn"": 2, ""fp"": 1, ""gt"": 2, ""iou_sum"": 0.0, ""matched"": 0, ""pred"": 1, ""tp"": 0}, ""2"": {""fn"": 0, ""fp"": 0, ""gt"": 0, ""iou_sum"": 0.0, ""matched"": 0, ""pred"": 0, ""tp"": 0}, ""3"": {""fn"": 0, ""fp"": 0, ""gt"": 0, ""iou_sum"": 0.0, ""matched"": 0, ""pred"": 0, ""tp"": 0}}","[[1.0, 0.042052469999999995, 0.38477366500000004, 0.19791667000000002, 0.427469135], [1.0, 0.32716048999999997, 0.38683128, 0.37114197, 0.41820988000000003]]","[[0.0, 0.2404487751148365, 0.4332477899245274, 0.2887138084129051, 0.9925695348668981, 0.7178406715393066], [0.0, 0.23902874228395063, 0.003930791415304804, 0.2757132730366271, 0.3158806694878472, 0.5021251440048218], [1.0, 0.0035392045974731445, 0.3771398096908758, 0.3412274254692925, 0.42746100406097287, 0.2923651933670044]]"
m_uav0,M-UAV0,uav_pdd2023::phash6_1ec086ea5415::tb_00400_top_right,uav_pdd2023,UAV-PDD,source_photo_00400,tb_00400_top_right,data/external_uav/uav_pdd2023/extracted/JPEGImages/tb_00400_top_right.jpg,5,2,1,1,4,0.5,0.2,0.28571428571428575,0.8675977692686205,false,"{""0"": {""fn"": 0, ""fp"": 0, ""gt"": 0, ""iou_sum"": 0.0, ""matched"": 0, ""pred"": 0, ""tp"": 0}, ""1"": {""fn"": 4, ""fp"": 1, ""gt"": 5, ""iou_sum"": 0.8675977692686205, ""matched"": 1, ""pred"": 2, ""tp"": 1}, ""2"": {""fn"": 0, ""fp"": 0, ""gt"": 0, ""iou_sum"": 0.0, ""matched"": 0, ""pred"": 0, ""tp"": 0}, ""3"": {""fn"": 0, ""fp"": 0, ""gt"": 0, ""iou_sum"": 0.0, ""matched"": 0, ""pred"": 0, ""tp"": 0}}","[[1.0, 0.443287035, 0.38323045, 0.710648145, 0.42644033000000003], [1.0, 0.7187499949999999, 0.19958848, 0.860725305, 0.24022633999999998], [1.0, 0.512731485, 0.637860085, 0.605324075, 0.667181075], [1.0, 0.621527775, 0.662037035, 0.6975308649999999, 0.698045265], [1.0, 0.58294753, 0.85236625, 0.67091049, 0.87705761]]","[[1.0, 0.7254190798158999, 0.19894792219248328, 0.8665580278561439, 0.23862319129975243, 0.7547236680984497], [1.0, 0.5461855287905093, 0.636511029529964, 0.6970646234206211, 0.701327163005562, 0.3913842439651489]]"
m_uav0,M-UAV0,uav_pdd2023::phash6_1f305a041d56::lr_00013_top_left,uav_pdd2023,UAV-PDD,source_photo_00013,lr_00013_top_left,data/external_uav/uav_pdd2023/extracted/JPEGImages/lr_00013_top_left.jpg,2,0,0,0,2,0.0,0.0,0.0,0.0,true,"{""0"": {""fn"": 0, ""fp"": 0, ""gt"": 0, ""iou_sum"": 0.0, ""matched"": 0, ""pred"": 0, ""tp"": 0}, ""1"": {""fn"": 2, ""fp"": 0, ""gt"": 2, ""iou_sum"": 0.0, ""matched"": 0, ""pred"": 0, ""tp"": 0}, ""2"": {""fn"": 0, ""fp"": 0, ""gt"": 0, ""iou_sum"": 0.0, ""matched"": 0, ""pred"": 0, ""tp"": 0}, ""3"": {""fn"": 0, ""fp"": 0, ""gt"": 0, ""iou_sum"": 0.0, ""matched"": 0, ""pred"": 0, ""tp"": 0}}","[[1.0, 0.349922845, 0.238168725, 0.6458333350000001, 0.273662555], [1.0, 0.14814814999999998, 0.933641975, 0.7044753100000001, 0.994855965]]",[]
m_uav0,M-UAV0,uav_pdd2023::phash6_24779f677ddd::tb_00535_bottom_right,uav_pdd2023,UAV-PDD,source_photo_00535,tb_00535_bottom_right,data/external_uav/uav_pdd2023/extracted/JPEGImages/tb_00535_bottom_right.jpg,8,2,1,1,7,0.5,0.125,0.2,0.5796314108454746,false,"{""0"": {""fn"": 0, ""fp"": 1, ""gt"": 0, ""iou_sum"": 0.0, ""matched"": 0, ""pred"": 1, ""tp"": 0}, ""1"": {""fn"": 0, ""fp"": 0, ""gt"": 1, ""iou_sum"": 0.5796314108454746, ""matched"": 1, ""pred"": 1, ""tp"": 1}, ""2"": {""fn"": 6, ""fp"": 0, ""gt"": 6, ""iou_sum"": 0.0, ""matched"": 0, ""pred"": 0, ""tp"": 0}, ""3"": {""fn"": 1, ""fp"": 0, ""gt"": 1, ""iou_sum"": 0.0, ""matched"": 0, ""pred"": 0, ""tp"": 0}}","[[1.0, 0.46334877, 0.53909465, 0.9108796299999999, 0.6579218099999999], [2.0, 0.25270062000000004, 0.575617285, 0.45563272, 0.782921815], [2.0, 0.25578704, 0.782921805, 0.3595679, 0.9963991750000001], [2.0, 0.15470679, 0.29835391, 0.33526235000000004, 0.43930041], [2.0, 0.91859568, 0.009773664999999931, 0.9996142, 0.9927983549999999], [2.0, 0.23186728, 0.08024691499999999, 0.33140432, 0.269547325], [3.0, 0.280478395, 0.81841564, 0.335648145, 0.99639918], [2.0, 0.13387346, 0.430555555, 0.19290123999999997, 0.6003086449999999]]","[[0.0, 0.9513138194143036, 0.7411875783661266, 0.9951199190116223, 0.9888555581677597, 0.4034874439239502], [1.0, 0.4598144719630112, 0.5521014178240741, 0.9780855532045718, 0.6279243500634967, 0.3757767081260681]]"
m_uav0,M-UAV0,uav_pdd2023::phash6_2587c80b6b93::r180_00473_bottom_right,uav_pdd2023,UAV-PDD,source_photo_00473,r180_00473_bottom_right,data/external_uav/uav_pdd2023/extracted/JPEGImages/r180_00473_bottom_right.jpg,4,0,0,0,4,0.0,0.0,0.0,0.0,true,"{""0"": {""fn"": 1, ""fp"": 0, ""gt"": 1, ""iou_sum"": 0.0, ""matched"": 0, ""pred"": 0, ""tp"": 0}, ""1"": {""fn"": 3, ""fp"": 0, ""gt"": 3, ""iou_sum"": 0.0, ""matched"": 0, ""pred"": 0, ""tp"": 0}, ""2"": {""fn"": 0, ""fp"": 0, ""gt"": 0, ""iou_sum"": 0.0, ""matched"": 0, ""pred"": 0, ""tp"": 0}, ""3"": {""fn"": 0, ""fp"": 0, ""gt"": 0, ""iou_sum"": 0.0, ""matched"": 0, ""pred"": 0, ""tp"": 0}}","[[1.0, 0.33371913499999994, 0.60390946, 0.978395065, 0.7067901200000001], [1.0, 0.703317905, 0.14197531, 0.9645061749999999, 0.20833333], [0.0, 0.695216045, 0.229938275, 0.7307098750000001, 0.397119345], [1.0, 0.491898145, 0.11574074, 0.668981475, 0.18827159999999998]]",[]
m_uav0,M-UAV0,uav_pdd2023::phash6_28e5f34bdcec::r180_00435_top_left,uav_pdd2023,UAV-PDD,source_photo_00435,r180_00435_top_left,data/external_uav/uav_pdd2023/extracted/JPEGImages/r180_00435_top_left.jpg,2,1,0,1,2,0.0,0.0,0.0,0.0,false,"{""0"": {""fn"": 0, ""fp"": 0, ""gt"": 0, ""iou_sum"": 0.0, ""matched"": 0, ""pred"": 0, ""tp"": 0}, ""1"": {""fn"": 2, ""fp"": 1, ""gt"": 2, ""iou_sum"": 0.0, ""matched"": 0, ""pred"": 1, ""tp"": 0}, ""2"": {""fn"": 0, ""fp"": 0, ""gt"": 0, ""iou_sum"": 0.0, ""matched"": 0, ""pred"": 0, ""tp"": 0}, ""3"": {""fn"": 0, ""fp"": 0, ""gt"": 0, ""iou_sum"": 0.0, ""matched"": 0, ""pred"": 0, ""tp"": 0}}","[[1.0, 0.6184413599999999, 0.32921810999999995, 0.71527778, 0.35390947], [1.0, 0.716435185, 0.252572015, 0.7928240750000001, 0.291666665]]","[[1.0, 0.43291200237509647, 0.31610377433368697, 0.6662313673231337, 0.3590391182605131, 0.4816438555717468]]"
m_uav0,M-UAV0,uav_pdd2023::phash6_2aaabdf91a32::r180_00403_top_left,uav_pdd2023,UAV-PDD,source_photo_00403,r180_00403_top_left,data/external_uav/uav_pdd2023/extracted/JPEGImages/r180_00403_top_left.jpg,3,0,0,0,3,0.0,0.0,0.0,0.0,true,"{""0"": {""fn"": 1, ""fp"": 0, ""gt"": 1, ""iou_sum"": 0.0, ""matched"": 0, ""pred"": 0, ""tp"": 0}, ""1"": {""fn"": 2, ""fp"": 0, ""gt"": 2, ""iou_sum"": 0.0, ""matched"": 0, ""pred"": 0, ""tp"": 0}, ""2"": {""fn"": 0, ""fp"": 0, ""gt"": 0, ""iou_sum"": 0.0, ""matched"": 0, ""pred"": 0, ""tp"": 0}, ""3"": {""fn"": 0, ""fp"": 0, ""gt"": 0, ""iou_sum"": 0.0, ""matched"": 0, ""pred"": 0, ""tp"": 0}}","[[0.0, 0.729938275, 0.000514400000000026, 0.7785493849999999, 0.93106996], [1.0, 0.488811725, 0.806069955, 0.612268515, 0.8359053449999999], [1.0, 0.20640432, 0.48302469000000003, 0.32523148, 0.53858025]]",[]
m_uav0,M-UAV0,uav_pdd2023::phash6_2c3d27dc8e47::tb_00485_top_right,uav_pdd2023,UAV-PDD,source_photo_00485,tb_00485_top_right,data/external_uav/uav_pdd2023/extracted/JPEGImages/tb_00485_top_right.jpg,2,5,0,5,2,0.0,0.0,0.0,0.0,false,"{""0"": {""fn"": 0, ""fp"": 1, ""gt"": 0, ""iou_sum"": 0.0, ""matched"": 0, ""pred"": 1, ""tp"": 0}, ""1"": {""fn"": 2, ""fp"": 4, ""gt"": 2, ""iou_sum"": 0.0, ""matched"": 0, ""pred"": 4, ""tp"": 0}, ""2"": {""fn"": 0, ""fp"": 0, ""gt"": 0, ""iou_sum"": 0.0, ""matched"": 0, ""pred"": 0, ""tp"": 0}, ""3"": {""fn"": 0, ""fp"": 0, ""gt"": 0, ""iou_sum"": 0.0, ""matched"": 0, ""pred"": 0, ""tp"": 0}}","[[1.0, 0.448688275, 0.693930035, 0.799768525, 0.773148145], [1.0, 0.3908179, 0.20833333, 0.49344136, 0.25154321]]","[[1.0, 0.48413863005461516, 0.7119699485998585, 0.7746427088607977, 0.7557305857968428, 0.6010480523109436], [0.0, 0.23985429457676263, 0.5081229190276974, 0.27596956417884355, 0.8035052264178241, 0.3766609728336334], [1.0, 0.29430900385350356, 0.7817000400872878, 0.4799672821421682, 0.8302860338501479, 0.3210078179836273], [1.0, 0.0, 0.7769011823238169, 0.2504373715247637, 0.8315988548498585, 0.27645087242126465], [1.0, 0.00926184727821821, 0.7729023121021412, 0.47638382146387925, 0.8301395997098444, 0.2626913785934448]]"
m_uav0,M-UAV0,uav_pdd2023::phash6_2d99cdbc9b4f::r180_00085_top_left,uav_pdd2023,UAV-PDD,source_photo_00085,r180_00085_top_left,data/external_uav/uav_pdd2023/extracted/JPEGImages/r180_00085_top_left.jpg,3,5,0,5,3,0.0,0.0,0.0,0.0,false,"{""0"": {""fn"": 3, ""fp"": 0, ""gt"": 3, ""iou_sum"": 0.0, ""matched"": 0, ""pred"": 0, ""tp"": 0}, ""1"": {""fn"": 0, ""fp"": 5, ""gt"": 0, ""iou_sum"": 0.0, ""matched"": 0, ""pred"": 5, ""tp"": 0}, ""2"": {""fn"": 0, ""fp"": 0, ""gt"": 0, ""iou_sum"": 0.0, ""matched"": 0, ""pred"": 0, ""tp"": 0}, ""3"": {""fn"": 0, ""fp"": 0, ""gt"": 0, ""iou_sum"": 0.0, ""matched"": 0, ""pred"": 0, ""tp"": 0}}","[[0.0, 0.200231485, 0.837962965, 0.239969135, 0.9516460950000001], [0.0, 0.27430555, 0.005658435000000003, 0.30516975, 0.122942385], [0.0, 0.284336425, 0.49639917499999997, 0.314429015, 0.648662545]]","[[1.0, 0.16929607626832563, 0.7410950209378215, 0.8952064985110436, 0.8508329038266782, 0.4432138204574585], [1.0, 0.0, 0.7467077435779964, 0.7395687338746624, 0.8507665940272955, 0.41987329721450806], [1.0, 0.0, 0.7531472665292246, 0.5399150141963253, 0.8481508105870628, 0.39824050664901733], [1.0, 0.40002196512104554, 0.7423067446108218, 0.8982765291943963, 0.8431458649811922, 0.3110876977443695], [1.0, 0.12245393682409215, 0.7535294897762346, 0.4951660721390336, 0.8494704132708012, 0.25085848569869995]]"
m_uav0,M-UAV0,uav_pdd2023::phash6_2ff585db4ab8::r180_00085_bottom_right,uav_pdd2023,UAV-PDD,source_photo_00085,r180_00085_bottom_right,data/external_uav/uav_pdd2023/extracted/JPEGImages/r180_00085_bottom_right.jpg,5,4,1,3,4,0.25,0.2,0.22222222222222224,0.6012811006473926,false,"{""0"": {""fn"": 4, ""fp"": 0, ""gt"": 5, ""iou_sum"": 0.6012811006473926, ""matched"": 1, ""pred"": 1, ""tp"": 1}, ""1"": {""fn"": 0, ""fp"": 3, ""gt"": 0, ""iou_sum"": 0.0, ""matched"": 0, ""pred"": 3, ""tp"": 0}, ""2"": {""fn"": 0, ""fp"": 0, ""gt"": 0, ""iou_sum"": 0.0, ""matched"": 0, ""pred"": 0, ""tp"": 0}, ""3"": {""fn"": 0, ""fp"": 0, ""gt"": 0, ""iou_sum"": 0.0, ""matched"": 0, ""pred"": 0, ""tp"": 0}}","[[0.0, 0.7083333300000001, 0.656378605, 0.72955247, 0.851851855], [0.0, 0.709104935, 0.957818935, 0.725694445, 0.997427985], [0.0, 0.67901234, 0.530349795, 0.6971450600000001, 0.654320985], [0.0, 0.70987654, 0.32150206, 0.7280092600000001, 0.51800412], [0.0, 0.367283945, 0.0005143999999999982, 0.38078703500000005, 0.06635802]]","[[0.0, 0.7108483491120515, 0.649170424221965, 0.7370641260971258, 0.8401742315096129, 0.5452022552490234], [1.0, 0.35109232678825475, 0.07978794113598733, 1.0, 0.1733701101546425, 0.5166538953781128], [1.0, 0.3172838658462336, 0.8669366404843428, 0.9968012115101755, 0.970438074182581, 0.5043563842773438], [1.0, 0.3536668000397859, 0.10790087852948978, 1.0, 0.19813627078209395, 0.33125007152557373]]"
m_uav0,M-UAV0,uav_pdd2023::phash6_3046f0bfa4e9::lr_00435_top_right,uav_pdd2023,UAV-PDD,source_photo_00435,lr_00435_top_right,data/external_uav/uav_pdd2023/extracted/JPEGImages/lr_00435_top_right.jpg,1,1,1,0,0,1.0,1.0,1.0,0.7161280266592808,false,"{""0"": {""fn"": 0, ""fp"": 0, ""gt"": 0, ""iou_sum"": 0.0, ""matched"": 0, ""pred"": 0, ""tp"": 0}, ""1"": {""fn"": 0, ""fp"": 0, ""gt"": 1, ""iou_sum"": 0.7161280266592808, ""matched"": 1, ""pred"": 1, ""tp"": 1}, ""2"": {""fn"": 0, ""fp"": 0, ""gt"": 0, ""iou_sum"": 0.0, ""matched"": 0, ""pred"": 0, ""tp"": 0}, ""3"": {""fn"": 0, ""fp"": 0, ""gt"": 0, ""iou_sum"": 0.0, ""matched"": 0, ""pred"": 0, ""tp"": 0}}","[[1.0, 0.151234565, 0.372427985, 0.327160495, 0.408950615]]","[[1.0, 0.16574970292456356, 0.3655078715257684, 0.3313028547498915, 0.4066466343255691, 0.6346238255500793]]"
m_uav0,M-UAV0,uav_pdd2023::phash6_3414f83205dd::tb_00024_bottom_left,uav_pdd2023,UAV-PDD,source_photo_00024,tb_00024_bottom_left,data/external_uav/uav_pdd2023/extracted/JPEGImages/tb_00024_bottom_left.jpg,3,3,2,1,1,0.6666666666666666,0.6666666666666666,0.6666666666666666,0.5869601724432463,false,"{""0"": {""fn"": 0, ""fp"": 0, ""gt"": 1, ""iou_sum"": 0.6208665900812913, ""matched"": 1, ""pred"": 1, ""tp"": 1}, ""1"": {""fn"": 1, ""fp"": 1, ""gt"": 2, ""iou_sum"": 0.5530537548052014, ""matched"": 1, ""pred"": 2, ""tp"": 1}, ""2"": {""fn"": 0, ""fp"": 0, ""gt"": 0, ""iou_sum"": 0.0, ""matched"": 0, ""pred"": 0, ""tp"": 0}, ""3"": {""fn"": 0, ""fp"": 0, ""gt"": 0, ""iou_sum"": 0.0, ""matched"": 0, ""pred"": 0, ""tp"": 0}}","[[1.0, 0.45023147999999996, 0.23096708, 0.9602623399999999, 0.28343622], [1.0, 0.322916665, 0.0010288050000000007, 0.6022376549999999, 0.052469135], [0.0, 0.8499228400000001, 0.0005143999999999982, 0.88078704, 0.13425926]]","[[0.0, 0.8580999492127218, 0.0, 0.8825316252531828, 0.1195063963839056, 0.523090124130249], [1.0, 0.635016170548804, 0.23063190287523308, 0.947638429241416, 0.2923713966652199, 0.4978828430175781], [1.0, 0.48230677475163963, 0.2304603670850212, 0.9395307376060957, 0.28701352091973703, 0.4358675181865692]]"
m_uav0,M-UAV0,uav_pdd2023::phash6_34518ec066d8::tb_00479_top_right,uav_pdd2023,UAV-PDD,source_photo_00479,tb_00479_top_right,data/external_uav/uav_pdd2023/extracted/JPEGImages/tb_00479_top_right.jpg,6,1,1,0,5,1.0,0.16666666666666666,0.2857142857142857,0.7140354156755344,false,"{""0"": {""fn"": 2, ""fp"": 0, ""gt"": 2, ""iou_sum"": 0.0, ""matched"": 0, ""pred"": 0, ""tp"": 0}, ""1"": {""fn"": 3, ""fp"": 0, ""gt"": 4, ""iou_sum"": 0.7140354156755344, ""matched"": 1, ""pred"": 1, ""tp"": 1}, ""2"": {""fn"": 0, ""fp"": 0, ""gt"": 0, ""iou_sum"": 0.0, ""matched"": 0, ""pred"": 0, ""tp"": 0}, ""3"": {""fn"": 0, ""fp"": 0, ""gt"": 0, ""iou_sum"": 0.0, ""matched"": 0, ""pred"": 0, ""tp"": 0}}","[[1.0, 0.39506173, 0.3914609, 0.48263889000000004, 0.42849793999999997], [1.0, 0.008101855000000005, 0.528806585, 0.14776234500000002, 0.5735596749999999], [1.0, 0.09490741, 0.694444445, 0.39158951, 0.7458847749999999], [0.0, 0.088734565, 0.011316869999999979, 0.133487655, 0.44804527], [0.0, 0.099922835, 0.736625515, 0.135416665, 0.863683125], [1.0, 0.34876543, 0.533436215, 0.39236111, 0.557613165]]","[[1.0, 0.12091416488459081, 0.6993494857976466, 0.3854507634669174, 0.7533658502523791, 0.28560617566108704]]"
m_uav0,M-UAV0,uav_pdd2023::phash6_36040da610fd::r180_00403_top_right,uav_pdd2023,UAV-PDD,source_photo_00403,r180_00403_top_right,data/external_uav/uav_pdd2023/extracted/JPEGImages/r180_00403_top_right.jpg,4,1,1,0,3,1.0,0.25,0.4,0.5818194175447199,false,"{""0"": {""fn"": 0, ""fp"": 0, ""gt"": 0, ""iou_sum"": 0.0, ""matched"": 0, ""pred"": 0, ""tp"": 0}, ""1"": {""fn"": 3, ""fp"": 0, ""gt"": 4, ""iou_sum"": 0.5818194175447199, ""matched"": 1, ""pred"": 1, ""tp"": 1}, ""2"": {""fn"": 0, ""fp"": 0, ""gt"": 0, ""iou_sum"": 0.0, ""matched"": 0, ""pred"": 0, ""tp"": 0}, ""3"": {""fn"": 0, ""fp"": 0, ""gt"": 0, ""iou_sum"": 0.0, ""matched"": 0, ""pred"": 0, ""tp"": 0}}","[[1.0, 0.55131173, 0.54886831, 0.77970679, 0.61111111], [1.0, 0.22878085999999997, 0.88477366, 0.46875, 0.9156378599999999], [1.0, 0.07523148499999999, 0.6872427999999999, 0.220293215, 0.72479424], [1.0, 0.10146605, 0.34619342, 0.20794753000000002, 0.41820988000000003]]","[[1.0, 0.08865284625394845, 0.6811611348218879, 0.1967169796978986, 0.720109476474087, 0.2804037034511566]]"
m_uav0,M-UAV0,uav_pdd2023::phash6_37ea5ce6aa16::lr_00085_top_right,uav_pdd2023,UAV-PDD,source_photo_00085,lr_00085_top_right,data/external_uav/uav_pdd2023/extracted/JPEGImages/lr_00085_top_right.jpg,3,2,0,2,3,0.0,0.0,0.0,0.0,false,"{""0"": {""fn"": 3, ""fp"": 1, ""gt"": 3, ""iou_sum"": 0.0, ""matched"": 0, ""pred"": 1, ""tp"": 0}, ""1"": {""fn"": 0, ""fp"": 1, ""gt"": 0, ""iou_sum"": 0.0, ""matched"": 0, ""pred"": 1, ""tp"": 0}, ""2"": {""fn"": 0, ""fp"": 0, ""gt"": 0, ""iou_sum"": 0.0, ""matched"": 0, ""pred"": 0, ""tp"": 0}, ""3"": {""fn"": 0, ""fp"": 0, ""gt"": 0, ""iou_sum"": 0.0, ""matched"": 0, ""pred"": 0, ""tp"": 0}}","[[0.0, 0.701774695, 0.515946505, 0.7287808649999999, 0.683641975], [0.0, 0.7075617249999999, 0.7026749, 0.733410495, 0.76234568], [0.0, 0.70910494, 0.77211934, 0.7310956799999999, 0.9994856]]","[[1.0, 0.34448138578438464, 0.16141772172087995, 1.0, 0.2602792904700762, 0.36835768818855286], [0.0, 0.7031591909903067, 0.4226225864740066, 0.7391512364517023, 0.9974058174792632, 0.3619365394115448]]"
m_uav0,M-UAV0,uav_pdd2023::phash6_3d24c13e7a6b::lr_00013_bottom_right,uav_pdd2023,UAV-PDD,source_photo_00013,lr_00013_bottom_right,data/external_uav/uav_pdd2023/extracted/JPEGImages/lr_00013_bottom_right.jpg,3,2,1,1,2,0.5,0.3333333333333333,0.4,0.6613367855525866,false,"{""0"": {""fn"": 1, ""fp"": 0, ""gt"": 1, ""iou_sum"": 0.0, ""matched"": 0, ""pred"": 0, ""tp"": 0}, ""1"": {""fn"": 1, ""fp"": 1, ""gt"": 2, ""iou_sum"": 0.6613367855525866, ""matched"": 1, ""pred"": 2, ""tp"": 1}, ""2"": {""fn"": 0, ""fp"": 0, ""gt"": 0, ""iou_sum"": 0.0, ""matched"": 0, ""pred"": 0, ""tp"": 0}, ""3"": {""fn"": 0, ""fp"": 0, ""gt"": 0, ""iou_sum"": 0.0, ""matched"": 0, ""pred"": 0, ""tp"": 0}}","[[1.0, 0.5941358, 0.54526749, 0.9996142, 0.68878601], [1.0, 0.42322531, 0.6790123450000001, 0.65200617, 0.739197535], [0.0, 0.8348765450000001, 0.24588477999999997, 0.890046295, 0.99331276]]","[[1.0, 0.5426933382764275, 0.5670283439228073, 0.9987476490162037, 0.7107905635127315, 0.3128310739994049], [1.0, 0.5476390226387683, 0.5880279541015625, 0.8777173831139082, 0.7066737045476466, 0.27167484164237976]]"
m_uav0,M-UAV0,uav_pdd2023::phash6_411095071c4f::lr_00003_bottom_right,uav_pdd2023,UAV-PDD,source_photo_00003,lr_00003_bottom_right,data/external_uav/uav_pdd2023/extracted/JPEGImages/lr_00003_bottom_right.jpg,10,1,1,0,9,1.0,0.1,0.18181818181818182,0.5298374349027553,false,"{""0"": {""fn"": 4, ""fp"": 0, ""gt"": 4, ""iou_sum"": 0.0, ""matched"": 0, ""pred"": 0, ""tp"": 0}, ""1"": {""fn"": 4, ""fp"": 0, ""gt"": 5, ""iou_sum"": 0.5298374349027553, ""matched"": 1, ""pred"": 1, ""tp"": 1}, ""2"": {""fn"": 1, ""fp"": 0, ""gt"": 1, ""iou_sum"": 0.0, ""matched"": 0, ""pred"": 0, ""tp"": 0}, ""3"": {""fn"": 0, ""fp"": 0, ""gt"": 0, ""iou_sum"": 0.0, ""matched"": 0, ""pred"": 0, ""tp"": 0}}","[[2.0, 0.39699074, 0.006687244999999998, 0.69020062, 0.064300415], [0.0, 0.5466821, 0.655349795, 0.59066358, 0.881172845], [1.0, 0.555941355, 0.8991769549999999, 0.669367285, 0.932613165], [1.0, 0.05825617000000001, 0.747942385, 0.21141975000000002, 0.7875514349999999], [0.0, 0.44290123, 0.240226335, 0.49537037, 0.39763374500000004], [1.0, 0.003086415000000002, 0.068415635, 0.11342592500000001, 0.103909465], [0.0, 0.447530865, 0.40997942, 0.48726851499999996, 0.57253086], [0.0, 0.42438271, 0.595164605, 0.45833333000000004, 0.7031892949999999], [1.0, 0.601080245, 0.405349795, 0.6998456750000001, 0.465534985], [1.0, 0.690200615, 0.00874486, 0.767361105, 0.0462963]]","[[1.0, 0.5624140986689815, 0.8879380716708462, 0.6529807573483314, 0.9273189968532987, 0.26029983162879944]]"
m_uav0,M-UAV0,uav_pdd2023::phash6_42ccb7cbcec6::r180_00473_top_right,uav_pdd2023,UAV-PDD,source_photo_00473,r180_00473_top_right,data/external_uav/uav_pdd2023/extracted/JPEGImages/r180_00473_top_right.jpg,3,1,1,0,2,1.0,0.3333333333333333,0.5,0.5997633928795898,false,"{""0"": {""fn"": 1, ""fp"": 0, ""gt"": 1, ""iou_sum"": 0.0, ""matched"": 0, ""pred"": 0, ""tp"": 0}, ""1"": {""fn"": 1, ""fp"": 0, ""gt"": 2, ""iou_sum"": 0.5997633928795898, ""matched"": 1, ""pred"": 1, ""tp"": 1}, ""2"": {""fn"": 0, ""fp"": 0, ""gt"": 0, ""iou_sum"": 0.0, ""matched"": 0, ""pred"": 0, ""tp"": 0}, ""3"": {""fn"": 0, ""fp"": 0, ""gt"": 0, ""iou_sum"": 0.0, ""matched"": 0, ""pred"": 0, ""tp"": 0}}","[[1.0, 0.36496913500000006, 0.37139918, 0.979166665, 0.46553498], [0.0, 0.9378858, 0.16975309, 0.96527778, 0.36625515000000003], [1.0, 0.004243830000000004, 0.5606995850000001, 0.30787037, 0.653292175]]","[[1.0, 0.0011741638551523656, 0.5710044829443158, 0.3071757893503448, 0.6270058086379565, 0.35629528760910034]]"
m_uav0,M-UAV0,uav_pdd2023::phash6_4301acdce746::r180_00473_bottom_left,uav_pdd2023,UAV-PDD,source_photo_00473,r180_00473_bottom_left,data/external_uav/uav_pdd2023/extracted/JPEGImages/r180_00473_bottom_left.jpg,1,0,0,0,1,0.0,0.0,0.0,0.0,true,"{""0"": {""fn"": 0, ""fp"": 0, ""gt"": 0, ""iou_sum"": 0.0, ""matched"": 0, ""pred"": 0, ""tp"": 0}, ""1"": {""fn"": 1, ""fp"": 0, ""gt"": 1, ""iou_sum"": 0.0, ""matched"": 0, ""pred"": 0, ""tp"": 0}, ""2"": {""fn"": 0, ""fp"": 0, ""gt"": 0, ""iou_sum"": 0.0, ""matched"": 0, ""pred"": 0, ""tp"": 0}, ""3"": {""fn"": 0, ""fp"": 0, ""gt"": 0, ""iou_sum"": 0.0, ""matched"": 0, ""pred"": 0, ""tp"": 0}}","[[1.0, 0.082561725, 0.6656378599999999, 0.32407407499999996, 0.74022634]]",[]
m_uav0,M-UAV0,uav_pdd2023::phash6_44218101f1e1::lr_00479_top_right,uav_pdd2023,UAV-PDD,source_photo_00479,lr_00479_top_right,data/external_uav/uav_pdd2023/extracted/JPEGImages/lr_00479_top_right.jpg,6,1,1,0,5,1.0,0.16666666666666666,0.2857142857142857,0.5643363237742123,false,"{""0"": {""fn"": 1, ""fp"": 0, ""gt"": 2, ""iou_sum"": 0.5643363237742123, ""matched"": 1, ""pred"": 1, ""tp"": 1}, ""1"": {""fn"": 4, ""fp"": 0, ""gt"": 4, ""iou_sum"": 0.0, ""matched"": 0, ""pred"": 0, ""tp"": 0}, ""2"": {""fn"": 0, ""fp"": 0, ""gt"": 0, ""iou_sum"": 0.0, ""matched"": 0, ""pred"": 0, ""tp"": 0}, ""3"": {""fn"": 0, ""fp"": 0, ""gt"": 0, ""iou_sum"": 0.0, ""matched"": 0, ""pred"": 0, ""tp"": 0}}","[[1.0, 0.5173611100000001, 0.57150206, 0.60493827, 0.6085391], [1.0, 0.852237655, 0.42644032499999995, 0.9918981450000001, 0.471193415], [1.0, 0.60841049, 0.254115225, 0.90509259, 0.30555555500000003], [0.0, 0.8665123450000001, 0.55195473, 0.911265435, 0.98868313], [0.0, 0.864583335, 0.136316875, 0.900077165, 0.263374485], [1.0, 0.60763889, 0.44238683500000003, 0.65123457, 0.466563785]]","[[0.0, 0.8699757140359761, 0.6813439891171553, 0.9062748661747685, 0.9948451038250707, 0.4480847418308258]]"
m_uav0,M-UAV0,uav_pdd2023::phash6_497e260c6492::tb_00520_bottom_left,uav_pdd2023,UAV-PDD,source_photo_00520,tb_00520_bottom_left,data/external_uav/uav_pdd2023/extracted/JPEGImages/tb_00520_bottom_left.jpg,7,0,0,0,7,0.0,0.0,0.0,0.0,true,"{""0"": {""fn"": 0, ""fp"": 0, ""gt"": 0, ""iou_sum"": 0.0, ""matched"": 0, ""pred"": 0, ""tp"": 0}, ""1"": {""fn"": 5, ""fp"": 0, ""gt"": 5, ""iou_sum"": 0.0, ""matched"": 0, ""pred"": 0, ""tp"": 0}, ""2"": {""fn"": 0, ""fp"": 0, ""gt"": 0, ""iou_sum"": 0.0, ""matched"": 0, ""pred"": 0, ""tp"": 0}, ""3"": {""fn"": 2, ""fp"": 0, ""gt"": 2, ""iou_sum"": 0.0, ""matched"": 0, ""pred"": 0, ""tp"": 0}}","[[1.0, 0.006558645000000002, 0.82613169, 0.260802475, 0.94753087], [1.0, 0.12384259, 0.89711934, 0.24498456999999998, 0.93209876], [1.0, 0.22530864000000003, 0.65997942, 0.70601852, 0.78806584], [1.0, 0.69058642, 0.75411523, 0.93364198, 0.8137860100000001], [3.0, 0.336419755, 0.16975309, 0.38425926499999996, 0.24485596999999998], [3.0, 0.335648145, 0.17078189000000002, 0.383487655, 0.24588477], [1.0, 0.6141975249999999, 0.11111111, 0.746527775, 0.14814815]]",[]
m_uav0,M-UAV0,uav_pdd2023::phash6_4bd75df8b94a::tb_00085_top_left,uav_pdd2023,UAV-PDD,source_photo_00085,tb_00085_top_left,data/external_uav/uav_pdd2023/extracted/JPEGImages/tb_00085_top_left.jpg,3,7,0,7,3,0.0,0.0,0.0,0.0,false,"{""0"": {""fn"": 3, ""fp"": 1, ""gt"": 3, ""iou_sum"": 0.0, ""matched"": 0, ""pred"": 1, ""tp"": 0}, ""1"": {""fn"": 0, ""fp"": 6, ""gt"": 0, ""iou_sum"": 0.0, ""matched"": 0, ""pred"": 6, ""tp"": 0}, ""2"": {""fn"": 0, ""fp"": 0, ""gt"": 0, ""iou_sum"": 0.0, ""matched"": 0, ""pred"": 0, ""tp"": 0}, ""3"": {""fn"": 0, ""fp"": 0, ""gt"": 0, ""iou_sum"": 0.0, ""matched"": 0, ""pred"": 0, ""tp"": 0}}","[[0.0, 0.760030865, 0.837962965, 0.799768515, 0.9516460950000001], [0.0, 0.6948302500000001, 0.005658435000000003, 0.72569445, 0.122942385], [0.0, 0.685570985, 0.49639917499999997, 0.715663575, 0.648662545]]","[[0.0, 0.6825407522696035, 0.19501432567957497, 0.729101958098235, 0.7490426522714121, 0.4910016357898712], [1.0, 0.09824424319797093, 0.7409521032262731, 0.5650893788278839, 0.8487544432589056, 0.42431846261024475], [1.0, 0.5280978355878665, 0.7707666467737269, 1.0, 0.8510181442700295, 0.345691978931427], [1.0, 0.40675777859157985, 0.7515055966475372, 0.9536175198025174, 0.8553657688721708, 0.33555683493614197], [1.0, 0.19143878089057076, 0.7411416764121977, 0.8903320689260223, 0.8536019030912423, 0.33356809616088867], [1.0, 0.5468641681435668, 0.7908587671601723, 0.8703964610158661, 0.8557294680748457, 0.33057713508605957], [1.0, 0.23631321942364727, 0.7441713309582368, 0.5842553126959154, 0.8183211338372878, 0.3292441666126251]]"
m_uav0,M-UAV0,uav_pdd2023::phash6_4c7cf1871edb::lr_00085_bottom_left,uav_pdd2023,UAV-PDD,source_photo_00085,lr_00085_bottom_left,data/external_uav/uav_pdd2023/extracted/JPEGImages/lr_00085_bottom_left.jpg,1,3,0,3,1,0.0,0.0,0.0,0.0,false,"{""0"": {""fn"": 1, ""fp"": 0, ""gt"": 1, ""iou_sum"": 0.0, ""matched"": 0, ""pred"": 0, ""tp"": 0}, ""1"": {""fn"": 0, ""fp"": 3, ""gt"": 0, ""iou_sum"": 0.0, ""matched"": 0, ""pred"": 3, ""tp"": 0}, ""2"": {""fn"": 0, ""fp"": 0, ""gt"": 0, ""iou_sum"": 0.0, ""matched"": 0, ""pred"": 0, ""tp"": 0}, ""3"": {""fn"": 0, ""fp"": 0, ""gt"": 0, ""iou_sum"": 0.0, ""matched"": 0, ""pred"": 0, ""tp"": 0}}","[[0.0, 0.27121913, 0.28395062, 0.30516975, 0.4063786]]","[[1.0, 0.0052271845899982215, 0.15224403412744342, 0.5002263387044271, 0.2582752086498119, 0.36101797223091125], [1.0, 0.500356509361738, 0.25503147580496077, 0.9971789136345004, 0.37032522193688916, 0.3152194619178772], [1.0, 0.12741728182192202, 0.17585993009339634, 0.5050913963788821, 0.27308061387803817, 0.2917892038822174]]"
m_uav0,M-UAV0,uav_pdd2023::phash6_4f20078cb541::lr_00403_top_right,uav_pdd2023,UAV-PDD,source_photo_00403,lr_00403_top_right,data/external_uav/uav_pdd2023/extracted/JPEGImages/lr_00403_top_right.jpg,4,0,0,0,4,0.0,0.0,0.0,0.0,true,"{""0"": {""fn"": 0, ""fp"": 0, ""gt"": 0, ""iou_sum"": 0.0, ""matched"": 0, ""pred"": 0, ""tp"": 0}, ""1"": {""fn"": 4, ""fp"": 0, ""gt"": 4, ""iou_sum"": 0.0, ""matched"": 0, ""pred"": 0, ""tp"": 0}, ""2"": {""fn"": 0, ""fp"": 0, ""gt"": 0, ""iou_sum"": 0.0, ""matched"": 0, ""pred"": 0, ""tp"": 0}, ""3"": {""fn"": 0, ""fp"": 0, ""gt"": 0, ""iou_sum"": 0.0, ""matched"": 0, ""pred"": 0, ""tp"": 0}}","[[1.0, 0.55131173, 0.38888889, 0.77970679, 0.45113169000000003], [1.0, 0.22878085999999997, 0.08436214, 0.46875, 0.11522634000000001], [1.0, 0.07523148499999999, 0.27520576, 0.220293215, 0.3127572], [1.0, 0.10146605, 0.5817901200000001, 0.20794753000000002, 0.65380658]]",[]
m_uav0,M-UAV0,uav_pdd2023::phash6_4fa9079e1e2d::r180_00013_top_right,uav_pdd2023,UAV-PDD,source_photo_00013,r180_00013_top_right,data/external_uav/uav_pdd2023/extracted/JPEGImages/r180_00013_top_right.jpg,2,1,1,0,1,1.0,0.5,0.6666666666666666,0.7995749668219314,false,"{""0"": {""fn"": 0, ""fp"": 0, ""gt"": 1, ""iou_sum"": 0.7995749668219314, ""matched"": 1, ""pred"": 1, ""tp"": 1}, ""1"": {""fn"": 1, ""fp"": 0, ""gt"": 1, ""iou_sum"": 0.0, ""matched"": 0, ""pred"": 0, ""tp"": 0}, ""2"": {""fn"": 0, ""fp"": 0, ""gt"": 0, ""iou_sum"": 0.0, ""matched"": 0, ""pred"": 0, ""tp"": 0}, ""3"": {""fn"": 0, ""fp"": 0, ""gt"": 0, ""iou_sum"": 0.0, ""matched"": 0, ""pred"": 0, ""tp"": 0}}","[[0.0, 0.7824074099999999, 0.47170782, 0.81018519, 1.0], [1.0, 0.360725305, 0.08230452500000002, 0.893904315, 0.177469135]]","[[0.0, 0.776718940263913, 0.4662543088810925, 0.8108436678662713, 0.9950938283661266, 0.25729498267173767]]"
m_uav0,M-UAV0,uav_pdd2023::phash6_4fd8862358d6::lr_00024_bottom_left,uav_pdd2023,UAV-PDD,source_photo_00024,lr_00024_bottom_left,data/external_uav/uav_pdd2023/extracted/JPEGImages/lr_00024_bottom_left.jpg,3,3,2,1,1,0.6666666666666666,0.6666666666666666,0.6666666666666666,0.5955926012135362,false,"{""0"": {""fn"": 0, ""fp"": 0, ""gt"": 1, ""iou_sum"": 0.6774426965169578, ""matched"": 1, ""pred"": 1, ""tp"": 1}, ""1"": {""fn"": 1, ""fp"": 1, ""gt"": 2, ""iou_sum"": 0.5137425059101145, ""matched"": 1, ""pred"": 2, ""tp"": 1}, ""2"": {""fn"": 0, ""fp"": 0, ""gt"": 0, ""iou_sum"": 0.0, ""matched"": 0, ""pred"": 0, ""tp"": 0}, ""3"": {""fn"": 0, ""fp"": 0, ""gt"": 0, ""iou_sum"": 0.0, ""matched"": 0, ""pred"": 0, ""tp"": 0}}","[[1.0, 0.03973766000000001, 0.7165637800000001, 0.54976852, 0.76903292], [1.0, 0.39776234499999996, 0.947530865, 0.677083335, 0.998971195], [0.0, 0.11921296, 0.86574074, 0.15007716000000001, 0.9994856]]","[[1.0, 0.05573766614183968, 0.7026540497202932, 0.37545194743592064, 0.766711325311857, 0.49745798110961914], [0.0, 0.11916092295705537, 0.8435000195915316, 0.14289217819402247, 1.0, 0.4381040632724762], [1.0, 0.05799346499972873, 0.7142797399450231, 0.5159297519259982, 0.7675366813753858, 0.3665846586227417]]"
m_uav0,M-UAV0,uav_pdd2023::phash6_519d46adbbd9::tb_00403_bottom_left,uav_pdd2023,UAV-PDD,source_photo_00403,tb_00403_bottom_left,data/external_uav/uav_pdd2023/extracted/JPEGImages/tb_00403_bottom_left.jpg,3,4,2,2,1,0.5,0.6666666666666666,0.5714285714285715,0.7329051799394009,false,"{""0"": {""fn"": 1, ""fp"": 1, ""gt"": 1, ""iou_sum"": 0.0, ""matched"": 0, ""pred"": 1, ""tp"": 0}, ""1"": {""fn"": 0, ""fp"": 1, ""gt"": 2, ""iou_sum"": 1.4658103598788017, ""matched"": 2, ""pred"": 3, ""tp"": 2}, ""2"": {""fn"": 0, ""fp"": 0, ""gt"": 0, ""iou_sum"": 0.0, ""matched"": 0, ""pred"": 0, ""tp"": 0}, ""3"": {""fn"": 0, ""fp"": 0, ""gt"": 0, ""iou_sum"": 0.0, ""matched"": 0, ""pred"": 0, ""tp"": 0}}","[[1.0, 0.20987654500000003, 0.834876545, 0.355324075, 0.8713991750000001], [1.0, 0.22260802500000001, 0.129629635, 0.36111111500000004, 0.187757205], [0.0, 0.242283955, 0.35030864000000006, 0.275077165, 0.99074074]]","[[1.0, 0.21331907201696326, 0.834787941763921, 0.36801043851875964, 0.8752334029586227, 0.6426644921302795], [1.0, 0.237099094155394, 0.13974559454270352, 0.35460679325056665, 0.192747375111521, 0.5323209166526794], [1.0, 0.6964428277663243, 0.8995488798667374, 0.8387013188114872, 0.942335277918435, 0.4324796497821808], [0.0, 0.24170009000801745, 0.45553004888840665, 0.27039996488594714, 0.7878428643623007, 0.25408053398132324]]"
m_uav0,M-UAV0,uav_pdd2023::phash6_52b8ecd246b4::lr_00463_top_right,uav_pdd2023,UAV-PDD,source_photo_00463,lr_00463_top_right,data/external_uav/uav_pdd2023/extracted/JPEGImages/lr_00463_top_right.jpg,3,1,1,0,2,1.0,0.3333333333333333,0.5,0.7859941509398629,false,"{""0"": {""fn"": 1, ""fp"": 0, ""gt"": 1, ""iou_sum"": 0.0, ""matched"": 0, ""pred"": 0, ""tp"": 0}, ""1"": {""fn"": 1, ""fp"": 0, ""gt"": 2, ""iou_sum"": 0.7859941509398629, ""matched"": 1, ""pred"": 1, ""tp"": 1}, ""2"": {""fn"": 0, ""fp"": 0, ""gt"": 0, ""iou_sum"": 0.0, ""matched"": 0, ""pred"": 0, ""tp"": 0}, ""3"": {""fn"": 0, ""fp"": 0, ""gt"": 0, ""iou_sum"": 0.0, ""matched"": 0, ""pred"": 0, ""tp"": 0}}","[[1.0, 0.49614197, 0.09825102499999999, 0.98611111, 0.159465015], [0.0, 0.846064815, 0.831790125, 0.891975305, 0.976337455], [1.0, 0.14120370000000002, 0.31069959, 0.45640432, 0.40483539]]","[[1.0, 0.14764796362982857, 0.3173289043913162, 0.44377578923731675, 0.39608460100589954, 0.4365183413028717]]"
m_uav0,M-UAV0,uav_pdd2023::phash6_541e524c844a::tb_00494_bottom_right,uav_pdd2023,UAV-PDD,source_photo_00494,tb_00494_bottom_right,data/external_uav/uav_pdd2023/extracted/JPEGImages/tb_00494_bottom_right.jpg,4,2,1,1,3,0.5,0.25,0.3333333333333333,0.5100056411212814,false,"{""0"": {""fn"": 1, ""fp"": 0, ""gt"": 1, ""iou_sum"": 0.0, ""matched"": 0, ""pred"": 0, ""tp"": 0}, ""1"": {""fn"": 1, ""fp"": 1, ""gt"": 2, ""iou_sum"": 0.5100056411212814, ""matched"": 1, ""pred"": 2, ""tp"": 1}, ""2"": {""fn"": 1, ""fp"": 0, ""gt"": 1, ""iou_sum"": 0.0, ""matched"": 0, ""pred"": 0, ""tp"": 0}, ""3"": {""fn"": 0, ""fp"": 0, ""gt"": 0, ""iou_sum"": 0.0, ""matched"": 0, ""pred"": 0, ""tp"": 0}}","[[1.0, 0.022376544999999998, 0.28034979, 0.370756175, 0.33281893], [2.0, 0.37461419500000004, 0.237654315, 0.400462965, 0.363683125], [1.0, 0.42515432, 0.11522634000000001, 0.6817129599999999, 0.22479424], [0.0, 0.04591049, 0.33899176999999997, 0.07638889, 0.46450617]]","[[1.0, 0.40906877870912906, 0.15224718949431745, 0.6830709009994695, 0.19784483105066872, 0.590751051902771], [1.0, 0.0, 0.26040250676159016, 0.41194256441092786, 0.3231184217664931, 0.298190712928772]]"
m_uav0,M-UAV0,uav_pdd2023::phash6_5a34d00d9107::lr_00403_top_left,uav_pdd2023,UAV-PDD,source_photo_00403,lr_00403_top_left,data/external_uav/uav_pdd2023/extracted/JPEGImages/lr_00403_top_left.jpg,3,0,0,0,3,0.0,0.0,0.0,0.0,true,"{""0"": {""fn"": 1, ""fp"": 0, ""gt"": 1, ""iou_sum"": 0.0, ""matched"": 0, ""pred"": 0, ""tp"": 0}, ""1"": {""fn"": 2, ""fp"": 0, ""gt"": 2, ""iou_sum"": 0.0, ""matched"": 0, ""pred"": 0, ""tp"": 0}, ""2"": {""fn"": 0, ""fp"": 0, ""gt"": 0, ""iou_sum"": 0.0, ""matched"": 0, ""pred"": 0, ""tp"": 0}, ""3"": {""fn"": 0, ""fp"": 0, ""gt"": 0, ""iou_sum"": 0.0, ""matched"": 0, ""pred"": 0, ""tp"": 0}}","[[0.0, 0.729938275, 0.06893004000000003, 0.7785493849999999, 0.9994856], [1.0, 0.488811725, 0.16409465499999998, 0.612268515, 0.193930045], [1.0, 0.20640432, 0.46141975, 0.32523148, 0.51697531]]",[]
m_uav0,M-UAV0,uav_pdd2023::phash6_5f2a6bde3484::r180_00085_bottom_left,uav_pdd2023,UAV-PDD,source_photo_00085,r180_00085_bottom_left,data/external_uav/uav_pdd2023/extracted/JPEGImages/r180_00085_bottom_left.jpg,1,4,0,4,1,0.0,0.0,0.0,0.0,false,"{""0"": {""fn"": 1, ""fp"": 0, ""gt"": 1, ""iou_sum"": 0.0, ""matched"": 0, ""pred"": 0, ""tp"": 0}, ""1"": {""fn"": 0, ""fp"": 4, ""gt"": 0, ""iou_sum"": 0.0, ""matched"": 0, ""pred"": 4, ""tp"": 0}, ""2"": {""fn"": 0, ""fp"": 0, ""gt"": 0, ""iou_sum"": 0.0, ""matched"": 0, ""pred"": 0, ""tp"": 0}, ""3"": {""fn"": 0, ""fp"": 0, ""gt"": 0, ""iou_sum"": 0.0, ""matched"": 0, ""pred"": 0, ""tp"": 0}}","[[0.0, 0.27121913, 0.5936214, 0.30516975, 0.7160493800000001]]","[[1.0, 0.13195066098813657, 0.7358630145037616, 0.5020943158938561, 0.8368815355340149, 0.44703546166419983], [1.0, 0.0, 0.8175647248947081, 0.09081864651338553, 0.8603216728555813, 0.37424781918525696], [1.0, 0.006325865233386004, 0.74894538534031, 0.5016100848162616, 0.8402242150326324, 0.31758517026901245], [1.0, 0.5013671215669608, 0.6363165584611304, 0.792307064857012, 0.7687728944629308, 0.29670020937919617]]"
m_uav0,M-UAV0,uav_pdd2023::phash6_60b7f73e7616::r180_00535_bottom_right,uav_pdd2023,UAV-PDD,source_photo_00535,r180_00535_bottom_right,data/external_uav/uav_pdd2023/extracted/JPEGImages/r180_00535_bottom_right.jpg,8,3,1,2,7,0.3333333333333333,0.125,0.18181818181818182,0.5519099107542789,false,"{""0"": {""fn"": 0, ""fp"": 2, ""gt"": 0, ""iou_sum"": 0.0, ""matched"": 0, ""pred"": 2, ""tp"": 0}, ""1"": {""fn"": 0, ""fp"": 0, ""gt"": 1, ""iou_sum"": 0.5519099107542789, ""matched"": 1, ""pred"": 1, ""tp"": 1}, ""2"": {""fn"": 6, ""fp"": 0, ""gt"": 6, ""iou_sum"": 0.0, ""matched"": 0, ""pred"": 0, ""tp"": 0}, ""3"": {""fn"": 1, ""fp"": 0, ""gt"": 1, ""iou_sum"": 0.0, ""matched"": 0, ""pred"": 0, ""tp"": 0}}","[[1.0, 0.08912037, 0.53909465, 0.5366512299999999, 0.6579218099999999], [2.0, 0.54436728, 0.575617285, 0.74729938, 0.782921815], [2.0, 0.6404321, 0.782921805, 0.74421296, 0.9963991750000001], [2.0, 0.6647376500000001, 0.29835391, 0.84529321, 0.43930041], [2.0, 0.00038579999999999864, 0.009773664999999931, 0.08140432, 0.9927983549999999], [2.0, 0.66859568, 0.08024691499999999, 0.76813272, 0.269547325], [3.0, 0.664351855, 0.81841564, 0.719521605, 0.99639918], [2.0, 0.8070987599999999, 0.430555555, 0.86612654, 0.6003086449999999]]","[[0.0, 0.004357121976805322, 0.7335673516669882, 0.04691161049736871, 0.9860740002290702, 0.42815473675727844], [0.0, 0.6857951599874614, 0.624610178755144, 0.7260823661898389, 0.9995554857293274, 0.3865187168121338], [1.0, 0.05266924257631655, 0.5674938311792695, 0.5846591996557918, 0.6407007915983475, 0.35092148184776306]]"
m_uav0,M-UAV0,uav_pdd2023::phash6_63bc4d545861::tb_00403_top_left,uav_pdd2023,UAV-PDD,source_photo_00403,tb_00403_top_left,data/external_uav/uav_pdd2023/extracted/JPEGImages/tb_00403_top_left.jpg,3,1,1,0,2,1.0,0.3333333333333333,0.5,0.6073903702997867,false,"{""0"": {""fn"": 0, ""fp"": 0, ""gt"": 1, ""iou_sum"": 0.6073903702997867, ""matched"": 1, ""pred"": 1, ""tp"": 1}, ""1"": {""fn"": 2, ""fp"": 0, ""gt"": 2, ""iou_sum"": 0.0, ""matched"": 0, ""pred"": 0, ""tp"": 0}, ""2"": {""fn"": 0, ""fp"": 0, ""gt"": 0, ""iou_sum"": 0.0, ""matched"": 0, ""pred"": 0, ""tp"": 0}, ""3"": {""fn"": 0, ""fp"": 0, ""gt"": 0, ""iou_sum"": 0.0, ""matched"": 0, ""pred"": 0, ""tp"": 0}}","[[0.0, 0.221450615, 0.000514400000000026, 0.270061725, 0.93106996], [1.0, 0.387731485, 0.806069955, 0.511188275, 0.8359053449999999], [1.0, 0.67476852, 0.48302469000000003, 0.7935956799999999, 0.53858025]]","[[0.0, 0.22674089596595293, 0.0, 0.26609908209906685, 0.6989156463999807, 0.3005342483520508]]"
m_uav0,M-UAV0,uav_pdd2023::phash6_64e5e0fe5977::lr_00400_top_right,uav_pdd2023,UAV-PDD,source_photo_00400,lr_00400_top_right,data/external_uav/uav_pdd2023/extracted/JPEGImages/lr_00400_top_right.jpg,5,1,1,0,4,1.0,0.2,0.33333333333333337,0.7748903155224102,false,"{""0"": {""fn"": 0, ""fp"": 0, ""gt"": 0, ""iou_sum"": 0.0, ""matched"": 0, ""pred"": 0, ""tp"": 0}, ""1"": {""fn"": 4, ""fp"": 0, ""gt"": 5, ""iou_sum"": 0.7748903155224102, ""matched"": 1, ""pred"": 1, ""tp"": 1}, ""2"": {""fn"": 0, ""fp"": 0, ""gt"": 0, ""iou_sum"": 0.0, ""matched"": 0, ""pred"": 0, ""tp"": 0}, ""3"": {""fn"": 0, ""fp"": 0, ""gt"": 0, ""iou_sum"": 0.0, ""matched"": 0, ""pred"": 0, ""tp"": 0}}","[[1.0, 0.28935185500000005, 0.57355967, 0.556712965, 0.61676955], [1.0, 0.139274695, 0.75977366, 0.28125000499999997, 0.8004115199999999], [1.0, 0.39467592500000004, 0.332818925, 0.487268515, 0.362139915], [1.0, 0.30246913500000006, 0.30195473500000003, 0.378472225, 0.337962965], [1.0, 0.32908951, 0.12294239000000001, 0.41705247, 0.14763375]]","[[1.0, 0.13498911445523487, 0.7534370579346708, 0.270237981537242, 0.800002298237365, 0.5815656185150146]]"
m_uav0,M-UAV0,uav_pdd2023::phash6_675e9bed3546::tb_00013_top_right,uav_pdd2023,UAV-PDD,source_photo_00013,tb_00013_top_right,data/external_uav/uav_pdd2023/extracted/JPEGImages/tb_00013_top_right.jpg,2,1,1,0,1,1.0,0.5,0.6666666666666666,0.5623142310500524,false,"{""0"": {""fn"": 1, ""fp"": 0, ""gt"": 1, ""iou_sum"": 0.0, ""matched"": 0, ""pred"": 0, ""tp"": 0}, ""1"": {""fn"": 0, ""fp"": 0, ""gt"": 1, ""iou_sum"": 0.5623142310500524, ""matched"": 1, ""pred"": 1, ""tp"": 1}, ""2"": {""fn"": 0, ""fp"": 0, ""gt"": 0, ""iou_sum"": 0.0, ""matched"": 0, ""pred"": 0, ""tp"": 0}, ""3"": {""fn"": 0, ""fp"": 0, ""gt"": 0, ""iou_sum"": 0.0, ""matched"": 0, ""pred"": 0, ""tp"": 0}}","[[0.0, 0.18981481, 0.47170782, 0.21759258999999997, 1.0], [1.0, 0.106095685, 0.08230452500000002, 0.639274695, 0.177469135]]","[[1.0, 0.15950294777199073, 0.10004965856732655, 0.5956444445951485, 0.1654680982048129, 0.4406545162200928]]"
m_uav0,M-UAV0,uav_pdd2023::phash6_6ac7612c9ee9::r180_00013_top_left,uav_pdd2023,UAV-PDD,source_photo_00013,r180_00013_top_left,data/external_uav/uav_pdd2023/extracted/JPEGImages/r180_00013_top_left.jpg,2,1,0,1,2,0.0,0.0,0.0,0.0,false,"{""0"": {""fn"": 0, ""fp"": 0, ""gt"": 0, ""iou_sum"": 0.0, ""matched"": 0, ""pred"": 0, ""tp"": 0}, ""1"": {""fn"": 2, ""fp"": 1, ""gt"": 2, ""iou_sum"": 0.0, ""matched"": 0, ""pred"": 1, ""tp"": 0}, ""2"": {""fn"": 0, ""fp"": 0, ""gt"": 0, ""iou_sum"": 0.0, ""matched"": 0, ""pred"": 0, ""tp"": 0}, ""3"": {""fn"": 0, ""fp"": 0, ""gt"": 0, ""iou_sum"": 0.0, ""matched"": 0, ""pred"": 0, ""tp"": 0}}","[[1.0, 0.349922845, 0.726337445, 0.6458333350000001, 0.761831275], [1.0, 0.14776235, 0.005144035000000002, 0.7044753100000001, 0.066358025]]","[[1.0, 0.36537744969497493, 0.7197492309067965, 0.4950390097535687, 0.7604427887088477, 0.29204288125038147]]"
m_uav0,M-UAV0,uav_pdd2023::phash6_6c9b0fdb5148::r180_00485_bottom_left,uav_pdd2023,UAV-PDD,source_photo_00485,r180_00485_bottom_left,data/external_uav/uav_pdd2023/extracted/JPEGImages/r180_00485_bottom_left.jpg,1,0,0,0,1,0.0,0.0,0.0,0.0,true,"{""0"": {""fn"": 1, ""fp"": 0, ""gt"": 1, ""iou_sum"": 0.0, ""matched"": 0, ""pred"": 0, ""tp"": 0}, ""1"": {""fn"": 0, ""fp"": 0, ""gt"": 0, ""iou_sum"": 0.0, ""matched"": 0, ""pred"": 0, ""tp"": 0}, ""2"": {""fn"": 0, ""fp"": 0, ""gt"": 0, ""iou_sum"": 0.0, ""matched"": 0, ""pred"": 0, ""tp"": 0}, ""3"": {""fn"": 0, ""fp"": 0, ""gt"": 0, ""iou_sum"": 0.0, ""matched"": 0, ""pred"": 0, ""tp"": 0}}","[[0.0, 0.056327165000000005, 0.402263375, 0.108410495, 0.566358025]]",[]
m_uav0,M-UAV0,uav_pdd2023::phash6_6cec0f9e1a23::lr_00435_top_left,uav_pdd2023,UAV-PDD,source_photo_00435,lr_00435_top_left,data/external_uav/uav_pdd2023/extracted/JPEGImages/lr_00435_top_left.jpg,2,1,0,1,2,0.0,0.0,0.0,0.0,false,"{""0"": {""fn"": 0, ""fp"": 0, ""gt"": 0, ""iou_sum"": 0.0, ""matched"": 0, ""pred"": 0, ""tp"": 0}, ""1"": {""fn"": 2, ""fp"": 1, ""gt"": 2, ""iou_sum"": 0.0, ""matched"": 0, ""pred"": 1, ""tp"": 0}, ""2"": {""fn"": 0, ""fp"": 0, ""gt"": 0, ""iou_sum"": 0.0, ""matched"": 0, ""pred"": 0, ""tp"": 0}, ""3"": {""fn"": 0, ""fp"": 0, ""gt"": 0, ""iou_sum"": 0.0, ""matched"": 0, ""pred"": 0, ""tp"": 0}}","[[1.0, 0.6184413599999999, 0.6460905299999999, 0.71527778, 0.67078189], [1.0, 0.716435185, 0.708333335, 0.7928240750000001, 0.747427985]]","[[1.0, 0.4300403830445843, 0.6381491829828961, 0.6622006922592352, 0.6886819596153227, 0.314055472612381]]"
m_uav0,M-UAV0,uav_pdd2023::phash6_6db3f0177e41::tb_00504_top_left,uav_pdd2023,UAV-PDD,source_photo_00504,tb_00504_top_left,data/external_uav/uav_pdd2023/extracted/JPEGImages/tb_00504_top_left.jpg,1,0,0,0,1,0.0,0.0,0.0,0.0,true,"{""0"": {""fn"": 0, ""fp"": 0, ""gt"": 0, ""iou_sum"": 0.0, ""matched"": 0, ""pred"": 0, ""tp"": 0}, ""1"": {""fn"": 1, ""fp"": 0, ""gt"": 1, ""iou_sum"": 0.0, ""matched"": 0, ""pred"": 0, ""tp"": 0}, ""2"": {""fn"": 0, ""fp"": 0, ""gt"": 0, ""iou_sum"": 0.0, ""matched"": 0, ""pred"": 0, ""tp"": 0}, ""3"": {""fn"": 0, ""fp"": 0, ""gt"": 0, ""iou_sum"": 0.0, ""matched"": 0, ""pred"": 0, ""tp"": 0}}","[[1.0, 0.923996915, 0.37808642000000003, 0.998070985, 0.43158436]]",[]
m_uav0,M-UAV0,uav_pdd2023::phash6_6e1fba6e29db::r180_00400_bottom_left,uav_pdd2023,UAV-PDD,source_photo_00400,r180_00400_bottom_left,data/external_uav/uav_pdd2023/extracted/JPEGImages/r180_00400_bottom_left.jpg,4,0,0,0,4,0.0,0.0,0.0,0.0,true,"{""0"": {""fn"": 0, ""fp"": 0, ""gt"": 0, ""iou_sum"": 0.0, ""matched"": 0, ""pred"": 0, ""tp"": 0}, ""1"": {""fn"": 4, ""fp"": 0, ""gt"": 4, ""iou_sum"": 0.0, ""matched"": 0, ""pred"": 0, ""tp"": 0}, ""2"": {""fn"": 0, ""fp"": 0, ""gt"": 0, ""iou_sum"": 0.0, ""matched"": 0, ""pred"": 0, ""tp"": 0}, ""3"": {""fn"": 0, ""fp"": 0, ""gt"": 0, ""iou_sum"": 0.0, ""matched"": 0, ""pred"": 0, ""tp"": 0}}","[[1.0, 0.6655092650000001, 0.78909465, 0.755015435, 0.8117283900000001], [1.0, 0.663194445, 0.457818925, 0.705246915, 0.47427983500000004], [1.0, 0.69598765, 0.43827160499999995, 0.7453703700000001, 0.452160495], [1.0, 0.57175926, 0.11779835500000001, 0.66550926, 0.147633745]]",[]
m_uav0,M-UAV0,uav_pdd2023::phash6_7069b8c04fff::tb_00494_top_right,uav_pdd2023,UAV-PDD,source_photo_00494,tb_00494_top_right,data/external_uav/uav_pdd2023/extracted/JPEGImages/tb_00494_top_right.jpg,1,0,0,0,1,0.0,0.0,0.0,0.0,true,"{""0"": {""fn"": 0, ""fp"": 0, ""gt"": 0, ""iou_sum"": 0.0, ""matched"": 0, ""pred"": 0, ""tp"": 0}, ""1"": {""fn"": 1, ""fp"": 0, ""gt"": 1, ""iou_sum"": 0.0, ""matched"": 0, ""pred"": 0, ""tp"": 0}, ""2"": {""fn"": 0, ""fp"": 0, ""gt"": 0, ""iou_sum"": 0.0, ""matched"": 0, ""pred"": 0, ""tp"": 0}, ""3"": {""fn"": 0, ""fp"": 0, ""gt"": 0, ""iou_sum"": 0.0, ""matched"": 0, ""pred"": 0, ""tp"": 0}}","[[1.0, 0.022376544999999998, 0.11522633499999999, 0.411651235, 0.173353905]]",[]
m_uav0,M-UAV0,uav_pdd2023::phash6_726b623ec986::lr_00520_bottom_left,uav_pdd2023,UAV-PDD,source_photo_00520,lr_00520_bottom_left,data/external_uav/uav_pdd2023/extracted/JPEGImages/lr_00520_bottom_left.jpg,7,1,0,1,7,0.0,0.0,0.0,0.0,false,"{""0"": {""fn"": 0, ""fp"": 1, ""gt"": 0, ""iou_sum"": 0.0, ""matched"": 0, ""pred"": 1, ""tp"": 0}, ""1"": {""fn"": 5, ""fp"": 0, ""gt"": 5, ""iou_sum"": 0.0, ""matched"": 0, ""pred"": 0, ""tp"": 0}, ""2"": {""fn"": 0, ""fp"": 0, ""gt"": 0, ""iou_sum"": 0.0, ""matched"": 0, ""pred"": 0, ""tp"": 0}, ""3"": {""fn"": 2, ""fp"": 0, ""gt"": 2, ""iou_sum"": 0.0, ""matched"": 0, ""pred"": 0, ""tp"": 0}}","[[1.0, 0.739197525, 0.05246913, 0.9934413550000001, 0.17386831], [1.0, 0.75501543, 0.06790124, 0.87615741, 0.10288065999999998], [1.0, 0.29398148, 0.21193415999999998, 0.77469136, 0.34002058], [1.0, 0.06635801999999999, 0.18621399000000002, 0.30941357999999997, 0.24588477], [3.0, 0.615740735, 0.75514403, 0.663580245, 0.83024691], [3.0, 0.616512345, 0.75411523, 0.6643518549999999, 0.82921811], [1.0, 0.253472225, 0.85185185, 0.385802475, 0.8888888899999999]]","[[0.0, 0.7457537709930797, 0.3750285081902649, 0.7850168958122348, 0.9986635058995628, 0.6197248697280884]]"
m_uav0,M-UAV0,uav_pdd2023::phash6_73a3afe63f49::lr_00005_top_right,uav_pdd2023,UAV-PDD,source_photo_00005,lr_00005_top_right,data/external_uav/uav_pdd2023/extracted/JPEGImages/lr_00005_top_right.jpg,11,1,0,1,11,0.0,0.0,0.0,0.0,false,"{""0"": {""fn"": 5, ""fp"": 1, ""gt"": 5, ""iou_sum"": 0.0, ""matched"": 0, ""pred"": 1, ""tp"": 0}, ""1"": {""fn"": 2, ""fp"": 0, ""gt"": 2, ""iou_sum"": 0.0, ""matched"": 0, ""pred"": 0, ""tp"": 0}, ""2"": {""fn"": 2, ""fp"": 0, ""gt"": 2, ""iou_sum"": 0.0, ""matched"": 0, ""pred"": 0, ""tp"": 0}, ""3"": {""fn"": 2, ""fp"": 0, ""gt"": 2, ""iou_sum"": 0.0, ""matched"": 0, ""pred"": 0, ""tp"": 0}}","[[0.0, 0.52006173, 0.004115225, 0.54436729, 0.159465015], [0.0, 0.616126545, 0.09979423999999998, 0.635802475, 0.218107], [0.0, 0.5061728400000001, 0.16975308499999997, 0.57137346, 0.737139915], [2.0, 0.175540125, 0.228395065, 0.242283955, 0.391975315], [2.0, 0.19290122999999998, 0.40792181000000005, 0.24575617, 0.83333333], [0.0, 0.446373455, 0.934156375, 0.466435185, 0.991769545], [1.0, 0.000385804999999996, 0.31224280499999996, 0.09297839499999999, 0.342592595], [3.0, 0.11998456999999998, 0.31687243000000004, 0.15740741, 0.34207819], [3.0, 0.091820985, 0.32098765500000004, 0.109567895, 0.340534985], [1.0, 0.06867283999999999, 0.520061725, 0.18055556, 0.570987655], [0.0, 0.37615740999999997, 0.014403290000000013, 0.38811729, 0.42438271]]","[[0.0, 0.8084810986930941, 0.014430873187971704, 0.9840477837456597, 0.9761179857293274, 0.420935720205307]]"
m_uav0,M-UAV0,uav_pdd2023::phash6_7a7e68e5aca7::r180_00400_top_left,uav_pdd2023,UAV-PDD,source_photo_00400,r180_00400_top_left,data/external_uav/uav_pdd2023/extracted/JPEGImages/r180_00400_top_left.jpg,2,0,0,0,2,0.0,0.0,0.0,0.0,true,"{""0"": {""fn"": 0, ""fp"": 0, ""gt"": 0, ""iou_sum"": 0.0, ""matched"": 0, ""pred"": 0, ""tp"": 0}, ""1"": {""fn"": 2, ""fp"": 0, ""gt"": 2, ""iou_sum"": 0.0, ""matched"": 0, ""pred"": 0, ""tp"": 0}, ""2"": {""fn"": 0, ""fp"": 0, ""gt"": 0, ""iou_sum"": 0.0, ""matched"": 0, ""pred"": 0, ""tp"": 0}, ""3"": {""fn"": 0, ""fp"": 0, ""gt"": 0, ""iou_sum"": 0.0, ""matched"": 0, ""pred"": 0, ""tp"": 0}}","[[1.0, 0.672067905, 0.13631687, 0.776620375, 0.18364197000000002], [1.0, 0.46373456500000004, 0.4933127600000001, 0.6280864150000001, 0.5396090600000001]]",[]
m_uav0,M-UAV0,uav_pdd2023::phash6_7bc2bac1d1ec::r180_00024_bottom_left,uav_pdd2023,UAV-PDD,source_photo_00024,r180_00024_bottom_left,data/external_uav/uav_pdd2023/extracted/JPEGImages/r180_00024_bottom_left.jpg,3,4,2,2,1,0.5,0.6666666666666666,0.5714285714285715,0.6484781385687104,false,"{""0"": {""fn"": 0, ""fp"": 1, ""gt"": 1, ""iou_sum"": 0.6061065287052846, ""matched"": 1, ""pred"": 2, ""tp"": 1}, ""1"": {""fn"": 1, ""fp"": 1, ""gt"": 2, ""iou_sum"": 0.6908497484321363, ""matched"": 1, ""pred"": 2, ""tp"": 1}, ""2"": {""fn"": 0, ""fp"": 0, ""gt"": 0, ""iou_sum"": 0.0, ""matched"": 0, ""pred"": 0, ""tp"": 0}, ""3"": {""fn"": 0, ""fp"": 0, ""gt"": 0, ""iou_sum"": 0.0, ""matched"": 0, ""pred"": 0, ""tp"": 0}}","[[1.0, 0.03973766000000001, 0.23096708, 0.54976852, 0.28343622], [1.0, 0.39776234499999996, 0.0010288050000000007, 0.677083335, 0.052469135], [0.0, 0.11921296, 0.0005143999999999982, 0.15007716000000001, 0.13425926]]","[[1.0, 0.05809097525514202, 0.219087294590326, 0.5120291062343267, 0.2885524294503922, 0.5426329970359802], [0.0, 0.11642388944272641, 0.0, 0.1401256749659409, 0.13105869685671456, 0.5398063659667969], [1.0, 0.12838483739782264, 0.2197772524484391, 0.5124403400185668, 0.27720243351940266, 0.4464162290096283], [0.0, 0.11751906077067058, 5.521774368644251e-05, 0.14701192172957056, 0.13801549589683, 0.36616086959838867]]"
m_uav0,M-UAV0,uav_pdd2023::phash6_81aee2533ba2::r180_00085_top_right,uav_pdd2023,UAV-PDD,source_photo_00085,r180_00085_top_right,data/external_uav/uav_pdd2023/extracted/JPEGImages/r180_00085_top_right.jpg,3,1,0,1,3,0.0,0.0,0.0,0.0,false,"{""0"": {""fn"": 3, ""fp"": 0, ""gt"": 3, ""iou_sum"": 0.0, ""matched"": 0, ""pred"": 0, ""tp"": 0}, ""1"": {""fn"": 0, ""fp"": 1, ""gt"": 0, ""iou_sum"": 0.0, ""matched"": 0, ""pred"": 1, ""tp"": 0}, ""2"": {""fn"": 0, ""fp"": 0, ""gt"": 0, ""iou_sum"": 0.0, ""matched"": 0, ""pred"": 0, ""tp"": 0}, ""3"": {""fn"": 0, ""fp"": 0, ""gt"": 0, ""iou_sum"": 0.0, ""matched"": 0, ""pred"": 0, ""tp"": 0}}","[[0.0, 0.701774695, 0.316358025, 0.7287808649999999, 0.48405349500000006], [0.0, 0.7075617249999999, 0.23765432, 0.733410495, 0.2973251], [0.0, 0.70910494, 0.0005144000000000121, 0.7310956799999999, 0.22788066]]","[[1.0, 0.724297888485002, 0.7642110188802084, 0.9988638795452354, 0.8327886008431391, 0.27753666043281555]]"
m_uav0,M-UAV0,uav_pdd2023::phash6_84560450443f::tb_00494_bottom_left,uav_pdd2023,UAV-PDD,source_photo_00494,tb_00494_bottom_left,data/external_uav/uav_pdd2023/extracted/JPEGImages/tb_00494_bottom_left.jpg,2,0,0,0,2,0.0,0.0,0.0,0.0,true,"{""0"": {""fn"": 0, ""fp"": 0, ""gt"": 0, ""iou_sum"": 0.0, ""matched"": 0, ""pred"": 0, ""tp"": 0}, ""1"": {""fn"": 2, ""fp"": 0, ""gt"": 2, ""iou_sum"": 0.0, ""matched"": 0, ""pred"": 0, ""tp"": 0}, ""2"": {""fn"": 0, ""fp"": 0, ""gt"": 0, ""iou_sum"": 0.0, ""matched"": 0, ""pred"": 0, ""tp"": 0}, ""3"": {""fn"": 0, ""fp"": 0, ""gt"": 0, ""iou_sum"": 0.0, ""matched"": 0, ""pred"": 0, ""tp"": 0}}","[[1.0, 0.48533951, 0.8245884800000001, 0.66319445, 0.96502058], [1.0, 0.856095685, 0.25565844, 0.992669755, 0.31893003999999997]]",[]
m_uav0,M-UAV0,uav_pdd2023::phash6_84c3343b51e4::tb_00473_bottom_right,uav_pdd2023,UAV-PDD,source_photo_00473,tb_00473_bottom_right,data/external_uav/uav_pdd2023/extracted/JPEGImages/tb_00473_bottom_right.jpg,4,0,0,0,4,0.0,0.0,0.0,0.0,true,"{""0"": {""fn"": 1, ""fp"": 0, ""gt"": 1, ""iou_sum"": 0.0, ""matched"": 0, ""pred"": 0, ""tp"": 0}, ""1"": {""fn"": 3, ""fp"": 0, ""gt"": 3, ""iou_sum"": 0.0, ""matched"": 0, ""pred"": 0, ""tp"": 0}, ""2"": {""fn"": 0, ""fp"": 0, ""gt"": 0, ""iou_sum"": 0.0, ""matched"": 0, ""pred"": 0, ""tp"": 0}, ""3"": {""fn"": 0, ""fp"": 0, ""gt"": 0, ""iou_sum"": 0.0, ""matched"": 0, ""pred"": 0, ""tp"": 0}}","[[1.0, 0.021604934999999992, 0.60390946, 0.666280865, 0.7067901200000001], [1.0, 0.03549382500000001, 0.14197531, 0.296682095, 0.20833333], [0.0, 0.26929012500000005, 0.229938275, 0.304783955, 0.397119345], [1.0, 0.331018525, 0.11574074, 0.508101855, 0.18827159999999998]]",[]
m_uav0,M-UAV0,uav_pdd2023::phash6_86bd2c6db751::r180_00005_top_left,uav_pdd2023,UAV-PDD,source_photo_00005,r180_00005_top_left,data/external_uav/uav_pdd2023/extracted/JPEGImages/r180_00005_top_left.jpg,5,1,1,0,4,1.0,0.2,0.33333333333333337,0.840605669941798,false,"{""0"": {""fn"": 4, ""fp"": 0, ""gt"": 4, ""iou_sum"": 0.0, ""matched"": 0, ""pred"": 0, ""tp"": 0}, ""1"": {""fn"": 0, ""fp"": 0, ""gt"": 1, ""iou_sum"": 0.840605669941798, ""matched"": 1, ""pred"": 1, ""tp"": 1}, ""2"": {""fn"": 0, ""fp"": 0, ""gt"": 0, ""iou_sum"": 0.0, ""matched"": 0, ""pred"": 0, ""tp"": 0}, ""3"": {""fn"": 0, ""fp"": 0, ""gt"": 0, ""iou_sum"": 0.0, ""matched"": 0, ""pred"": 0, ""tp"": 0}}","[[0.0, 0.338734565, 0.005144030000000022, 0.39699073500000004, 0.99588477], [0.0, 0.010030865, 0.49176954500000003, 0.045524695, 0.8472222150000001], [0.0, 0.0030864199999999994, 0.20267489500000002, 0.05054012, 0.520061725], [0.0, 0.0015432100000000032, 0.024176955, 0.03665123, 0.179012345], [1.0, 0.0023148100000000005, 0.9639917650000001, 0.15547839, 0.996913575]]","[[1.0, 0.0027784467847258958, 0.9632123782310957, 0.16796179170961734, 0.9993245945055298, 0.2928756773471832]]"
m_uav0,M-UAV0,uav_pdd2023::phash6_8c840a8dab3b::tb_00473_bottom_left,uav_pdd2023,UAV-PDD,source_photo_00473,tb_00473_bottom_left,data/external_uav/uav_pdd2023/extracted/JPEGImages/tb_00473_bottom_left.jpg,1,0,0,0,1,0.0,0.0,0.0,0.0,true,"{""0"": {""fn"": 0, ""fp"": 0, ""gt"": 0, ""iou_sum"": 0.0, ""matched"": 0, ""pred"": 0, ""tp"": 0}, ""1"": {""fn"": 1, ""fp"": 0, ""gt"": 1, ""iou_sum"": 0.0, ""matched"": 0, ""pred"": 0, ""tp"": 0}, ""2"": {""fn"": 0, ""fp"": 0, ""gt"": 0, ""iou_sum"": 0.0, ""matched"": 0, ""pred"": 0, ""tp"": 0}, ""3"": {""fn"": 0, ""fp"": 0, ""gt"": 0, ""iou_sum"": 0.0, ""matched"": 0, ""pred"": 0, ""tp"": 0}}","[[1.0, 0.6759259249999999, 0.6656378599999999, 0.917438275, 0.74022634]]",[]
m_uav0,M-UAV0,uav_pdd2023::phash6_92684e392a6d::tb_00003_bottom_right,uav_pdd2023,UAV-PDD,source_photo_00003,tb_00003_bottom_right,data/external_uav/uav_pdd2023/extracted/JPEGImages/tb_00003_bottom_right.jpg,10,2,1,1,9,0.5,0.1,0.16666666666666669,0.626295637310394,false,"{""0"": {""fn"": 4, ""fp"": 1, ""gt"": 4, ""iou_sum"": 0.0, ""matched"": 0, ""pred"": 1, ""tp"": 0}, ""1"": {""fn"": 4, ""fp"": 0, ""gt"": 5, ""iou_sum"": 0.626295637310394, ""matched"": 1, ""pred"": 1, ""tp"": 1}, ""2"": {""fn"": 1, ""fp"": 0, ""gt"": 1, ""iou_sum"": 0.0, ""matched"": 0, ""pred"": 0, ""tp"": 0}, ""3"": {""fn"": 0, ""fp"": 0, ""gt"": 0, ""iou_sum"": 0.0, ""matched"": 0, ""pred"": 0, ""tp"": 0}}","[[2.0, 0.30979937999999996, 0.9356995850000001, 0.60300926, 0.993312755], [0.0, 0.40933642, 0.118827155, 0.4533179, 0.344650205], [1.0, 0.330632715, 0.067386835, 0.44405864500000003, 0.100823045], [1.0, 0.78858025, 0.212448565, 0.94174383, 0.252057615], [0.0, 0.50462963, 0.602366255, 0.55709877, 0.759773665], [1.0, 0.886574075, 0.896090535, 0.9969135849999999, 0.9315843650000001], [0.0, 0.512731485, 0.42746913999999997, 0.552469135, 0.59002058], [0.0, 0.54166667, 0.296810705, 0.57561729, 0.40483539500000004], [1.0, 0.300154325, 0.5344650150000001, 0.39891975500000004, 0.594650205], [1.0, 0.232638895, 0.9537036999999999, 0.30979938500000004, 0.99125514]]","[[0.0, 0.2775046972580898, 0.4559645476164641, 0.3181169297960069, 0.980244514873489, 0.2588959336280823], [1.0, 0.8500175947024499, 0.890035056282954, 1.0, 0.9317281589586548, 0.25033658742904663]]"
m_uav0,M-UAV0,uav_pdd2023::phash6_929a51eef575::tb_00400_bottom_right,uav_pdd2023,UAV-PDD,source_photo_00400,tb_00400_bottom_right,data/external_uav/uav_pdd2023/extracted/JPEGImages/tb_00400_bottom_right.jpg,4,1,0,1,4,0.0,0.0,0.0,0.0,false,"{""0"": {""fn"": 1, ""fp"": 1, ""gt"": 1, ""iou_sum"": 0.0, ""matched"": 0, ""pred"": 1, ""tp"": 0}, ""1"": {""fn"": 3, ""fp"": 0, ""gt"": 3, ""iou_sum"": 0.0, ""matched"": 0, ""pred"": 0, ""tp"": 0}, ""2"": {""fn"": 0, ""fp"": 0, ""gt"": 0, ""iou_sum"": 0.0, ""matched"": 0, ""pred"": 0, ""tp"": 0}, ""3"": {""fn"": 0, ""fp"": 0, ""gt"": 0, ""iou_sum"": 0.0, ""matched"": 0, ""pred"": 0, ""tp"": 0}}","[[1.0, 0.443672845, 0.93467078, 0.6550925949999999, 0.97170782], [1.0, 0.4375, 0.622942385, 0.66898148, 0.665637855], [0.0, 0.79745371, 0.03858024999999998, 0.83564815, 0.99845679], [1.0, 0.43248456500000004, 0.10751028499999998, 0.6273148150000001, 0.165637855]]","[[0.0, 0.788983757113233, 0.07752867490666393, 0.8297098418812693, 0.707953182267554, 0.2893937826156616]]"
m_uav0,M-UAV0,uav_pdd2023::phash6_98d7c3c379a6::r180_00520_top_left,uav_pdd2023,UAV-PDD,source_photo_00520,r180_00520_top_left,data/external_uav/uav_pdd2023/extracted/JPEGImages/r180_00520_top_left.jpg,5,2,0,2,5,0.0,0.0,0.0,0.0,false,"{""0"": {""fn"": 2, ""fp"": 2, ""gt"": 2, ""iou_sum"": 0.0, ""matched"": 0, ""pred"": 2, ""tp"": 0}, ""1"": {""fn"": 3, ""fp"": 0, ""gt"": 3, ""iou_sum"": 0.0, ""matched"": 0, ""pred"": 0, ""tp"": 0}, ""2"": {""fn"": 0, ""fp"": 0, ""gt"": 0, ""iou_sum"": 0.0, ""matched"": 0, ""pred"": 0, ""tp"": 0}, ""3"": {""fn"": 0, ""fp"": 0, ""gt"": 0, ""iou_sum"": 0.0, ""matched"": 0, ""pred"": 0, ""tp"": 0}}","[[0.0, 0.6415895, 0.605452675, 0.6724536999999999, 0.9855967050000001], [0.0, 0.64158951, 0.296296295, 0.67361111, 0.573559665], [1.0, 0.30169753499999996, 0.6779835399999999, 0.368827165, 0.71553498], [1.0, 0.19212963, 0.69187243, 0.28665123, 0.7175925900000001], [1.0, 0.025848764999999996, 0.66718107, 0.165123455, 0.71965021]]","[[0.0, 0.7420560106819059, 0.25480929716133777, 0.7804703889069734, 0.9704198641050991, 0.4258240759372711], [0.0, 0.7407181351273148, 0.0, 0.7795869332772715, 0.7142227235644933, 0.2676975727081299]]"
m_uav0,M-UAV0,uav_pdd2023::phash6_9b28bbf233de::r180_00494_bottom_right,uav_pdd2023,UAV-PDD,source_photo_00494,r180_00494_bottom_right,data/external_uav/uav_pdd2023/extracted/JPEGImages/r180_00494_bottom_right.jpg,4,2,1,1,3,0.5,0.25,0.3333333333333333,0.5150119344200584,false,"{""0"": {""fn"": 1, ""fp"": 0, ""gt"": 1, ""iou_sum"": 0.0, ""matched"": 0, ""pred"": 0, ""tp"": 0}, ""1"": {""fn"": 1, ""fp"": 1, ""gt"": 2, ""iou_sum"": 0.5150119344200584, ""matched"": 1, ""pred"": 2, ""tp"": 1}, ""2"": {""fn"": 1, ""fp"": 0, ""gt"": 1, ""iou_sum"": 0.0, ""matched"": 0, ""pred"": 0, ""tp"": 0}, ""3"": {""fn"": 0, ""fp"": 0, ""gt"": 0, ""iou_sum"": 0.0, ""matched"": 0, ""pred"": 0, ""tp"": 0}}","[[1.0, 0.629243825, 0.28034979, 0.9776234549999999, 0.33281893], [2.0, 0.599537035, 0.237654315, 0.6253858050000001, 0.363683125], [1.0, 0.31828703999999997, 0.11522634000000001, 0.57484568, 0.22479424], [0.0, 0.92361111, 0.33899176999999997, 0.95408951, 0.46450617]]","[[1.0, 0.33849855116855954, 0.15217108392911682, 0.5818839838475357, 0.20027454203538933, 0.5012712478637695], [1.0, 0.6171453028549383, 0.25996877725232287, 1.0, 0.32097779576179913, 0.3437359631061554]]"
m_uav0,M-UAV0,uav_pdd2023::phash6_9df95d96923a::lr_00473_bottom_left,uav_pdd2023,UAV-PDD,source_photo_00473,lr_00473_bottom_left,data/external_uav/uav_pdd2023/extracted/JPEGImages/lr_00473_bottom_left.jpg,1,0,0,0,1,0.0,0.0,0.0,0.0,true,"{""0"": {""fn"": 0, ""fp"": 0, ""gt"": 0, ""iou_sum"": 0.0, ""matched"": 0, ""pred"": 0, ""tp"": 0}, ""1"": {""fn"": 1, ""fp"": 0, ""gt"": 1, ""iou_sum"": 0.0, ""matched"": 0, ""pred"": 0, ""tp"": 0}, ""2"": {""fn"": 0, ""fp"": 0, ""gt"": 0, ""iou_sum"": 0.0, ""matched"": 0, ""pred"": 0, ""tp"": 0}, ""3"": {""fn"": 0, ""fp"": 0, ""gt"": 0, ""iou_sum"": 0.0, ""matched"": 0, ""pred"": 0, ""tp"": 0}}","[[1.0, 0.082561725, 0.25977366, 0.32407407499999996, 0.33436214]]",[]
m_uav0,M-UAV0,uav_pdd2023::phash6_9f97374546f8::tb_00005_top_left,uav_pdd2023,UAV-PDD,source_photo_00005,tb_00005_top_left,data/external_uav/uav_pdd2023/extracted/JPEGImages/tb_00005_top_left.jpg,5,2,1,1,4,0.5,0.2,0.28571428571428575,0.7902128464134967,false,"{""0"": {""fn"": 4, ""fp"": 1, ""gt"": 4, ""iou_sum"": 0.0, ""matched"": 0, ""pred"": 1, ""tp"": 0}, ""1"": {""fn"": 0, ""fp"": 0, ""gt"": 1, ""iou_sum"": 0.7902128464134967, ""matched"": 1, ""pred"": 1, ""tp"": 1}, ""2"": {""fn"": 0, ""fp"": 0, ""gt"": 0, ""iou_sum"": 0.0, ""matched"": 0, ""pred"": 0, ""tp"": 0}, ""3"": {""fn"": 0, ""fp"": 0, ""gt"": 0, ""iou_sum"": 0.0, ""matched"": 0, ""pred"": 0, ""tp"": 0}}","[[0.0, 0.6030092650000001, 0.005144030000000022, 0.661265435, 0.99588477], [0.0, 0.954475305, 0.49176954500000003, 0.9899691350000001, 0.8472222150000001], [0.0, 0.94945988, 0.20267489500000002, 0.99691358, 0.520061725], [0.0, 0.96334877, 0.024176955, 0.99845679, 0.179012345], [1.0, 0.84452161, 0.9639917650000001, 0.99768519, 0.996913575]]","[[0.0, 0.7961321230287906, 0.4871131991162712, 0.8400053801359953, 0.9302024056391461, 0.5562101006507874], [1.0, 0.8297035311475213, 0.9618481294608411, 1.0, 0.9993186291353202, 0.35254257917404175]]"
m_uav0,M-UAV0,uav_pdd2023::phash6_a1255f0e4f5a::lr_00013_top_right,uav_pdd2023,UAV-PDD,source_photo_00013,lr_00013_top_right,data/external_uav/uav_pdd2023/extracted/JPEGImages/lr_00013_top_right.jpg,2,1,1,0,1,1.0,0.5,0.6666666666666666,0.6585858081788875,false,"{""0"": {""fn"": 1, ""fp"": 0, ""gt"": 1, ""iou_sum"": 0.0, ""matched"": 0, ""pred"": 0, ""tp"": 0}, ""1"": {""fn"": 0, ""fp"": 0, ""gt"": 1, ""iou_sum"": 0.6585858081788875, ""matched"": 1, ""pred"": 1, ""tp"": 1}, ""2"": {""fn"": 0, ""fp"": 0, ""gt"": 0, ""iou_sum"": 0.0, ""matched"": 0, ""pred"": 0, ""tp"": 0}, ""3"": {""fn"": 0, ""fp"": 0, ""gt"": 0, ""iou_sum"": 0.0, ""matched"": 0, ""pred"": 0, ""tp"": 0}}","[[0.0, 0.7824074099999999, 0.0, 0.81018519, 0.52829218], [1.0, 0.360725305, 0.8225308649999999, 0.893904315, 0.917695475]]","[[1.0, 0.4216496502911603, 0.825809871218332, 0.8745730364764178, 0.8995894443841628, 0.49340003728866577]]"
m_uav0,M-UAV0,uav_pdd2023::phash6_a2a145b3b5d3::tb_00403_top_right,uav_pdd2023,UAV-PDD,source_photo_00403,tb_00403_top_right,data/external_uav/uav_pdd2023/extracted/JPEGImages/tb_00403_top_right.jpg,4,0,0,0,4,0.0,0.0,0.0,0.0,true,"{""0"": {""fn"": 0, ""fp"": 0, ""gt"": 0, ""iou_sum"": 0.0, ""matched"": 0, ""pred"": 0, ""tp"": 0}, ""1"": {""fn"": 4, ""fp"": 0, ""gt"": 4, ""iou_sum"": 0.0, ""matched"": 0, ""pred"": 0, ""tp"": 0}, ""2"": {""fn"": 0, ""fp"": 0, ""gt"": 0, ""iou_sum"": 0.0, ""matched"": 0, ""pred"": 0, ""tp"": 0}, ""3"": {""fn"": 0, ""fp"": 0, ""gt"": 0, ""iou_sum"": 0.0, ""matched"": 0, ""pred"": 0, ""tp"": 0}}","[[1.0, 0.22029321000000002, 0.54886831, 0.44868827, 0.61111111], [1.0, 0.53125, 0.88477366, 0.7712191399999999, 0.9156378599999999], [1.0, 0.7797067849999999, 0.6872427999999999, 0.924768515, 0.72479424], [1.0, 0.79205247, 0.34619342, 0.89853395, 0.41820988000000003]]",[]
m_uav0,M-UAV0,uav_pdd2023::phash6_a39f287061e1::r180_00479_top_right,uav_pdd2023,UAV-PDD,source_photo_00479,r180_00479_top_right,data/external_uav/uav_pdd2023/extracted/JPEGImages/r180_00479_top_right.jpg,6,2,2,0,4,1.0,0.3333333333333333,0.5,0.754796133159784,false,"{""0"": {""fn"": 1, ""fp"": 0, ""gt"": 2, ""iou_sum"": 0.6485133407404441, ""matched"": 1, ""pred"": 1, ""tp"": 1}, ""1"": {""fn"": 3, ""fp"": 0, ""gt"": 4, ""iou_sum"": 0.8610789255791239, ""matched"": 1, ""pred"": 1, ""tp"": 1}, ""2"": {""fn"": 0, ""fp"": 0, ""gt"": 0, ""iou_sum"": 0.0, ""matched"": 0, ""pred"": 0, ""tp"": 0}, ""3"": {""fn"": 0, ""fp"": 0, ""gt"": 0, ""iou_sum"": 0.0, ""matched"": 0, ""pred"": 0, ""tp"": 0}}","[[1.0, 0.5173611100000001, 0.3914609, 0.60493827, 0.42849793999999997], [1.0, 0.852237655, 0.528806585, 0.9918981450000001, 0.5735596749999999], [1.0, 0.60841049, 0.694444445, 0.90509259, 0.7458847749999999], [0.0, 0.8665123450000001, 0.011316869999999979, 0.911265435, 0.44804527], [0.0, 0.864583335, 0.736625515, 0.900077165, 0.863683125], [1.0, 0.60763889, 0.533436215, 0.65123457, 0.557613165]]","[[0.0, 0.8715854220920138, 0.013764700281276625, 0.9091422940477912, 0.3512570730452675, 0.3473180830478668], [1.0, 0.6198775679976852, 0.698890466258359, 0.9110789357880016, 0.7459643328631366, 0.30918949842453003]]"
m_uav0,M-UAV0,uav_pdd2023::phash6_a3f42048e339::tb_00520_top_left,uav_pdd2023,UAV-PDD,source_photo_00520,tb_00520_top_left,data/external_uav/uav_pdd2023/extracted/JPEGImages/tb_00520_top_left.jpg,5,0,0,0,5,0.0,0.0,0.0,0.0,true,"{""0"": {""fn"": 2, ""fp"": 0, ""gt"": 2, ""iou_sum"": 0.0, ""matched"": 0, ""pred"": 0, ""tp"": 0}, ""1"": {""fn"": 3, ""fp"": 0, ""gt"": 3, ""iou_sum"": 0.0, ""matched"": 0, ""pred"": 0, ""tp"": 0}, ""2"": {""fn"": 0, ""fp"": 0, ""gt"": 0, ""iou_sum"": 0.0, ""matched"": 0, ""pred"": 0, ""tp"": 0}, ""3"": {""fn"": 0, ""fp"": 0, ""gt"": 0, ""iou_sum"": 0.0, ""matched"": 0, ""pred"": 0, ""tp"": 0}}","[[0.0, 0.3275463, 0.605452675, 0.3584105, 0.9855967050000001], [0.0, 0.32638889, 0.296296295, 0.35841048999999997, 0.573559665], [1.0, 0.631172835, 0.6779835399999999, 0.6983024649999999, 0.71553498], [1.0, 0.71334877, 0.69187243, 0.80787037, 0.7175925900000001], [1.0, 0.8348765450000001, 0.66718107, 0.974151235, 0.71965021]]",[]
m_uav0,M-UAV0,uav_pdd2023::phash6_a63e7faab223::tb_00005_bottom_left,uav_pdd2023,UAV-PDD,source_photo_00005,tb_00005_bottom_left,data/external_uav/uav_pdd2023/extracted/JPEGImages/tb_00005_bottom_left.jpg,11,4,1,3,10,0.25,0.09090909090909091,0.13333333333333333,0.6982664238910221,false,"{""0"": {""fn"": 7, ""fp"": 2, ""gt"": 7, ""iou_sum"": 0.0, ""matched"": 0, ""pred"": 2, ""tp"": 0}, ""1"": {""fn"": 3, ""fp"": 1, ""gt"": 4, ""iou_sum"": 0.6982664238910221, ""matched"": 1, ""pred"": 2, ""tp"": 1}, ""2"": {""fn"": 0, ""fp"": 0, ""gt"": 0, ""iou_sum"": 0.0, ""matched"": 0, ""pred"": 0, ""tp"": 0}, ""3"": {""fn"": 0, ""fp"": 0, ""gt"": 0, ""iou_sum"": 0.0, ""matched"": 0, ""pred"": 0, ""tp"": 0}}","[[1.0, 0.47646605, 0.8467078250000001, 0.6257716099999999, 0.886316875], [1.0, 0.638888885, 0.7942386800000001, 0.824459875, 0.87294238], [1.0, 0.72916667, 0.631687245, 0.77970679, 0.6517489750000001], [0.0, 0.574074075, 0.30041152, 0.587962965, 0.41358024], [0.0, 0.59915123, 0.175411525, 0.63927469, 0.321502055], [0.0, 0.605324075, 0.11368313000000001, 0.625000005, 0.16718107000000001], [0.0, 0.74266975, 0.36728395, 0.76774691, 0.52417695], [0.0, 0.5964506150000001, 0.48302469500000006, 0.623456785, 0.6347736650000001], [1.0, 0.648919755, 0.46604937999999996, 0.7033179049999999, 0.48816872], [0.0, 0.641589505, 0.32921811, 0.6489197550000001, 0.45987654999999994], [0.0, 0.63425926, 0.006172844999999996, 0.6523919800000001, 0.155349795]]","[[1.0, 0.6468269442334588, 0.7922870023750964, 0.8416223408263407, 0.8341183132595487, 0.58946692943573], [1.0, 0.46394607167185087, 0.8424285135151427, 0.628336070496359, 0.8939482763470936, 0.5122781991958618], [0.0, 0.735076763011791, 0.3151757825058674, 0.7928373548719618, 0.577247399852109, 0.48122453689575195], [0.0, 0.7371879389256607, 0.3073796715756012, 0.7778054225591966, 0.5617523193359375, 0.27080419659614563]]"
m_uav0,M-UAV0,uav_pdd2023::phash6_a705ebbb9459::lr_00003_bottom_left,uav_pdd2023,UAV-PDD,source_photo_00003,lr_00003_bottom_left,data/external_uav/uav_pdd2023/extracted/JPEGImages/lr_00003_bottom_left.jpg,4,4,1,3,3,0.25,0.25,0.25,0.8189378937765792,false,"{""0"": {""fn"": 3, ""fp"": 0, ""gt"": 3, ""iou_sum"": 0.0, ""matched"": 0, ""pred"": 0, ""tp"": 0}, ""1"": {""fn"": 0, ""fp"": 3, ""gt"": 1, ""iou_sum"": 0.8189378937765792, ""matched"": 1, ""pred"": 4, ""tp"": 1}, ""2"": {""fn"": 0, ""fp"": 0, ""gt"": 0, ""iou_sum"": 0.0, ""matched"": 0, ""pred"": 0, ""tp"": 0}, ""3"": {""fn"": 0, ""fp"": 0, ""gt"": 0, ""iou_sum"": 0.0, ""matched"": 0, ""pred"": 0, ""tp"": 0}}","[[1.0, 0.005401235000000004, 0.69135803, 0.721836425, 0.75771605], [0.0, 0.099537035, 0.193415635, 0.159722225, 0.686213985], [0.0, 0.37384259, 0.77829218, 0.39583333, 0.9974279800000001], [0.0, 0.376157405, 0.005658435000000017, 0.39891975500000004, 0.6003086449999999]]","[[1.0, 0.016366291929174354, 0.6825596059791346, 0.7115130954318576, 0.7615568058971515, 0.40618449449539185], [1.0, 0.3846860579502435, 0.684108341672293, 0.7263866471655575, 0.7380553822458527, 0.36694303154945374], [1.0, 0.29133674244821806, 0.68472239804366, 0.7160862110279225, 0.7438109598042052, 0.3402053415775299], [1.0, 0.12046890494264202, 0.2905794936443062, 0.37716236820927374, 0.39554897355444635, 0.29863837361335754]]"
m_uav0,M-UAV0,uav_pdd2023::phash6_aa92520c662c::tb_00085_top_right,uav_pdd2023,UAV-PDD,source_photo_00085,tb_00085_top_right,data/external_uav/uav_pdd2023/extracted/JPEGImages/tb_00085_top_right.jpg,3,0,0,0,3,0.0,0.0,0.0,0.0,true,"{""0"": {""fn"": 3, ""fp"": 0, ""gt"": 3, ""iou_sum"": 0.0, ""matched"": 0, ""pred"": 0, ""tp"": 0}, ""1"": {""fn"": 0, ""fp"": 0, ""gt"": 0, ""iou_sum"": 0.0, ""matched"": 0, ""pred"": 0, ""tp"": 0}, ""2"": {""fn"": 0, ""fp"": 0, ""gt"": 0, ""iou_sum"": 0.0, ""matched"": 0, ""pred"": 0, ""tp"": 0}, ""3"": {""fn"": 0, ""fp"": 0, ""gt"": 0, ""iou_sum"": 0.0, ""matched"": 0, ""pred"": 0, ""tp"": 0}}","[[0.0, 0.271219135, 0.316358025, 0.29822530500000005, 0.48405349500000006], [0.0, 0.266589505, 0.23765432, 0.29243827499999997, 0.2973251], [0.0, 0.26890432, 0.0005144000000000121, 0.29089506, 0.22788066]]",[]
m_uav0,M-UAV0,uav_pdd2023::phash6_ab0e117dac37::lr_00494_top_left,uav_pdd2023,UAV-PDD,source_photo_00494,lr_00494_top_left,data/external_uav/uav_pdd2023/extracted/JPEGImages/lr_00494_top_left.jpg,1,0,0,0,1,0.0,0.0,0.0,0.0,true,"{""0"": {""fn"": 0, ""fp"": 0, ""gt"": 0, ""iou_sum"": 0.0, ""matched"": 0, ""pred"": 0, ""tp"": 0}, ""1"": {""fn"": 1, ""fp"": 0, ""gt"": 1, ""iou_sum"": 0.0, ""matched"": 0, ""pred"": 0, ""tp"": 0}, ""2"": {""fn"": 0, ""fp"": 0, ""gt"": 0, ""iou_sum"": 0.0, ""matched"": 0, ""pred"": 0, ""tp"": 0}, ""3"": {""fn"": 0, ""fp"": 0, ""gt"": 0, ""iou_sum"": 0.0, ""matched"": 0, ""pred"": 0, ""tp"": 0}}","[[1.0, 0.006172844999999996, 0.86574074, 0.14236111499999998, 0.9377572]]",[]
m_uav0,M-UAV0,uav_pdd2023::phash6_af9a069d0769::tb_00403_bottom_right,uav_pdd2023,UAV-PDD,source_photo_00403,tb_00403_bottom_right,data/external_uav/uav_pdd2023/extracted/JPEGImages/tb_00403_bottom_right.jpg,2,2,0,2,2,0.0,0.0,0.0,0.0,false,"{""0"": {""fn"": 2, ""fp"": 0, ""gt"": 2, ""iou_sum"": 0.0, ""matched"": 0, ""pred"": 0, ""tp"": 0}, ""1"": {""fn"": 0, ""fp"": 1, ""gt"": 0, ""iou_sum"": 0.0, ""matched"": 0, ""pred"": 1, ""tp"": 0}, ""2"": {""fn"": 0, ""fp"": 1, ""gt"": 0, ""iou_sum"": 0.0, ""matched"": 0, ""pred"": 1, ""tp"": 0}, ""3"": {""fn"": 0, ""fp"": 0, ""gt"": 0, ""iou_sum"": 0.0, ""matched"": 0, ""pred"": 0, ""tp"": 0}}","[[0.0, 0.47762345500000003, 0.16255144, 0.748070985, 0.2026749], [0.0, 0.7662037049999999, 0.13117283999999999, 0.920910495, 0.1867284]]","[[1.0, 0.7585553298761816, 0.14005690837593235, 0.9172933131088445, 0.1892656082969634, 0.36916348338127136], [2.0, 0.4703719527633102, 0.7843006275318287, 0.7312964922116126, 0.9180576654128086, 0.2539578378200531]]"
m_uav0,M-UAV0,uav_pdd2023::phash6_b03f19bea158::lr_00400_bottom_left,uav_pdd2023,UAV-PDD,source_photo_00400,lr_00400_bottom_left,data/external_uav/uav_pdd2023/extracted/JPEGImages/lr_00400_bottom_left.jpg,4,0,0,0,4,0.0,0.0,0.0,0.0,true,"{""0"": {""fn"": 0, ""fp"": 0, ""gt"": 0, ""iou_sum"": 0.0, ""matched"": 0, ""pred"": 0, ""tp"": 0}, ""1"": {""fn"": 4, ""fp"": 0, ""gt"": 4, ""iou_sum"": 0.0, ""matched"": 0, ""pred"": 0, ""tp"": 0}, ""2"": {""fn"": 0, ""fp"": 0, ""gt"": 0, ""iou_sum"": 0.0, ""matched"": 0, ""pred"": 0, ""tp"": 0}, ""3"": {""fn"": 0, ""fp"": 0, ""gt"": 0, ""iou_sum"": 0.0, ""matched"": 0, ""pred"": 0, ""tp"": 0}}","[[1.0, 0.6655092650000001, 0.18827161, 0.755015435, 0.21090535000000002], [1.0, 0.663194445, 0.5257201650000001, 0.705246915, 0.542181075], [1.0, 0.69598765, 0.547839505, 0.7453703700000001, 0.561728395], [1.0, 0.57175926, 0.8523662550000001, 0.66550926, 0.882201645]]",[]
m_uav0,M-UAV0,uav_pdd2023::phash6_b1089d583c06::r180_00013_bottom_left,uav_pdd2023,UAV-PDD,source_photo_00013,r180_00013_bottom_left,data/external_uav/uav_pdd2023/extracted/JPEGImages/r180_00013_bottom_left.jpg,6,2,1,1,5,0.5,0.16666666666666666,0.25,0.6332649798780882,false,"{""0"": {""fn"": 2, ""fp"": 0, ""gt"": 2, ""iou_sum"": 0.0, ""matched"": 0, ""pred"": 0, ""tp"": 0}, ""1"": {""fn"": 2, ""fp"": 1, ""gt"": 3, ""iou_sum"": 0.6332649798780882, ""matched"": 1, ""pred"": 2, ""tp"": 1}, ""2"": {""fn"": 1, ""fp"": 0, ""gt"": 1, ""iou_sum"": 0.0, ""matched"": 0, ""pred"": 0, ""tp"": 0}, ""3"": {""fn"": 0, ""fp"": 0, ""gt"": 0, ""iou_sum"": 0.0, ""matched"": 0, ""pred"": 0, ""tp"": 0}}","[[1.0, 0.47106482, 0.48251029, 0.8777006199999999, 0.59259259], [2.0, 0.23070986999999998, 0.499999995, 0.46759259, 0.557098765], [1.0, 0.123842595, 0.434156385, 0.190972225, 0.461419755], [1.0, 0.0015432049999999989, 0.42798354, 0.121527775, 0.46296296], [0.0, 0.550154315, 0.62088477, 0.5887345650000001, 0.99588477], [0.0, 0.40933642, 0.687242795, 0.42554012, 0.8040123450000001]]","[[1.0, 0.0, 0.42375471954973637, 0.16826679088451243, 0.4631418298791956, 0.5094700455665588], [1.0, 0.28285530467092257, 0.49576380223403743, 0.7446314964765384, 0.5561888894917052, 0.3636486530303955]]"
m_uav0,M-UAV0,uav_pdd2023::phash6_b9045e268b71::r180_00013_bottom_right,uav_pdd2023,UAV-PDD,source_photo_00013,r180_00013_bottom_right,data/external_uav/uav_pdd2023/extracted/JPEGImages/r180_00013_bottom_right.jpg,3,1,0,1,3,0.0,0.0,0.0,0.0,false,"{""0"": {""fn"": 1, ""fp"": 0, ""gt"": 1, ""iou_sum"": 0.0, ""matched"": 0, ""pred"": 0, ""tp"": 0}, ""1"": {""fn"": 2, ""fp"": 1, ""gt"": 2, ""iou_sum"": 0.0, ""matched"": 0, ""pred"": 1, ""tp"": 0}, ""2"": {""fn"": 0, ""fp"": 0, ""gt"": 0, ""iou_sum"": 0.0, ""matched"": 0, ""pred"": 0, ""tp"": 0}, ""3"": {""fn"": 0, ""fp"": 0, ""gt"": 0, ""iou_sum"": 0.0, ""matched"": 0, ""pred"": 0, ""tp"": 0}}","[[1.0, 0.5941358, 0.31121399, 0.9996142, 0.45473251], [1.0, 0.42322531, 0.260802465, 0.65200617, 0.320987655], [0.0, 0.8348765450000001, 0.006687239999999983, 0.890046295, 0.75411522]]","[[1.0, 0.8572796480155286, 0.39616610680097414, 1.0, 0.4463006478768808, 0.3621607720851898]]"
m_uav0,M-UAV0,uav_pdd2023::phash6_bb2871db1061::r180_00005_top_right,uav_pdd2023,UAV-PDD,source_photo_00005,r180_00005_top_right,data/external_uav/uav_pdd2023/extracted/JPEGImages/r180_00005_top_right.jpg,11,4,0,4,11,0.0,0.0,0.0,0.0,false,"{""0"": {""fn"": 5, ""fp"": 3, ""gt"": 5, ""iou_sum"": 0.0, ""matched"": 0, ""pred"": 3, ""tp"": 0}, ""1"": {""fn"": 2, ""fp"": 1, ""gt"": 2, ""iou_sum"": 0.0, ""matched"": 0, ""pred"": 1, ""tp"": 0}, ""2"": {""fn"": 2, ""fp"": 0, ""gt"": 2, ""iou_sum"": 0.0, ""matched"": 0, ""pred"": 0, ""tp"": 0}, ""3"": {""fn"": 2, ""fp"": 0, ""gt"": 2, ""iou_sum"": 0.0, ""matched"": 0, ""pred"": 0, ""tp"": 0}}","[[0.0, 0.52006173, 0.840534985, 0.54436729, 0.995884775], [0.0, 0.616126545, 0.781893, 0.635802475, 0.90020576], [0.0, 0.5061728400000001, 0.262860085, 0.57137346, 0.830246915], [2.0, 0.175540125, 0.608024685, 0.242283955, 0.771604935], [2.0, 0.19290122999999998, 0.16666667, 0.24575617, 0.59207819], [0.0, 0.446373455, 0.008230455000000001, 0.466435185, 0.065843625], [1.0, 0.000385804999999996, 0.657407405, 0.09297839499999999, 0.687757195], [3.0, 0.11998456999999998, 0.65792181, 0.15740741, 0.68312757], [3.0, 0.091820985, 0.659465015, 0.109567895, 0.679012345], [1.0, 0.06867283999999999, 0.429012345, 0.18055556, 0.479938275], [0.0, 0.37615740999999997, 0.5756172900000001, 0.38811729, 0.98559671]]","[[0.0, 0.5326979837299864, 0.2693433722350823, 0.5804721220040027, 0.8655919832457241, 0.37251368165016174], [0.0, 0.8386417906961323, 0.6622604558497299, 0.9266235916702835, 0.9957453723797582, 0.34753885865211487], [0.0, 0.8085211294668692, 0.014286073637597355, 0.9973123809437693, 0.7211250336572467, 0.26135116815567017], [1.0, 0.9308111873673804, 0.9579498542189108, 1.0, 1.0, 0.26024767756462097]]"
m_uav0,M-UAV0,uav_pdd2023::phash6_bce308fb20a0::lr_00024_top_left,uav_pdd2023,UAV-PDD,source_photo_00024,lr_00024_top_left,data/external_uav/uav_pdd2023/extracted/JPEGImages/lr_00024_top_left.jpg,4,1,1,0,3,1.0,0.25,0.4,0.6528364127468088,false,"{""0"": {""fn"": 1, ""fp"": 0, ""gt"": 1, ""iou_sum"": 0.0, ""matched"": 0, ""pred"": 0, ""tp"": 0}, ""1"": {""fn"": 0, ""fp"": 0, ""gt"": 1, ""iou_sum"": 0.6528364127468088, ""matched"": 1, ""pred"": 1, ""tp"": 1}, ""2"": {""fn"": 2, ""fp"": 0, ""gt"": 2, ""iou_sum"": 0.0, ""matched"": 0, ""pred"": 0, ""tp"": 0}, ""3"": {""fn"": 0, ""fp"": 0, ""gt"": 0, ""iou_sum"": 0.0, ""matched"": 0, ""pred"": 0, ""tp"": 0}}","[[0.0, 0.099922835, 0.0, 0.129629625, 0.24382716], [2.0, 0.099151235, 0.259259255, 0.16319444500000002, 0.382716045], [2.0, 0.10146605, 0.5632716, 0.14891975, 0.7505143999999999], [1.0, 0.09143519, 0.736625515, 0.60455247, 0.850308645]]","[[1.0, 0.08477030271365318, 0.7607209633407279, 0.5358148739661699, 0.8472647961275077, 0.42139554023742676]]"
m_uav0,M-UAV0,uav_pdd2023::phash6_c0ea883089db::lr_00520_top_left,uav_pdd2023,UAV-PDD,source_photo_00520,lr_00520_top_left,data/external_uav/uav_pdd2023/extracted/JPEGImages/lr_00520_top_left.jpg,5,1,0,1,5,0.0,0.0,0.0,0.0,false,"{""0"": {""fn"": 2, ""fp"": 1, ""gt"": 2, ""iou_sum"": 0.0, ""matched"": 0, ""pred"": 1, ""tp"": 0}, ""1"": {""fn"": 3, ""fp"": 0, ""gt"": 3, ""iou_sum"": 0.0, ""matched"": 0, ""pred"": 0, ""tp"": 0}, ""2"": {""fn"": 0, ""fp"": 0, ""gt"": 0, ""iou_sum"": 0.0, ""matched"": 0, ""pred"": 0, ""tp"": 0}, ""3"": {""fn"": 0, ""fp"": 0, ""gt"": 0, ""iou_sum"": 0.0, ""matched"": 0, ""pred"": 0, ""tp"": 0}}","[[0.0, 0.6415895, 0.014403294999999983, 0.6724536999999999, 0.394547325], [0.0, 0.64158951, 0.426440335, 0.67361111, 0.703703705], [1.0, 0.30169753499999996, 0.28446502, 0.368827165, 0.32201646], [1.0, 0.19212963, 0.28240741, 0.28665123, 0.30812757], [1.0, 0.025848764999999996, 0.28034979, 0.165123455, 0.33281893]]","[[0.0, 0.7407931104118441, 0.01197458981486505, 0.7803162468804253, 0.7000748748151363, 0.27260300517082214]]"
m_uav0,M-UAV0,uav_pdd2023::phash6_c11f971c01ec::lr_00473_bottom_right,uav_pdd2023,UAV-PDD,source_photo_00473,lr_00473_bottom_right,data/external_uav/uav_pdd2023/extracted/JPEGImages/lr_00473_bottom_right.jpg,4,0,0,0,4,0.0,0.0,0.0,0.0,true,"{""0"": {""fn"": 1, ""fp"": 0, ""gt"": 1, ""iou_sum"": 0.0, ""matched"": 0, ""pred"": 0, ""tp"": 0}, ""1"": {""fn"": 3, ""fp"": 0, ""gt"": 3, ""iou_sum"": 0.0, ""matched"": 0, ""pred"": 0, ""tp"": 0}, ""2"": {""fn"": 0, ""fp"": 0, ""gt"": 0, ""iou_sum"": 0.0, ""matched"": 0, ""pred"": 0, ""tp"": 0}, ""3"": {""fn"": 0, ""fp"": 0, ""gt"": 0, ""iou_sum"": 0.0, ""matched"": 0, ""pred"": 0, ""tp"": 0}}","[[1.0, 0.33371913499999994, 0.29320988000000003, 0.978395065, 0.39609054], [1.0, 0.703317905, 0.79166667, 0.9645061749999999, 0.85802469], [0.0, 0.695216045, 0.602880655, 0.7307098750000001, 0.770061725], [1.0, 0.491898145, 0.8117283999999999, 0.668981475, 0.88425926]]",[]
m_uav0,M-UAV0,uav_pdd2023::phash6_c1436411b851::r180_00520_bottom_left,uav_pdd2023,UAV-PDD,source_photo_00520,r180_00520_bottom_left,data/external_uav/uav_pdd2023/extracted/JPEGImages/r180_00520_bottom_left.jpg,7,1,0,1,7,0.0,0.0,0.0,0.0,false,"{""0"": {""fn"": 0, ""fp"": 1, ""gt"": 0, ""iou_sum"": 0.0, ""matched"": 0, ""pred"": 1, ""tp"": 0}, ""1"": {""fn"": 5, ""fp"": 0, ""gt"": 5, ""iou_sum"": 0.0, ""matched"": 0, ""pred"": 0, ""tp"": 0}, ""2"": {""fn"": 0, ""fp"": 0, ""gt"": 0, ""iou_sum"": 0.0, ""matched"": 0, ""pred"": 0, ""tp"": 0}, ""3"": {""fn"": 2, ""fp"": 0, ""gt"": 2, ""iou_sum"": 0.0, ""matched"": 0, ""pred"": 0, ""tp"": 0}}","[[1.0, 0.739197525, 0.82613169, 0.9934413550000001, 0.94753087], [1.0, 0.75501543, 0.89711934, 0.87615741, 0.93209876], [1.0, 0.29398148, 0.65997942, 0.77469136, 0.78806584], [1.0, 0.06635801999999999, 0.75411523, 0.30941357999999997, 0.8137860100000001], [3.0, 0.615740735, 0.16975309, 0.663580245, 0.24485596999999998], [3.0, 0.616512345, 0.17078189000000002, 0.6643518549999999, 0.24588477], [1.0, 0.253472225, 0.11111111, 0.385802475, 0.14814815]]","[[0.0, 0.747057502652392, 0.0, 0.7827682495117188, 0.6026170518663194, 0.3872928321361542]]"
m_uav0,M-UAV0,uav_pdd2023::phash6_c16d95ef9dd9::r180_00504_top_left,uav_pdd2023,UAV-PDD,source_photo_00504,r180_00504_top_left,data/external_uav/uav_pdd2023/extracted/JPEGImages/r180_00504_top_left.jpg,1,0,0,0,1,0.0,0.0,0.0,0.0,true,"{""0"": {""fn"": 0, ""fp"": 0, ""gt"": 0, ""iou_sum"": 0.0, ""matched"": 0, ""pred"": 0, ""tp"": 0}, ""1"": {""fn"": 1, ""fp"": 0, ""gt"": 1, ""iou_sum"": 0.0, ""matched"": 0, ""pred"": 0, ""tp"": 0}, ""2"": {""fn"": 0, ""fp"": 0, ""gt"": 0, ""iou_sum"": 0.0, ""matched"": 0, ""pred"": 0, ""tp"": 0}, ""3"": {""fn"": 0, ""fp"": 0, ""gt"": 0, ""iou_sum"": 0.0, ""matched"": 0, ""pred"": 0, ""tp"": 0}}","[[1.0, 0.0019290149999999992, 0.37808642000000003, 0.076003085, 0.43158436]]",[]
m_uav0,M-UAV0,uav_pdd2023::phash6_c509c45a75e6::r180_00003_bottom_left,uav_pdd2023,UAV-PDD,source_photo_00003,r180_00003_bottom_left,data/external_uav/uav_pdd2023/extracted/JPEGImages/r180_00003_bottom_left.jpg,4,6,1,5,3,0.16666666666666666,0.25,0.2,0.7086590845743667,false,"{""0"": {""fn"": 3, ""fp"": 0, ""gt"": 3, ""iou_sum"": 0.0, ""matched"": 0, ""pred"": 0, ""tp"": 0}, ""1"": {""fn"": 0, ""fp"": 5, ""gt"": 1, ""iou_sum"": 0.7086590845743667, ""matched"": 1, ""pred"": 6, ""tp"": 1}, ""2"": {""fn"": 0, ""fp"": 0, ""gt"": 0, ""iou_sum"": 0.0, ""matched"": 0, ""pred"": 0, ""tp"": 0}, ""3"": {""fn"": 0, ""fp"": 0, ""gt"": 0, ""iou_sum"": 0.0, ""matched"": 0, ""pred"": 0, ""tp"": 0}}","[[1.0, 0.005401235000000004, 0.24228394999999997, 0.721836425, 0.30864197], [0.0, 0.099537035, 0.31378601500000003, 0.159722225, 0.806584365], [0.0, 0.37384259, 0.002572020000000008, 0.39583333, 0.22170782], [0.0, 0.376157405, 0.39969135499999997, 0.39891975500000004, 0.9943415649999999]]","[[1.0, 0.0, 0.23000418894575456, 0.7201220665448977, 0.3227827284071181, 0.5309441089630127], [1.0, 0.0030379297188770625, 0.24083940482433933, 0.4235503585250289, 0.32029077349376284, 0.506888210773468], [1.0, 0.03856363414246359, 0.6133394594545718, 0.3608809341619044, 0.751548986866641, 0.47453436255455017], [1.0, 0.0, 0.2363739798589008, 0.5082776104962384, 0.30280121854303305, 0.3656145930290222], [1.0, 0.0849635159527814, 0.6062470738289287, 0.35724990750536506, 0.7304264272681971, 0.32368701696395874], [1.0, 0.097803215921661, 0.24606299694673514, 0.7366711180887104, 0.310390990457417, 0.27546754479408264]]"
m_uav0,M-UAV0,uav_pdd2023::phash6_c5d50d64ba12::r180_00485_top_right,uav_pdd2023,UAV-PDD,source_photo_00485,r180_00485_top_right,data/external_uav/uav_pdd2023/extracted/JPEGImages/r180_00485_top_right.jpg,2,3,0,3,2,0.0,0.0,0.0,0.0,false,"{""0"": {""fn"": 0, ""fp"": 0, ""gt"": 0, ""iou_sum"": 0.0, ""matched"": 0, ""pred"": 0, ""tp"": 0}, ""1"": {""fn"": 2, ""fp"": 3, ""gt"": 2, ""iou_sum"": 0.0, ""matched"": 0, ""pred"": 3, ""tp"": 0}, ""2"": {""fn"": 0, ""fp"": 0, ""gt"": 0, ""iou_sum"": 0.0, ""matched"": 0, ""pred"": 0, ""tp"": 0}, ""3"": {""fn"": 0, ""fp"": 0, ""gt"": 0, ""iou_sum"": 0.0, ""matched"": 0, ""pred"": 0, ""tp"": 0}}","[[1.0, 0.200231475, 0.693930035, 0.5513117249999999, 0.773148145], [1.0, 0.50655864, 0.20833333, 0.6091821, 0.25154321]]","[[1.0, 0.23772797761140047, 0.7117178960101594, 0.5247616709014515, 0.7552214571477945, 0.6106226444244385], [1.0, 0.6209022145212433, 0.7735114705905993, 0.9930370943045911, 0.8272608376334234, 0.35075944662094116], [1.0, 0.5095159742567275, 0.7729853877314815, 0.9877146026234568, 0.8315437850638182, 0.3054715692996979]]"
m_uav0,M-UAV0,uav_pdd2023::phash6_c6201d9c9c60::lr_00085_top_left,uav_pdd2023,UAV-PDD,source_photo_00085,lr_00085_top_left,data/external_uav/uav_pdd2023/extracted/JPEGImages/lr_00085_top_left.jpg,3,5,0,5,3,0.0,0.0,0.0,0.0,false,"{""0"": {""fn"": 3, ""fp"": 0, ""gt"": 3, ""iou_sum"": 0.0, ""matched"": 0, ""pred"": 0, ""tp"": 0}, ""1"": {""fn"": 0, ""fp"": 5, ""gt"": 0, ""iou_sum"": 0.0, ""matched"": 0, ""pred"": 5, ""tp"": 0}, ""2"": {""fn"": 0, ""fp"": 0, ""gt"": 0, ""iou_sum"": 0.0, ""matched"": 0, ""pred"": 0, ""tp"": 0}, ""3"": {""fn"": 0, ""fp"": 0, ""gt"": 0, ""iou_sum"": 0.0, ""matched"": 0, ""pred"": 0, ""tp"": 0}}","[[0.0, 0.200231485, 0.048353905, 0.239969135, 0.162037035], [0.0, 0.27430555, 0.877057615, 0.30516975, 0.994341565], [0.0, 0.284336425, 0.351337455, 0.314429015, 0.503600825]]","[[1.0, 0.36751688262562693, 0.15233626189055266, 0.8920681800371335, 0.2571855709876543, 0.42514529824256897], [1.0, 0.0, 0.15024348443427693, 0.46329804408697434, 0.23748344452783404, 0.4106099307537079], [1.0, 0.05703707094545717, 0.1485588481887378, 0.9277203406816648, 0.2609671761469586, 0.2838466167449951], [1.0, 0.0, 0.15226561934859664, 0.09578470536220221, 0.21214988300339185, 0.27081793546676636], [1.0, 0.0, 0.15353820549607766, 0.7518194693106192, 0.25343889464076164, 0.269135057926178]]"
m_uav0,M-UAV0,uav_pdd2023::phash6_c6c4af8a125f::tb_00494_top_left,uav_pdd2023,UAV-PDD,source_photo_00494,tb_00494_top_left,data/external_uav/uav_pdd2023/extracted/JPEGImages/tb_00494_top_left.jpg,1,0,0,0,1,0.0,0.0,0.0,0.0,true,"{""0"": {""fn"": 0, ""fp"": 0, ""gt"": 0, ""iou_sum"": 0.0, ""matched"": 0, ""pred"": 0, ""tp"": 0}, ""1"": {""fn"": 1, ""fp"": 0, ""gt"": 1, ""iou_sum"": 0.0, ""matched"": 0, ""pred"": 0, ""tp"": 0}, ""2"": {""fn"": 0, ""fp"": 0, ""gt"": 0, ""iou_sum"": 0.0, ""matched"": 0, ""pred"": 0, ""tp"": 0}, ""3"": {""fn"": 0, ""fp"": 0, ""gt"": 0, ""iou_sum"": 0.0, ""matched"": 0, ""pred"": 0, ""tp"": 0}}","[[1.0, 0.8576388850000001, 0.0622428, 0.993827155, 0.13425926]]",[]
m_uav0,M-UAV0,uav_pdd2023::phash6_c99c888d5636::tb_00085_bottom_right,uav_pdd2023,UAV-PDD,source_photo_00085,tb_00085_bottom_right,data/external_uav/uav_pdd2023/extracted/JPEGImages/tb_00085_bottom_right.jpg,5,3,0,3,5,0.0,0.0,0.0,0.0,false,"{""0"": {""fn"": 5, ""fp"": 0, ""gt"": 5, ""iou_sum"": 0.0, ""matched"": 0, ""pred"": 0, ""tp"": 0}, ""1"": {""fn"": 0, ""fp"": 3, ""gt"": 0, ""iou_sum"": 0.0, ""matched"": 0, ""pred"": 3, ""tp"": 0}, ""2"": {""fn"": 0, ""fp"": 0, ""gt"": 0, ""iou_sum"": 0.0, ""matched"": 0, ""pred"": 0, ""tp"": 0}, ""3"": {""fn"": 0, ""fp"": 0, ""gt"": 0, ""iou_sum"": 0.0, ""matched"": 0, ""pred"": 0, ""tp"": 0}}","[[0.0, 0.27044753, 0.656378605, 0.29166667, 0.851851855], [0.0, 0.27430555500000003, 0.957818935, 0.290895065, 0.997427985], [0.0, 0.30285494, 0.530349795, 0.32098766, 0.654320985], [0.0, 0.27199074, 0.32150206, 0.29012346, 0.51800412], [0.0, 0.619212965, 0.0005143999999999982, 0.6327160549999999, 0.06635802]]","[[1.0, 0.005155754310113413, 0.8679785708831661, 0.6988876719533661, 0.9662724247685185, 0.4542442262172699], [1.0, 0.0, 0.0982297654014556, 0.653620684588397, 0.19597336882916988, 0.44350528717041016], [1.0, 0.001624202838650456, 0.047354176211259, 0.6523348019446855, 0.2020639490198206, 0.40860018134117126]]"
m_uav0,M-UAV0,uav_pdd2023::phash6_ca24fb912528::lr_00494_top_right,uav_pdd2023,UAV-PDD,source_photo_00494,lr_00494_top_right,data/external_uav/uav_pdd2023/extracted/JPEGImages/lr_00494_top_right.jpg,1,0,0,0,1,0.0,0.0,0.0,0.0,true,"{""0"": {""fn"": 0, ""fp"": 0, ""gt"": 0, ""iou_sum"": 0.0, ""matched"": 0, ""pred"": 0, ""tp"": 0}, ""1"": {""fn"": 1, ""fp"": 0, ""gt"": 1, ""iou_sum"": 0.0, ""matched"": 0, ""pred"": 0, ""tp"": 0}, ""2"": {""fn"": 0, ""fp"": 0, ""gt"": 0, ""iou_sum"": 0.0, ""matched"": 0, ""pred"": 0, ""tp"": 0}, ""3"": {""fn"": 0, ""fp"": 0, ""gt"": 0, ""iou_sum"": 0.0, ""matched"": 0, ""pred"": 0, ""tp"": 0}}","[[1.0, 0.588348765, 0.8266460950000001, 0.9776234549999999, 0.884773665]]",[]
m_uav0,M-UAV0,uav_pdd2023::phash6_cb6a5b0a0e3f::r180_00494_bottom_left,uav_pdd2023,UAV-PDD,source_photo_00494,r180_00494_bottom_left,data/external_uav/uav_pdd2023/extracted/JPEGImages/r180_00494_bottom_left.jpg,2,0,0,0,2,0.0,0.0,0.0,0.0,true,"{""0"": {""fn"": 0, ""fp"": 0, ""gt"": 0, ""iou_sum"": 0.0, ""matched"": 0, ""pred"": 0, ""tp"": 0}, ""1"": {""fn"": 2, ""fp"": 0, ""gt"": 2, ""iou_sum"": 0.0, ""matched"": 0, ""pred"": 0, ""tp"": 0}, ""2"": {""fn"": 0, ""fp"": 0, ""gt"": 0, ""iou_sum"": 0.0, ""matched"": 0, ""pred"": 0, ""tp"": 0}, ""3"": {""fn"": 0, ""fp"": 0, ""gt"": 0, ""iou_sum"": 0.0, ""matched"": 0, ""pred"": 0, ""tp"": 0}}","[[1.0, 0.33680555, 0.8245884800000001, 0.51466049, 0.96502058], [1.0, 0.007330244999999999, 0.25565844, 0.143904315, 0.31893003999999997]]",[]
m_uav0,M-UAV0,uav_pdd2023::phash6_cc36ec98d91f::lr_00494_bottom_right,uav_pdd2023,UAV-PDD,source_photo_00494,lr_00494_bottom_right,data/external_uav/uav_pdd2023/extracted/JPEGImages/lr_00494_bottom_right.jpg,4,1,0,1,4,0.0,0.0,0.0,0.0,false,"{""0"": {""fn"": 1, ""fp"": 0, ""gt"": 1, ""iou_sum"": 0.0, ""matched"": 0, ""pred"": 0, ""tp"": 0}, ""1"": {""fn"": 2, ""fp"": 1, ""gt"": 2, ""iou_sum"": 0.0, ""matched"": 0, ""pred"": 1, ""tp"": 0}, ""2"": {""fn"": 1, ""fp"": 0, ""gt"": 1, ""iou_sum"": 0.0, ""matched"": 0, ""pred"": 0, ""tp"": 0}, ""3"": {""fn"": 0, ""fp"": 0, ""gt"": 0, ""iou_sum"": 0.0, ""matched"": 0, ""pred"": 0, ""tp"": 0}}","[[1.0, 0.629243825, 0.66718107, 0.9776234549999999, 0.71965021], [2.0, 0.599537035, 0.636316875, 0.6253858050000001, 0.762345685], [1.0, 0.31828703999999997, 0.77520576, 0.57484568, 0.88477366], [0.0, 0.92361111, 0.5354938300000001, 0.95408951, 0.66100823]]","[[1.0, 0.319205861032745, 0.7956289911466371, 0.5825944123444734, 0.84004186308433, 0.5880429148674011]]"
m_uav0,M-UAV0,uav_pdd2023::phash6_cd4411fb0de6::r180_00400_bottom_right,uav_pdd2023,UAV-PDD,source_photo_00400,r180_00400_bottom_right,data/external_uav/uav_pdd2023/extracted/JPEGImages/r180_00400_bottom_right.jpg,4,1,1,0,3,1.0,0.25,0.4,0.5830140488197076,false,"{""0"": {""fn"": 0, ""fp"": 0, ""gt"": 1, ""iou_sum"": 0.5830140488197076, ""matched"": 1, ""pred"": 1, ""tp"": 1}, ""1"": {""fn"": 3, ""fp"": 0, ""gt"": 3, ""iou_sum"": 0.0, ""matched"": 0, ""pred"": 0, ""tp"": 0}, ""2"": {""fn"": 0, ""fp"": 0, ""gt"": 0, ""iou_sum"": 0.0, ""matched"": 0, ""pred"": 0, ""tp"": 0}, ""3"": {""fn"": 0, ""fp"": 0, ""gt"": 0, ""iou_sum"": 0.0, ""matched"": 0, ""pred"": 0, ""tp"": 0}}","[[1.0, 0.344907405, 0.93467078, 0.556327155, 0.97170782], [1.0, 0.33101852, 0.622942385, 0.5625, 0.665637855], [0.0, 0.16435185, 0.03858024999999998, 0.20254629, 0.99845679], [1.0, 0.37268518500000003, 0.10751028499999998, 0.567515435, 0.165637855]]","[[0.0, 0.16813007401831356, 0.03511543430909208, 0.20906968764316888, 0.7394962389282729, 0.3259449303150177]]"
m_uav0,M-UAV0,uav_pdd2023::phash6_ce7bb054c3c7::tb_00013_bottom_left,uav_pdd2023,UAV-PDD,source_photo_00013,tb_00013_bottom_left,data/external_uav/uav_pdd2023/extracted/JPEGImages/tb_00013_bottom_left.jpg,6,3,1,2,5,0.3333333333333333,0.16666666666666666,0.2222222222222222,0.5242117933750249,false,"{""0"": {""fn"": 2, ""fp"": 1, ""gt"": 2, ""iou_sum"": 0.0, ""matched"": 0, ""pred"": 1, ""tp"": 0}, ""1"": {""fn"": 2, ""fp"": 1, ""gt"": 3, ""iou_sum"": 0.5242117933750249, ""matched"": 1, ""pred"": 2, ""tp"": 1}, ""2"": {""fn"": 1, ""fp"": 0, ""gt"": 1, ""iou_sum"": 0.0, ""matched"": 0, ""pred"": 0, ""tp"": 0}, ""3"": {""fn"": 0, ""fp"": 0, ""gt"": 0, ""iou_sum"": 0.0, ""matched"": 0, ""pred"": 0, ""tp"": 0}}","[[1.0, 0.12229938000000001, 0.48251029, 0.52893518, 0.59259259], [2.0, 0.53240741, 0.499999995, 0.7692901299999999, 0.557098765], [1.0, 0.809027775, 0.434156385, 0.876157405, 0.461419755], [1.0, 0.878472225, 0.42798354, 0.998456795, 0.46296296], [0.0, 0.411265435, 0.62088477, 0.449845685, 0.99588477], [0.0, 0.57445988, 0.687242795, 0.59066358, 0.8040123450000001]]","[[1.0, 0.2525278962688682, 0.49529275776427467, 0.7627576192220052, 0.558155891826614, 0.45740818977355957], [1.0, 0.8292832551179109, 0.4177920808517393, 1.0, 0.46130785529996143, 0.3792558014392853], [0.0, 0.41933375229070213, 0.7865903877917632, 0.4491309177728347, 0.9978365800017682, 0.260047048330307]]"
m_uav0,M-UAV0,uav_pdd2023::phash6_cf4599f6388f::tb_00003_bottom_left,uav_pdd2023,UAV-PDD,source_photo_00003,tb_00003_bottom_left,data/external_uav/uav_pdd2023/extracted/JPEGImages/tb_00003_bottom_left.jpg,4,6,1,5,3,0.16666666666666666,0.25,0.2,0.8040325446184651,false,"{""0"": {""fn"": 3, ""fp"": 2, ""gt"": 3, ""iou_sum"": 0.0, ""matched"": 0, ""pred"": 2, ""tp"": 0}, ""1"": {""fn"": 0, ""fp"": 3, ""gt"": 1, ""iou_sum"": 0.8040325446184651, ""matched"": 1, ""pred"": 4, ""tp"": 1}, ""2"": {""fn"": 0, ""fp"": 0, ""gt"": 0, ""iou_sum"": 0.0, ""matched"": 0, ""pred"": 0, ""tp"": 0}, ""3"": {""fn"": 0, ""fp"": 0, ""gt"": 0, ""iou_sum"": 0.0, ""matched"": 0, ""pred"": 0, ""tp"": 0}}","[[1.0, 0.27816357500000005, 0.24228394999999997, 0.9945987650000001, 0.30864197], [0.0, 0.8402777749999999, 0.31378601500000003, 0.900462965, 0.806584365], [0.0, 0.60416667, 0.002572020000000008, 0.6261574099999999, 0.22170782], [0.0, 0.601080245, 0.39969135499999997, 0.623842595, 0.9943415649999999]]","[[1.0, 0.29168578724802274, 0.23202795648771057, 0.9993071379484953, 0.3127422568238812, 0.5215333700180054], [0.0, 0.19269866707884234, 0.7862183998641654, 0.3290101275031949, 0.9115551607108411, 0.35945263504981995], [1.0, 0.30877888055495273, 0.2520775657622412, 0.7085595307526765, 0.3170737749264564, 0.2853488028049469], [0.0, 0.19061639573838976, 0.7881165178714956, 0.3490074769950207, 0.9498782059783307, 0.28530827164649963], [1.0, 0.6350329834737896, 0.607717945742509, 0.961126916202498, 0.7466700675556198, 0.2715628445148468], [1.0, 0.6229027171193817, 0.23819186363691164, 0.9986965980058835, 0.3199429296171714, 0.26310884952545166]]"
m_uav0,M-UAV0,uav_pdd2023::phash6_d5757bfd33e7::tb_00085_bottom_left,uav_pdd2023,UAV-PDD,source_photo_00085,tb_00085_bottom_left,data/external_uav/uav_pdd2023/extracted/JPEGImages/tb_00085_bottom_left.jpg,1,4,0,4,1,0.0,0.0,0.0,0.0,false,"{""0"": {""fn"": 1, ""fp"": 0, ""gt"": 1, ""iou_sum"": 0.0, ""matched"": 0, ""pred"": 0, ""tp"": 0}, ""1"": {""fn"": 0, ""fp"": 4, ""gt"": 0, ""iou_sum"": 0.0, ""matched"": 0, ""pred"": 4, ""tp"": 0}, ""2"": {""fn"": 0, ""fp"": 0, ""gt"": 0, ""iou_sum"": 0.0, ""matched"": 0, ""pred"": 0, ""tp"": 0}, ""3"": {""fn"": 0, ""fp"": 0, ""gt"": 0, ""iou_sum"": 0.0, ""matched"": 0, ""pred"": 0, ""tp"": 0}}","[[0.0, 0.69483025, 0.5936214, 0.7287808699999999, 0.7160493800000001]]","[[1.0, 0.49666967509705345, 0.7344602106039416, 0.869031458725164, 0.8418066079724472, 0.5509464144706726], [1.0, 0.4986878854257089, 0.7541463718492798, 0.9974096792715567, 0.8458758695625964, 0.4454353153705597], [1.0, 0.20657407501597463, 0.6566828974971065, 0.49136394924587673, 0.7502691951798804, 0.36328744888305664], [1.0, 0.9096111721462674, 0.8155101886011445, 1.0, 0.8630418816711677, 0.2981398105621338]]"
m_uav0,M-UAV0,uav_pdd2023::phash6_d81f189e52b9::r180_00003_bottom_right,uav_pdd2023,UAV-PDD,source_photo_00003,r180_00003_bottom_right,data/external_uav/uav_pdd2023/extracted/JPEGImages/r180_00003_bottom_right.jpg,10,0,0,0,10,0.0,0.0,0.0,0.0,true,"{""0"": {""fn"": 4, ""fp"": 0, ""gt"": 4, ""iou_sum"": 0.0, ""matched"": 0, ""pred"": 0, ""tp"": 0}, ""1"": {""fn"": 5, ""fp"": 0, ""gt"": 5, ""iou_sum"": 0.0, ""matched"": 0, ""pred"": 0, ""tp"": 0}, ""2"": {""fn"": 1, ""fp"": 0, ""gt"": 1, ""iou_sum"": 0.0, ""matched"": 0, ""pred"": 0, ""tp"": 0}, ""3"": {""fn"": 0, ""fp"": 0, ""gt"": 0, ""iou_sum"": 0.0, ""matched"": 0, ""pred"": 0, ""tp"": 0}}","[[2.0, 0.39699074, 0.9356995850000001, 0.69020062, 0.993312755], [0.0, 0.5466821, 0.118827155, 0.59066358, 0.344650205], [1.0, 0.555941355, 0.067386835, 0.669367285, 0.100823045], [1.0, 0.05825617000000001, 0.212448565, 0.21141975000000002, 0.252057615], [0.0, 0.44290123, 0.602366255, 0.49537037, 0.759773665], [1.0, 0.003086415000000002, 0.896090535, 0.11342592500000001, 0.9315843650000001], [0.0, 0.447530865, 0.42746913999999997, 0.48726851499999996, 0.59002058], [0.0, 0.42438271, 0.296810705, 0.45833333000000004, 0.40483539500000004], [1.0, 0.601080245, 0.5344650150000001, 0.6998456750000001, 0.594650205], [1.0, 0.690200615, 0.9537036999999999, 0.767361105, 0.99125514]]",[]
m_uav0,M-UAV0,uav_pdd2023::phash6_dbbe19c60fa2::r180_00005_bottom_left,uav_pdd2023,UAV-PDD,source_photo_00005,r180_00005_bottom_left,data/external_uav/uav_pdd2023/extracted/JPEGImages/r180_00005_bottom_left.jpg,11,5,2,3,9,0.4,0.18181818181818182,0.25000000000000006,0.647030333969848,false,"{""0"": {""fn"": 7, ""fp"": 2, ""gt"": 7, ""iou_sum"": 0.0, ""matched"": 0, ""pred"": 2, ""tp"": 0}, ""1"": {""fn"": 2, ""fp"": 1, ""gt"": 4, ""iou_sum"": 1.294060667939696, ""matched"": 2, ""pred"": 3, ""tp"": 2}, ""2"": {""fn"": 0, ""fp"": 0, ""gt"": 0, ""iou_sum"": 0.0, ""matched"": 0, ""pred"": 0, ""tp"": 0}, ""3"": {""fn"": 0, ""fp"": 0, ""gt"": 0, ""iou_sum"": 0.0, ""matched"": 0, ""pred"": 0, ""tp"": 0}}","[[1.0, 0.37422838999999997, 0.8467078250000001, 0.52353395, 0.886316875], [1.0, 0.175540125, 0.7942386800000001, 0.361111115, 0.87294238], [1.0, 0.22029321, 0.631687245, 0.27083333, 0.6517489750000001], [0.0, 0.412037035, 0.30041152, 0.42592592500000004, 0.41358024], [0.0, 0.36072531, 0.175411525, 0.40084877, 0.321502055], [0.0, 0.374999995, 0.11368313000000001, 0.394675925, 0.16718107000000001], [0.0, 0.23225309, 0.36728395, 0.25733025, 0.52417695], [0.0, 0.376543215, 0.48302469500000006, 0.40354938500000004, 0.6347736650000001], [1.0, 0.296682095, 0.46604937999999996, 0.351080245, 0.48816872], [0.0, 0.351080245, 0.32921811, 0.358410495, 0.45987654999999994], [0.0, 0.34760802, 0.006172844999999996, 0.36574074, 0.155349795]]","[[1.0, 0.16023779504093122, 0.7962658415115419, 0.35605732011206354, 0.8465867533114712, 0.6304854154586792], [1.0, 0.3607433695852021, 0.8409743446381495, 0.5293316311306424, 0.8908550749099794, 0.46577945351600647], [0.0, 0.11373493995195554, 0.7246494371704604, 0.1616040571236316, 0.9972245958116319, 0.42252790927886963], [1.0, 0.1537194310882945, 0.7937655350798932, 0.3556539747450087, 0.8335490285614391, 0.35379114747047424], [0.0, 0.36749698497630934, 0.4748466711476016, 0.406241993845245, 0.7857148598251029, 0.27483823895454407]]"
m_uav0,M-UAV0,uav_pdd2023::phash6_dc4811d1feae::tb_00463_top_right,uav_pdd2023,UAV-PDD,source_photo_00463,tb_00463_top_right,data/external_uav/uav_pdd2023/extracted/JPEGImages/tb_00463_top_right.jpg,3,2,2,0,1,1.0,0.6666666666666666,0.8,0.6051504450399128,false,"{""0"": {""fn"": 1, ""fp"": 0, ""gt"": 1, ""iou_sum"": 0.0, ""matched"": 0, ""pred"": 0, ""tp"": 0}, ""1"": {""fn"": 0, ""fp"": 0, ""gt"": 2, ""iou_sum"": 1.2103008900798256, ""matched"": 2, ""pred"": 2, ""tp"": 2}, ""2"": {""fn"": 0, ""fp"": 0, ""gt"": 0, ""iou_sum"": 0.0, ""matched"": 0, ""pred"": 0, ""tp"": 0}, ""3"": {""fn"": 0, ""fp"": 0, ""gt"": 0, ""iou_sum"": 0.0, ""matched"": 0, ""pred"": 0, ""tp"": 0}}","[[1.0, 0.013888889999999987, 0.840534985, 0.50385803, 0.901748975], [0.0, 0.10802469499999999, 0.023662544999999993, 0.15393518499999997, 0.168209875], [1.0, 0.54359568, 0.59516461, 0.8587963, 0.6893004100000001]]","[[1.0, 0.5529987664870274, 0.6042849065835584, 0.8696938031985436, 0.6701030338742605, 0.5706040263175964], [1.0, 0.16713065865599078, 0.8454517631373778, 0.5480219052161699, 0.8980417133849344, 0.28473564982414246]]"
m_uav0,M-UAV0,uav_pdd2023::phash6_de351b71ec3e::tb_00005_top_right,uav_pdd2023,UAV-PDD,source_photo_00005,tb_00005_top_right,data/external_uav/uav_pdd2023/extracted/JPEGImages/tb_00005_top_right.jpg,11,2,0,2,11,0.0,0.0,0.0,0.0,false,"{""0"": {""fn"": 5, ""fp"": 2, ""gt"": 5, ""iou_sum"": 0.0, ""matched"": 0, ""pred"": 2, ""tp"": 0}, ""1"": {""fn"": 2, ""fp"": 0, ""gt"": 2, ""iou_sum"": 0.0, ""matched"": 0, ""pred"": 0, ""tp"": 0}, ""2"": {""fn"": 2, ""fp"": 0, ""gt"": 2, ""iou_sum"": 0.0, ""matched"": 0, ""pred"": 0, ""tp"": 0}, ""3"": {""fn"": 2, ""fp"": 0, ""gt"": 2, ""iou_sum"": 0.0, ""matched"": 0, ""pred"": 0, ""tp"": 0}}","[[0.0, 0.45563271000000005, 0.840534985, 0.47993827, 0.995884775], [0.0, 0.364197525, 0.781893, 0.38387345500000003, 0.90020576], [0.0, 0.42862654, 0.262860085, 0.49382716000000004, 0.830246915], [2.0, 0.757716045, 0.608024685, 0.8244598750000001, 0.771604935], [2.0, 0.75424383, 0.16666667, 0.80709877, 0.59207819], [0.0, 0.5335648150000001, 0.008230455000000001, 0.553626545, 0.065843625], [1.0, 0.9070216050000001, 0.657407405, 0.999614195, 0.687757195], [3.0, 0.84259259, 0.65792181, 0.88001543, 0.68312757], [3.0, 0.8904321049999999, 0.659465015, 0.908179015, 0.679012345], [1.0, 0.8194444399999999, 0.429012345, 0.93132716, 0.479938275], [0.0, 0.6118827099999999, 0.5756172900000001, 0.62384259, 0.98559671]]","[[0.0, 0.0, 0.02341626602926372, 0.18564247790678048, 0.718786922501929, 0.3653317093849182], [0.0, 0.349342746499144, 0.6792777104632844, 0.3939245483021677, 1.0, 0.2851613461971283]]"
m_uav0,M-UAV0,uav_pdd2023::phash6_df9b83f57552::tb_00013_bottom_right,uav_pdd2023,UAV-PDD,source_photo_00013,tb_00013_bottom_right,data/external_uav/uav_pdd2023/extracted/JPEGImages/tb_00013_bottom_right.jpg,3,2,1,1,2,0.5,0.3333333333333333,0.4,0.7011468848618015,false,"{""0"": {""fn"": 1, ""fp"": 1, ""gt"": 1, ""iou_sum"": 0.0, ""matched"": 0, ""pred"": 1, ""tp"": 0}, ""1"": {""fn"": 1, ""fp"": 0, ""gt"": 2, ""iou_sum"": 0.7011468848618015, ""matched"": 1, ""pred"": 1, ""tp"": 1}, ""2"": {""fn"": 0, ""fp"": 0, ""gt"": 0, ""iou_sum"": 0.0, ""matched"": 0, ""pred"": 0, ""tp"": 0}, ""3"": {""fn"": 0, ""fp"": 0, ""gt"": 0, ""iou_sum"": 0.0, ""matched"": 0, ""pred"": 0, ""tp"": 0}}","[[1.0, 0.0003857999999999917, 0.31121399, 0.4058642, 0.45473251], [1.0, 0.34799383, 0.260802465, 0.57677469, 0.320987655], [0.0, 0.109953705, 0.006687239999999983, 0.165123455, 0.75411522]]","[[1.0, 0.0016216278812031686, 0.2912948671191808, 0.4589456628870081, 0.4397868089715149, 0.2854682505130768], [0.0, 0.18918153974745008, 0.26737012195979615, 0.21260061381775655, 0.3965973088770737, 0.2744177281856537]]"
m_uav0,M-UAV0,uav_pdd2023::phash6_e0e61cb470cb::tb_00473_top_right,uav_pdd2023,UAV-PDD,source_photo_00473,tb_00473_top_right,data/external_uav/uav_pdd2023/extracted/JPEGImages/tb_00473_top_right.jpg,3,1,0,1,3,0.0,0.0,0.0,0.0,false,"{""0"": {""fn"": 1, ""fp"": 0, ""gt"": 1, ""iou_sum"": 0.0, ""matched"": 0, ""pred"": 0, ""tp"": 0}, ""1"": {""fn"": 2, ""fp"": 1, ""gt"": 2, ""iou_sum"": 0.0, ""matched"": 0, ""pred"": 1, ""tp"": 0}, ""2"": {""fn"": 0, ""fp"": 0, ""gt"": 0, ""iou_sum"": 0.0, ""matched"": 0, ""pred"": 0, ""tp"": 0}, ""3"": {""fn"": 0, ""fp"": 0, ""gt"": 0, ""iou_sum"": 0.0, ""matched"": 0, ""pred"": 0, ""tp"": 0}}","[[1.0, 0.02083333500000001, 0.37139918, 0.635030865, 0.46553498], [0.0, 0.034722220000000005, 0.16975309, 0.0621142, 0.36625515000000003], [1.0, 0.69212963, 0.5606995850000001, 0.99575617, 0.653292175]]","[[1.0, 0.7104173825110918, 0.5772383576067387, 0.9984476536880305, 0.6251781447924705, 0.34887388348579407]]"
m_uav0,M-UAV0,uav_pdd2023::phash6_e120b42de115::lr_00535_bottom_right,uav_pdd2023,UAV-PDD,source_photo_00535,lr_00535_bottom_right,data/external_uav/uav_pdd2023/extracted/JPEGImages/lr_00535_bottom_right.jpg,8,3,0,3,8,0.0,0.0,0.0,0.0,false,"{""0"": {""fn"": 0, ""fp"": 1, ""gt"": 0, ""iou_sum"": 0.0, ""matched"": 0, ""pred"": 1, ""tp"": 0}, ""1"": {""fn"": 1, ""fp"": 2, ""gt"": 1, ""iou_sum"": 0.0, ""matched"": 0, ""pred"": 2, ""tp"": 0}, ""2"": {""fn"": 6, ""fp"": 0, ""gt"": 6, ""iou_sum"": 0.0, ""matched"": 0, ""pred"": 0, ""tp"": 0}, ""3"": {""fn"": 1, ""fp"": 0, ""gt"": 1, ""iou_sum"": 0.0, ""matched"": 0, ""pred"": 0, ""tp"": 0}}","[[1.0, 0.08912037, 0.34207819, 0.5366512299999999, 0.46090535000000005], [2.0, 0.54436728, 0.217078185, 0.74729938, 0.424382715], [2.0, 0.6404321, 0.003600825000000002, 0.74421296, 0.217078195], [2.0, 0.6647376500000001, 0.5606995899999999, 0.84529321, 0.70164609], [2.0, 0.00038579999999999864, 0.007201644999999979, 0.08140432, 0.990226335], [2.0, 0.66859568, 0.730452675, 0.76813272, 0.919753085], [3.0, 0.664351855, 0.0036008200000000046, 0.719521605, 0.18158436], [2.0, 0.8070987599999999, 0.39969135499999997, 0.86612654, 0.569444445]]","[[1.0, 0.042478849858413506, 0.36295868045508617, 0.7083067246425299, 0.4273784935719682, 0.30527082085609436], [0.0, 0.8083935019410686, 0.002951908258744228, 0.84839517098886, 0.20642563933698238, 0.2901335656642914], [1.0, 0.8574570078908661, 0.711642104411812, 0.9998860300323109, 0.8050198025173612, 0.2773019075393677]]"
m_uav0,M-UAV0,uav_pdd2023::phash6_e4011b839668::r180_00024_top_left,uav_pdd2023,UAV-PDD,source_photo_00024,r180_00024_top_left,data/external_uav/uav_pdd2023/extracted/JPEGImages/r180_00024_top_left.jpg,4,3,1,2,3,0.3333333333333333,0.25,0.28571428571428575,0.5810575235334047,false,"{""0"": {""fn"": 1, ""fp"": 0, ""gt"": 1, ""iou_sum"": 0.0, ""matched"": 0, ""pred"": 0, ""tp"": 0}, ""1"": {""fn"": 0, ""fp"": 2, ""gt"": 1, ""iou_sum"": 0.5810575235334047, ""matched"": 1, ""pred"": 3, ""tp"": 1}, ""2"": {""fn"": 2, ""fp"": 0, ""gt"": 2, ""iou_sum"": 0.0, ""matched"": 0, ""pred"": 0, ""tp"": 0}, ""3"": {""fn"": 0, ""fp"": 0, ""gt"": 0, ""iou_sum"": 0.0, ""matched"": 0, ""pred"": 0, ""tp"": 0}}","[[0.0, 0.099922835, 0.7561728400000001, 0.129629625, 1.0], [2.0, 0.099151235, 0.617283955, 0.16319444500000002, 0.7407407450000001], [2.0, 0.10146605, 0.2494856, 0.14891975, 0.4367284], [1.0, 0.09143519, 0.14969135500000003, 0.60455247, 0.263374485]]","[[1.0, 0.09777088518495913, 0.1429867214626736, 0.5416164633668499, 0.22995310653874904, 0.530368447303772], [1.0, 0.24992151613588687, 0.14515667197145063, 0.5409667403609665, 0.2193000856250402, 0.39608320593833923], [1.0, 0.21055708991156685, 0.1379138962231546, 0.559872380009404, 0.23462030230235661, 0.3327917456626892]]"
m_uav0,M-UAV0,uav_pdd2023::phash6_e5fbb4ee2369::tb_00435_top_right,uav_pdd2023,UAV-PDD,source_photo_00435,tb_00435_top_right,data/external_uav/uav_pdd2023/extracted/JPEGImages/tb_00435_top_right.jpg,1,1,1,0,0,1.0,1.0,1.0,0.7843483725200356,false,"{""0"": {""fn"": 0, ""fp"": 0, ""gt"": 0, ""iou_sum"": 0.0, ""matched"": 0, ""pred"": 0, ""tp"": 0}, ""1"": {""fn"": 0, ""fp"": 0, ""gt"": 1, ""iou_sum"": 0.7843483725200356, ""matched"": 1, ""pred"": 1, ""tp"": 1}, ""2"": {""fn"": 0, ""fp"": 0, ""gt"": 0, ""iou_sum"": 0.0, ""matched"": 0, ""pred"": 0, ""tp"": 0}, ""3"": {""fn"": 0, ""fp"": 0, ""gt"": 0, ""iou_sum"": 0.0, ""matched"": 0, ""pred"": 0, ""tp"": 0}}","[[1.0, 0.672839505, 0.591049385, 0.848765435, 0.6275720149999999]]","[[1.0, 0.669158982641903, 0.5861492392457561, 0.8356296868971836, 0.6288021385914995, 0.5852640867233276]]"
m_uav0,M-UAV0,uav_pdd2023::phash6_e77575e5e920::lr_00473_top_right,uav_pdd2023,UAV-PDD,source_photo_00473,lr_00473_top_right,data/external_uav/uav_pdd2023/extracted/JPEGImages/lr_00473_top_right.jpg,3,2,1,1,2,0.5,0.3333333333333333,0.4,0.6104454981797177,false,"{""0"": {""fn"": 1, ""fp"": 0, ""gt"": 1, ""iou_sum"": 0.0, ""matched"": 0, ""pred"": 0, ""tp"": 0}, ""1"": {""fn"": 1, ""fp"": 1, ""gt"": 2, ""iou_sum"": 0.6104454981797177, ""matched"": 1, ""pred"": 2, ""tp"": 1}, ""2"": {""fn"": 0, ""fp"": 0, ""gt"": 0, ""iou_sum"": 0.0, ""matched"": 0, ""pred"": 0, ""tp"": 0}, ""3"": {""fn"": 0, ""fp"": 0, ""gt"": 0, ""iou_sum"": 0.0, ""matched"": 0, ""pred"": 0, ""tp"": 0}}","[[1.0, 0.36496913500000006, 0.53446502, 0.979166665, 0.6286008200000001], [0.0, 0.9378858, 0.63374485, 0.96527778, 0.8302469100000001], [1.0, 0.004243830000000004, 0.346707825, 0.30787037, 0.439300415]]","[[1.0, 0.3079403771294488, 0.5655056674784593, 0.4966496597101659, 0.6094174483185443, 0.48308828473091125], [1.0, 0.0, 0.36697833528243956, 0.29182396406008876, 0.4271973974910783, 0.4028708338737488]]"
m_uav0,M-UAV0,uav_pdd2023::phash6_e9b05412751f::r180_00403_bottom_left,uav_pdd2023,UAV-PDD,source_photo_00403,r180_00403_bottom_left,data/external_uav/uav_pdd2023/extracted/JPEGImages/r180_00403_bottom_left.jpg,3,3,2,1,1,0.6666666666666666,0.6666666666666666,0.6666666666666666,0.7025005662650818,false,"{""0"": {""fn"": 1, ""fp"": 0, ""gt"": 1, ""iou_sum"": 0.0, ""matched"": 0, ""pred"": 0, ""tp"": 0}, ""1"": {""fn"": 0, ""fp"": 1, ""gt"": 2, ""iou_sum"": 1.4050011325301637, ""matched"": 2, ""pred"": 3, ""tp"": 2}, ""2"": {""fn"": 0, ""fp"": 0, ""gt"": 0, ""iou_sum"": 0.0, ""matched"": 0, ""pred"": 0, ""tp"": 0}, ""3"": {""fn"": 0, ""fp"": 0, ""gt"": 0, ""iou_sum"": 0.0, ""matched"": 0, ""pred"": 0, ""tp"": 0}}","[[1.0, 0.644675925, 0.834876545, 0.790123455, 0.8713991750000001], [1.0, 0.6388888850000001, 0.129629635, 0.777391975, 0.187757205], [0.0, 0.7249228350000001, 0.35030864000000006, 0.757716045, 0.99074074]]","[[1.0, 0.6432359012556664, 0.8349596816325875, 0.8010265209056713, 0.8753505125948431, 0.8662821650505066], [1.0, 0.6487095208815586, 0.14278768217612686, 0.7566265530056424, 0.19136620352788228, 0.4779360890388489], [1.0, 0.15063690844877267, 0.903114099070859, 0.3084832886118948, 0.9441398965969007, 0.3602263331413269]]"
m_uav0,M-UAV0,uav_pdd2023::phash6_ea00c0e8309e::lr_00005_bottom_left,uav_pdd2023,UAV-PDD,source_photo_00005,lr_00005_bottom_left,data/external_uav/uav_pdd2023/extracted/JPEGImages/lr_00005_bottom_left.jpg,11,4,2,2,9,0.5,0.18181818181818182,0.26666666666666666,0.6078791743113263,false,"{""0"": {""fn"": 7, ""fp"": 2, ""gt"": 7, ""iou_sum"": 0.0, ""matched"": 0, ""pred"": 2, ""tp"": 0}, ""1"": {""fn"": 2, ""fp"": 0, ""gt"": 4, ""iou_sum"": 1.2157583486226526, ""matched"": 2, ""pred"": 2, ""tp"": 2}, ""2"": {""fn"": 0, ""fp"": 0, ""gt"": 0, ""iou_sum"": 0.0, ""matched"": 0, ""pred"": 0, ""tp"": 0}, ""3"": {""fn"": 0, ""fp"": 0, ""gt"": 0, ""iou_sum"": 0.0, ""matched"": 0, ""pred"": 0, ""tp"": 0}}","[[1.0, 0.37422838999999997, 0.11368312500000001, 0.52353395, 0.153292175], [1.0, 0.175540125, 0.12705762, 0.361111115, 0.20576132], [1.0, 0.22029321, 0.348251025, 0.27083333, 0.368312755], [0.0, 0.412037035, 0.58641976, 0.42592592500000004, 0.69958848], [0.0, 0.36072531, 0.678497945, 0.40084877, 0.824588475], [0.0, 0.374999995, 0.8328189300000001, 0.394675925, 0.88631687], [0.0, 0.23225309, 0.47582305, 0.25733025, 0.63271605], [0.0, 0.376543215, 0.365226335, 0.40354938500000004, 0.516975305], [1.0, 0.296682095, 0.51183128, 0.351080245, 0.5339506199999999], [0.0, 0.351080245, 0.5401234500000001, 0.358410495, 0.67078189], [0.0, 0.34760802, 0.844650205, 0.36574074, 0.993827155]]","[[1.0, 0.3676084589075159, 0.10569776527185008, 0.5424362465187356, 0.1534601847330729, 0.4821859896183014], [0.0, 0.21657357392487703, 0.4183759964052051, 0.2588350978898413, 0.7319150069122943, 0.3884768784046173], [1.0, 0.1586804919772678, 0.1591557946224762, 0.3558726840549045, 0.20230815243819122, 0.3850622773170471], [0.0, 0.36416746068883826, 0.18380330717612686, 0.4060302545994888, 0.5325967922132202, 0.27131909132003784]]"
m_uav0,M-UAV0,uav_pdd2023::phash6_ea8fbf7e754d::r180_00403_bottom_right,uav_pdd2023,UAV-PDD,source_photo_00403,r180_00403_bottom_right,data/external_uav/uav_pdd2023/extracted/JPEGImages/r180_00403_bottom_right.jpg,2,1,0,1,2,0.0,0.0,0.0,0.0,false,"{""0"": {""fn"": 2, ""fp"": 0, ""gt"": 2, ""iou_sum"": 0.0, ""matched"": 0, ""pred"": 0, ""tp"": 0}, ""1"": {""fn"": 0, ""fp"": 1, ""gt"": 0, ""iou_sum"": 0.0, ""matched"": 0, ""pred"": 1, ""tp"": 0}, ""2"": {""fn"": 0, ""fp"": 0, ""gt"": 0, ""iou_sum"": 0.0, ""matched"": 0, ""pred"": 0, ""tp"": 0}, ""3"": {""fn"": 0, ""fp"": 0, ""gt"": 0, ""iou_sum"": 0.0, ""matched"": 0, ""pred"": 0, ""tp"": 0}}","[[0.0, 0.251929015, 0.16255144, 0.522376545, 0.2026749], [0.0, 0.07908950499999999, 0.13117283999999999, 0.233796295, 0.1867284]]","[[1.0, 0.09188225828571084, 0.14515155431174448, 0.23466239740819106, 0.18772250830881881, 0.376367449760437]]"
m_uav0,M-UAV0,uav_pdd2023::phash6_eb766d52c8fa::lr_00085_bottom_right,uav_pdd2023,UAV-PDD,source_photo_00085,lr_00085_bottom_right,data/external_uav/uav_pdd2023/extracted/JPEGImages/lr_00085_bottom_right.jpg,5,5,1,4,4,0.2,0.2,0.20000000000000004,0.6386858885062724,false,"{""0"": {""fn"": 4, ""fp"": 0, ""gt"": 5, ""iou_sum"": 0.6386858885062724, ""matched"": 1, ""pred"": 1, ""tp"": 1}, ""1"": {""fn"": 0, ""fp"": 4, ""gt"": 0, ""iou_sum"": 0.0, ""matched"": 0, ""pred"": 4, ""tp"": 0}, ""2"": {""fn"": 0, ""fp"": 0, ""gt"": 0, ""iou_sum"": 0.0, ""matched"": 0, ""pred"": 0, ""tp"": 0}, ""3"": {""fn"": 0, ""fp"": 0, ""gt"": 0, ""iou_sum"": 0.0, ""matched"": 0, ""pred"": 0, ""tp"": 0}}","[[0.0, 0.7083333300000001, 0.148148145, 0.72955247, 0.343621395], [0.0, 0.709104935, 0.0025720150000000004, 0.725694445, 0.042181065000000004], [0.0, 0.67901234, 0.345679015, 0.6971450600000001, 0.469650205], [0.0, 0.70987654, 0.48199587999999993, 0.7280092600000001, 0.67849794], [0.0, 0.367283945, 0.93364198, 0.38078703500000005, 0.9994856000000001]]","[[1.0, 0.3523340342957296, 0.8213547443656765, 0.7306771454987703, 0.8874986436631944, 0.5090301036834717], [1.0, 0.31025429713873215, 0.03457997953940811, 1.0, 0.13732189602322048, 0.4509626030921936], [1.0, 0.36337186083381556, 0.8253392976988491, 1.0, 0.9653560811109504, 0.33537983894348145], [0.0, 0.7098960405514564, 0.13295472698447144, 0.7369988994833864, 0.34358629768277393, 0.32177814841270447], [1.0, 0.3569792994746455, 0.8199650014869471, 0.999719031063127, 0.9024150204756622, 0.30021655559539795]]"
m_uav0,M-UAV0,uav_pdd2023::phash6_ef99dbd8a722::r180_00504_top_right,uav_pdd2023,UAV-PDD,source_photo_00504,r180_00504_top_right,data/external_uav/uav_pdd2023/extracted/JPEGImages/r180_00504_top_right.jpg,2,2,0,2,2,0.0,0.0,0.0,0.0,false,"{""0"": {""fn"": 0, ""fp"": 2, ""gt"": 0, ""iou_sum"": 0.0, ""matched"": 0, ""pred"": 2, ""tp"": 0}, ""1"": {""fn"": 2, ""fp"": 0, ""gt"": 2, ""iou_sum"": 0.0, ""matched"": 0, ""pred"": 0, ""tp"": 0}, ""2"": {""fn"": 0, ""fp"": 0, ""gt"": 0, ""iou_sum"": 0.0, ""matched"": 0, ""pred"": 0, ""tp"": 0}, ""3"": {""fn"": 0, ""fp"": 0, ""gt"": 0, ""iou_sum"": 0.0, ""matched"": 0, ""pred"": 0, ""tp"": 0}}","[[1.0, 0.8020833300000001, 0.38477366500000004, 0.95794753, 0.427469135], [1.0, 0.62885803, 0.38683128, 0.67283951, 0.41820988000000003]]","[[0.0, 0.7135552771297502, 0.41281752723725246, 0.7572211748288001, 0.9939330301167052, 0.5866430997848511], [0.0, 0.7252083295657311, 0.0, 0.7607264106656298, 0.316102675449701, 0.4718972444534302]]"
m_uav0,M-UAV0,uav_pdd2023::phash6_f1ec95c93ea7::tb_00013_top_left,uav_pdd2023,UAV-PDD,source_photo_00013,tb_00013_top_left,data/external_uav/uav_pdd2023/extracted/JPEGImages/tb_00013_top_left.jpg,2,1,1,0,1,1.0,0.5,0.6666666666666666,0.6584060333018991,false,"{""0"": {""fn"": 0, ""fp"": 0, ""gt"": 0, ""iou_sum"": 0.0, ""matched"": 0, ""pred"": 0, ""tp"": 0}, ""1"": {""fn"": 1, ""fp"": 0, ""gt"": 2, ""iou_sum"": 0.6584060333018991, ""matched"": 1, ""pred"": 1, ""tp"": 1}, ""2"": {""fn"": 0, ""fp"": 0, ""gt"": 0, ""iou_sum"": 0.0, ""matched"": 0, ""pred"": 0, ""tp"": 0}, ""3"": {""fn"": 0, ""fp"": 0, ""gt"": 0, ""iou_sum"": 0.0, ""matched"": 0, ""pred"": 0, ""tp"": 0}}","[[1.0, 0.35416666499999994, 0.726337445, 0.650077155, 0.761831275], [1.0, 0.29552469, 0.005144035000000002, 0.8518518500000001, 0.066358025]]","[[1.0, 0.3573249063374084, 0.001472489088160511, 0.7891081350821035, 0.05949028627372083, 0.28461015224456787]]"
m_uav0,M-UAV0,uav_pdd2023::phash6_f285955e8172::tb_00400_top_left,uav_pdd2023,UAV-PDD,source_photo_00400,tb_00400_top_left,data/external_uav/uav_pdd2023/extracted/JPEGImages/tb_00400_top_left.jpg,2,0,0,0,2,0.0,0.0,0.0,0.0,true,"{""0"": {""fn"": 0, ""fp"": 0, ""gt"": 0, ""iou_sum"": 0.0, ""matched"": 0, ""pred"": 0, ""tp"": 0}, ""1"": {""fn"": 2, ""fp"": 0, ""gt"": 2, ""iou_sum"": 0.0, ""matched"": 0, ""pred"": 0, ""tp"": 0}, ""2"": {""fn"": 0, ""fp"": 0, ""gt"": 0, ""iou_sum"": 0.0, ""matched"": 0, ""pred"": 0, ""tp"": 0}, ""3"": {""fn"": 0, ""fp"": 0, ""gt"": 0, ""iou_sum"": 0.0, ""matched"": 0, ""pred"": 0, ""tp"": 0}}","[[1.0, 0.22337962499999997, 0.13631687, 0.327932095, 0.18364197000000002], [1.0, 0.371913585, 0.4933127600000001, 0.536265435, 0.5396090600000001]]",[]
m_uav0,M-UAV0,uav_pdd2023::phash6_f2b0777edf76::r180_00400_top_right,uav_pdd2023,UAV-PDD,source_photo_00400,r180_00400_top_right,data/external_uav/uav_pdd2023/extracted/JPEGImages/r180_00400_top_right.jpg,5,2,1,1,4,0.5,0.2,0.28571428571428575,0.876467023108968,false,"{""0"": {""fn"": 0, ""fp"": 0, ""gt"": 0, ""iou_sum"": 0.0, ""matched"": 0, ""pred"": 0, ""tp"": 0}, ""1"": {""fn"": 4, ""fp"": 1, ""gt"": 5, ""iou_sum"": 0.876467023108968, ""matched"": 1, ""pred"": 2, ""tp"": 1}, ""2"": {""fn"": 0, ""fp"": 0, ""gt"": 0, ""iou_sum"": 0.0, ""matched"": 0, ""pred"": 0, ""tp"": 0}, ""3"": {""fn"": 0, ""fp"": 0, ""gt"": 0, ""iou_sum"": 0.0, ""matched"": 0, ""pred"": 0, ""tp"": 0}}","[[1.0, 0.28935185500000005, 0.38323045, 0.556712965, 0.42644033000000003], [1.0, 0.139274695, 0.19958848, 0.28125000499999997, 0.24022633999999998], [1.0, 0.39467592500000004, 0.637860085, 0.487268515, 0.667181075], [1.0, 0.30246913500000006, 0.662037035, 0.378472225, 0.698045265], [1.0, 0.32908951, 0.85236625, 0.41705247, 0.87705761]]","[[1.0, 0.13248996970094282, 0.19919221980090984, 0.27525421425148294, 0.2388587135346338, 0.7017031311988831], [1.0, 0.2981055459858459, 0.6372445816856352, 0.4594721852997203, 0.6961700690626608, 0.3522781431674957]]"
m_uav0,M-UAV0,uav_pdd2023::phash6_f35084f43239::lr_00485_bottom_left,uav_pdd2023,UAV-PDD,source_photo_00485,lr_00485_bottom_left,data/external_uav/uav_pdd2023/extracted/JPEGImages/lr_00485_bottom_left.jpg,1,0,0,0,1,0.0,0.0,0.0,0.0,true,"{""0"": {""fn"": 1, ""fp"": 0, ""gt"": 1, ""iou_sum"": 0.0, ""matched"": 0, ""pred"": 0, ""tp"": 0}, ""1"": {""fn"": 0, ""fp"": 0, ""gt"": 0, ""iou_sum"": 0.0, ""matched"": 0, ""pred"": 0, ""tp"": 0}, ""2"": {""fn"": 0, ""fp"": 0, ""gt"": 0, ""iou_sum"": 0.0, ""matched"": 0, ""pred"": 0, ""tp"": 0}, ""3"": {""fn"": 0, ""fp"": 0, ""gt"": 0, ""iou_sum"": 0.0, ""matched"": 0, ""pred"": 0, ""tp"": 0}}","[[0.0, 0.056327165000000005, 0.433641975, 0.108410495, 0.597736625]]",[]
m_uav0,M-UAV0,uav_pdd2023::phash6_f4fe5943c163::lr_00005_top_left,uav_pdd2023,UAV-PDD,source_photo_00005,lr_00005_top_left,data/external_uav/uav_pdd2023/extracted/JPEGImages/lr_00005_top_left.jpg,5,1,1,0,4,1.0,0.2,0.33333333333333337,0.7730375373198074,false,"{""0"": {""fn"": 4, ""fp"": 0, ""gt"": 4, ""iou_sum"": 0.0, ""matched"": 0, ""pred"": 0, ""tp"": 0}, ""1"": {""fn"": 0, ""fp"": 0, ""gt"": 1, ""iou_sum"": 0.7730375373198074, ""matched"": 1, ""pred"": 1, ""tp"": 1}, ""2"": {""fn"": 0, ""fp"": 0, ""gt"": 0, ""iou_sum"": 0.0, ""matched"": 0, ""pred"": 0, ""tp"": 0}, ""3"": {""fn"": 0, ""fp"": 0, ""gt"": 0, ""iou_sum"": 0.0, ""matched"": 0, ""pred"": 0, ""tp"": 0}}","[[0.0, 0.338734565, 0.00411522999999997, 0.39699073500000004, 0.9948559699999999], [0.0, 0.010030865, 0.152777785, 0.045524695, 0.5082304550000001], [0.0, 0.0030864199999999994, 0.47993827499999997, 0.05054012, 0.797325105], [0.0, 0.0015432100000000032, 0.820987655, 0.03665123, 0.975823045], [1.0, 0.0023148100000000005, 0.0030864250000000003, 0.15547839, 0.036008235]]","[[1.0, 0.0, 0.0, 0.17386171552870008, 0.0375175672303502, 0.3342272937297821]]"
m_uav0,M-UAV0,uav_pdd2023::phash6_f6b5b6d81b2c::lr_00494_bottom_left,uav_pdd2023,UAV-PDD,source_photo_00494,lr_00494_bottom_left,data/external_uav/uav_pdd2023/extracted/JPEGImages/lr_00494_bottom_left.jpg,2,0,0,0,2,0.0,0.0,0.0,0.0,true,"{""0"": {""fn"": 0, ""fp"": 0, ""gt"": 0, ""iou_sum"": 0.0, ""matched"": 0, ""pred"": 0, ""tp"": 0}, ""1"": {""fn"": 2, ""fp"": 0, ""gt"": 2, ""iou_sum"": 0.0, ""matched"": 0, ""pred"": 0, ""tp"": 0}, ""2"": {""fn"": 0, ""fp"": 0, ""gt"": 0, ""iou_sum"": 0.0, ""matched"": 0, ""pred"": 0, ""tp"": 0}, ""3"": {""fn"": 0, ""fp"": 0, ""gt"": 0, ""iou_sum"": 0.0, ""matched"": 0, ""pred"": 0, ""tp"": 0}}","[[1.0, 0.33680555, 0.03497942, 0.51466049, 0.17541152], [1.0, 0.007330244999999999, 0.68106996, 0.143904315, 0.74434156]]",[]
m_uav0,M-UAV0,uav_pdd2023::phash6_f747d4f93451::tb_00400_bottom_left,uav_pdd2023,UAV-PDD,source_photo_00400,tb_00400_bottom_left,data/external_uav/uav_pdd2023/extracted/JPEGImages/tb_00400_bottom_left.jpg,4,1,0,1,4,0.0,0.0,0.0,0.0,false,"{""0"": {""fn"": 0, ""fp"": 0, ""gt"": 0, ""iou_sum"": 0.0, ""matched"": 0, ""pred"": 0, ""tp"": 0}, ""1"": {""fn"": 4, ""fp"": 1, ""gt"": 4, ""iou_sum"": 0.0, ""matched"": 0, ""pred"": 1, ""tp"": 0}, ""2"": {""fn"": 0, ""fp"": 0, ""gt"": 0, ""iou_sum"": 0.0, ""matched"": 0, ""pred"": 0, ""tp"": 0}, ""3"": {""fn"": 0, ""fp"": 0, ""gt"": 0, ""iou_sum"": 0.0, ""matched"": 0, ""pred"": 0, ""tp"": 0}}","[[1.0, 0.24498456500000002, 0.78909465, 0.33449073500000004, 0.8117283900000001], [1.0, 0.29475308499999997, 0.457818925, 0.336805555, 0.47427983500000004], [1.0, 0.25462963, 0.43827160499999995, 0.30401235, 0.452160495], [1.0, 0.33449074, 0.11779835500000001, 0.42824074, 0.147633745]]","[[1.0, 0.20438928957338687, 0.7817051263503086, 0.3313704596625434, 0.8206674081307871, 0.2829573452472687]]"
m_uav0,M-UAV0,uav_pdd2023::phash6_f77c08f54780::lr_00485_top_right,uav_pdd2023,UAV-PDD,source_photo_00485,lr_00485_top_right,data/external_uav/uav_pdd2023/extracted/JPEGImages/lr_00485_top_right.jpg,2,1,0,1,2,0.0,0.0,0.0,0.0,false,"{""0"": {""fn"": 0, ""fp"": 0, ""gt"": 0, ""iou_sum"": 0.0, ""matched"": 0, ""pred"": 0, ""tp"": 0}, ""1"": {""fn"": 2, ""fp"": 1, ""gt"": 2, ""iou_sum"": 0.0, ""matched"": 0, ""pred"": 1, ""tp"": 0}, ""2"": {""fn"": 0, ""fp"": 0, ""gt"": 0, ""iou_sum"": 0.0, ""matched"": 0, ""pred"": 0, ""tp"": 0}, ""3"": {""fn"": 0, ""fp"": 0, ""gt"": 0, ""iou_sum"": 0.0, ""matched"": 0, ""pred"": 0, ""tp"": 0}}","[[1.0, 0.200231475, 0.226851855, 0.5513117249999999, 0.306069965], [1.0, 0.50655864, 0.74845679, 0.6091821, 0.79166667]]","[[1.0, 0.23979078693154418, 0.24480824411651234, 0.5249789673605083, 0.2870300669728974, 0.5324854254722595]]"
m_uav0,M-UAV0,uav_pdd2023::phash6_f82f4d8032df::r180_00494_top_left,uav_pdd2023,UAV-PDD,source_photo_00494,r180_00494_top_left,data/external_uav/uav_pdd2023/extracted/JPEGImages/r180_00494_top_left.jpg,1,0,0,0,1,0.0,0.0,0.0,0.0,true,"{""0"": {""fn"": 0, ""fp"": 0, ""gt"": 0, ""iou_sum"": 0.0, ""matched"": 0, ""pred"": 0, ""tp"": 0}, ""1"": {""fn"": 1, ""fp"": 0, ""gt"": 1, ""iou_sum"": 0.0, ""matched"": 0, ""pred"": 0, ""tp"": 0}, ""2"": {""fn"": 0, ""fp"": 0, ""gt"": 0, ""iou_sum"": 0.0, ""matched"": 0, ""pred"": 0, ""tp"": 0}, ""3"": {""fn"": 0, ""fp"": 0, ""gt"": 0, ""iou_sum"": 0.0, ""matched"": 0, ""pred"": 0, ""tp"": 0}}","[[1.0, 0.006172844999999996, 0.0622428, 0.14236111499999998, 0.13425926]]",[]
m_uav0,M-UAV0,uav_pdd2023::phash6_f8af6414e425::lr_00400_top_left,uav_pdd2023,UAV-PDD,source_photo_00400,lr_00400_top_left,data/external_uav/uav_pdd2023/extracted/JPEGImages/lr_00400_top_left.jpg,2,0,0,0,2,0.0,0.0,0.0,0.0,true,"{""0"": {""fn"": 0, ""fp"": 0, ""gt"": 0, ""iou_sum"": 0.0, ""matched"": 0, ""pred"": 0, ""tp"": 0}, ""1"": {""fn"": 2, ""fp"": 0, ""gt"": 2, ""iou_sum"": 0.0, ""matched"": 0, ""pred"": 0, ""tp"": 0}, ""2"": {""fn"": 0, ""fp"": 0, ""gt"": 0, ""iou_sum"": 0.0, ""matched"": 0, ""pred"": 0, ""tp"": 0}, ""3"": {""fn"": 0, ""fp"": 0, ""gt"": 0, ""iou_sum"": 0.0, ""matched"": 0, ""pred"": 0, ""tp"": 0}}","[[1.0, 0.672067905, 0.8163580300000001, 0.776620375, 0.86368313], [1.0, 0.46373456500000004, 0.46039094, 0.6280864150000001, 0.50668724]]",[]
m_uav0,M-UAV0,uav_pdd2023::phash6_faed9ddec78a::r180_00435_top_right,uav_pdd2023,UAV-PDD,source_photo_00435,r180_00435_top_right,data/external_uav/uav_pdd2023/extracted/JPEGImages/r180_00435_top_right.jpg,1,1,1,0,0,1.0,1.0,1.0,0.8013856212405235,false,"{""0"": {""fn"": 0, ""fp"": 0, ""gt"": 0, ""iou_sum"": 0.0, ""matched"": 0, ""pred"": 0, ""tp"": 0}, ""1"": {""fn"": 0, ""fp"": 0, ""gt"": 1, ""iou_sum"": 0.8013856212405235, ""matched"": 1, ""pred"": 1, ""tp"": 1}, ""2"": {""fn"": 0, ""fp"": 0, ""gt"": 0, ""iou_sum"": 0.0, ""matched"": 0, ""pred"": 0, ""tp"": 0}, ""3"": {""fn"": 0, ""fp"": 0, ""gt"": 0, ""iou_sum"": 0.0, ""matched"": 0, ""pred"": 0, ""tp"": 0}}","[[1.0, 0.151234565, 0.591049385, 0.327160495, 0.6275720149999999]]","[[1.0, 0.1643887508062669, 0.5898381613900141, 0.3239797662805628, 0.631674244570634, 0.7008309960365295]]"
m_uav0,M-UAV0,uav_pdd2023::phash6_fcaae200945f::r180_00463_top_right,uav_pdd2023,UAV-PDD,source_photo_00463,r180_00463_top_right,data/external_uav/uav_pdd2023/extracted/JPEGImages/r180_00463_top_right.jpg,3,1,1,0,2,1.0,0.3333333333333333,0.5,0.6645870535396939,false,"{""0"": {""fn"": 1, ""fp"": 0, ""gt"": 1, ""iou_sum"": 0.0, ""matched"": 0, ""pred"": 0, ""tp"": 0}, ""1"": {""fn"": 1, ""fp"": 0, ""gt"": 2, ""iou_sum"": 0.6645870535396939, ""matched"": 1, ""pred"": 1, ""tp"": 1}, ""2"": {""fn"": 0, ""fp"": 0, ""gt"": 0, ""iou_sum"": 0.0, ""matched"": 0, ""pred"": 0, ""tp"": 0}, ""3"": {""fn"": 0, ""fp"": 0, ""gt"": 0, ""iou_sum"": 0.0, ""matched"": 0, ""pred"": 0, ""tp"": 0}}","[[1.0, 0.49614197, 0.840534985, 0.98611111, 0.901748975], [0.0, 0.846064815, 0.023662544999999993, 0.891975305, 0.168209875], [1.0, 0.14120370000000002, 0.59516461, 0.45640432, 0.6893004100000001]]","[[1.0, 0.14630395394784432, 0.6052909191743827, 0.4412812597957658, 0.6721414950649434, 0.5039059519767761]]"
m_uav1,M-UAV1,rdd2022_china_drone::phash6_02eb77e053ae::china_drone_001520,rdd2022_china_drone,China UAV,phash6_02eb77e053ae,China_Drone_001520,RoadSentinel_datasets/rdd2022_full/China_Drone/China_Drone/train/images/China_Drone_001520.jpg,1,0,0,0,1,0.0,0.0,0.0,0.0,true,"{""0"": {""fn"": 1, ""fp"": 0, ""gt"": 1, ""iou_sum"": 0.0, ""matched"": 0, ""pred"": 0, ""tp"": 0}, ""1"": {""fn"": 0, ""fp"": 0, ""gt"": 0, ""iou_sum"": 0.0, ""matched"": 0, ""pred"": 0, ""tp"": 0}, ""2"": {""fn"": 0, ""fp"": 0, ""gt"": 0, ""iou_sum"": 0.0, ""matched"": 0, ""pred"": 0, ""tp"": 0}, ""3"": {""fn"": 0, ""fp"": 0, ""gt"": 0, ""iou_sum"": 0.0, ""matched"": 0, ""pred"": 0, ""tp"": 0}}","[[0.0, 0.49609375, 0.0019531200000000026, 0.59960937, 0.2109375]]",[]
m_uav1,M-UAV1,rdd2022_china_drone::phash6_057bb1b164a3::china_drone_001682,rdd2022_china_drone,China UAV,phash6_057bb1b164a3,China_Drone_001682,RoadSentinel_datasets/rdd2022_full/China_Drone/China_Drone/train/images/China_Drone_001682.jpg,2,4,2,2,0,0.5,1.0,0.6666666666666666,0.7628188497412756,false,"{""0"": {""fn"": 0, ""fp"": 0, ""gt"": 0, ""iou_sum"": 0.0, ""matched"": 0, ""pred"": 0, ""tp"": 0}, ""1"": {""fn"": 0, ""fp"": 2, ""gt"": 2, ""iou_sum"": 1.5256376994825511, ""matched"": 2, ""pred"": 4, ""tp"": 2}, ""2"": {""fn"": 0, ""fp"": 0, ""gt"": 0, ""iou_sum"": 0.0, ""matched"": 0, ""pred"": 0, ""tp"": 0}, ""3"": {""fn"": 0, ""fp"": 0, ""gt"": 0, ""iou_sum"": 0.0, ""matched"": 0, ""pred"": 0, ""tp"": 0}}","[[1.0, 0.34179688, 0.359375, 0.43554688, 0.40820312000000003], [1.0, 0.589843755, 0.271484375, 1.000000005, 0.353515625]]","[[1.0, 0.6133170127868652, 0.2602957487106323, 1.0, 0.3551677465438843, 0.6350018382072449], [1.0, 0.3442538380622864, 0.3710634410381317, 0.4388091564178467, 0.4094369113445282, 0.5690078735351562], [1.0, 0.7859867215156555, 0.2715132236480713, 1.0, 0.3414607048034668, 0.31329962611198425], [1.0, 0.6130313873291016, 0.28858599066734314, 1.0, 0.35505178570747375, 0.2589940130710602]]"
m_uav1,M-UAV1,rdd2022_china_drone::phash6_063fb083a2ac::china_drone_002088,rdd2022_china_drone,China UAV,phash6_063fb083a2ac,China_Drone_002088,RoadSentinel_datasets/rdd2022_full/China_Drone/China_Drone/train/images/China_Drone_002088.jpg,1,0,0,0,1,0.0,0.0,0.0,0.0,true,"{""0"": {""fn"": 0, ""fp"": 0, ""gt"": 0, ""iou_sum"": 0.0, ""matched"": 0, ""pred"": 0, ""tp"": 0}, ""1"": {""fn"": 1, ""fp"": 0, ""gt"": 1, ""iou_sum"": 0.0, ""matched"": 0, ""pred"": 0, ""tp"": 0}, ""2"": {""fn"": 0, ""fp"": 0, ""gt"": 0, ""iou_sum"": 0.0, ""matched"": 0, ""pred"": 0, ""tp"": 0}, ""3"": {""fn"": 0, ""fp"": 0, ""gt"": 0, ""iou_sum"": 0.0, ""matched"": 0, ""pred"": 0, ""tp"": 0}}","[[1.0, 0.001953125, 0.81835938, 0.341796875, 1.0]]",[]
m_uav1,M-UAV1,rdd2022_china_drone::phash6_08f88e483beb::china_drone_000553,rdd2022_china_drone,China UAV,phash6_08f88e483beb,China_Drone_000553,RoadSentinel_datasets/rdd2022_full/China_Drone/China_Drone/train/images/China_Drone_000553.jpg,1,1,1,0,0,1.0,1.0,1.0,0.8208027247489716,false,"{""0"": {""fn"": 0, ""fp"": 0, ""gt"": 1, ""iou_sum"": 0.8208027247489716, ""matched"": 1, ""pred"": 1, ""tp"": 1}, ""1"": {""fn"": 0, ""fp"": 0, ""gt"": 0, ""iou_sum"": 0.0, ""matched"": 0, ""pred"": 0, ""tp"": 0}, ""2"": {""fn"": 0, ""fp"": 0, ""gt"": 0, ""iou_sum"": 0.0, ""matched"": 0, ""pred"": 0, ""tp"": 0}, ""3"": {""fn"": 0, ""fp"": 0, ""gt"": 0, ""iou_sum"": 0.0, ""matched"": 0, ""pred"": 0, ""tp"": 0}}","[[0.0, 0.6640625, 0.001953130000000025, 0.70898438, 0.44921875]]","[[0.0, 0.6628865599632263, 0.0, 0.7167443633079529, 0.4430048167705536, 0.8176724314689636]]"
m_uav1,M-UAV1,rdd2022_china_drone::phash6_0938ca56207f::china_drone_001858,rdd2022_china_drone,China UAV,phash6_0938ca56207f,China_Drone_001858,RoadSentinel_datasets/rdd2022_full/China_Drone/China_Drone/train/images/China_Drone_001858.jpg,2,4,1,3,1,0.25,0.5,0.3333333333333333,0.8083471271797827,false,"{""0"": {""fn"": 1, ""fp"": 1, ""gt"": 1, ""iou_sum"": 0.0, ""matched"": 0, ""pred"": 1, ""tp"": 0}, ""1"": {""fn"": 0, ""fp"": 0, ""gt"": 0, ""iou_sum"": 0.0, ""matched"": 0, ""pred"": 0, ""tp"": 0}, ""2"": {""fn"": 0, ""fp"": 2, ""gt"": 1, ""iou_sum"": 0.8083471271797827, ""matched"": 1, ""pred"": 3, ""tp"": 1}, ""3"": {""fn"": 0, ""fp"": 0, ""gt"": 0, ""iou_sum"": 0.0, ""matched"": 0, ""pred"": 0, ""tp"": 0}}","[[2.0, 0.23632812000000003, 0.527343755, 1.0, 1.000000005], [0.0, 0.72460938, 0.11132811999999999, 0.7734375, 0.3203125]]","[[2.0, 0.17559300363063812, 0.45835763216018677, 1.0, 1.0, 0.566160261631012], [0.0, 0.7338147163391113, 0.0, 0.8344160318374634, 0.3112668991088867, 0.43884554505348206], [2.0, 0.03977494314312935, 0.45762720704078674, 0.7063211798667908, 1.0, 0.36842411756515503], [2.0, 0.2338564693927765, 0.43996506929397583, 0.6859162449836731, 0.9990732073783875, 0.3080066740512848]]"
m_uav1,M-UAV1,rdd2022_china_drone::phash6_0baae3407993::china_drone_000571,rdd2022_china_drone,China UAV,phash6_0baae3407993,China_Drone_000571,RoadSentinel_datasets/rdd2022_full/China_Drone/China_Drone/train/images/China_Drone_000571.jpg,2,1,1,0,1,1.0,0.5,0.6666666666666666,0.8198103637501133,false,"{""0"": {""fn"": 1, ""fp"": 0, ""gt"": 2, ""iou_sum"": 0.8198103637501133, ""matched"": 1, ""pred"": 1, ""tp"": 1}, ""1"": {""fn"": 0, ""fp"": 0, ""gt"": 0, ""iou_sum"": 0.0, ""matched"": 0, ""pred"": 0, ""tp"": 0}, ""2"": {""fn"": 0, ""fp"": 0, ""gt"": 0, ""iou_sum"": 0.0, ""matched"": 0, ""pred"": 0, ""tp"": 0}, ""3"": {""fn"": 0, ""fp"": 0, ""gt"": 0, ""iou_sum"": 0.0, ""matched"": 0, ""pred"": 0, ""tp"": 0}}","[[0.0, 0.46289062000000003, 0.57617188, 0.5625, 1.0], [0.0, 0.796875, 0.0019531200000000026, 0.8515625, 0.234375]]","[[0.0, 0.4642747938632965, 0.6020883917808533, 0.5512542724609375, 1.0, 0.4189358055591583]]"
m_uav1,M-UAV1,rdd2022_china_drone::phash6_0c8d6cdd6b16::china_drone_001765,rdd2022_china_drone,China UAV,phash6_0c8d6cdd6b16,China_Drone_001765,RoadSentinel_datasets/rdd2022_full/China_Drone/China_Drone/train/images/China_Drone_001765.jpg,2,3,2,1,0,0.6666666666666666,1.0,0.8,0.736403080837158,false,"{""0"": {""fn"": 0, ""fp"": 0, ""gt"": 1, ""iou_sum"": 0.7155701737505672, ""matched"": 1, ""pred"": 1, ""tp"": 1}, ""1"": {""fn"": 0, ""fp"": 1, ""gt"": 1, ""iou_sum"": 0.7572359879237488, ""matched"": 1, ""pred"": 2, ""tp"": 1}, ""2"": {""fn"": 0, ""fp"": 0, ""gt"": 0, ""iou_sum"": 0.0, ""matched"": 0, ""pred"": 0, ""tp"": 0}, ""3"": {""fn"": 0, ""fp"": 0, ""gt"": 0, ""iou_sum"": 0.0, ""matched"": 0, ""pred"": 0, ""tp"": 0}}","[[0.0, 0.21484375, 0.42578125, 0.25585937, 0.54492187], [1.0, 0.16210937, 0.82226562, 0.48046875, 0.88476562]]","[[1.0, 0.14951615035533905, 0.8161321878433228, 0.46302804350852966, 0.8789716958999634, 0.6746607422828674], [0.0, 0.20960858464241028, 0.4207456707954407, 0.2618635892868042, 0.5514316558837891, 0.6373288631439209], [1.0, 0.0012756347423419356, 0.8192270398139954, 0.4710724949836731, 0.9116350412368774, 0.5250560641288757]]"
m_uav1,M-UAV1,rdd2022_china_drone::phash6_1045729235da::china_drone_000784,rdd2022_china_drone,China UAV,phash6_1045729235da,China_Drone_000784,RoadSentinel_datasets/rdd2022_full/China_Drone/China_Drone/train/images/China_Drone_000784.jpg,1,1,1,0,0,1.0,1.0,1.0,0.7124088313192052,false,"{""0"": {""fn"": 0, ""fp"": 0, ""gt"": 1, ""iou_sum"": 0.7124088313192052, ""matched"": 1, ""pred"": 1, ""tp"": 1}, ""1"": {""fn"": 0, ""fp"": 0, ""gt"": 0, ""iou_sum"": 0.0, ""matched"": 0, ""pred"": 0, ""tp"": 0}, ""2"": {""fn"": 0, ""fp"": 0, ""gt"": 0, ""iou_sum"": 0.0, ""matched"": 0, ""pred"": 0, ""tp"": 0}, ""3"": {""fn"": 0, ""fp"": 0, ""gt"": 0, ""iou_sum"": 0.0, ""matched"": 0, ""pred"": 0, ""tp"": 0}}","[[0.0, 0.625, 0.0019531200000000026, 0.6796875, 0.23632812]]","[[0.0, 0.605773389339447, 0.0, 0.6789159178733826, 0.2315226048231125, 0.7899718284606934]]"
m_uav1,M-UAV1,rdd2022_china_drone::phash6_10d75093cc32::china_drone_000030,rdd2022_china_drone,China UAV,phash6_10d75093cc32,China_Drone_000030,RoadSentinel_datasets/rdd2022_full/China_Drone/China_Drone/train/images/China_Drone_000030.jpg,2,3,2,1,0,0.6666666666666666,1.0,0.8,0.5641705119543927,false,"{""0"": {""fn"": 0, ""fp"": 0, ""gt"": 0, ""iou_sum"": 0.0, ""matched"": 0, ""pred"": 0, ""tp"": 0}, ""1"": {""fn"": 0, ""fp"": 1, ""gt"": 2, ""iou_sum"": 1.1283410239087854, ""matched"": 2, ""pred"": 3, ""tp"": 2}, ""2"": {""fn"": 0, ""fp"": 0, ""gt"": 0, ""iou_sum"": 0.0, ""matched"": 0, ""pred"": 0, ""tp"": 0}, ""3"": {""fn"": 0, ""fp"": 0, ""gt"": 0, ""iou_sum"": 0.0, ""matched"": 0, ""pred"": 0, ""tp"": 0}}","[[1.0, 0.14453125000000003, 0.269531255, 0.59960937, 0.351562505], [1.0, 0.69921875, 0.2265625, 0.84960937, 0.27539062000000003]]","[[1.0, 0.6998734474182129, 0.24319592118263245, 0.8647841811180115, 0.2818238437175751, 0.8585346341133118], [1.0, 0.007724952884018421, 0.27603211998939514, 0.6067221760749817, 0.3689750134944916, 0.795343816280365], [1.0, 0.910883367061615, 0.09970670938491821, 1.0, 0.1459481567144394, 0.5719846487045288]]"
m_uav1,M-UAV1,rdd2022_china_drone::phash6_12ac2baffa46::china_drone_002292,rdd2022_china_drone,China UAV,phash6_12ac2baffa46,China_Drone_002292,RoadSentinel_datasets/rdd2022_full/China_Drone/China_Drone/train/images/China_Drone_002292.jpg,1,1,1,0,0,1.0,1.0,1.0,0.9377750921058247,false,"{""0"": {""fn"": 0, ""fp"": 0, ""gt"": 0, ""iou_sum"": 0.0, ""matched"": 0, ""pred"": 0, ""tp"": 0}, ""1"": {""fn"": 0, ""fp"": 0, ""gt"": 1, ""iou_sum"": 0.9377750921058247, ""matched"": 1, ""pred"": 1, ""tp"": 1}, ""2"": {""fn"": 0, ""fp"": 0, ""gt"": 0, ""iou_sum"": 0.0, ""matched"": 0, ""pred"": 0, ""tp"": 0}, ""3"": {""fn"": 0, ""fp"": 0, ""gt"": 0, ""iou_sum"": 0.0, ""matched"": 0, ""pred"": 0, ""tp"": 0}}","[[1.0, 0.169921875, 0.72265625, 0.634765625, 0.83398437]]","[[1.0, 0.1733415424823761, 0.7256959080696106, 0.6347312927246094, 0.8308781981468201, 0.8316841125488281]]"
m_uav1,M-UAV1,rdd2022_china_drone::phash6_15a8a403bb91::china_drone_001434,rdd2022_china_drone,China UAV,phash6_15a8a403bb91,China_Drone_001434,RoadSentinel_datasets/rdd2022_full/China_Drone/China_Drone/train/images/China_Drone_001434.jpg,1,0,0,0,1,0.0,0.0,0.0,0.0,true,"{""0"": {""fn"": 1, ""fp"": 0, ""gt"": 1, ""iou_sum"": 0.0, ""matched"": 0, ""pred"": 0, ""tp"": 0}, ""1"": {""fn"": 0, ""fp"": 0, ""gt"": 0, ""iou_sum"": 0.0, ""matched"": 0, ""pred"": 0, ""tp"": 0}, ""2"": {""fn"": 0, ""fp"": 0, ""gt"": 0, ""iou_sum"": 0.0, ""matched"": 0, ""pred"": 0, ""tp"": 0}, ""3"": {""fn"": 0, ""fp"": 0, ""gt"": 0, ""iou_sum"": 0.0, ""matched"": 0, ""pred"": 0, ""tp"": 0}}","[[0.0, 0.63085938, 0.523437495, 0.9921875, 0.652343745]]",[]
m_uav1,M-UAV1,rdd2022_china_drone::phash6_16127146e9f2::china_drone_002347,rdd2022_china_drone,China UAV,phash6_16127146e9f2,China_Drone_002347,RoadSentinel_datasets/rdd2022_full/China_Drone/China_Drone/train/images/China_Drone_002347.jpg,1,0,0,0,1,0.0,0.0,0.0,0.0,true,"{""0"": {""fn"": 1, ""fp"": 0, ""gt"": 1, ""iou_sum"": 0.0, ""matched"": 0, ""pred"": 0, ""tp"": 0}, ""1"": {""fn"": 0, ""fp"": 0, ""gt"": 0, ""iou_sum"": 0.0, ""matched"": 0, ""pred"": 0, ""tp"": 0}, ""2"": {""fn"": 0, ""fp"": 0, ""gt"": 0, ""iou_sum"": 0.0, ""matched"": 0, ""pred"": 0, ""tp"": 0}, ""3"": {""fn"": 0, ""fp"": 0, ""gt"": 0, ""iou_sum"": 0.0, ""matched"": 0, ""pred"": 0, ""tp"": 0}}","[[0.0, 0.191406255, 0.66210938, 0.242187505, 1.0]]",[]
m_uav1,M-UAV1,rdd2022_china_drone::phash6_193f0d5a669f::china_drone_001218,rdd2022_china_drone,China UAV,phash6_193f0d5a669f,China_Drone_001218,RoadSentinel_datasets/rdd2022_full/China_Drone/China_Drone/train/images/China_Drone_001218.jpg,1,1,0,1,1,0.0,0.0,0.0,0.0,false,"{""0"": {""fn"": 0, ""fp"": 0, ""gt"": 0, ""iou_sum"": 0.0, ""matched"": 0, ""pred"": 0, ""tp"": 0}, ""1"": {""fn"": 0, ""fp"": 1, ""gt"": 0, ""iou_sum"": 0.0, ""matched"": 0, ""pred"": 1, ""tp"": 0}, ""2"": {""fn"": 1, ""fp"": 0, ""gt"": 1, ""iou_sum"": 0.0, ""matched"": 0, ""pred"": 0, ""tp"": 0}, ""3"": {""fn"": 0, ""fp"": 0, ""gt"": 0, ""iou_sum"": 0.0, ""matched"": 0, ""pred"": 0, ""tp"": 0}}","[[2.0, 0.001953130000000025, 0.0019531200000000026, 0.41796875, 0.12695312]]","[[1.0, 0.07016453891992569, 0.37370267510414124, 0.5378663539886475, 0.44212910532951355, 0.2563071846961975]]"
m_uav1,M-UAV1,rdd2022_china_drone::phash6_1b1f4861d0ef::china_drone_000514,rdd2022_china_drone,China UAV,phash6_1b1f4861d0ef,China_Drone_000514,RoadSentinel_datasets/rdd2022_full/China_Drone/China_Drone/train/images/China_Drone_000514.jpg,1,6,1,5,0,0.16666666666666666,1.0,0.2857142857142857,0.8275669104117985,false,"{""0"": {""fn"": 0, ""fp"": 2, ""gt"": 1, ""iou_sum"": 0.8275669104117985, ""matched"": 1, ""pred"": 3, ""tp"": 1}, ""1"": {""fn"": 0, ""fp"": 3, ""gt"": 0, ""iou_sum"": 0.0, ""matched"": 0, ""pred"": 3, ""tp"": 0}, ""2"": {""fn"": 0, ""fp"": 0, ""gt"": 0, ""iou_sum"": 0.0, ""matched"": 0, ""pred"": 0, ""tp"": 0}, ""3"": {""fn"": 0, ""fp"": 0, ""gt"": 0, ""iou_sum"": 0.0, ""matched"": 0, ""pred"": 0, ""tp"": 0}}","[[0.0, 0.22070313000000003, 0.68554688, 0.26953125, 1.0]]","[[0.0, 0.21607647836208344, 0.6902840733528137, 0.274331659078598, 1.0, 0.7326103448867798], [1.0, 0.19465363025665283, 0.1359107494354248, 0.760417640209198, 0.2043784111738205, 0.5765047073364258], [0.0, 0.5197476744651794, 0.0, 0.5651364922523499, 0.05468042567372322, 0.503346860408783], [1.0, 0.16643202304840088, 0.14151087403297424, 0.8400854468345642, 0.23058100044727325, 0.3600616455078125], [0.0, 0.12344098091125488, 0.04035995155572891, 0.21837268769741058, 0.24492131173610687, 0.3565698564052582], [1.0, 0.0, 0.1077105775475502, 0.10035426914691925, 0.16297315061092377, 0.3218332827091217]]"
m_uav1,M-UAV1,rdd2022_china_drone::phash6_1c18c0e5ad1f::china_drone_000000,rdd2022_china_drone,China UAV,phash6_1c18c0e5ad1f,China_Drone_000000,RoadSentinel_datasets/rdd2022_full/China_Drone/China_Drone/train/images/China_Drone_000000.jpg,1,0,0,0,1,0.0,0.0,0.0,0.0,true,"{""0"": {""fn"": 0, ""fp"": 0, ""gt"": 0, ""iou_sum"": 0.0, ""matched"": 0, ""pred"": 0, ""tp"": 0}, ""1"": {""fn"": 1, ""fp"": 0, ""gt"": 1, ""iou_sum"": 0.0, ""matched"": 0, ""pred"": 0, ""tp"": 0}, ""2"": {""fn"": 0, ""fp"": 0, ""gt"": 0, ""iou_sum"": 0.0, ""matched"": 0, ""pred"": 0, ""tp"": 0}, ""3"": {""fn"": 0, ""fp"": 0, ""gt"": 0, ""iou_sum"": 0.0, ""matched"": 0, ""pred"": 0, ""tp"": 0}}","[[1.0, 0.63085937, 0.41601562, 0.76171875, 0.47851562]]",[]
m_uav1,M-UAV1,rdd2022_china_drone::phash6_1d87c7c7a617::china_drone_001064,rdd2022_china_drone,China UAV,phash6_1d87c7c7a617,China_Drone_001064,RoadSentinel_datasets/rdd2022_full/China_Drone/China_Drone/train/images/China_Drone_001064.jpg,1,1,1,0,0,1.0,1.0,1.0,0.7271675990764209,false,"{""0"": {""fn"": 0, ""fp"": 0, ""gt"": 1, ""iou_sum"": 0.7271675990764209, ""matched"": 1, ""pred"": 1, ""tp"": 1}, ""1"": {""fn"": 0, ""fp"": 0, ""gt"": 0, ""iou_sum"": 0.0, ""matched"": 0, ""pred"": 0, ""tp"": 0}, ""2"": {""fn"": 0, ""fp"": 0, ""gt"": 0, ""iou_sum"": 0.0, ""matched"": 0, ""pred"": 0, ""tp"": 0}, ""3"": {""fn"": 0, ""fp"": 0, ""gt"": 0, ""iou_sum"": 0.0, ""matched"": 0, ""pred"": 0, ""tp"": 0}}","[[0.0, 0.0019531200000000026, 0.0019531200000000026, 0.2265625, 0.34570312000000003]]","[[0.0, 0.0, 0.0006745338323526084, 0.2611810266971588, 0.407206267118454, 0.5018627643585205]]"
m_uav1,M-UAV1,rdd2022_china_drone::phash6_1f71bd340f8a::china_drone_000991,rdd2022_china_drone,China UAV,phash6_1f71bd340f8a,China_Drone_000991,RoadSentinel_datasets/rdd2022_full/China_Drone/China_Drone/train/images/China_Drone_000991.jpg,2,3,1,2,1,0.3333333333333333,0.5,0.4,0.7928525625734077,false,"{""0"": {""fn"": 1, ""fp"": 2, ""gt"": 2, ""iou_sum"": 0.7928525625734077, ""matched"": 1, ""pred"": 3, ""tp"": 1}, ""1"": {""fn"": 0, ""fp"": 0, ""gt"": 0, ""iou_sum"": 0.0, ""matched"": 0, ""pred"": 0, ""tp"": 0}, ""2"": {""fn"": 0, ""fp"": 0, ""gt"": 0, ""iou_sum"": 0.0, ""matched"": 0, ""pred"": 0, ""tp"": 0}, ""3"": {""fn"": 0, ""fp"": 0, ""gt"": 0, ""iou_sum"": 0.0, ""matched"": 0, ""pred"": 0, ""tp"": 0}}","[[0.0, 0.40625, 0.03125, 0.4765625, 0.46875], [0.0, 0.431640625, 0.48632812999999997, 0.466796875, 0.71484375]]","[[0.0, 0.4107041358947754, 0.0, 0.47132253646850586, 0.48183995485305786, 0.710019052028656], [0.0, 0.3011493384838104, 0.8470279574394226, 0.3531351089477539, 1.0, 0.6612166166305542], [0.0, 0.5558949112892151, 0.0, 0.6235425472259521, 0.2504863739013672, 0.6102173328399658]]"
m_uav1,M-UAV1,rdd2022_china_drone::phash6_24f56194d024::china_drone_000700,rdd2022_china_drone,China UAV,phash6_24f56194d024,China_Drone_000700,RoadSentinel_datasets/rdd2022_full/China_Drone/China_Drone/train/images/China_Drone_000700.jpg,1,0,0,0,1,0.0,0.0,0.0,0.0,true,"{""0"": {""fn"": 1, ""fp"": 0, ""gt"": 1, ""iou_sum"": 0.0, ""matched"": 0, ""pred"": 0, ""tp"": 0}, ""1"": {""fn"": 0, ""fp"": 0, ""gt"": 0, ""iou_sum"": 0.0, ""matched"": 0, ""pred"": 0, ""tp"": 0}, ""2"": {""fn"": 0, ""fp"": 0, ""gt"": 0, ""iou_sum"": 0.0, ""matched"": 0, ""pred"": 0, ""tp"": 0}, ""3"": {""fn"": 0, ""fp"": 0, ""gt"": 0, ""iou_sum"": 0.0, ""matched"": 0, ""pred"": 0, ""tp"": 0}}","[[0.0, 0.11718750000000001, 0.3828125, 0.18554688000000003, 0.71679688]]",[]
m_uav1,M-UAV1,rdd2022_china_drone::phash6_26dd94796f23::china_drone_001149,rdd2022_china_drone,China UAV,phash6_26dd94796f23,China_Drone_001149,RoadSentinel_datasets/rdd2022_full/China_Drone/China_Drone/train/images/China_Drone_001149.jpg,6,6,3,3,3,0.5,0.5,0.5,0.7447074872329127,false,"{""0"": {""fn"": 0, ""fp"": 0, ""gt"": 2, ""iou_sum"": 1.5973043405043845, ""matched"": 2, ""pred"": 2, ""tp"": 2}, ""1"": {""fn"": 1, ""fp"": 2, ""gt"": 2, ""iou_sum"": 0.6368181211943534, ""matched"": 1, ""pred"": 3, ""tp"": 1}, ""2"": {""fn"": 2, ""fp"": 1, ""gt"": 2, ""iou_sum"": 0.0, ""matched"": 0, ""pred"": 1, ""tp"": 0}, ""3"": {""fn"": 0, ""fp"": 0, ""gt"": 0, ""iou_sum"": 0.0, ""matched"": 0, ""pred"": 0, ""tp"": 0}}","[[0.0, 0.30273437999999997, 0.00390625, 0.359375, 0.54296875], [0.0, 0.5703125, 0.25585937000000003, 0.61523438, 0.64453125], [1.0, 0.005859375, 0.86914063, 0.244140625, 0.91796875], [2.0, 0.24804687999999997, 0.85351563, 0.4140625, 0.95507813], [2.0, 0.49609375, 0.82226563, 0.80859375, 0.94921875], [1.0, 0.839843755, 0.88476562, 1.000000005, 0.9296875]]","[[0.0, 0.3029468357563019, 0.002812671707943082, 0.36573442816734314, 0.5517637133598328, 0.8140396475791931], [1.0, 0.0007780074956826866, 0.8627284169197083, 0.2758748531341553, 0.9291422963142395, 0.659701943397522], [0.0, 0.5629966855049133, 0.24215681850910187, 0.622011125087738, 0.6543865203857422, 0.5377744436264038], [2.0, 0.4932611584663391, 0.8572167754173279, 1.0, 0.9494803547859192, 0.4963729679584503], [1.0, 0.734689474105835, 0.8802325129508972, 1.0, 0.9437474608421326, 0.4579343795776367], [1.0, 0.6294404864311218, 0.8781672716140747, 1.0, 0.9459514021873474, 0.39491137862205505]]"
m_uav1,M-UAV1,rdd2022_china_drone::phash6_288414d59d6e::china_drone_001104,rdd2022_china_drone,China UAV,phash6_288414d59d6e,China_Drone_001104,RoadSentinel_datasets/rdd2022_full/China_Drone/China_Drone/train/images/China_Drone_001104.jpg,2,1,1,0,1,1.0,0.5,0.6666666666666666,0.8148999668941145,false,"{""0"": {""fn"": 1, ""fp"": 0, ""gt"": 2, ""iou_sum"": 0.8148999668941145, ""matched"": 1, ""pred"": 1, ""tp"": 1}, ""1"": {""fn"": 0, ""fp"": 0, ""gt"": 0, ""iou_sum"": 0.0, ""matched"": 0, ""pred"": 0, ""tp"": 0}, ""2"": {""fn"": 0, ""fp"": 0, ""gt"": 0, ""iou_sum"": 0.0, ""matched"": 0, ""pred"": 0, ""tp"": 0}, ""3"": {""fn"": 0, ""fp"": 0, ""gt"": 0, ""iou_sum"": 0.0, ""matched"": 0, ""pred"": 0, ""tp"": 0}}","[[0.0, 0.859374995, 0.667968755, 0.910156245, 1.000000005], [0.0, 0.88085938, 0.12500000000000003, 0.92773438, 0.38476562000000003]]","[[0.0, 0.853366494178772, 0.6679332852363586, 0.9155060052871704, 0.9988937377929688, 0.5711635947227478]]"
m_uav1,M-UAV1,rdd2022_china_drone::phash6_2b8a30163cc7::china_drone_000641,rdd2022_china_drone,China UAV,phash6_2b8a30163cc7,China_Drone_000641,RoadSentinel_datasets/rdd2022_full/China_Drone/China_Drone/train/images/China_Drone_000641.jpg,2,1,1,0,1,1.0,0.5,0.6666666666666666,0.6568109171740376,false,"{""0"": {""fn"": 0, ""fp"": 0, ""gt"": 1, ""iou_sum"": 0.6568109171740376, ""matched"": 1, ""pred"": 1, ""tp"": 1}, ""1"": {""fn"": 0, ""fp"": 0, ""gt"": 0, ""iou_sum"": 0.0, ""matched"": 0, ""pred"": 0, ""tp"": 0}, ""2"": {""fn"": 1, ""fp"": 0, ""gt"": 1, ""iou_sum"": 0.0, ""matched"": 0, ""pred"": 0, ""tp"": 0}, ""3"": {""fn"": 0, ""fp"": 0, ""gt"": 0, ""iou_sum"": 0.0, ""matched"": 0, ""pred"": 0, ""tp"": 0}}","[[0.0, 0.8828125, 0.07812499499999997, 0.93945312, 0.488281245], [2.0, 0.8125, 0.570312505, 0.99804688, 0.769531255]]","[[0.0, 0.8686333894729614, 0.07649455219507217, 0.9300694465637207, 0.48199692368507385, 0.6368800401687622]]"
m_uav1,M-UAV1,rdd2022_china_drone::phash6_2bc3f6b3ea20::china_drone_001839,rdd2022_china_drone,China UAV,phash6_2bc3f6b3ea20,China_Drone_001839,RoadSentinel_datasets/rdd2022_full/China_Drone/China_Drone/train/images/China_Drone_001839.jpg,1,3,1,2,0,0.3333333333333333,1.0,0.5,0.7963064070161144,false,"{""0"": {""fn"": 0, ""fp"": 2, ""gt"": 1, ""iou_sum"": 0.7963064070161144, ""matched"": 1, ""pred"": 3, ""tp"": 1}, ""1"": {""fn"": 0, ""fp"": 0, ""gt"": 0, ""iou_sum"": 0.0, ""matched"": 0, ""pred"": 0, ""tp"": 0}, ""2"": {""fn"": 0, ""fp"": 0, ""gt"": 0, ""iou_sum"": 0.0, ""matched"": 0, ""pred"": 0, ""tp"": 0}, ""3"": {""fn"": 0, ""fp"": 0, ""gt"": 0, ""iou_sum"": 0.0, ""matched"": 0, ""pred"": 0, ""tp"": 0}}","[[0.0, 0.42773437000000003, 0.0019531299999999696, 0.54296875, 0.71484375]]","[[0.0, 0.4279913902282715, 0.0023661137092858553, 0.5096511244773865, 0.41744375228881836, 0.4711886942386627], [0.0, 0.427737295627594, 0.0, 0.5384958982467651, 0.8664385676383972, 0.3158235549926758], [0.0, 0.423716276884079, 0.0005927562597207725, 0.5531551241874695, 0.6758324503898621, 0.26083067059516907]]"
m_uav1,M-UAV1,rdd2022_china_drone::phash6_319ea13ec609::china_drone_000878,rdd2022_china_drone,China UAV,phash6_319ea13ec609,China_Drone_000878,RoadSentinel_datasets/rdd2022_full/China_Drone/China_Drone/train/images/China_Drone_000878.jpg,1,2,1,1,0,0.5,1.0,0.6666666666666666,0.7504976268108831,false,"{""0"": {""fn"": 0, ""fp"": 0, ""gt"": 0, ""iou_sum"": 0.0, ""matched"": 0, ""pred"": 0, ""tp"": 0}, ""1"": {""fn"": 0, ""fp"": 0, ""gt"": 0, ""iou_sum"": 0.0, ""matched"": 0, ""pred"": 0, ""tp"": 0}, ""2"": {""fn"": 0, ""fp"": 1, ""gt"": 1, ""iou_sum"": 0.7504976268108831, ""matched"": 1, ""pred"": 2, ""tp"": 1}, ""3"": {""fn"": 0, ""fp"": 0, ""gt"": 0, ""iou_sum"": 0.0, ""matched"": 0, ""pred"": 0, ""tp"": 0}}","[[2.0, 0.78320312, 0.06640624999999999, 1.0, 0.22460936999999997]]","[[2.0, 0.8013321161270142, 0.07369065284729004, 0.9966190457344055, 0.20549939572811127, 0.8000991940498352], [2.0, 0.8428861498832703, 0.3881397545337677, 0.9984487891197205, 0.49299487471580505, 0.5096335411071777]]"
m_uav1,M-UAV1,rdd2022_china_drone::phash6_388bec64e9f3::china_drone_000673,rdd2022_china_drone,China UAV,phash6_388bec64e9f3,China_Drone_000673,RoadSentinel_datasets/rdd2022_full/China_Drone/China_Drone/train/images/China_Drone_000673.jpg,1,1,1,0,0,1.0,1.0,1.0,0.8119938285358662,false,"{""0"": {""fn"": 0, ""fp"": 0, ""gt"": 0, ""iou_sum"": 0.0, ""matched"": 0, ""pred"": 0, ""tp"": 0}, ""1"": {""fn"": 0, ""fp"": 0, ""gt"": 1, ""iou_sum"": 0.8119938285358662, ""matched"": 1, ""pred"": 1, ""tp"": 1}, ""2"": {""fn"": 0, ""fp"": 0, ""gt"": 0, ""iou_sum"": 0.0, ""matched"": 0, ""pred"": 0, ""tp"": 0}, ""3"": {""fn"": 0, ""fp"": 0, ""gt"": 0, ""iou_sum"": 0.0, ""matched"": 0, ""pred"": 0, ""tp"": 0}}","[[1.0, 0.298828125, 0.341796875, 0.982421875, 0.408203125]]","[[1.0, 0.3944624066352844, 0.3387129008769989, 0.994845986366272, 0.40818509459495544, 0.7495937943458557]]"
m_uav1,M-UAV1,rdd2022_china_drone::phash6_3c2e400c8ae6::china_drone_000405,rdd2022_china_drone,China UAV,phash6_3c2e400c8ae6,China_Drone_000405,RoadSentinel_datasets/rdd2022_full/China_Drone/China_Drone/train/images/China_Drone_000405.jpg,1,2,1,1,0,0.5,1.0,0.6666666666666666,0.560976637142374,false,"{""0"": {""fn"": 0, ""fp"": 0, ""gt"": 1, ""iou_sum"": 0.560976637142374, ""matched"": 1, ""pred"": 1, ""tp"": 1}, ""1"": {""fn"": 0, ""fp"": 1, ""gt"": 0, ""iou_sum"": 0.0, ""matched"": 0, ""pred"": 1, ""tp"": 0}, ""2"": {""fn"": 0, ""fp"": 0, ""gt"": 0, ""iou_sum"": 0.0, ""matched"": 0, ""pred"": 0, ""tp"": 0}, ""3"": {""fn"": 0, ""fp"": 0, ""gt"": 0, ""iou_sum"": 0.0, ""matched"": 0, ""pred"": 0, ""tp"": 0}}","[[0.0, 0.605468755, 0.69921875, 1.000000005, 0.99804687]]","[[0.0, 0.6383033990859985, 0.6045852899551392, 1.0, 0.9351593852043152, 0.44751453399658203], [1.0, 0.6380102038383484, 0.6788920760154724, 1.0, 0.9378477931022644, 0.2581489682197571]]"
m_uav1,M-UAV1,rdd2022_china_drone::phash6_4b88dad0221d::china_drone_000589,rdd2022_china_drone,China UAV,phash6_4b88dad0221d,China_Drone_000589,RoadSentinel_datasets/rdd2022_full/China_Drone/China_Drone/train/images/China_Drone_000589.jpg,1,2,0,2,1,0.0,0.0,0.0,0.0,false,"{""0"": {""fn"": 1, ""fp"": 0, ""gt"": 1, ""iou_sum"": 0.0, ""matched"": 0, ""pred"": 0, ""tp"": 0}, ""1"": {""fn"": 0, ""fp"": 2, ""gt"": 0, ""iou_sum"": 0.0, ""matched"": 0, ""pred"": 2, ""tp"": 0}, ""2"": {""fn"": 0, ""fp"": 0, ""gt"": 0, ""iou_sum"": 0.0, ""matched"": 0, ""pred"": 0, ""tp"": 0}, ""3"": {""fn"": 0, ""fp"": 0, ""gt"": 0, ""iou_sum"": 0.0, ""matched"": 0, ""pred"": 0, ""tp"": 0}}","[[0.0, 0.0019531199999999749, 0.5, 0.3671875, 0.66601562]]","[[1.0, 0.0, 0.7577937245368958, 0.5433493852615356, 0.8269860148429871, 0.4822057783603668], [1.0, 0.0031167983543127775, 0.45360514521598816, 0.5501346588134766, 0.6595925092697144, 0.42620977759361267]]"
m_uav1,M-UAV1,rdd2022_china_drone::phash6_4e3b9b53c2c9::china_drone_002228,rdd2022_china_drone,China UAV,phash6_4e3b9b53c2c9,China_Drone_002228,RoadSentinel_datasets/rdd2022_full/China_Drone/China_Drone/train/images/China_Drone_002228.jpg,2,3,2,1,0,0.6666666666666666,1.0,0.8,0.771750401231204,false,"{""0"": {""fn"": 0, ""fp"": 1, ""gt"": 1, ""iou_sum"": 0.8226553314237747, ""matched"": 1, ""pred"": 2, ""tp"": 1}, ""1"": {""fn"": 0, ""fp"": 0, ""gt"": 1, ""iou_sum"": 0.7208454710386332, ""matched"": 1, ""pred"": 1, ""tp"": 1}, ""2"": {""fn"": 0, ""fp"": 0, ""gt"": 0, ""iou_sum"": 0.0, ""matched"": 0, ""pred"": 0, ""tp"": 0}, ""3"": {""fn"": 0, ""fp"": 0, ""gt"": 0, ""iou_sum"": 0.0, ""matched"": 0, ""pred"": 0, ""tp"": 0}}","[[1.0, 0.0019531200000000026, 0.4921875, 0.18945312, 0.54101562], [0.0, 0.902343755, 0.021484379999999997, 1.000000005, 0.42773437999999997]]","[[0.0, 0.8902546167373657, 0.0, 1.0, 0.43942949175834656, 0.6322023272514343], [0.0, 0.8525638580322266, 0.0, 0.9995075464248657, 0.48684945702552795, 0.5981614589691162], [1.0, 0.0, 0.480012983083725, 0.17493405938148499, 0.5429413914680481, 0.4392814338207245]]"
m_uav1,M-UAV1,rdd2022_china_drone::phash6_4e9446aea53a::china_drone_001022,rdd2022_china_drone,China UAV,phash6_4e9446aea53a,China_Drone_001022,RoadSentinel_datasets/rdd2022_full/China_Drone/China_Drone/train/images/China_Drone_001022.jpg,1,1,1,0,0,1.0,1.0,1.0,0.9271196463458774,false,"{""0"": {""fn"": 0, ""fp"": 0, ""gt"": 0, ""iou_sum"": 0.0, ""matched"": 0, ""pred"": 0, ""tp"": 0}, ""1"": {""fn"": 0, ""fp"": 0, ""gt"": 1, ""iou_sum"": 0.9271196463458774, ""matched"": 1, ""pred"": 1, ""tp"": 1}, ""2"": {""fn"": 0, ""fp"": 0, ""gt"": 0, ""iou_sum"": 0.0, ""matched"": 0, ""pred"": 0, ""tp"": 0}, ""3"": {""fn"": 0, ""fp"": 0, ""gt"": 0, ""iou_sum"": 0.0, ""matched"": 0, ""pred"": 0, ""tp"": 0}}","[[1.0, 0.68945312, 0.38085937999999997, 1.0, 0.453125]]","[[1.0, 0.6880059242248535, 0.3767577111721039, 0.9993230104446411, 0.45213374495506287, 0.7144996523857117]]"
m_uav1,M-UAV1,rdd2022_china_drone::phash6_4ea3b7e1c64a::china_drone_000763,rdd2022_china_drone,China UAV,phash6_4ea3b7e1c64a,China_Drone_000763,RoadSentinel_datasets/rdd2022_full/China_Drone/China_Drone/train/images/China_Drone_000763.jpg,1,2,0,2,1,0.0,0.0,0.0,0.0,false,"{""0"": {""fn"": 1, ""fp"": 2, ""gt"": 1, ""iou_sum"": 0.0, ""matched"": 0, ""pred"": 2, ""tp"": 0}, ""1"": {""fn"": 0, ""fp"": 0, ""gt"": 0, ""iou_sum"": 0.0, ""matched"": 0, ""pred"": 0, ""tp"": 0}, ""2"": {""fn"": 0, ""fp"": 0, ""gt"": 0, ""iou_sum"": 0.0, ""matched"": 0, ""pred"": 0, ""tp"": 0}, ""3"": {""fn"": 0, ""fp"": 0, ""gt"": 0, ""iou_sum"": 0.0, ""matched"": 0, ""pred"": 0, ""tp"": 0}}","[[0.0, 0.37890625, 0.0019531299999999696, 0.46679687000000003, 0.80859375]]","[[0.0, 0.38850346207618713, 0.12656430900096893, 0.45277929306030273, 0.5357685089111328, 0.5357593297958374], [0.0, 0.43536970019340515, 0.0, 0.4774948060512543, 0.14089374244213104, 0.3688274323940277]]"
m_uav1,M-UAV1,rdd2022_china_drone::phash6_4fa48fbc8427::china_drone_001556,rdd2022_china_drone,China UAV,phash6_4fa48fbc8427,China_Drone_001556,RoadSentinel_datasets/rdd2022_full/China_Drone/China_Drone/train/images/China_Drone_001556.jpg,1,3,1,2,0,0.3333333333333333,1.0,0.5,0.661160160073341,false,"{""0"": {""fn"": 0, ""fp"": 2, ""gt"": 1, ""iou_sum"": 0.661160160073341, ""matched"": 1, ""pred"": 3, ""tp"": 1}, ""1"": {""fn"": 0, ""fp"": 0, ""gt"": 0, ""iou_sum"": 0.0, ""matched"": 0, ""pred"": 0, ""tp"": 0}, ""2"": {""fn"": 0, ""fp"": 0, ""gt"": 0, ""iou_sum"": 0.0, ""matched"": 0, ""pred"": 0, ""tp"": 0}, ""3"": {""fn"": 0, ""fp"": 0, ""gt"": 0, ""iou_sum"": 0.0, ""matched"": 0, ""pred"": 0, ""tp"": 0}}","[[0.0, 0.63671875, 0.001953125, 0.73046875, 0.998046875]]","[[0.0, 0.644788920879364, 0.2587607502937317, 0.7336376309394836, 0.9989212155342102, 0.8171697854995728], [0.0, 0.6310209631919861, 0.0, 0.70425945520401, 0.25341424345970154, 0.6069661974906921], [0.0, 0.6685969233512878, 0.273078978061676, 0.7311460971832275, 0.7895772457122803, 0.34633421897888184]]"
m_uav1,M-UAV1,rdd2022_china_drone::phash6_5401d816f9c0::china_drone_000567,rdd2022_china_drone,China UAV,phash6_5401d816f9c0,China_Drone_000567,RoadSentinel_datasets/rdd2022_full/China_Drone/China_Drone/train/images/China_Drone_000567.jpg,1,1,1,0,0,1.0,1.0,1.0,0.9130444798853684,false,"{""0"": {""fn"": 0, ""fp"": 0, ""gt"": 0, ""iou_sum"": 0.0, ""matched"": 0, ""pred"": 0, ""tp"": 0}, ""1"": {""fn"": 0, ""fp"": 0, ""gt"": 1, ""iou_sum"": 0.9130444798853684, ""matched"": 1, ""pred"": 1, ""tp"": 1}, ""2"": {""fn"": 0, ""fp"": 0, ""gt"": 0, ""iou_sum"": 0.0, ""matched"": 0, ""pred"": 0, ""tp"": 0}, ""3"": {""fn"": 0, ""fp"": 0, ""gt"": 0, ""iou_sum"": 0.0, ""matched"": 0, ""pred"": 0, ""tp"": 0}}","[[1.0, 0.26171875, 0.51757812, 0.99609375, 0.5859375]]","[[1.0, 0.26509568095207214, 0.5115534663200378, 0.9962248206138611, 0.5860940217971802, 0.7692192196846008]]"
m_uav1,M-UAV1,rdd2022_china_drone::phash6_580dea02bc48::china_drone_001664,rdd2022_china_drone,China UAV,phash6_580dea02bc48,China_Drone_001664,RoadSentinel_datasets/rdd2022_full/China_Drone/China_Drone/train/images/China_Drone_001664.jpg,1,1,1,0,0,1.0,1.0,1.0,0.9491012499599787,false,"{""0"": {""fn"": 0, ""fp"": 0, ""gt"": 0, ""iou_sum"": 0.0, ""matched"": 0, ""pred"": 0, ""tp"": 0}, ""1"": {""fn"": 0, ""fp"": 0, ""gt"": 1, ""iou_sum"": 0.9491012499599787, ""matched"": 1, ""pred"": 1, ""tp"": 1}, ""2"": {""fn"": 0, ""fp"": 0, ""gt"": 0, ""iou_sum"": 0.0, ""matched"": 0, ""pred"": 0, ""tp"": 0}, ""3"": {""fn"": 0, ""fp"": 0, ""gt"": 0, ""iou_sum"": 0.0, ""matched"": 0, ""pred"": 0, ""tp"": 0}}","[[1.0, 0.0019531200000000026, 0.478515625, 0.48632812000000003, 0.560546875]]","[[1.0, 0.0007336616399697959, 0.4783676564693451, 0.47442933917045593, 0.5586694478988647, 0.7582826018333435]]"
m_uav1,M-UAV1,rdd2022_china_drone::phash6_581f9ebae600::china_drone_002177,rdd2022_china_drone,China UAV,phash6_581f9ebae600,China_Drone_002177,RoadSentinel_datasets/rdd2022_full/China_Drone/China_Drone/train/images/China_Drone_002177.jpg,1,0,0,0,1,0.0,0.0,0.0,0.0,true,"{""0"": {""fn"": 0, ""fp"": 0, ""gt"": 0, ""iou_sum"": 0.0, ""matched"": 0, ""pred"": 0, ""tp"": 0}, ""1"": {""fn"": 0, ""fp"": 0, ""gt"": 0, ""iou_sum"": 0.0, ""matched"": 0, ""pred"": 0, ""tp"": 0}, ""2"": {""fn"": 1, ""fp"": 0, ""gt"": 1, ""iou_sum"": 0.0, ""matched"": 0, ""pred"": 0, ""tp"": 0}, ""3"": {""fn"": 0, ""fp"": 0, ""gt"": 0, ""iou_sum"": 0.0, ""matched"": 0, ""pred"": 0, ""tp"": 0}}","[[2.0, 0.6171875, 0.6796875, 0.70507812, 0.90625]]",[]
m_uav1,M-UAV1,rdd2022_china_drone::phash6_598b5e7ed54e::china_drone_000764,rdd2022_china_drone,China UAV,phash6_598b5e7ed54e,China_Drone_000764,RoadSentinel_datasets/rdd2022_full/China_Drone/China_Drone/train/images/China_Drone_000764.jpg,1,1,1,0,0,1.0,1.0,1.0,0.8732899043403024,false,"{""0"": {""fn"": 0, ""fp"": 0, ""gt"": 0, ""iou_sum"": 0.0, ""matched"": 0, ""pred"": 0, ""tp"": 0}, ""1"": {""fn"": 0, ""fp"": 0, ""gt"": 0, ""iou_sum"": 0.0, ""matched"": 0, ""pred"": 0, ""tp"": 0}, ""2"": {""fn"": 0, ""fp"": 0, ""gt"": 0, ""iou_sum"": 0.0, ""matched"": 0, ""pred"": 0, ""tp"": 0}, ""3"": {""fn"": 0, ""fp"": 0, ""gt"": 1, ""iou_sum"": 0.8732899043403024, ""matched"": 1, ""pred"": 1, ""tp"": 1}}","[[3.0, 0.054687505, 0.673828125, 0.160156255, 0.724609375]]","[[3.0, 0.06059877946972847, 0.6728063225746155, 0.1597987860441208, 0.7277466654777527, 0.4301891624927521]]"
m_uav1,M-UAV1,rdd2022_china_drone::phash6_5b04bb5dd4c4::china_drone_001291,rdd2022_china_drone,China UAV,phash6_5b04bb5dd4c4,China_Drone_001291,RoadSentinel_datasets/rdd2022_full/China_Drone/China_Drone/train/images/China_Drone_001291.jpg,1,2,1,1,0,0.5,1.0,0.6666666666666666,0.6704080336157872,false,"{""0"": {""fn"": 0, ""fp"": 0, ""gt"": 1, ""iou_sum"": 0.6704080336157872, ""matched"": 1, ""pred"": 1, ""tp"": 1}, ""1"": {""fn"": 0, ""fp"": 1, ""gt"": 0, ""iou_sum"": 0.0, ""matched"": 0, ""pred"": 1, ""tp"": 0}, ""2"": {""fn"": 0, ""fp"": 0, ""gt"": 0, ""iou_sum"": 0.0, ""matched"": 0, ""pred"": 0, ""tp"": 0}, ""3"": {""fn"": 0, ""fp"": 0, ""gt"": 0, ""iou_sum"": 0.0, ""matched"": 0, ""pred"": 0, ""tp"": 0}}","[[0.0, 0.15039062999999997, 0.0390625, 0.36328125, 0.9140625]]","[[1.0, 0.2952682673931122, 0.8812490701675415, 0.45198535919189453, 0.916149914264679, 0.542056143283844], [0.0, 0.2066049873828888, 0.040399741381406784, 0.35958239436149597, 0.9995515942573547, 0.46916016936302185]]"
m_uav1,M-UAV1,rdd2022_china_drone::phash6_602632ebe000::china_drone_001067,rdd2022_china_drone,China UAV,phash6_602632ebe000,China_Drone_001067,RoadSentinel_datasets/rdd2022_full/China_Drone/China_Drone/train/images/China_Drone_001067.jpg,2,4,2,2,0,0.5,1.0,0.6666666666666666,0.8357686535233295,false,"{""0"": {""fn"": 0, ""fp"": 0, ""gt"": 0, ""iou_sum"": 0.0, ""matched"": 0, ""pred"": 0, ""tp"": 0}, ""1"": {""fn"": 0, ""fp"": 1, ""gt"": 1, ""iou_sum"": 0.7852849538636111, ""matched"": 1, ""pred"": 2, ""tp"": 1}, ""2"": {""fn"": 0, ""fp"": 1, ""gt"": 0, ""iou_sum"": 0.0, ""matched"": 0, ""pred"": 1, ""tp"": 0}, ""3"": {""fn"": 0, ""fp"": 0, ""gt"": 1, ""iou_sum"": 0.886252353183048, ""matched"": 1, ""pred"": 1, ""tp"": 1}}","[[1.0, 0.22070311999999997, 0.07617187, 0.72070312, 0.15234375], [3.0, 0.54882813, 0.49218749500000003, 0.66601563, 0.605468745]]","[[1.0, 0.2109999656677246, 0.06775568425655365, 0.7367655634880066, 0.14575393497943878, 0.5413448810577393], [2.0, 0.5457777976989746, 0.48492488265037537, 0.6713370680809021, 0.6074232459068298, 0.3735966086387634], [3.0, 0.5444062352180481, 0.49111318588256836, 0.6715826988220215, 0.6088941693305969, 0.36387863755226135], [1.0, 0.2915700376033783, 0.06857758015394211, 0.7347096800804138, 0.129862979054451, 0.2894838750362396]]"
m_uav1,M-UAV1,rdd2022_china_drone::phash6_60a10b21b3a9::china_drone_002137,rdd2022_china_drone,China UAV,phash6_60a10b21b3a9,China_Drone_002137,RoadSentinel_datasets/rdd2022_full/China_Drone/China_Drone/train/images/China_Drone_002137.jpg,1,1,0,1,1,0.0,0.0,0.0,0.0,false,"{""0"": {""fn"": 0, ""fp"": 1, ""gt"": 0, ""iou_sum"": 0.0, ""matched"": 0, ""pred"": 1, ""tp"": 0}, ""1"": {""fn"": 0, ""fp"": 0, ""gt"": 0, ""iou_sum"": 0.0, ""matched"": 0, ""pred"": 0, ""tp"": 0}, ""2"": {""fn"": 0, ""fp"": 0, ""gt"": 0, ""iou_sum"": 0.0, ""matched"": 0, ""pred"": 0, ""tp"": 0}, ""3"": {""fn"": 1, ""fp"": 0, ""gt"": 1, ""iou_sum"": 0.0, ""matched"": 0, ""pred"": 0, ""tp"": 0}}","[[3.0, 0.744140625, 0.52734375, 0.849609375, 0.64453125]]","[[0.0, 0.751610279083252, 0.010219193063676357, 0.9272820353507996, 0.4525716006755829, 0.34295251965522766]]"
m_uav1,M-UAV1,rdd2022_china_drone::phash6_64fd05b9869b::china_drone_000931,rdd2022_china_drone,China UAV,phash6_64fd05b9869b,China_Drone_000931,RoadSentinel_datasets/rdd2022_full/China_Drone/China_Drone/train/images/China_Drone_000931.jpg,1,1,0,1,1,0.0,0.0,0.0,0.0,false,"{""0"": {""fn"": 0, ""fp"": 0, ""gt"": 0, ""iou_sum"": 0.0, ""matched"": 0, ""pred"": 0, ""tp"": 0}, ""1"": {""fn"": 0, ""fp"": 1, ""gt"": 0, ""iou_sum"": 0.0, ""matched"": 0, ""pred"": 1, ""tp"": 0}, ""2"": {""fn"": 1, ""fp"": 0, ""gt"": 1, ""iou_sum"": 0.0, ""matched"": 0, ""pred"": 0, ""tp"": 0}, ""3"": {""fn"": 0, ""fp"": 0, ""gt"": 0, ""iou_sum"": 0.0, ""matched"": 0, ""pred"": 0, ""tp"": 0}}","[[2.0, 0.0019531200000000304, 0.5859375, 1.0, 1.0]]","[[1.0, 0.0, 0.8269880414009094, 0.35621339082717896, 0.8917433023452759, 0.29474955797195435]]"
m_uav1,M-UAV1,rdd2022_china_drone::phash6_6716fdeaca0b::china_drone_000863,rdd2022_china_drone,China UAV,phash6_6716fdeaca0b,China_Drone_000863,RoadSentinel_datasets/rdd2022_full/China_Drone/China_Drone/train/images/China_Drone_000863.jpg,1,3,1,2,0,0.3333333333333333,1.0,0.5,0.8452054190873419,false,"{""0"": {""fn"": 0, ""fp"": 0, ""gt"": 0, ""iou_sum"": 0.0, ""matched"": 0, ""pred"": 0, ""tp"": 0}, ""1"": {""fn"": 0, ""fp"": 0, ""gt"": 0, ""iou_sum"": 0.0, ""matched"": 0, ""pred"": 0, ""tp"": 0}, ""2"": {""fn"": 0, ""fp"": 2, ""gt"": 1, ""iou_sum"": 0.8452054190873419, ""matched"": 1, ""pred"": 3, ""tp"": 1}, ""3"": {""fn"": 0, ""fp"": 0, ""gt"": 0, ""iou_sum"": 0.0, ""matched"": 0, ""pred"": 0, ""tp"": 0}}","[[2.0, 0.38085937999999997, 0.17968749999999997, 1.0, 0.56835938]]","[[2.0, 0.402738094329834, 0.16095659136772156, 1.0, 0.5360603332519531, 0.6082035899162292], [2.0, 0.6001231074333191, 0.16502848267555237, 1.0, 0.5271071195602417, 0.5597852468490601], [2.0, 0.34822458028793335, 0.23682956397533417, 1.0, 0.5983926057815552, 0.5070392489433289]]"
m_uav1,M-UAV1,rdd2022_china_drone::phash6_67245bc00664::china_drone_002213,rdd2022_china_drone,China UAV,phash6_67245bc00664,China_Drone_002213,RoadSentinel_datasets/rdd2022_full/China_Drone/China_Drone/train/images/China_Drone_002213.jpg,2,2,1,1,1,0.5,0.5,0.5,0.835820085835662,false,"{""0"": {""fn"": 0, ""fp"": 0, ""gt"": 0, ""iou_sum"": 0.0, ""matched"": 0, ""pred"": 0, ""tp"": 0}, ""1"": {""fn"": 1, ""fp"": 1, ""gt"": 2, ""iou_sum"": 0.835820085835662, ""matched"": 1, ""pred"": 2, ""tp"": 1}, ""2"": {""fn"": 0, ""fp"": 0, ""gt"": 0, ""iou_sum"": 0.0, ""matched"": 0, ""pred"": 0, ""tp"": 0}, ""3"": {""fn"": 0, ""fp"": 0, ""gt"": 0, ""iou_sum"": 0.0, ""matched"": 0, ""pred"": 0, ""tp"": 0}}","[[1.0, 0.060546869999999975, 0.5625, 0.37890625, 0.6796875], [1.0, 0.550781245, 0.68164063, 0.999999995, 0.83007813]]","[[1.0, 0.060743045061826706, 0.5785952806472778, 0.3706645667552948, 0.6792096495628357, 0.7566097974777222], [1.0, 0.668452262878418, 0.7268499732017517, 0.9981441497802734, 0.8273297548294067, 0.7334227561950684]]"
m_uav1,M-UAV1,rdd2022_china_drone::phash6_67e5013367ba::china_drone_002258,rdd2022_china_drone,China UAV,phash6_67e5013367ba,China_Drone_002258,RoadSentinel_datasets/rdd2022_full/China_Drone/China_Drone/train/images/China_Drone_002258.jpg,2,0,0,0,2,0.0,0.0,0.0,0.0,true,"{""0"": {""fn"": 2, ""fp"": 0, ""gt"": 2, ""iou_sum"": 0.0, ""matched"": 0, ""pred"": 0, ""tp"": 0}, ""1"": {""fn"": 0, ""fp"": 0, ""gt"": 0, ""iou_sum"": 0.0, ""matched"": 0, ""pred"": 0, ""tp"": 0}, ""2"": {""fn"": 0, ""fp"": 0, ""gt"": 0, ""iou_sum"": 0.0, ""matched"": 0, ""pred"": 0, ""tp"": 0}, ""3"": {""fn"": 0, ""fp"": 0, ""gt"": 0, ""iou_sum"": 0.0, ""matched"": 0, ""pred"": 0, ""tp"": 0}}","[[0.0, 0.39257813, 0.2890625, 0.49414063, 0.65039062], [0.0, 0.10546875, 0.671875, 0.16015625, 1.0]]",[]
m_uav1,M-UAV1,rdd2022_china_drone::phash6_68e79c74d453::china_drone_001506,rdd2022_china_drone,China UAV,phash6_68e79c74d453,China_Drone_001506,RoadSentinel_datasets/rdd2022_full/China_Drone/China_Drone/train/images/China_Drone_001506.jpg,2,3,1,2,1,0.3333333333333333,0.5,0.4,0.7841461540499223,false,"{""0"": {""fn"": 1, ""fp"": 1, ""gt"": 2, ""iou_sum"": 0.7841461540499223, ""matched"": 1, ""pred"": 2, ""tp"": 1}, ""1"": {""fn"": 0, ""fp"": 0, ""gt"": 0, ""iou_sum"": 0.0, ""matched"": 0, ""pred"": 0, ""tp"": 0}, ""2"": {""fn"": 0, ""fp"": 1, ""gt"": 0, ""iou_sum"": 0.0, ""matched"": 0, ""pred"": 1, ""tp"": 0}, ""3"": {""fn"": 0, ""fp"": 0, ""gt"": 0, ""iou_sum"": 0.0, ""matched"": 0, ""pred"": 0, ""tp"": 0}}","[[0.0, 0.69335937, 0.00390625, 0.76171875, 0.33398437], [0.0, 0.54101562, 0.44921875, 0.640625, 0.94921875]]","[[2.0, 0.538242518901825, 0.7249582409858704, 0.6294743418693542, 0.8660314679145813, 0.9617125391960144], [0.0, 0.6973830461502075, 0.0026640654541552067, 0.7514936327934265, 0.33668503165245056, 0.7766308188438416], [0.0, 0.5520643591880798, 0.44043847918510437, 0.6174253821372986, 0.7287729382514954, 0.38547903299331665]]"
m_uav1,M-UAV1,rdd2022_china_drone::phash6_6b99e091b68d::china_drone_001082,rdd2022_china_drone,China UAV,phash6_6b99e091b68d,China_Drone_001082,RoadSentinel_datasets/rdd2022_full/China_Drone/China_Drone/train/images/China_Drone_001082.jpg,1,1,1,0,0,1.0,1.0,1.0,0.8401997104200669,false,"{""0"": {""fn"": 0, ""fp"": 0, ""gt"": 1, ""iou_sum"": 0.8401997104200669, ""matched"": 1, ""pred"": 1, ""tp"": 1}, ""1"": {""fn"": 0, ""fp"": 0, ""gt"": 0, ""iou_sum"": 0.0, ""matched"": 0, ""pred"": 0, ""tp"": 0}, ""2"": {""fn"": 0, ""fp"": 0, ""gt"": 0, ""iou_sum"": 0.0, ""matched"": 0, ""pred"": 0, ""tp"": 0}, ""3"": {""fn"": 0, ""fp"": 0, ""gt"": 0, ""iou_sum"": 0.0, ""matched"": 0, ""pred"": 0, ""tp"": 0}}","[[0.0, 0.91796875, 0.0019531200000000304, 0.98828125, 1.0]]","[[0.0, 0.9142217636108398, 0.0232709888368845, 0.9960027933120728, 0.9949983954429626, 0.43393200635910034]]"
m_uav1,M-UAV1,rdd2022_china_drone::phash6_6b9f2ca7911c::china_drone_000076,rdd2022_china_drone,China UAV,phash6_6b9f2ca7911c,China_Drone_000076,RoadSentinel_datasets/rdd2022_full/China_Drone/China_Drone/train/images/China_Drone_000076.jpg,1,1,1,0,0,1.0,1.0,1.0,0.8497242942959036,false,"{""0"": {""fn"": 0, ""fp"": 0, ""gt"": 0, ""iou_sum"": 0.0, ""matched"": 0, ""pred"": 0, ""tp"": 0}, ""1"": {""fn"": 0, ""fp"": 0, ""gt"": 1, ""iou_sum"": 0.8497242942959036, ""matched"": 1, ""pred"": 1, ""tp"": 1}, ""2"": {""fn"": 0, ""fp"": 0, ""gt"": 0, ""iou_sum"": 0.0, ""matched"": 0, ""pred"": 0, ""tp"": 0}, ""3"": {""fn"": 0, ""fp"": 0, ""gt"": 0, ""iou_sum"": 0.0, ""matched"": 0, ""pred"": 0, ""tp"": 0}}","[[1.0, 0.574218755, 0.494140625, 1.000000005, 0.599609375]]","[[1.0, 0.6005787253379822, 0.49373364448547363, 0.9989946484565735, 0.5902613401412964, 0.7953282594680786]]"
m_uav1,M-UAV1,rdd2022_china_drone::phash6_6c868917e695::china_drone_000942,rdd2022_china_drone,China UAV,phash6_6c868917e695,China_Drone_000942,RoadSentinel_datasets/rdd2022_full/China_Drone/China_Drone/train/images/China_Drone_000942.jpg,1,0,0,0,1,0.0,0.0,0.0,0.0,true,"{""0"": {""fn"": 0, ""fp"": 0, ""gt"": 0, ""iou_sum"": 0.0, ""matched"": 0, ""pred"": 0, ""tp"": 0}, ""1"": {""fn"": 0, ""fp"": 0, ""gt"": 0, ""iou_sum"": 0.0, ""matched"": 0, ""pred"": 0, ""tp"": 0}, ""2"": {""fn"": 0, ""fp"": 0, ""gt"": 0, ""iou_sum"": 0.0, ""matched"": 0, ""pred"": 0, ""tp"": 0}, ""3"": {""fn"": 1, ""fp"": 0, ""gt"": 1, ""iou_sum"": 0.0, ""matched"": 0, ""pred"": 0, ""tp"": 0}}","[[3.0, 0.320312505, 0.18164061999999997, 0.394531255, 0.25]]",[]
m_uav1,M-UAV1,rdd2022_china_drone::phash6_6dae10418f27::china_drone_001331,rdd2022_china_drone,China UAV,phash6_6dae10418f27,China_Drone_001331,RoadSentinel_datasets/rdd2022_full/China_Drone/China_Drone/train/images/China_Drone_001331.jpg,1,3,1,2,0,0.3333333333333333,1.0,0.5,0.8319013393811872,false,"{""0"": {""fn"": 0, ""fp"": 2, ""gt"": 0, ""iou_sum"": 0.0, ""matched"": 0, ""pred"": 2, ""tp"": 0}, ""1"": {""fn"": 0, ""fp"": 0, ""gt"": 1, ""iou_sum"": 0.8319013393811872, ""matched"": 1, ""pred"": 1, ""tp"": 1}, ""2"": {""fn"": 0, ""fp"": 0, ""gt"": 0, ""iou_sum"": 0.0, ""matched"": 0, ""pred"": 0, ""tp"": 0}, ""3"": {""fn"": 0, ""fp"": 0, ""gt"": 0, ""iou_sum"": 0.0, ""matched"": 0, ""pred"": 0, ""tp"": 0}}","[[1.0, 0.64257813, 0.609375, 0.96289063, 0.67382812]]","[[0.0, 0.8745538592338562, 0.6732200980186462, 0.9106941223144531, 0.7992694973945618, 0.8726254105567932], [1.0, 0.6140737533569336, 0.6075428128242493, 0.9877750277519226, 0.6739509701728821, 0.7937310934066772], [0.0, 0.9163859486579895, 8.76426711329259e-05, 0.947837769985199, 0.06280092149972916, 0.33108192682266235]]"
m_uav1,M-UAV1,rdd2022_china_drone::phash6_6e1a7563bf0e::china_drone_000050,rdd2022_china_drone,China UAV,phash6_6e1a7563bf0e,China_Drone_000050,RoadSentinel_datasets/rdd2022_full/China_Drone/China_Drone/train/images/China_Drone_000050.jpg,3,3,1,2,2,0.3333333333333333,0.3333333333333333,0.3333333333333333,0.9185857646775876,false,"{""0"": {""fn"": 1, ""fp"": 2, ""gt"": 2, ""iou_sum"": 0.9185857646775876, ""matched"": 1, ""pred"": 3, ""tp"": 1}, ""1"": {""fn"": 0, ""fp"": 0, ""gt"": 0, ""iou_sum"": 0.0, ""matched"": 0, ""pred"": 0, ""tp"": 0}, ""2"": {""fn"": 1, ""fp"": 0, ""gt"": 1, ""iou_sum"": 0.0, ""matched"": 0, ""pred"": 0, ""tp"": 0}, ""3"": {""fn"": 0, ""fp"": 0, ""gt"": 0, ""iou_sum"": 0.0, ""matched"": 0, ""pred"": 0, ""tp"": 0}}","[[0.0, 0.24609375, 0.011718745000000003, 0.34960937000000003, 0.44531249500000003], [0.0, 0.621093755, 0.02734375, 0.718750005, 0.33203125], [2.0, 0.60742188, 0.33398437, 0.68554688, 0.43554687]]","[[0.0, 0.2552649974822998, 5.352497100830078e-05, 0.33444616198539734, 0.17171160876750946, 0.43551650643348694], [0.0, 0.24215810000896454, 0.00087313650874421, 0.34900152683258057, 0.45304223895072937, 0.35244661569595337], [0.0, 0.2622738778591156, 0.326841801404953, 0.3240472972393036, 0.45074334740638733, 0.28101369738578796]]"
m_uav1,M-UAV1,rdd2022_china_drone::phash6_6ea8fd9845ca::china_drone_001847,rdd2022_china_drone,China UAV,phash6_6ea8fd9845ca,China_Drone_001847,RoadSentinel_datasets/rdd2022_full/China_Drone/China_Drone/train/images/China_Drone_001847.jpg,1,1,0,1,1,0.0,0.0,0.0,0.0,false,"{""0"": {""fn"": 0, ""fp"": 1, ""gt"": 0, ""iou_sum"": 0.0, ""matched"": 0, ""pred"": 1, ""tp"": 0}, ""1"": {""fn"": 0, ""fp"": 0, ""gt"": 0, ""iou_sum"": 0.0, ""matched"": 0, ""pred"": 0, ""tp"": 0}, ""2"": {""fn"": 0, ""fp"": 0, ""gt"": 0, ""iou_sum"": 0.0, ""matched"": 0, ""pred"": 0, ""tp"": 0}, ""3"": {""fn"": 1, ""fp"": 0, ""gt"": 1, ""iou_sum"": 0.0, ""matched"": 0, ""pred"": 0, ""tp"": 0}}","[[3.0, 0.0019531200000000026, 0.0019531299999999974, 0.1953125, 0.22265625]]","[[0.0, 0.0062847137451171875, 0.0, 0.2096235752105713, 0.23073796927928925, 0.5265501737594604]]"
m_uav1,M-UAV1,rdd2022_china_drone::phash6_71d425d3eed9::china_drone_000103,rdd2022_china_drone,China UAV,phash6_71d425d3eed9,China_Drone_000103,RoadSentinel_datasets/rdd2022_full/China_Drone/China_Drone/train/images/China_Drone_000103.jpg,2,2,1,1,1,0.5,0.5,0.5,0.6453892666220623,false,"{""0"": {""fn"": 0, ""fp"": 0, ""gt"": 1, ""iou_sum"": 0.6453892666220623, ""matched"": 1, ""pred"": 1, ""tp"": 1}, ""1"": {""fn"": 1, ""fp"": 1, ""gt"": 1, ""iou_sum"": 0.0, ""matched"": 0, ""pred"": 1, ""tp"": 0}, ""2"": {""fn"": 0, ""fp"": 0, ""gt"": 0, ""iou_sum"": 0.0, ""matched"": 0, ""pred"": 0, ""tp"": 0}, ""3"": {""fn"": 0, ""fp"": 0, ""gt"": 0, ""iou_sum"": 0.0, ""matched"": 0, ""pred"": 0, ""tp"": 0}}","[[0.0, 0.19726563000000003, 0.0019531299999999696, 0.26953125, 0.54296875], [1.0, 0.05859375, 0.32617187, 0.22265625, 0.38085937]]","[[0.0, 0.216112419962883, 0.04277019575238228, 0.2680216431617737, 0.564825713634491, 0.6300649642944336], [1.0, 0.9144798517227173, 0.12617285549640656, 0.9996835589408875, 0.16942112147808075, 0.30310291051864624]]"
m_uav1,M-UAV1,rdd2022_china_drone::phash6_72b7586679f7::china_drone_000661,rdd2022_china_drone,China UAV,phash6_72b7586679f7,China_Drone_000661,RoadSentinel_datasets/rdd2022_full/China_Drone/China_Drone/train/images/China_Drone_000661.jpg,1,2,1,1,0,0.5,1.0,0.6666666666666666,0.7439091591228412,false,"{""0"": {""fn"": 0, ""fp"": 0, ""gt"": 1, ""iou_sum"": 0.7439091591228412, ""matched"": 1, ""pred"": 1, ""tp"": 1}, ""1"": {""fn"": 0, ""fp"": 1, ""gt"": 0, ""iou_sum"": 0.0, ""matched"": 0, ""pred"": 1, ""tp"": 0}, ""2"": {""fn"": 0, ""fp"": 0, ""gt"": 0, ""iou_sum"": 0.0, ""matched"": 0, ""pred"": 0, ""tp"": 0}, ""3"": {""fn"": 0, ""fp"": 0, ""gt"": 0, ""iou_sum"": 0.0, ""matched"": 0, ""pred"": 0, ""tp"": 0}}","[[0.0, 0.8984375, 0.2421875, 0.97070312, 0.90820312]]","[[1.0, 0.29617342352867126, 0.019630378112196922, 0.3930718004703522, 0.05855124071240425, 0.7544885873794556], [0.0, 0.8874672055244446, 0.28218889236450195, 0.9735990762710571, 0.8601412177085876, 0.5671096444129944]]"
m_uav1,M-UAV1,rdd2022_china_drone::phash6_730a4dd23828::china_drone_001612,rdd2022_china_drone,China UAV,phash6_730a4dd23828,China_Drone_001612,RoadSentinel_datasets/rdd2022_full/China_Drone/China_Drone/train/images/China_Drone_001612.jpg,1,2,1,1,0,0.5,1.0,0.6666666666666666,0.8888361097423949,false,"{""0"": {""fn"": 0, ""fp"": 1, ""gt"": 1, ""iou_sum"": 0.8888361097423949, ""matched"": 1, ""pred"": 2, ""tp"": 1}, ""1"": {""fn"": 0, ""fp"": 0, ""gt"": 0, ""iou_sum"": 0.0, ""matched"": 0, ""pred"": 0, ""tp"": 0}, ""2"": {""fn"": 0, ""fp"": 0, ""gt"": 0, ""iou_sum"": 0.0, ""matched"": 0, ""pred"": 0, ""tp"": 0}, ""3"": {""fn"": 0, ""fp"": 0, ""gt"": 0, ""iou_sum"": 0.0, ""matched"": 0, ""pred"": 0, ""tp"": 0}}","[[0.0, 0.40820313, 0.63867187, 0.46289063, 0.89453125]]","[[0.0, 0.41186484694480896, 0.636691689491272, 0.4643491804599762, 0.8987001776695251, 0.7476559281349182], [0.0, 0.38921836018562317, 0.8992084860801697, 0.43871480226516724, 1.0, 0.2948553264141083]]"
m_uav1,M-UAV1,rdd2022_china_drone::phash6_7477484d59bb::china_drone_001781,rdd2022_china_drone,China UAV,phash6_7477484d59bb,China_Drone_001781,RoadSentinel_datasets/rdd2022_full/China_Drone/China_Drone/train/images/China_Drone_001781.jpg,2,0,0,0,2,0.0,0.0,0.0,0.0,true,"{""0"": {""fn"": 1, ""fp"": 0, ""gt"": 1, ""iou_sum"": 0.0, ""matched"": 0, ""pred"": 0, ""tp"": 0}, ""1"": {""fn"": 1, ""fp"": 0, ""gt"": 1, ""iou_sum"": 0.0, ""matched"": 0, ""pred"": 0, ""tp"": 0}, ""2"": {""fn"": 0, ""fp"": 0, ""gt"": 0, ""iou_sum"": 0.0, ""matched"": 0, ""pred"": 0, ""tp"": 0}, ""3"": {""fn"": 0, ""fp"": 0, ""gt"": 0, ""iou_sum"": 0.0, ""matched"": 0, ""pred"": 0, ""tp"": 0}}","[[1.0, 0.30078124500000003, 0.447265625, 0.999999995, 0.560546875], [0.0, 0.0019531200000000026, 0.203125, 0.20507812, 0.34375]]",[]
m_uav1,M-UAV1,rdd2022_china_drone::phash6_76c5ee739dac::china_drone_001732,rdd2022_china_drone,China UAV,phash6_76c5ee739dac,China_Drone_001732,RoadSentinel_datasets/rdd2022_full/China_Drone/China_Drone/train/images/China_Drone_001732.jpg,1,0,0,0,1,0.0,0.0,0.0,0.0,true,"{""0"": {""fn"": 0, ""fp"": 0, ""gt"": 0, ""iou_sum"": 0.0, ""matched"": 0, ""pred"": 0, ""tp"": 0}, ""1"": {""fn"": 0, ""fp"": 0, ""gt"": 0, ""iou_sum"": 0.0, ""matched"": 0, ""pred"": 0, ""tp"": 0}, ""2"": {""fn"": 0, ""fp"": 0, ""gt"": 0, ""iou_sum"": 0.0, ""matched"": 0, ""pred"": 0, ""tp"": 0}, ""3"": {""fn"": 1, ""fp"": 0, ""gt"": 1, ""iou_sum"": 0.0, ""matched"": 0, ""pred"": 0, ""tp"": 0}}","[[3.0, 0.20898437999999997, 0.19921875, 0.359375, 0.41015625]]",[]
m_uav1,M-UAV1,rdd2022_china_drone::phash6_78808df3b40a::china_drone_001281,rdd2022_china_drone,China UAV,phash6_78808df3b40a,China_Drone_001281,RoadSentinel_datasets/rdd2022_full/China_Drone/China_Drone/train/images/China_Drone_001281.jpg,1,2,1,1,0,0.5,1.0,0.6666666666666666,0.7578335521068583,false,"{""0"": {""fn"": 0, ""fp"": 0, ""gt"": 0, ""iou_sum"": 0.0, ""matched"": 0, ""pred"": 0, ""tp"": 0}, ""1"": {""fn"": 0, ""fp"": 1, ""gt"": 1, ""iou_sum"": 0.7578335521068583, ""matched"": 1, ""pred"": 2, ""tp"": 1}, ""2"": {""fn"": 0, ""fp"": 0, ""gt"": 0, ""iou_sum"": 0.0, ""matched"": 0, ""pred"": 0, ""tp"": 0}, ""3"": {""fn"": 0, ""fp"": 0, ""gt"": 0, ""iou_sum"": 0.0, ""matched"": 0, ""pred"": 0, ""tp"": 0}}","[[1.0, 0.29492188, 0.32421875, 0.70117188, 0.41015625]]","[[1.0, 0.319444864988327, 0.3256777226924896, 0.686305820941925, 0.39779651165008545, 0.4818785786628723], [1.0, 0.37536630034446716, 0.32859325408935547, 0.6854544878005981, 0.3872072398662567, 0.3797651529312134]]"
m_uav1,M-UAV1,rdd2022_china_drone::phash6_79264b3d0811::china_drone_001586,rdd2022_china_drone,China UAV,phash6_79264b3d0811,China_Drone_001586,RoadSentinel_datasets/rdd2022_full/China_Drone/China_Drone/train/images/China_Drone_001586.jpg,1,3,1,2,0,0.3333333333333333,1.0,0.5,0.6141734627924118,false,"{""0"": {""fn"": 0, ""fp"": 0, ""gt"": 0, ""iou_sum"": 0.0, ""matched"": 0, ""pred"": 0, ""tp"": 0}, ""1"": {""fn"": 0, ""fp"": 0, ""gt"": 0, ""iou_sum"": 0.0, ""matched"": 0, ""pred"": 0, ""tp"": 0}, ""2"": {""fn"": 0, ""fp"": 2, ""gt"": 1, ""iou_sum"": 0.6141734627924118, ""matched"": 1, ""pred"": 3, ""tp"": 1}, ""3"": {""fn"": 0, ""fp"": 0, ""gt"": 0, ""iou_sum"": 0.0, ""matched"": 0, ""pred"": 0, ""tp"": 0}}","[[2.0, 0.21679687, 0.86328125, 0.58984375, 0.99609375]]","[[2.0, 0.009074497036635876, 0.8610439300537109, 0.5935268402099609, 0.9990703463554382, 0.7500849962234497], [2.0, 0.593650758266449, 0.5159342885017395, 0.9613737463951111, 0.6686644554138184, 0.4387129843235016], [2.0, 0.4849398732185364, 0.49900388717651367, 0.9618000388145447, 0.6619453430175781, 0.4183710813522339]]"
m_uav1,M-UAV1,rdd2022_china_drone::phash6_7aea144198b6::china_drone_002170,rdd2022_china_drone,China UAV,phash6_7aea144198b6,China_Drone_002170,RoadSentinel_datasets/rdd2022_full/China_Drone/China_Drone/train/images/China_Drone_002170.jpg,1,2,1,1,0,0.5,1.0,0.6666666666666666,0.7248576032746168,false,"{""0"": {""fn"": 0, ""fp"": 0, ""gt"": 0, ""iou_sum"": 0.0, ""matched"": 0, ""pred"": 0, ""tp"": 0}, ""1"": {""fn"": 0, ""fp"": 1, ""gt"": 1, ""iou_sum"": 0.7248576032746168, ""matched"": 1, ""pred"": 2, ""tp"": 1}, ""2"": {""fn"": 0, ""fp"": 0, ""gt"": 0, ""iou_sum"": 0.0, ""matched"": 0, ""pred"": 0, ""tp"": 0}, ""3"": {""fn"": 0, ""fp"": 0, ""gt"": 0, ""iou_sum"": 0.0, ""matched"": 0, ""pred"": 0, ""tp"": 0}}","[[1.0, 0.75585938, 0.076171875, 0.9453125, 0.126953125]]","[[1.0, 0.7607842683792114, 0.041754256933927536, 0.9989542961120605, 0.1258099377155304, 0.3124987483024597], [1.0, 0.7622551321983337, 0.08005373179912567, 0.9767540097236633, 0.12356626987457275, 0.25758081674575806]]"
m_uav1,M-UAV1,rdd2022_china_drone::phash6_7d4f79d61838::china_drone_001540,rdd2022_china_drone,China UAV,phash6_7d4f79d61838,China_Drone_001540,RoadSentinel_datasets/rdd2022_full/China_Drone/China_Drone/train/images/China_Drone_001540.jpg,1,3,1,2,0,0.3333333333333333,1.0,0.5,0.884491282136639,false,"{""0"": {""fn"": 0, ""fp"": 1, ""gt"": 1, ""iou_sum"": 0.884491282136639, ""matched"": 1, ""pred"": 2, ""tp"": 1}, ""1"": {""fn"": 0, ""fp"": 1, ""gt"": 0, ""iou_sum"": 0.0, ""matched"": 0, ""pred"": 1, ""tp"": 0}, ""2"": {""fn"": 0, ""fp"": 0, ""gt"": 0, ""iou_sum"": 0.0, ""matched"": 0, ""pred"": 0, ""tp"": 0}, ""3"": {""fn"": 0, ""fp"": 0, ""gt"": 0, ""iou_sum"": 0.0, ""matched"": 0, ""pred"": 0, ""tp"": 0}}","[[0.0, 0.21875, 0.37695312999999997, 0.43945312000000003, 0.77734375]]","[[1.0, 0.002010345458984375, 0.8287237286567688, 0.9883832931518555, 0.9143705368041992, 0.4279463291168213], [0.0, 0.21015439927577972, 0.3891831338405609, 0.43154579401016235, 0.7849406599998474, 0.3979635238647461], [0.0, 0.24627362191677094, 0.4002266824245453, 0.4334658086299896, 0.705735981464386, 0.3384458124637604]]"
m_uav1,M-UAV1,rdd2022_china_drone::phash6_7dc16320de67::china_drone_001825,rdd2022_china_drone,China UAV,phash6_7dc16320de67,China_Drone_001825,RoadSentinel_datasets/rdd2022_full/China_Drone/China_Drone/train/images/China_Drone_001825.jpg,2,2,2,0,0,1.0,1.0,1.0,0.751519494115885,false,"{""0"": {""fn"": 0, ""fp"": 0, ""gt"": 2, ""iou_sum"": 1.50303898823177, ""matched"": 2, ""pred"": 2, ""tp"": 2}, ""1"": {""fn"": 0, ""fp"": 0, ""gt"": 0, ""iou_sum"": 0.0, ""matched"": 0, ""pred"": 0, ""tp"": 0}, ""2"": {""fn"": 0, ""fp"": 0, ""gt"": 0, ""iou_sum"": 0.0, ""matched"": 0, ""pred"": 0, ""tp"": 0}, ""3"": {""fn"": 0, ""fp"": 0, ""gt"": 0, ""iou_sum"": 0.0, ""matched"": 0, ""pred"": 0, ""tp"": 0}}","[[0.0, 0.91992188, 0.7734375, 0.9765625, 1.0], [0.0, 0.62695312, 0.17382812999999997, 1.0, 0.33203125]]","[[0.0, 0.9070484042167664, 0.7858585119247437, 0.9774383902549744, 1.0, 0.3295273780822754], [0.0, 0.6565664410591125, 0.13152818381786346, 1.0, 0.33334824442863464, 0.3086843490600586]]"
m_uav1,M-UAV1,rdd2022_china_drone::phash6_7e0b85711cd3::china_drone_001287,rdd2022_china_drone,China UAV,phash6_7e0b85711cd3,China_Drone_001287,RoadSentinel_datasets/rdd2022_full/China_Drone/China_Drone/train/images/China_Drone_001287.jpg,1,2,0,2,1,0.0,0.0,0.0,0.0,false,"{""0"": {""fn"": 0, ""fp"": 0, ""gt"": 0, ""iou_sum"": 0.0, ""matched"": 0, ""pred"": 0, ""tp"": 0}, ""1"": {""fn"": 0, ""fp"": 0, ""gt"": 0, ""iou_sum"": 0.0, ""matched"": 0, ""pred"": 0, ""tp"": 0}, ""2"": {""fn"": 0, ""fp"": 2, ""gt"": 0, ""iou_sum"": 0.0, ""matched"": 0, ""pred"": 2, ""tp"": 0}, ""3"": {""fn"": 1, ""fp"": 0, ""gt"": 1, ""iou_sum"": 0.0, ""matched"": 0, ""pred"": 0, ""tp"": 0}}","[[3.0, 0.142578125, 0.54882812, 0.373046875, 0.734375]]","[[2.0, 0.14763842523097992, 0.4348072111606598, 0.41159987449645996, 0.7587953805923462, 0.5974242687225342], [2.0, 0.14881044626235962, 0.5443965196609497, 0.4050464332103729, 0.7560464143753052, 0.2574315071105957]]"
m_uav1,M-UAV1,rdd2022_china_drone::phash6_835924fe2506::china_drone_000906,rdd2022_china_drone,China UAV,phash6_835924fe2506,China_Drone_000906,RoadSentinel_datasets/rdd2022_full/China_Drone/China_Drone/train/images/China_Drone_000906.jpg,1,1,1,0,0,1.0,1.0,1.0,0.9103265227747567,false,"{""0"": {""fn"": 0, ""fp"": 0, ""gt"": 0, ""iou_sum"": 0.0, ""matched"": 0, ""pred"": 0, ""tp"": 0}, ""1"": {""fn"": 0, ""fp"": 0, ""gt"": 1, ""iou_sum"": 0.9103265227747567, ""matched"": 1, ""pred"": 1, ""tp"": 1}, ""2"": {""fn"": 0, ""fp"": 0, ""gt"": 0, ""iou_sum"": 0.0, ""matched"": 0, ""pred"": 0, ""tp"": 0}, ""3"": {""fn"": 0, ""fp"": 0, ""gt"": 0, ""iou_sum"": 0.0, ""matched"": 0, ""pred"": 0, ""tp"": 0}}","[[1.0, 0.0019531299999999696, 0.65234375, 0.51171875, 0.74804687]]","[[1.0, 0.0, 0.6528952717781067, 0.5541772842407227, 0.7485360503196716, 0.5203675627708435]]"
m_uav1,M-UAV1,rdd2022_china_drone::phash6_85d0bc938c82::china_drone_001589,rdd2022_china_drone,China UAV,phash6_85d0bc938c82,China_Drone_001589,RoadSentinel_datasets/rdd2022_full/China_Drone/China_Drone/train/images/China_Drone_001589.jpg,1,1,1,0,0,1.0,1.0,1.0,0.5699771792808467,false,"{""0"": {""fn"": 0, ""fp"": 0, ""gt"": 1, ""iou_sum"": 0.5699771792808467, ""matched"": 1, ""pred"": 1, ""tp"": 1}, ""1"": {""fn"": 0, ""fp"": 0, ""gt"": 0, ""iou_sum"": 0.0, ""matched"": 0, ""pred"": 0, ""tp"": 0}, ""2"": {""fn"": 0, ""fp"": 0, ""gt"": 0, ""iou_sum"": 0.0, ""matched"": 0, ""pred"": 0, ""tp"": 0}, ""3"": {""fn"": 0, ""fp"": 0, ""gt"": 0, ""iou_sum"": 0.0, ""matched"": 0, ""pred"": 0, ""tp"": 0}}","[[0.0, 0.36914062000000003, 0.32617187000000003, 0.4609375, 0.80859375]]","[[0.0, 0.3763309419155121, 0.3550296127796173, 0.4496074616909027, 1.0, 0.4522433280944824]]"
m_uav1,M-UAV1,rdd2022_china_drone::phash6_86cb1d942902::china_drone_001654,rdd2022_china_drone,China UAV,phash6_86cb1d942902,China_Drone_001654,RoadSentinel_datasets/rdd2022_full/China_Drone/China_Drone/train/images/China_Drone_001654.jpg,2,2,1,1,1,0.5,0.5,0.5,0.5849402230408273,false,"{""0"": {""fn"": 1, ""fp"": 1, ""gt"": 2, ""iou_sum"": 0.5849402230408273, ""matched"": 1, ""pred"": 2, ""tp"": 1}, ""1"": {""fn"": 0, ""fp"": 0, ""gt"": 0, ""iou_sum"": 0.0, ""matched"": 0, ""pred"": 0, ""tp"": 0}, ""2"": {""fn"": 0, ""fp"": 0, ""gt"": 0, ""iou_sum"": 0.0, ""matched"": 0, ""pred"": 0, ""tp"": 0}, ""3"": {""fn"": 0, ""fp"": 0, ""gt"": 0, ""iou_sum"": 0.0, ""matched"": 0, ""pred"": 0, ""tp"": 0}}","[[0.0, 0.8828125, 0.47265624500000003, 1.0, 0.640624995], [0.0, 0.80664062, 0.644531255, 0.88476562, 0.835937505]]","[[0.0, 0.9304443597793579, 0.8115154504776001, 0.9998329281806946, 0.9995018243789673, 0.36566150188446045], [0.0, 0.908877968788147, 0.40496206283569336, 0.9992561340332031, 0.6396498680114746, 0.33898600935935974]]"
m_uav1,M-UAV1,rdd2022_china_drone::phash6_8abe65b25b89::china_drone_001801,rdd2022_china_drone,China UAV,phash6_8abe65b25b89,China_Drone_001801,RoadSentinel_datasets/rdd2022_full/China_Drone/China_Drone/train/images/China_Drone_001801.jpg,1,2,0,2,1,0.0,0.0,0.0,0.0,false,"{""0"": {""fn"": 0, ""fp"": 0, ""gt"": 0, ""iou_sum"": 0.0, ""matched"": 0, ""pred"": 0, ""tp"": 0}, ""1"": {""fn"": 1, ""fp"": 2, ""gt"": 1, ""iou_sum"": 0.0, ""matched"": 0, ""pred"": 2, ""tp"": 0}, ""2"": {""fn"": 0, ""fp"": 0, ""gt"": 0, ""iou_sum"": 0.0, ""matched"": 0, ""pred"": 0, ""tp"": 0}, ""3"": {""fn"": 0, ""fp"": 0, ""gt"": 0, ""iou_sum"": 0.0, ""matched"": 0, ""pred"": 0, ""tp"": 0}}","[[1.0, 0.01171875, 0.22070311999999997, 0.24609375, 0.2734375]]","[[1.0, 0.015176153741776943, 0.1731148064136505, 0.5455229878425598, 0.28400787711143494, 0.3524853587150574], [1.0, 0.3212406635284424, 0.17679956555366516, 0.5219005942344666, 0.24332726001739502, 0.2530335783958435]]"
m_uav1,M-UAV1,rdd2022_china_drone::phash6_8b4b81447f8a::china_drone_002337,rdd2022_china_drone,China UAV,phash6_8b4b81447f8a,China_Drone_002337,RoadSentinel_datasets/rdd2022_full/China_Drone/China_Drone/train/images/China_Drone_002337.jpg,2,2,2,0,0,1.0,1.0,1.0,0.8636070215072134,false,"{""0"": {""fn"": 0, ""fp"": 0, ""gt"": 2, ""iou_sum"": 1.7272140430144267, ""matched"": 2, ""pred"": 2, ""tp"": 2}, ""1"": {""fn"": 0, ""fp"": 0, ""gt"": 0, ""iou_sum"": 0.0, ""matched"": 0, ""pred"": 0, ""tp"": 0}, ""2"": {""fn"": 0, ""fp"": 0, ""gt"": 0, ""iou_sum"": 0.0, ""matched"": 0, ""pred"": 0, ""tp"": 0}, ""3"": {""fn"": 0, ""fp"": 0, ""gt"": 0, ""iou_sum"": 0.0, ""matched"": 0, ""pred"": 0, ""tp"": 0}}","[[0.0, 0.41210937999999997, 0.0019531299999999974, 0.4765625, 0.47851562999999997], [0.0, 0.55078125, 0.31640624500000003, 0.60546875, 0.999999995]]","[[0.0, 0.5511555671691895, 0.29248273372650146, 0.6109902262687683, 1.0, 0.7862553596496582], [0.0, 0.4089084565639496, 0.0, 0.4706588685512543, 0.4826474189758301, 0.7202333807945251]]"
m_uav1,M-UAV1,rdd2022_china_drone::phash6_8c80572de644::china_drone_001673,rdd2022_china_drone,China UAV,phash6_8c80572de644,China_Drone_001673,RoadSentinel_datasets/rdd2022_full/China_Drone/China_Drone/train/images/China_Drone_001673.jpg,3,3,1,2,2,0.3333333333333333,0.3333333333333333,0.3333333333333333,0.8159797669136205,false,"{""0"": {""fn"": 1, ""fp"": 2, ""gt"": 2, ""iou_sum"": 0.8159797669136205, ""matched"": 1, ""pred"": 3, ""tp"": 1}, ""1"": {""fn"": 1, ""fp"": 0, ""gt"": 1, ""iou_sum"": 0.0, ""matched"": 0, ""pred"": 0, ""tp"": 0}, ""2"": {""fn"": 0, ""fp"": 0, ""gt"": 0, ""iou_sum"": 0.0, ""matched"": 0, ""pred"": 0, ""tp"": 0}, ""3"": {""fn"": 0, ""fp"": 0, ""gt"": 0, ""iou_sum"": 0.0, ""matched"": 0, ""pred"": 0, ""tp"": 0}}","[[0.0, 0.45898437000000003, 0.70117188, 0.51953125, 0.8828125], [1.0, 0.583984375, 0.552734375, 0.783203125, 0.626953125], [0.0, 0.738281245, 0.24999999999999997, 0.828124995, 0.55273438]]","[[0.0, 0.4653676152229309, 0.6885643005371094, 0.5178441405296326, 0.8832341432571411, 0.6553007364273071], [0.0, 0.31336042284965515, 0.16378895938396454, 0.5860090255737305, 0.5152866840362549, 0.4835238456726074], [0.0, 0.7616519927978516, 0.34440839290618896, 0.8306588530540466, 0.5608812570571899, 0.2917805314064026]]"
m_uav1,M-UAV1,rdd2022_china_drone::phash6_8d18dc63d269::china_drone_000706,rdd2022_china_drone,China UAV,phash6_8d18dc63d269,China_Drone_000706,RoadSentinel_datasets/rdd2022_full/China_Drone/China_Drone/train/images/China_Drone_000706.jpg,1,3,1,2,0,0.3333333333333333,1.0,0.5,0.7480239013138992,false,"{""0"": {""fn"": 0, ""fp"": 0, ""gt"": 0, ""iou_sum"": 0.0, ""matched"": 0, ""pred"": 0, ""tp"": 0}, ""1"": {""fn"": 0, ""fp"": 0, ""gt"": 0, ""iou_sum"": 0.0, ""matched"": 0, ""pred"": 0, ""tp"": 0}, ""2"": {""fn"": 0, ""fp"": 2, ""gt"": 1, ""iou_sum"": 0.7480239013138992, ""matched"": 1, ""pred"": 3, ""tp"": 1}, ""3"": {""fn"": 0, ""fp"": 0, ""gt"": 0, ""iou_sum"": 0.0, ""matched"": 0, ""pred"": 0, ""tp"": 0}}","[[2.0, 0.16992187000000003, 0.68164062, 0.83984375, 0.86914062]]","[[2.0, 0.14095373451709747, 0.6908308267593384, 0.7683274149894714, 0.8880590796470642, 0.6000542044639587], [2.0, 0.16528120636940002, 0.7256913781166077, 0.6805395483970642, 0.893737256526947, 0.33260205388069153], [2.0, 0.2880803942680359, 0.6706364750862122, 0.7815088629722595, 0.8837005496025085, 0.30016088485717773]]"
m_uav1,M-UAV1,rdd2022_china_drone::phash6_8dd803adc68d::china_drone_000236,rdd2022_china_drone,China UAV,phash6_8dd803adc68d,China_Drone_000236,RoadSentinel_datasets/rdd2022_full/China_Drone/China_Drone/train/images/China_Drone_000236.jpg,1,4,1,3,0,0.25,1.0,0.4,0.8710387041487334,false,"{""0"": {""fn"": 0, ""fp"": 2, ""gt"": 0, ""iou_sum"": 0.0, ""matched"": 0, ""pred"": 2, ""tp"": 0}, ""1"": {""fn"": 0, ""fp"": 1, ""gt"": 1, ""iou_sum"": 0.8710387041487334, ""matched"": 1, ""pred"": 2, ""tp"": 1}, ""2"": {""fn"": 0, ""fp"": 0, ""gt"": 0, ""iou_sum"": 0.0, ""matched"": 0, ""pred"": 0, ""tp"": 0}, ""3"": {""fn"": 0, ""fp"": 0, ""gt"": 0, ""iou_sum"": 0.0, ""matched"": 0, ""pred"": 0, ""tp"": 0}}","[[1.0, 0.0019531199999999749, 0.31445312, 0.61132812, 0.45507812]]","[[1.0, 0.0023048878647387028, 0.3024879992008209, 0.6035978198051453, 0.46204301714897156, 0.7413761019706726], [1.0, 0.9134096503257751, 0.5801035761833191, 0.9998607635498047, 0.6199368238449097, 0.6982458233833313], [0.0, 0.29533177614212036, 0.7485856413841248, 0.3312743604183197, 0.9979845881462097, 0.6262857913970947], [0.0, 0.3032228350639343, 0.00027822257834486663, 0.34932419657707214, 0.10264020413160324, 0.44230687618255615]]"
m_uav1,M-UAV1,rdd2022_china_drone::phash6_8ebb6dc117e0::china_drone_000581,rdd2022_china_drone,China UAV,phash6_8ebb6dc117e0,China_Drone_000581,RoadSentinel_datasets/rdd2022_full/China_Drone/China_Drone/train/images/China_Drone_000581.jpg,1,1,1,0,0,1.0,1.0,1.0,0.8081485026963671,false,"{""0"": {""fn"": 0, ""fp"": 0, ""gt"": 0, ""iou_sum"": 0.0, ""matched"": 0, ""pred"": 0, ""tp"": 0}, ""1"": {""fn"": 0, ""fp"": 0, ""gt"": 1, ""iou_sum"": 0.8081485026963671, ""matched"": 1, ""pred"": 1, ""tp"": 1}, ""2"": {""fn"": 0, ""fp"": 0, ""gt"": 0, ""iou_sum"": 0.0, ""matched"": 0, ""pred"": 0, ""tp"": 0}, ""3"": {""fn"": 0, ""fp"": 0, ""gt"": 0, ""iou_sum"": 0.0, ""matched"": 0, ""pred"": 0, ""tp"": 0}}","[[1.0, 0.0019531200000000026, 0.501953125, 0.1875, 0.552734375]]","[[1.0, 0.0, 0.4942578375339508, 0.18263234198093414, 0.5508105158805847, 0.6086971759796143]]"
m_uav1,M-UAV1,rdd2022_china_drone::phash6_904eccfb40e6::china_drone_000229,rdd2022_china_drone,China UAV,phash6_904eccfb40e6,China_Drone_000229,RoadSentinel_datasets/rdd2022_full/China_Drone/China_Drone/train/images/China_Drone_000229.jpg,2,5,1,4,1,0.2,0.5,0.28571428571428575,0.739921951174662,false,"{""0"": {""fn"": 0, ""fp"": 1, ""gt"": 1, ""iou_sum"": 0.739921951174662, ""matched"": 1, ""pred"": 2, ""tp"": 1}, ""1"": {""fn"": 1, ""fp"": 3, ""gt"": 1, ""iou_sum"": 0.0, ""matched"": 0, ""pred"": 3, ""tp"": 0}, ""2"": {""fn"": 0, ""fp"": 0, ""gt"": 0, ""iou_sum"": 0.0, ""matched"": 0, ""pred"": 0, ""tp"": 0}, ""3"": {""fn"": 0, ""fp"": 0, ""gt"": 0, ""iou_sum"": 0.0, ""matched"": 0, ""pred"": 0, ""tp"": 0}}","[[0.0, 0.412109375, 0.61132812, 0.494140625, 0.9609375], [1.0, 0.15625000499999997, 0.93554688, 0.996093755, 0.99804688]]","[[1.0, 0.6301887035369873, 0.9407073259353638, 0.9999362826347351, 0.997586727142334, 0.7603364586830139], [0.0, 0.14871254563331604, 0.0, 0.1963609755039215, 0.11683749407529831, 0.591788649559021], [0.0, 0.42183277010917664, 0.5986440777778625, 0.48503732681274414, 0.9670011401176453, 0.5850339531898499], [1.0, 1.578331102791708e-05, 0.9453834891319275, 0.619749128818512, 1.0, 0.3889230489730835], [1.0, 0.1747271865606308, 0.9519221186637878, 0.5089488625526428, 0.9959853291511536, 0.37966641783714294]]"
m_uav1,M-UAV1,rdd2022_china_drone::phash6_91122e23612a::china_drone_001443,rdd2022_china_drone,China UAV,phash6_91122e23612a,China_Drone_001443,RoadSentinel_datasets/rdd2022_full/China_Drone/China_Drone/train/images/China_Drone_001443.jpg,1,2,0,2,1,0.0,0.0,0.0,0.0,false,"{""0"": {""fn"": 1, ""fp"": 1, ""gt"": 1, ""iou_sum"": 0.0, ""matched"": 0, ""pred"": 1, ""tp"": 0}, ""1"": {""fn"": 0, ""fp"": 1, ""gt"": 0, ""iou_sum"": 0.0, ""matched"": 0, ""pred"": 1, ""tp"": 0}, ""2"": {""fn"": 0, ""fp"": 0, ""gt"": 0, ""iou_sum"": 0.0, ""matched"": 0, ""pred"": 0, ""tp"": 0}, ""3"": {""fn"": 0, ""fp"": 0, ""gt"": 0, ""iou_sum"": 0.0, ""matched"": 0, ""pred"": 0, ""tp"": 0}}","[[0.0, 0.66015625, 0.29296875, 0.90234375, 0.35546875]]","[[1.0, 0.6382485628128052, 0.3090859055519104, 0.905056893825531, 0.3548281192779541, 0.8156322240829468], [0.0, 0.3251454830169678, 0.4373875558376312, 0.42530813813209534, 0.6956650614738464, 0.29751619696617126]]"
m_uav1,M-UAV1,rdd2022_china_drone::phash6_91bf3005ec46::china_drone_000509,rdd2022_china_drone,China UAV,phash6_91bf3005ec46,China_Drone_000509,RoadSentinel_datasets/rdd2022_full/China_Drone/China_Drone/train/images/China_Drone_000509.jpg,3,4,2,2,1,0.5,0.6666666666666666,0.5714285714285715,0.7334326830592492,false,"{""0"": {""fn"": 1, ""fp"": 2, ""gt"": 2, ""iou_sum"": 0.762642207262095, ""matched"": 1, ""pred"": 3, ""tp"": 1}, ""1"": {""fn"": 0, ""fp"": 0, ""gt"": 1, ""iou_sum"": 0.7042231588564036, ""matched"": 1, ""pred"": 1, ""tp"": 1}, ""2"": {""fn"": 0, ""fp"": 0, ""gt"": 0, ""iou_sum"": 0.0, ""matched"": 0, ""pred"": 0, ""tp"": 0}, ""3"": {""fn"": 0, ""fp"": 0, ""gt"": 0, ""iou_sum"": 0.0, ""matched"": 0, ""pred"": 0, ""tp"": 0}}","[[0.0, 0.882812505, 0.001953130000000025, 0.972656255, 0.41796875], [1.0, 0.34960937, 0.79882813, 0.60742187, 0.85546875], [0.0, 0.69921875, 0.43554687000000003, 0.95507813, 0.92773437]]","[[1.0, 0.35119393467903137, 0.8018056750297546, 0.6583849787712097, 0.8625898361206055, 0.6726935505867004], [0.0, 0.8894622921943665, 0.0, 0.9747039675712585, 0.49993467330932617, 0.5185935497283936], [0.0, 0.8665428161621094, 0.0, 0.9812126159667969, 0.8955408334732056, 0.4869450330734253], [0.0, 0.6873525977134705, 0.6502953767776489, 0.8456568121910095, 0.9993395805358887, 0.4760429561138153]]"
m_uav1,M-UAV1,rdd2022_china_drone::phash6_92b0eb22c388::china_drone_000894,rdd2022_china_drone,China UAV,phash6_92b0eb22c388,China_Drone_000894,RoadSentinel_datasets/rdd2022_full/China_Drone/China_Drone/train/images/China_Drone_000894.jpg,2,2,2,0,0,1.0,1.0,1.0,0.7560105103446186,false,"{""0"": {""fn"": 0, ""fp"": 0, ""gt"": 0, ""iou_sum"": 0.0, ""matched"": 0, ""pred"": 0, ""tp"": 0}, ""1"": {""fn"": 0, ""fp"": 0, ""gt"": 2, ""iou_sum"": 1.5120210206892373, ""matched"": 2, ""pred"": 2, ""tp"": 2}, ""2"": {""fn"": 0, ""fp"": 0, ""gt"": 0, ""iou_sum"": 0.0, ""matched"": 0, ""pred"": 0, ""tp"": 0}, ""3"": {""fn"": 0, ""fp"": 0, ""gt"": 0, ""iou_sum"": 0.0, ""matched"": 0, ""pred"": 0, ""tp"": 0}}","[[1.0, 0.36523437999999997, 0.05664063, 0.703125, 0.12109375], [1.0, 0.60546875, 0.917968755, 0.93164063, 0.968750005]]","[[1.0, 0.38847723603248596, 0.06146052107214928, 0.6972371935844421, 0.13157762587070465, 0.772901177406311], [1.0, 0.6062132120132446, 0.9228771328926086, 0.9364293217658997, 0.9761848449707031, 0.7148535847663879]]"
m_uav1,M-UAV1,rdd2022_china_drone::phash6_93b3886a2a24::china_drone_000657,rdd2022_china_drone,China UAV,phash6_93b3886a2a24,China_Drone_000657,RoadSentinel_datasets/rdd2022_full/China_Drone/China_Drone/train/images/China_Drone_000657.jpg,3,6,3,3,0,0.5,1.0,0.6666666666666666,0.6364349985120943,false,"{""0"": {""fn"": 0, ""fp"": 2, ""gt"": 2, ""iou_sum"": 1.2141108478639253, ""matched"": 2, ""pred"": 4, ""tp"": 2}, ""1"": {""fn"": 0, ""fp"": 1, ""gt"": 1, ""iou_sum"": 0.6951941476723575, ""matched"": 1, ""pred"": 2, ""tp"": 1}, ""2"": {""fn"": 0, ""fp"": 0, ""gt"": 0, ""iou_sum"": 0.0, ""matched"": 0, ""pred"": 0, ""tp"": 0}, ""3"": {""fn"": 0, ""fp"": 0, ""gt"": 0, ""iou_sum"": 0.0, ""matched"": 0, ""pred"": 0, ""tp"": 0}}","[[0.0, 0.03710938, 0.30859375, 0.1484375, 0.77734375], [0.0, 0.0859375, 0.81835938, 0.13085938, 1.0], [1.0, 0.4296875, 0.074218755, 1.0, 0.187500005]]","[[1.0, 0.19864940643310547, 0.12724529206752777, 0.4243743121623993, 0.18720804154872894, 0.664753258228302], [0.0, 0.03185711055994034, 0.2995451092720032, 0.15929865837097168, 1.0, 0.5786318778991699], [0.0, 0.46952733397483826, 9.572505950927734e-05, 0.5221142768859863, 0.08891930431127548, 0.4929492473602295], [0.0, 0.02268042601644993, 0.30332526564598083, 0.16086366772651672, 0.7678646445274353, 0.4928605556488037], [1.0, 0.415250688791275, 0.07817795127630234, 0.869942843914032, 0.1825748234987259, 0.45590513944625854], [0.0, 0.07618451118469238, 0.8121010065078735, 0.14498038589954376, 0.9992610812187195, 0.3588843047618866]]"
m_uav1,M-UAV1,rdd2022_china_drone::phash6_957310d57625::china_drone_001464,rdd2022_china_drone,China UAV,phash6_957310d57625,China_Drone_001464,RoadSentinel_datasets/rdd2022_full/China_Drone/China_Drone/train/images/China_Drone_001464.jpg,3,5,2,3,1,0.4,0.6666666666666666,0.5,0.7495691213458844,false,"{""0"": {""fn"": 0, ""fp"": 3, ""gt"": 1, ""iou_sum"": 0.8316884949402611, ""matched"": 1, ""pred"": 4, ""tp"": 1}, ""1"": {""fn"": 0, ""fp"": 0, ""gt"": 1, ""iou_sum"": 0.6674497477515077, ""matched"": 1, ""pred"": 1, ""tp"": 1}, ""2"": {""fn"": 1, ""fp"": 0, ""gt"": 1, ""iou_sum"": 0.0, ""matched"": 0, ""pred"": 0, ""tp"": 0}, ""3"": {""fn"": 0, ""fp"": 0, ""gt"": 0, ""iou_sum"": 0.0, ""matched"": 0, ""pred"": 0, ""tp"": 0}}","[[2.0, 0.73242188, 0.056640625, 0.8671875, 0.169921875], [1.0, 0.45703125499999997, 0.06835938, 0.726562505, 0.1484375], [0.0, 0.83007813, 0.296875, 0.96289063, 0.99023438]]","[[1.0, 0.4687053859233856, 0.08219844102859497, 0.7471014261245728, 0.1579427570104599, 0.8221153616905212], [0.0, 0.8344889879226685, 0.3009197413921356, 0.9732157588005066, 0.940138041973114, 0.59461909532547], [0.0, 0.8963001370429993, 0.2862040102481842, 0.9722366333007812, 0.798606276512146, 0.29982420802116394], [0.0, 0.9034654498100281, 0.29610639810562134, 0.9622079730033875, 0.6490769982337952, 0.2777014374732971], [0.0, 0.8145597577095032, 0.2737749516963959, 0.9902529120445251, 0.9985114932060242, 0.254069447517395]]"
m_uav1,M-UAV1,rdd2022_china_drone::phash6_9650f5f5ded2::china_drone_000448,rdd2022_china_drone,China UAV,phash6_9650f5f5ded2,China_Drone_000448,RoadSentinel_datasets/rdd2022_full/China_Drone/China_Drone/train/images/China_Drone_000448.jpg,5,4,2,2,3,0.5,0.4,0.4444444444444445,0.7314076938790413,false,"{""0"": {""fn"": 2, ""fp"": 2, ""gt"": 3, ""iou_sum"": 0.8409147466302647, ""matched"": 1, ""pred"": 3, ""tp"": 1}, ""1"": {""fn"": 1, ""fp"": 0, ""gt"": 2, ""iou_sum"": 0.621900641127818, ""matched"": 1, ""pred"": 1, ""tp"": 1}, ""2"": {""fn"": 0, ""fp"": 0, ""gt"": 0, ""iou_sum"": 0.0, ""matched"": 0, ""pred"": 0, ""tp"": 0}, ""3"": {""fn"": 0, ""fp"": 0, ""gt"": 0, ""iou_sum"": 0.0, ""matched"": 0, ""pred"": 0, ""tp"": 0}}","[[0.0, 0.1171875, 0.0019531200000000304, 0.1953125, 0.9609375], [1.0, 0.19140625, 0.54882813, 0.31835937000000003, 0.59765625], [0.0, 0.28515625, 0.5546875, 0.36132812999999997, 1.0], [1.0, 0.40820312000000003, 0.57421875, 0.625, 0.63476563], [0.0, 0.73632812, 0.001953130000000025, 0.7890625, 0.44140625]]","[[1.0, 0.4359916150569916, 0.5809307098388672, 0.6514147520065308, 0.6431822180747986, 0.7596625089645386], [0.0, 0.3072715401649475, 0.8232946395874023, 0.36788058280944824, 0.9993982315063477, 0.6632015109062195], [0.0, 0.11949582397937775, 0.0011514663929119706, 0.2046104222536087, 0.9293236136436462, 0.6231923699378967], [0.0, 0.10664210468530655, 0.006071948911994696, 0.18797750771045685, 0.9845407605171204, 0.25880151987075806]]"
m_uav1,M-UAV1,rdd2022_china_drone::phash6_977f0ad514b4::china_drone_000860,rdd2022_china_drone,China UAV,phash6_977f0ad514b4,China_Drone_000860,RoadSentinel_datasets/rdd2022_full/China_Drone/China_Drone/train/images/China_Drone_000860.jpg,1,2,1,1,0,0.5,1.0,0.6666666666666666,0.7037414881088598,false,"{""0"": {""fn"": 0, ""fp"": 0, ""gt"": 1, ""iou_sum"": 0.7037414881088598, ""matched"": 1, ""pred"": 1, ""tp"": 1}, ""1"": {""fn"": 0, ""fp"": 1, ""gt"": 0, ""iou_sum"": 0.0, ""matched"": 0, ""pred"": 1, ""tp"": 0}, ""2"": {""fn"": 0, ""fp"": 0, ""gt"": 0, ""iou_sum"": 0.0, ""matched"": 0, ""pred"": 0, ""tp"": 0}, ""3"": {""fn"": 0, ""fp"": 0, ""gt"": 0, ""iou_sum"": 0.0, ""matched"": 0, ""pred"": 0, ""tp"": 0}}","[[0.0, 0.292968745, 0.11718750000000001, 0.335937495, 0.28710938]]","[[0.0, 0.299008309841156, 0.09170737862586975, 0.33918631076812744, 0.28809547424316406, 0.8016524314880371], [1.0, 0.16320326924324036, 0.3494347035884857, 0.28704655170440674, 0.4010944068431854, 0.3926827013492584]]"
m_uav1,M-UAV1,rdd2022_china_drone::phash6_99f5a6dbd664::china_drone_000838,rdd2022_china_drone,China UAV,phash6_99f5a6dbd664,China_Drone_000838,RoadSentinel_datasets/rdd2022_full/China_Drone/China_Drone/train/images/China_Drone_000838.jpg,3,5,3,2,0,0.6,1.0,0.7499999999999999,0.7600575350615214,false,"{""0"": {""fn"": 0, ""fp"": 1, ""gt"": 2, ""iou_sum"": 1.4108314641428676, ""matched"": 2, ""pred"": 3, ""tp"": 2}, ""1"": {""fn"": 0, ""fp"": 1, ""gt"": 1, ""iou_sum"": 0.8693411410416967, ""matched"": 1, ""pred"": 2, ""tp"": 1}, ""2"": {""fn"": 0, ""fp"": 0, ""gt"": 0, ""iou_sum"": 0.0, ""matched"": 0, ""pred"": 0, ""tp"": 0}, ""3"": {""fn"": 0, ""fp"": 0, ""gt"": 0, ""iou_sum"": 0.0, ""matched"": 0, ""pred"": 0, ""tp"": 0}}","[[0.0, 0.11718750000000001, 0.107421875, 0.19335938000000003, 0.314453125], [0.0, 0.3125, 0.519531245, 0.35351562000000003, 0.953124995], [1.0, 0.134765625, 0.74023437, 0.419921875, 0.79296875]]","[[1.0, 0.1405315399169922, 0.7427422404289246, 0.43056604266166687, 0.7949330806732178, 0.8257176876068115], [0.0, 0.1255427449941635, 0.11095760017633438, 0.18852391839027405, 0.30910342931747437, 0.7884424328804016], [0.0, 0.30270814895629883, 0.4149239659309387, 0.3554559648036957, 0.9591696858406067, 0.6455792784690857], [0.0, 0.3437507152557373, 0.09721548110246658, 0.3929860591888428, 0.2912368178367615, 0.32271191477775574], [1.0, 0.2988904118537903, 0.8934268951416016, 0.4694528579711914, 0.9388263821601868, 0.2524002492427826]]"
m_uav1,M-UAV1,rdd2022_china_drone::phash6_9a34263b4610::china_drone_001374,rdd2022_china_drone,China UAV,phash6_9a34263b4610,China_Drone_001374,RoadSentinel_datasets/rdd2022_full/China_Drone/China_Drone/train/images/China_Drone_001374.jpg,1,2,1,1,0,0.5,1.0,0.6666666666666666,0.7567009512499311,false,"{""0"": {""fn"": 0, ""fp"": 1, ""gt"": 0, ""iou_sum"": 0.0, ""matched"": 0, ""pred"": 1, ""tp"": 0}, ""1"": {""fn"": 0, ""fp"": 0, ""gt"": 1, ""iou_sum"": 0.7567009512499311, ""matched"": 1, ""pred"": 1, ""tp"": 1}, ""2"": {""fn"": 0, ""fp"": 0, ""gt"": 0, ""iou_sum"": 0.0, ""matched"": 0, ""pred"": 0, ""tp"": 0}, ""3"": {""fn"": 0, ""fp"": 0, ""gt"": 0, ""iou_sum"": 0.0, ""matched"": 0, ""pred"": 0, ""tp"": 0}}","[[1.0, 0.001953125, 0.34765625, 0.287109375, 0.48242187000000003]]","[[1.0, 0.0, 0.35466328263282776, 0.2907029688358307, 0.5134047865867615, 0.4297642409801483], [0.0, 0.0, 0.34928807616233826, 0.2959747016429901, 0.4944668710231781, 0.3370549976825714]]"
m_uav1,M-UAV1,rdd2022_china_drone::phash6_9b6f3bd0dc58::china_drone_000438,rdd2022_china_drone,China UAV,phash6_9b6f3bd0dc58,China_Drone_000438,RoadSentinel_datasets/rdd2022_full/China_Drone/China_Drone/train/images/China_Drone_000438.jpg,1,3,1,2,0,0.3333333333333333,1.0,0.5,0.7656509700400973,false,"{""0"": {""fn"": 0, ""fp"": 2, ""gt"": 0, ""iou_sum"": 0.0, ""matched"": 0, ""pred"": 2, ""tp"": 0}, ""1"": {""fn"": 0, ""fp"": 0, ""gt"": 1, ""iou_sum"": 0.7656509700400973, ""matched"": 1, ""pred"": 1, ""tp"": 1}, ""2"": {""fn"": 0, ""fp"": 0, ""gt"": 0, ""iou_sum"": 0.0, ""matched"": 0, ""pred"": 0, ""tp"": 0}, ""3"": {""fn"": 0, ""fp"": 0, ""gt"": 0, ""iou_sum"": 0.0, ""matched"": 0, ""pred"": 0, ""tp"": 0}}","[[1.0, 0.0019531200000000304, 0.50585937, 1.0, 0.58203125]]","[[1.0, 0.0, 0.4897036552429199, 0.9769353866577148, 0.5871928334236145, 0.7227596640586853], [0.0, 0.21518273651599884, 0.6975077986717224, 0.2684454619884491, 0.9994353652000427, 0.4601544439792633], [0.0, 0.4643150269985199, 0.5505183339118958, 0.5171982645988464, 0.7365882992744446, 0.39373576641082764]]"
m_uav1,M-UAV1,rdd2022_china_drone::phash6_9d3685df8864::china_drone_000886,rdd2022_china_drone,China UAV,phash6_9d3685df8864,China_Drone_000886,RoadSentinel_datasets/rdd2022_full/China_Drone/China_Drone/train/images/China_Drone_000886.jpg,2,5,1,4,1,0.2,0.5,0.28571428571428575,0.9630690032595176,false,"{""0"": {""fn"": 1, ""fp"": 2, ""gt"": 2, ""iou_sum"": 0.9630690032595176, ""matched"": 1, ""pred"": 3, ""tp"": 1}, ""1"": {""fn"": 0, ""fp"": 2, ""gt"": 0, ""iou_sum"": 0.0, ""matched"": 0, ""pred"": 2, ""tp"": 0}, ""2"": {""fn"": 0, ""fp"": 0, ""gt"": 0, ""iou_sum"": 0.0, ""matched"": 0, ""pred"": 0, ""tp"": 0}, ""3"": {""fn"": 0, ""fp"": 0, ""gt"": 0, ""iou_sum"": 0.0, ""matched"": 0, ""pred"": 0, ""tp"": 0}}","[[0.0, 0.46875, 0.001953130000000025, 0.578125, 0.41015625], [0.0, 0.62890625, 0.001953125, 0.68164063, 0.310546875]]","[[0.0, 0.4677692949771881, 0.0, 0.5757769346237183, 0.4091978073120117, 0.7689674496650696], [1.0, 0.15976181626319885, 0.4889759123325348, 0.6834940314292908, 0.5530962347984314, 0.7261903285980225], [0.0, 0.2000974714756012, 0.0019808770157396793, 0.24264125525951385, 0.41308173537254333, 0.45038655400276184], [0.0, 0.09136690944433212, 0.3928505778312683, 0.1654166728258133, 0.5983425974845886, 0.4412948787212372], [1.0, 0.0, 0.4580094516277313, 0.05474107339978218, 0.49593421816825867, 0.28264766931533813]]"
m_uav1,M-UAV1,rdd2022_china_drone::phash6_9e6d5a39aecc::china_drone_000455,rdd2022_china_drone,China UAV,phash6_9e6d5a39aecc,China_Drone_000455,RoadSentinel_datasets/rdd2022_full/China_Drone/China_Drone/train/images/China_Drone_000455.jpg,1,3,1,2,0,0.3333333333333333,1.0,0.5,0.7767900474212406,false,"{""0"": {""fn"": 0, ""fp"": 1, ""gt"": 1, ""iou_sum"": 0.7767900474212406, ""matched"": 1, ""pred"": 2, ""tp"": 1}, ""1"": {""fn"": 0, ""fp"": 1, ""gt"": 0, ""iou_sum"": 0.0, ""matched"": 0, ""pred"": 1, ""tp"": 0}, ""2"": {""fn"": 0, ""fp"": 0, ""gt"": 0, ""iou_sum"": 0.0, ""matched"": 0, ""pred"": 0, ""tp"": 0}, ""3"": {""fn"": 0, ""fp"": 0, ""gt"": 0, ""iou_sum"": 0.0, ""matched"": 0, ""pred"": 0, ""tp"": 0}}","[[0.0, 0.17773436999999997, 0.132812495, 0.24609375, 0.32421874500000003]]","[[0.0, 0.17728601396083832, 0.1367514729499817, 0.24179649353027344, 0.3597481846809387, 0.6879295110702515], [1.0, 0.8848787546157837, 0.4959309697151184, 0.9555624127388, 0.5291935801506042, 0.405213326215744], [0.0, 0.3483286499977112, 9.799003601074219e-05, 0.40116792917251587, 0.09345747530460358, 0.3300577700138092]]"
m_uav1,M-UAV1,rdd2022_china_drone::phash6_9eec777fd7eb::china_drone_002079,rdd2022_china_drone,China UAV,phash6_9eec777fd7eb,China_Drone_002079,RoadSentinel_datasets/rdd2022_full/China_Drone/China_Drone/train/images/China_Drone_002079.jpg,1,1,1,0,0,1.0,1.0,1.0,0.8650193948794482,false,"{""0"": {""fn"": 0, ""fp"": 0, ""gt"": 0, ""iou_sum"": 0.0, ""matched"": 0, ""pred"": 0, ""tp"": 0}, ""1"": {""fn"": 0, ""fp"": 0, ""gt"": 1, ""iou_sum"": 0.8650193948794482, ""matched"": 1, ""pred"": 1, ""tp"": 1}, ""2"": {""fn"": 0, ""fp"": 0, ""gt"": 0, ""iou_sum"": 0.0, ""matched"": 0, ""pred"": 0, ""tp"": 0}, ""3"": {""fn"": 0, ""fp"": 0, ""gt"": 0, ""iou_sum"": 0.0, ""matched"": 0, ""pred"": 0, ""tp"": 0}}","[[1.0, 0.7421875, 0.65820312, 0.99804688, 0.72070312]]","[[1.0, 0.7418692708015442, 0.6570192575454712, 1.0, 0.7286362051963806, 0.6152838468551636]]"
m_uav1,M-UAV1,rdd2022_china_drone::phash6_9eecac7e28d3::china_drone_001738,rdd2022_china_drone,China UAV,phash6_9eecac7e28d3,China_Drone_001738,RoadSentinel_datasets/rdd2022_full/China_Drone/China_Drone/train/images/China_Drone_001738.jpg,1,3,1,2,0,0.3333333333333333,1.0,0.5,0.8805179859111585,false,"{""0"": {""fn"": 0, ""fp"": 2, ""gt"": 1, ""iou_sum"": 0.8805179859111585, ""matched"": 1, ""pred"": 3, ""tp"": 1}, ""1"": {""fn"": 0, ""fp"": 0, ""gt"": 0, ""iou_sum"": 0.0, ""matched"": 0, ""pred"": 0, ""tp"": 0}, ""2"": {""fn"": 0, ""fp"": 0, ""gt"": 0, ""iou_sum"": 0.0, ""matched"": 0, ""pred"": 0, ""tp"": 0}, ""3"": {""fn"": 0, ""fp"": 0, ""gt"": 0, ""iou_sum"": 0.0, ""matched"": 0, ""pred"": 0, ""tp"": 0}}","[[0.0, 0.54296875, 0.05664062999999997, 0.62304687, 0.70703125]]","[[0.0, 0.5467511415481567, 0.3030737340450287, 0.6080091595649719, 0.6522862315177917, 0.4665200412273407], [0.0, 0.5423758625984192, 0.0, 0.6226412057876587, 0.6866092085838318, 0.34653374552726746], [0.0, 0.5576639175415039, 2.307891918462701e-05, 0.6165800094604492, 0.29311949014663696, 0.3450733721256256]]"
m_uav1,M-UAV1,rdd2022_china_drone::phash6_a296ab089898::china_drone_000286,rdd2022_china_drone,China UAV,phash6_a296ab089898,China_Drone_000286,RoadSentinel_datasets/rdd2022_full/China_Drone/China_Drone/train/images/China_Drone_000286.jpg,2,1,0,1,2,0.0,0.0,0.0,0.0,false,"{""0"": {""fn"": 1, ""fp"": 1, ""gt"": 1, ""iou_sum"": 0.0, ""matched"": 0, ""pred"": 1, ""tp"": 0}, ""1"": {""fn"": 0, ""fp"": 0, ""gt"": 0, ""iou_sum"": 0.0, ""matched"": 0, ""pred"": 0, ""tp"": 0}, ""2"": {""fn"": 0, ""fp"": 0, ""gt"": 0, ""iou_sum"": 0.0, ""matched"": 0, ""pred"": 0, ""tp"": 0}, ""3"": {""fn"": 1, ""fp"": 0, ""gt"": 1, ""iou_sum"": 0.0, ""matched"": 0, ""pred"": 0, ""tp"": 0}}","[[3.0, 0.1484375, 0.5390625, 0.28710938, 0.90039062], [0.0, 0.16992186999999997, 0.910156245, 0.21484375, 0.999999995]]","[[0.0, 0.1543111652135849, 0.5588493347167969, 0.2863961160182953, 1.0, 0.2607104480266571]]"
m_uav1,M-UAV1,rdd2022_china_drone::phash6_a3bc556f41f8::china_drone_000337,rdd2022_china_drone,China UAV,phash6_a3bc556f41f8,China_Drone_000337,RoadSentinel_datasets/rdd2022_full/China_Drone/China_Drone/train/images/China_Drone_000337.jpg,3,5,3,2,0,0.6,1.0,0.7499999999999999,0.8136619566935233,false,"{""0"": {""fn"": 0, ""fp"": 1, ""gt"": 1, ""iou_sum"": 0.9042024277350403, ""matched"": 1, ""pred"": 2, ""tp"": 1}, ""1"": {""fn"": 0, ""fp"": 1, ""gt"": 2, ""iou_sum"": 1.5367834423455293, ""matched"": 2, ""pred"": 3, ""tp"": 2}, ""2"": {""fn"": 0, ""fp"": 0, ""gt"": 0, ""iou_sum"": 0.0, ""matched"": 0, ""pred"": 0, ""tp"": 0}, ""3"": {""fn"": 0, ""fp"": 0, ""gt"": 0, ""iou_sum"": 0.0, ""matched"": 0, ""pred"": 0, ""tp"": 0}}","[[1.0, 0.0019531200000000026, 0.67578125, 0.45507812000000003, 0.72851563], [1.0, 0.66210938, 0.568359375, 1.0, 0.634765625], [0.0, 0.6640625, 0.0019531200000000304, 0.72851562, 0.5078125]]","[[1.0, 0.6667919158935547, 0.561840832233429, 0.9983539581298828, 0.6228626370429993, 0.67513108253479], [0.0, 0.6596108675003052, 0.0, 0.7270132899284363, 0.5112291574478149, 0.5336390733718872], [1.0, 0.00046367646427825093, 0.6660633683204651, 0.4392310082912445, 0.7275791764259338, 0.5156558752059937], [1.0, 0.6666869521141052, 0.5351541638374329, 0.9999165534973145, 0.6223081946372986, 0.49199268221855164], [0.0, 0.5183677673339844, 0.6476088166236877, 0.6646190881729126, 0.7595863938331604, 0.28187668323516846]]"
m_uav1,M-UAV1,rdd2022_china_drone::phash6_a435388f655c::china_drone_000435,rdd2022_china_drone,China UAV,phash6_a435388f655c,China_Drone_000435,RoadSentinel_datasets/rdd2022_full/China_Drone/China_Drone/train/images/China_Drone_000435.jpg,2,1,1,0,1,1.0,0.5,0.6666666666666666,0.7217431406849066,false,"{""0"": {""fn"": 0, ""fp"": 0, ""gt"": 0, ""iou_sum"": 0.0, ""matched"": 0, ""pred"": 0, ""tp"": 0}, ""1"": {""fn"": 0, ""fp"": 0, ""gt"": 1, ""iou_sum"": 0.7217431406849066, ""matched"": 1, ""pred"": 1, ""tp"": 1}, ""2"": {""fn"": 0, ""fp"": 0, ""gt"": 0, ""iou_sum"": 0.0, ""matched"": 0, ""pred"": 0, ""tp"": 0}, ""3"": {""fn"": 1, ""fp"": 0, ""gt"": 1, ""iou_sum"": 0.0, ""matched"": 0, ""pred"": 0, ""tp"": 0}}","[[3.0, 0.9375, 0.76171875, 1.0, 0.82617187], [1.0, 0.613281245, 0.0019531200000000026, 0.999999995, 0.0546875]]","[[1.0, 0.5117132067680359, 0.0, 1.0, 0.051112234592437744, 0.3689376711845398]]"
m_uav1,M-UAV1,rdd2022_china_drone::phash6_a4ef5365ac51::china_drone_000338,rdd2022_china_drone,China UAV,phash6_a4ef5365ac51,China_Drone_000338,RoadSentinel_datasets/rdd2022_full/China_Drone/China_Drone/train/images/China_Drone_000338.jpg,1,2,1,1,0,0.5,1.0,0.6666666666666666,0.891222842639821,false,"{""0"": {""fn"": 0, ""fp"": 1, ""gt"": 0, ""iou_sum"": 0.0, ""matched"": 0, ""pred"": 1, ""tp"": 0}, ""1"": {""fn"": 0, ""fp"": 0, ""gt"": 1, ""iou_sum"": 0.891222842639821, ""matched"": 1, ""pred"": 1, ""tp"": 1}, ""2"": {""fn"": 0, ""fp"": 0, ""gt"": 0, ""iou_sum"": 0.0, ""matched"": 0, ""pred"": 0, ""tp"": 0}, ""3"": {""fn"": 0, ""fp"": 0, ""gt"": 0, ""iou_sum"": 0.0, ""matched"": 0, ""pred"": 0, ""tp"": 0}}","[[1.0, 0.41015625, 0.0234375, 0.99609375, 0.20507812]]","[[1.0, 0.41986820101737976, 0.015521860681474209, 0.9994536638259888, 0.21510720252990723, 0.757129967212677], [0.0, 0.6272605061531067, 0.0, 0.671323299407959, 0.07224546372890472, 0.25730279088020325]]"
m_uav1,M-UAV1,rdd2022_china_drone::phash6_a4ef5365ac51::china_drone_000511,rdd2022_china_drone,China UAV,phash6_a4ef5365ac51,China_Drone_000511,RoadSentinel_datasets/rdd2022_full/China_Drone/China_Drone/train/images/China_Drone_000511.jpg,1,1,1,0,0,1.0,1.0,1.0,0.8646617805001593,false,"{""0"": {""fn"": 0, ""fp"": 0, ""gt"": 0, ""iou_sum"": 0.0, ""matched"": 0, ""pred"": 0, ""tp"": 0}, ""1"": {""fn"": 0, ""fp"": 0, ""gt"": 1, ""iou_sum"": 0.8646617805001593, ""matched"": 1, ""pred"": 1, ""tp"": 1}, ""2"": {""fn"": 0, ""fp"": 0, ""gt"": 0, ""iou_sum"": 0.0, ""matched"": 0, ""pred"": 0, ""tp"": 0}, ""3"": {""fn"": 0, ""fp"": 0, ""gt"": 0, ""iou_sum"": 0.0, ""matched"": 0, ""pred"": 0, ""tp"": 0}}","[[1.0, 0.40820312000000003, 0.01171875, 1.0, 0.18945313]]","[[1.0, 0.3972005546092987, 0.003319358918815851, 0.9993505477905273, 0.20492540299892426, 0.6831676959991455]]"
m_uav1,M-UAV1,rdd2022_china_drone::phash6_a4ef5365ac51::china_drone_001900,rdd2022_china_drone,China UAV,phash6_a4ef5365ac51,China_Drone_001900,RoadSentinel_datasets/rdd2022_full/China_Drone/China_Drone/train/images/China_Drone_001900.jpg,1,2,1,1,0,0.5,1.0,0.6666666666666666,0.8903587862682276,false,"{""0"": {""fn"": 0, ""fp"": 0, ""gt"": 0, ""iou_sum"": 0.0, ""matched"": 0, ""pred"": 0, ""tp"": 0}, ""1"": {""fn"": 0, ""fp"": 1, ""gt"": 1, ""iou_sum"": 0.8903587862682276, ""matched"": 1, ""pred"": 2, ""tp"": 1}, ""2"": {""fn"": 0, ""fp"": 0, ""gt"": 0, ""iou_sum"": 0.0, ""matched"": 0, ""pred"": 0, ""tp"": 0}, ""3"": {""fn"": 0, ""fp"": 0, ""gt"": 0, ""iou_sum"": 0.0, ""matched"": 0, ""pred"": 0, ""tp"": 0}}","[[1.0, 0.41015624500000003, 0.00390625, 0.999999995, 0.18164063]]","[[1.0, 0.404734343290329, 0.0, 0.9989500045776367, 0.19748558104038239, 0.7182251214981079], [1.0, 0.40693217515945435, 0.0, 0.995366096496582, 0.13777154684066772, 0.2642945647239685]]"
m_uav1,M-UAV1,rdd2022_china_drone::phash6_a6004b7f0ea5::china_drone_000113,rdd2022_china_drone,China UAV,phash6_a6004b7f0ea5,China_Drone_000113,RoadSentinel_datasets/rdd2022_full/China_Drone/China_Drone/train/images/China_Drone_000113.jpg,4,3,3,0,1,1.0,0.75,0.8571428571428571,0.73328842859951,false,"{""0"": {""fn"": 1, ""fp"": 0, ""gt"": 3, ""iou_sum"": 1.456279047658594, ""matched"": 2, ""pred"": 2, ""tp"": 2}, ""1"": {""fn"": 0, ""fp"": 0, ""gt"": 1, ""iou_sum"": 0.7435862381399362, ""matched"": 1, ""pred"": 1, ""tp"": 1}, ""2"": {""fn"": 0, ""fp"": 0, ""gt"": 0, ""iou_sum"": 0.0, ""matched"": 0, ""pred"": 0, ""tp"": 0}, ""3"": {""fn"": 0, ""fp"": 0, ""gt"": 0, ""iou_sum"": 0.0, ""matched"": 0, ""pred"": 0, ""tp"": 0}}","[[0.0, 0.166015625, 0.0019531299999999696, 0.224609375, 0.76171875], [0.0, 0.343749995, 0.0019531299999999974, 0.410156245, 0.49414062999999997], [1.0, 0.44140625, 0.41210937999999997, 0.68945313, 0.4765625], [0.0, 0.33007812, 0.5546875, 0.40820312, 1.0]]","[[1.0, 0.4789464473724365, 0.4082106649875641, 0.7072498798370361, 0.47572603821754456, 0.7125616073608398], [0.0, 0.32741591334342957, 0.6702756285667419, 0.4095187187194824, 0.9959844946861267, 0.6188310980796814], [0.0, 0.16586346924304962, 0.0, 0.2406017780303955, 0.7239201068878174, 0.520626962184906]]"
m_uav1,M-UAV1,rdd2022_china_drone::phash6_a69350d64210::china_drone_001185,rdd2022_china_drone,China UAV,phash6_a69350d64210,China_Drone_001185,RoadSentinel_datasets/rdd2022_full/China_Drone/China_Drone/train/images/China_Drone_001185.jpg,2,4,2,2,0,0.5,1.0,0.6666666666666666,0.795440813643419,false,"{""0"": {""fn"": 0, ""fp"": 1, ""gt"": 0, ""iou_sum"": 0.0, ""matched"": 0, ""pred"": 1, ""tp"": 0}, ""1"": {""fn"": 0, ""fp"": 1, ""gt"": 2, ""iou_sum"": 1.590881627286838, ""matched"": 2, ""pred"": 3, ""tp"": 2}, ""2"": {""fn"": 0, ""fp"": 0, ""gt"": 0, ""iou_sum"": 0.0, ""matched"": 0, ""pred"": 0, ""tp"": 0}, ""3"": {""fn"": 0, ""fp"": 0, ""gt"": 0, ""iou_sum"": 0.0, ""matched"": 0, ""pred"": 0, ""tp"": 0}}","[[1.0, 0.013671875, 0.296875, 0.525390625, 0.36523437999999997], [1.0, 0.57226562, 0.34765625, 0.8359375, 0.41210937000000003]]","[[1.0, 0.0050786021165549755, 0.299140065908432, 0.5320523381233215, 0.36484095454216003, 0.8634252548217773], [1.0, 0.5831066966056824, 0.3625606596469879, 0.8089902997016907, 0.41234302520751953, 0.8491892218589783], [0.0, 0.6624048352241516, 0.13823513686656952, 0.7003416419029236, 0.36206063628196716, 0.5217205286026001], [1.0, 0.940241277217865, 0.3874347507953644, 0.9994094967842102, 0.4240489900112152, 0.35150083899497986]]"
m_uav1,M-UAV1,rdd2022_china_drone::phash6_a6b54aa112b2::china_drone_002307,rdd2022_china_drone,China UAV,phash6_a6b54aa112b2,China_Drone_002307,RoadSentinel_datasets/rdd2022_full/China_Drone/China_Drone/train/images/China_Drone_002307.jpg,1,0,0,0,1,0.0,0.0,0.0,0.0,true,"{""0"": {""fn"": 0, ""fp"": 0, ""gt"": 0, ""iou_sum"": 0.0, ""matched"": 0, ""pred"": 0, ""tp"": 0}, ""1"": {""fn"": 1, ""fp"": 0, ""gt"": 1, ""iou_sum"": 0.0, ""matched"": 0, ""pred"": 0, ""tp"": 0}, ""2"": {""fn"": 0, ""fp"": 0, ""gt"": 0, ""iou_sum"": 0.0, ""matched"": 0, ""pred"": 0, ""tp"": 0}, ""3"": {""fn"": 0, ""fp"": 0, ""gt"": 0, ""iou_sum"": 0.0, ""matched"": 0, ""pred"": 0, ""tp"": 0}}","[[1.0, 0.44726562000000003, 0.75390625, 0.953125, 0.85742187]]",[]
m_uav1,M-UAV1,rdd2022_china_drone::phash6_a761e8e08dee::china_drone_001676,rdd2022_china_drone,China UAV,phash6_a761e8e08dee,China_Drone_001676,RoadSentinel_datasets/rdd2022_full/China_Drone/China_Drone/train/images/China_Drone_001676.jpg,1,4,1,3,0,0.25,1.0,0.4,0.6950458867117272,false,"{""0"": {""fn"": 0, ""fp"": 0, ""gt"": 0, ""iou_sum"": 0.0, ""matched"": 0, ""pred"": 0, ""tp"": 0}, ""1"": {""fn"": 0, ""fp"": 3, ""gt"": 1, ""iou_sum"": 0.6950458867117272, ""matched"": 1, ""pred"": 4, ""tp"": 1}, ""2"": {""fn"": 0, ""fp"": 0, ""gt"": 0, ""iou_sum"": 0.0, ""matched"": 0, ""pred"": 0, ""tp"": 0}, ""3"": {""fn"": 0, ""fp"": 0, ""gt"": 0, ""iou_sum"": 0.0, ""matched"": 0, ""pred"": 0, ""tp"": 0}}","[[1.0, 0.52539063, 0.8984375, 0.98046875, 0.98242188]]","[[1.0, 0.47294798493385315, 0.9084267020225525, 0.9965388178825378, 0.9922748804092407, 0.5310556888580322], [1.0, 0.7289168834686279, 0.9077261090278625, 0.993081271648407, 0.9777509570121765, 0.49380144476890564], [1.0, 0.4720844328403473, 0.94427090883255, 0.6679865121841431, 0.9996500015258789, 0.4868854582309723], [1.0, 0.6282451748847961, 0.9065830111503601, 0.9867035150527954, 0.979434609413147, 0.3310355842113495]]"
m_uav1,M-UAV1,rdd2022_china_drone::phash6_ab41a6dd06a0::china_drone_002384,rdd2022_china_drone,China UAV,phash6_ab41a6dd06a0,China_Drone_002384,RoadSentinel_datasets/rdd2022_full/China_Drone/China_Drone/train/images/China_Drone_002384.jpg,1,2,0,2,1,0.0,0.0,0.0,0.0,false,"{""0"": {""fn"": 0, ""fp"": 1, ""gt"": 0, ""iou_sum"": 0.0, ""matched"": 0, ""pred"": 1, ""tp"": 0}, ""1"": {""fn"": 0, ""fp"": 0, ""gt"": 0, ""iou_sum"": 0.0, ""matched"": 0, ""pred"": 0, ""tp"": 0}, ""2"": {""fn"": 1, ""fp"": 1, ""gt"": 1, ""iou_sum"": 0.0, ""matched"": 0, ""pred"": 1, ""tp"": 0}, ""3"": {""fn"": 0, ""fp"": 0, ""gt"": 0, ""iou_sum"": 0.0, ""matched"": 0, ""pred"": 0, ""tp"": 0}}","[[2.0, 0.14648437, 0.455078125, 0.58203125, 0.966796875]]","[[0.0, 0.1569685935974121, 0.0031326531898230314, 0.21652184426784515, 0.24489907920360565, 0.4588101804256439], [2.0, 0.298296183347702, 0.5348352789878845, 0.5628442764282227, 0.8276664614677429, 0.2660103142261505]]"
m_uav1,M-UAV1,rdd2022_china_drone::phash6_ad8f13ac6aca::china_drone_000474,rdd2022_china_drone,China UAV,phash6_ad8f13ac6aca,China_Drone_000474,RoadSentinel_datasets/rdd2022_full/China_Drone/China_Drone/train/images/China_Drone_000474.jpg,5,7,4,3,1,0.5714285714285714,0.8,0.6666666666666666,0.7636247626917937,false,"{""0"": {""fn"": 0, ""fp"": 0, ""gt"": 2, ""iou_sum"": 1.808875200214591, ""matched"": 2, ""pred"": 2, ""tp"": 2}, ""1"": {""fn"": 0, ""fp"": 2, ""gt"": 1, ""iou_sum"": 0.6668835011105163, ""matched"": 1, ""pred"": 3, ""tp"": 1}, ""2"": {""fn"": 1, ""fp"": 1, ""gt"": 2, ""iou_sum"": 0.5787403494420676, ""matched"": 1, ""pred"": 2, ""tp"": 1}, ""3"": {""fn"": 0, ""fp"": 0, ""gt"": 0, ""iou_sum"": 0.0, ""matched"": 0, ""pred"": 0, ""tp"": 0}}","[[0.0, 0.359375, 0.001953125, 0.4140625, 0.435546875], [0.0, 0.63085938, 0.125, 0.6796875, 0.4609375], [1.0, 0.0390625, 0.75585938, 0.30273438, 0.8046875], [2.0, 0.29492187000000003, 0.74023437, 0.47265625, 0.84179687], [2.0, 0.55273438, 0.70117187, 0.875, 0.83203125]]","[[0.0, 0.3581744134426117, 0.0, 0.4140848219394684, 0.43853989243507385, 0.8782483339309692], [0.0, 0.6264182329177856, 0.12666812539100647, 0.6814810633659363, 0.44350892305374146, 0.5735064148902893], [1.0, 0.01787595823407173, 0.7423990368843079, 0.32584547996520996, 0.8050858378410339, 0.5629103183746338], [2.0, 0.5579027533531189, 0.7300651669502258, 1.0, 0.8341822028160095, 0.5207379460334778], [1.0, 0.7469565868377686, 0.7592898607254028, 1.0, 0.8303956389427185, 0.4444752335548401], [2.0, 0.5538218021392822, 0.7232605814933777, 0.6909250617027283, 0.8191584944725037, 0.3650447428226471], [1.0, 0.6214887499809265, 0.7611061334609985, 1.0, 0.8308723568916321, 0.32683736085891724]]"
m_uav1,M-UAV1,rdd2022_china_drone::phash6_ae1635acb99f::china_drone_000370,rdd2022_china_drone,China UAV,phash6_ae1635acb99f,China_Drone_000370,RoadSentinel_datasets/rdd2022_full/China_Drone/China_Drone/train/images/China_Drone_000370.jpg,1,2,1,1,0,0.5,1.0,0.6666666666666666,0.821187824438977,false,"{""0"": {""fn"": 0, ""fp"": 0, ""gt"": 0, ""iou_sum"": 0.0, ""matched"": 0, ""pred"": 0, ""tp"": 0}, ""1"": {""fn"": 0, ""fp"": 1, ""gt"": 1, ""iou_sum"": 0.821187824438977, ""matched"": 1, ""pred"": 2, ""tp"": 1}, ""2"": {""fn"": 0, ""fp"": 0, ""gt"": 0, ""iou_sum"": 0.0, ""matched"": 0, ""pred"": 0, ""tp"": 0}, ""3"": {""fn"": 0, ""fp"": 0, ""gt"": 0, ""iou_sum"": 0.0, ""matched"": 0, ""pred"": 0, ""tp"": 0}}","[[1.0, 0.22265624499999997, 0.49023437999999997, 0.765624995, 0.6328125]]","[[1.0, 0.28729602694511414, 0.48812732100486755, 0.7500203251838684, 0.6293523907661438, 0.42048409581184387], [1.0, 0.1478790044784546, 0.5005046129226685, 0.7157987952232361, 0.6331437230110168, 0.29699382185935974]]"
m_uav1,M-UAV1,rdd2022_china_drone::phash6_af1cd886781d::china_drone_002268,rdd2022_china_drone,China UAV,phash6_af1cd886781d,China_Drone_002268,RoadSentinel_datasets/rdd2022_full/China_Drone/China_Drone/train/images/China_Drone_002268.jpg,1,0,0,0,1,0.0,0.0,0.0,0.0,true,"{""0"": {""fn"": 0, ""fp"": 0, ""gt"": 0, ""iou_sum"": 0.0, ""matched"": 0, ""pred"": 0, ""tp"": 0}, ""1"": {""fn"": 0, ""fp"": 0, ""gt"": 0, ""iou_sum"": 0.0, ""matched"": 0, ""pred"": 0, ""tp"": 0}, ""2"": {""fn"": 0, ""fp"": 0, ""gt"": 0, ""iou_sum"": 0.0, ""matched"": 0, ""pred"": 0, ""tp"": 0}, ""3"": {""fn"": 1, ""fp"": 0, ""gt"": 1, ""iou_sum"": 0.0, ""matched"": 0, ""pred"": 0, ""tp"": 0}}","[[3.0, 0.09179686999999999, 0.74609375, 0.17578125, 0.79296875]]",[]
m_uav1,M-UAV1,rdd2022_china_drone::phash6_b2796af71c61::china_drone_000695,rdd2022_china_drone,China UAV,phash6_b2796af71c61,China_Drone_000695,RoadSentinel_datasets/rdd2022_full/China_Drone/China_Drone/train/images/China_Drone_000695.jpg,2,0,0,0,2,0.0,0.0,0.0,0.0,true,"{""0"": {""fn"": 0, ""fp"": 0, ""gt"": 0, ""iou_sum"": 0.0, ""matched"": 0, ""pred"": 0, ""tp"": 0}, ""1"": {""fn"": 0, ""fp"": 0, ""gt"": 0, ""iou_sum"": 0.0, ""matched"": 0, ""pred"": 0, ""tp"": 0}, ""2"": {""fn"": 1, ""fp"": 0, ""gt"": 1, ""iou_sum"": 0.0, ""matched"": 0, ""pred"": 0, ""tp"": 0}, ""3"": {""fn"": 1, ""fp"": 0, ""gt"": 1, ""iou_sum"": 0.0, ""matched"": 0, ""pred"": 0, ""tp"": 0}}","[[3.0, 0.12695311999999997, 0.46875, 0.2265625, 0.5703125], [2.0, 0.8359375, 0.869140625, 1.0, 0.998046875]]",[]
m_uav1,M-UAV1,rdd2022_china_drone::phash6_b3a9bc5a191e::china_drone_001881,rdd2022_china_drone,China UAV,phash6_b3a9bc5a191e,China_Drone_001881,RoadSentinel_datasets/rdd2022_full/China_Drone/China_Drone/train/images/China_Drone_001881.jpg,1,1,1,0,0,1.0,1.0,1.0,0.8500157072928248,false,"{""0"": {""fn"": 0, ""fp"": 0, ""gt"": 0, ""iou_sum"": 0.0, ""matched"": 0, ""pred"": 0, ""tp"": 0}, ""1"": {""fn"": 0, ""fp"": 0, ""gt"": 1, ""iou_sum"": 0.8500157072928248, ""matched"": 1, ""pred"": 1, ""tp"": 1}, ""2"": {""fn"": 0, ""fp"": 0, ""gt"": 0, ""iou_sum"": 0.0, ""matched"": 0, ""pred"": 0, ""tp"": 0}, ""3"": {""fn"": 0, ""fp"": 0, ""gt"": 0, ""iou_sum"": 0.0, ""matched"": 0, ""pred"": 0, ""tp"": 0}}","[[1.0, 0.0019531199999999749, 0.34765625, 0.70507812, 0.41601562999999997]]","[[1.0, 0.001695394515991211, 0.34228822588920593, 0.7128937244415283, 0.41099628806114197, 0.599676787853241]]"
m_uav1,M-UAV1,rdd2022_china_drone::phash6_b43e137e4830::china_drone_000955,rdd2022_china_drone,China UAV,phash6_b43e137e4830,China_Drone_000955,RoadSentinel_datasets/rdd2022_full/China_Drone/China_Drone/train/images/China_Drone_000955.jpg,3,2,1,1,2,0.5,0.3333333333333333,0.4,0.8804021628045617,false,"{""0"": {""fn"": 1, ""fp"": 1, ""gt"": 2, ""iou_sum"": 0.8804021628045617, ""matched"": 1, ""pred"": 2, ""tp"": 1}, ""1"": {""fn"": 0, ""fp"": 0, ""gt"": 0, ""iou_sum"": 0.0, ""matched"": 0, ""pred"": 0, ""tp"": 0}, ""2"": {""fn"": 0, ""fp"": 0, ""gt"": 0, ""iou_sum"": 0.0, ""matched"": 0, ""pred"": 0, ""tp"": 0}, ""3"": {""fn"": 1, ""fp"": 0, ""gt"": 1, ""iou_sum"": 0.0, ""matched"": 0, ""pred"": 0, ""tp"": 0}}","[[3.0, 0.22070312000000003, 0.552734375, 0.3984375, 0.908203125], [0.0, 0.35742187999999997, 0.28515625, 0.5078125, 0.53515625], [0.0, 0.21679688000000003, 0.91210937, 0.265625, 0.99609375]]","[[0.0, 0.35489949584007263, 0.2923048436641693, 0.5070195198059082, 0.5552391409873962, 0.44407185912132263], [0.0, 0.20794148743152618, 0.5554326176643372, 0.4019645154476166, 0.9972760081291199, 0.3534855246543884]]"
m_uav1,M-UAV1,rdd2022_china_drone::phash6_b8f7432456d9::china_drone_000819,rdd2022_china_drone,China UAV,phash6_b8f7432456d9,China_Drone_000819,RoadSentinel_datasets/rdd2022_full/China_Drone/China_Drone/train/images/China_Drone_000819.jpg,2,3,2,1,0,0.6666666666666666,1.0,0.8,0.6866033714345234,false,"{""0"": {""fn"": 0, ""fp"": 0, ""gt"": 1, ""iou_sum"": 0.7790553679608901, ""matched"": 1, ""pred"": 1, ""tp"": 1}, ""1"": {""fn"": 0, ""fp"": 0, ""gt"": 0, ""iou_sum"": 0.0, ""matched"": 0, ""pred"": 0, ""tp"": 0}, ""2"": {""fn"": 0, ""fp"": 1, ""gt"": 1, ""iou_sum"": 0.5941513749081566, ""matched"": 1, ""pred"": 2, ""tp"": 1}, ""3"": {""fn"": 0, ""fp"": 0, ""gt"": 0, ""iou_sum"": 0.0, ""matched"": 0, ""pred"": 0, ""tp"": 0}}","[[0.0, 0.31054687000000003, 0.6171875, 0.47265625, 0.8125], [2.0, 0.44921875499999997, 0.0019531200000000304, 1.000000005, 0.6171875]]","[[2.0, 0.4433908462524414, 0.21593506634235382, 0.8618534207344055, 0.7516434788703918, 0.363575279712677], [2.0, 0.4415048658847809, 0.12888877093791962, 0.9849458932876587, 0.7968886494636536, 0.3477408289909363], [0.0, 0.3190658688545227, 0.6070716977119446, 0.4913998544216156, 0.8208536505699158, 0.3259231150150299]]"
m_uav1,M-UAV1,rdd2022_china_drone::phash6_ba4346aeeab7::china_drone_002245,rdd2022_china_drone,China UAV,phash6_ba4346aeeab7,China_Drone_002245,RoadSentinel_datasets/rdd2022_full/China_Drone/China_Drone/train/images/China_Drone_002245.jpg,6,8,4,4,2,0.5,0.6666666666666666,0.5714285714285715,0.7472453882311424,false,"{""0"": {""fn"": 0, ""fp"": 2, ""gt"": 1, ""iou_sum"": 0.7278839756481612, ""matched"": 1, ""pred"": 3, ""tp"": 1}, ""1"": {""fn"": 1, ""fp"": 1, ""gt"": 3, ""iou_sum"": 1.5226524211593053, ""matched"": 2, ""pred"": 3, ""tp"": 2}, ""2"": {""fn"": 0, ""fp"": 1, ""gt"": 0, ""iou_sum"": 0.0, ""matched"": 0, ""pred"": 1, ""tp"": 0}, ""3"": {""fn"": 1, ""fp"": 0, ""gt"": 2, ""iou_sum"": 0.738445156117103, ""matched"": 1, ""pred"": 1, ""tp"": 1}}","[[3.0, 0.09570312, 0.31445312999999997, 0.15820312, 0.40234375], [3.0, 0.365234375, 0.24609375, 0.447265625, 0.31640625], [1.0, 0.375, 0.384765625, 0.70898438, 0.474609375], [1.0, 0.09960936999999997, 0.40429687, 0.37109375, 0.45898437], [0.0, 0.695312495, 0.1953125, 0.746093745, 0.35742187999999997], [1.0, 0.734375, 0.28320312999999997, 1.0, 0.34765625]]","[[3.0, 0.0895342230796814, 0.3070496618747711, 0.16256488859653473, 0.40890857577323914, 0.8329347968101501], [1.0, 0.39329490065574646, 0.40202364325523376, 0.7245678305625916, 0.46820303797721863, 0.6370118260383606], [2.0, 0.08262854069471359, 0.30914148688316345, 0.16633419692516327, 0.41809555888175964, 0.4870027005672455], [0.0, 0.0003970980760641396, 0.0, 0.1546621322631836, 0.12748539447784424, 0.4685947000980377], [1.0, 0.7418166995048523, 0.2874241769313812, 0.9925029873847961, 0.3502626419067383, 0.459719181060791], [0.0, 0.7010218501091003, 0.1831587702035904, 0.7415434718132019, 0.35203132033348083, 0.4233008921146393], [1.0, 0.7421523928642273, 0.2613388001918793, 0.999118983745575, 0.34783896803855896, 0.3385550081729889], [0.0, 0.2151627093553543, 0.8034862875938416, 0.25198569893836975, 0.999798595905304, 0.2828304171562195]]"
m_uav1,M-UAV1,rdd2022_china_drone::phash6_bc875efbbadf::china_drone_001133,rdd2022_china_drone,China UAV,phash6_bc875efbbadf,China_Drone_001133,RoadSentinel_datasets/rdd2022_full/China_Drone/China_Drone/train/images/China_Drone_001133.jpg,1,1,0,1,1,0.0,0.0,0.0,0.0,false,"{""0"": {""fn"": 0, ""fp"": 0, ""gt"": 0, ""iou_sum"": 0.0, ""matched"": 0, ""pred"": 0, ""tp"": 0}, ""1"": {""fn"": 1, ""fp"": 1, ""gt"": 1, ""iou_sum"": 0.0, ""matched"": 0, ""pred"": 1, ""tp"": 0}, ""2"": {""fn"": 0, ""fp"": 0, ""gt"": 0, ""iou_sum"": 0.0, ""matched"": 0, ""pred"": 0, ""tp"": 0}, ""3"": {""fn"": 0, ""fp"": 0, ""gt"": 0, ""iou_sum"": 0.0, ""matched"": 0, ""pred"": 0, ""tp"": 0}}","[[1.0, 0.19335937000000003, 0.73828125, 0.71484375, 0.85546875]]","[[1.0, 0.4701560139656067, 0.7928130030632019, 0.7190842628479004, 0.8635889291763306, 0.647702693939209]]"
m_uav1,M-UAV1,rdd2022_china_drone::phash6_c0af61efa8cb::china_drone_001944,rdd2022_china_drone,China UAV,phash6_c0af61efa8cb,China_Drone_001944,RoadSentinel_datasets/rdd2022_full/China_Drone/China_Drone/train/images/China_Drone_001944.jpg,2,2,2,0,0,1.0,1.0,1.0,0.7491561953931158,false,"{""0"": {""fn"": 0, ""fp"": 0, ""gt"": 1, ""iou_sum"": 0.7491353304593866, ""matched"": 1, ""pred"": 1, ""tp"": 1}, ""1"": {""fn"": 0, ""fp"": 0, ""gt"": 1, ""iou_sum"": 0.749177060326845, ""matched"": 1, ""pred"": 1, ""tp"": 1}, ""2"": {""fn"": 0, ""fp"": 0, ""gt"": 0, ""iou_sum"": 0.0, ""matched"": 0, ""pred"": 0, ""tp"": 0}, ""3"": {""fn"": 0, ""fp"": 0, ""gt"": 0, ""iou_sum"": 0.0, ""matched"": 0, ""pred"": 0, ""tp"": 0}}","[[0.0, 0.70703125, 0.0019531200000000304, 0.75195313, 0.5234375], [1.0, 0.710937505, 0.51367188, 0.972656255, 0.578125]]","[[1.0, 0.7254299521446228, 0.5063204169273376, 0.9994468688964844, 0.5759496092796326, 0.7820278406143188], [0.0, 0.7008237838745117, 0.0, 0.7603613138198853, 0.5210863947868347, 0.6718395948410034]]"
m_uav1,M-UAV1,rdd2022_china_drone::phash6_c0b5ae089b6b::china_drone_001142,rdd2022_china_drone,China UAV,phash6_c0b5ae089b6b,China_Drone_001142,RoadSentinel_datasets/rdd2022_full/China_Drone/China_Drone/train/images/China_Drone_001142.jpg,1,2,1,1,0,0.5,1.0,0.6666666666666666,0.5744841472133875,false,"{""0"": {""fn"": 0, ""fp"": 0, ""gt"": 0, ""iou_sum"": 0.0, ""matched"": 0, ""pred"": 0, ""tp"": 0}, ""1"": {""fn"": 0, ""fp"": 1, ""gt"": 1, ""iou_sum"": 0.5744841472133875, ""matched"": 1, ""pred"": 2, ""tp"": 1}, ""2"": {""fn"": 0, ""fp"": 0, ""gt"": 0, ""iou_sum"": 0.0, ""matched"": 0, ""pred"": 0, ""tp"": 0}, ""3"": {""fn"": 0, ""fp"": 0, ""gt"": 0, ""iou_sum"": 0.0, ""matched"": 0, ""pred"": 0, ""tp"": 0}}","[[1.0, 0.740234375, 0.515625, 0.994140625, 0.57226562]]","[[1.0, 0.7296692728996277, 0.5277767777442932, 0.9994105696678162, 0.5892335772514343, 0.5086610913276672], [1.0, 0.7206959128379822, 0.5140010714530945, 0.9999513626098633, 0.6015724539756775, 0.26670369505882263]]"
m_uav1,M-UAV1,rdd2022_china_drone::phash6_c56438d443da::china_drone_000128,rdd2022_china_drone,China UAV,phash6_c56438d443da,China_Drone_000128,RoadSentinel_datasets/rdd2022_full/China_Drone/China_Drone/train/images/China_Drone_000128.jpg,1,1,1,0,0,1.0,1.0,1.0,0.7643508028080513,false,"{""0"": {""fn"": 0, ""fp"": 0, ""gt"": 1, ""iou_sum"": 0.7643508028080513, ""matched"": 1, ""pred"": 1, ""tp"": 1}, ""1"": {""fn"": 0, ""fp"": 0, ""gt"": 0, ""iou_sum"": 0.0, ""matched"": 0, ""pred"": 0, ""tp"": 0}, ""2"": {""fn"": 0, ""fp"": 0, ""gt"": 0, ""iou_sum"": 0.0, ""matched"": 0, ""pred"": 0, ""tp"": 0}, ""3"": {""fn"": 0, ""fp"": 0, ""gt"": 0, ""iou_sum"": 0.0, ""matched"": 0, ""pred"": 0, ""tp"": 0}}","[[0.0, 0.47265624500000003, 0.64453125, 0.546874995, 0.96289063]]","[[0.0, 0.48385486006736755, 0.6492204666137695, 0.5497522354125977, 0.9830905795097351, 0.5878780484199524]]"
m_uav1,M-UAV1,rdd2022_china_drone::phash6_c7c242d98baf::china_drone_002252,rdd2022_china_drone,China UAV,phash6_c7c242d98baf,China_Drone_002252,RoadSentinel_datasets/rdd2022_full/China_Drone/China_Drone/train/images/China_Drone_002252.jpg,1,1,0,1,1,0.0,0.0,0.0,0.0,false,"{""0"": {""fn"": 0, ""fp"": 0, ""gt"": 0, ""iou_sum"": 0.0, ""matched"": 0, ""pred"": 0, ""tp"": 0}, ""1"": {""fn"": 1, ""fp"": 1, ""gt"": 1, ""iou_sum"": 0.0, ""matched"": 0, ""pred"": 1, ""tp"": 0}, ""2"": {""fn"": 0, ""fp"": 0, ""gt"": 0, ""iou_sum"": 0.0, ""matched"": 0, ""pred"": 0, ""tp"": 0}, ""3"": {""fn"": 0, ""fp"": 0, ""gt"": 0, ""iou_sum"": 0.0, ""matched"": 0, ""pred"": 0, ""tp"": 0}}","[[1.0, 0.0019531200000000304, 0.41210938, 0.8984375, 0.52148438]]","[[1.0, 0.4959638714790344, 0.43124398589134216, 0.9109764099121094, 0.5264617204666138, 0.5120683312416077]]"
m_uav1,M-UAV1,rdd2022_china_drone::phash6_c8668962067b::china_drone_001200,rdd2022_china_drone,China UAV,phash6_c8668962067b,China_Drone_001200,RoadSentinel_datasets/rdd2022_full/China_Drone/China_Drone/train/images/China_Drone_001200.jpg,1,1,1,0,0,1.0,1.0,1.0,0.8991118208107708,false,"{""0"": {""fn"": 0, ""fp"": 0, ""gt"": 0, ""iou_sum"": 0.0, ""matched"": 0, ""pred"": 0, ""tp"": 0}, ""1"": {""fn"": 0, ""fp"": 0, ""gt"": 1, ""iou_sum"": 0.8991118208107708, ""matched"": 1, ""pred"": 1, ""tp"": 1}, ""2"": {""fn"": 0, ""fp"": 0, ""gt"": 0, ""iou_sum"": 0.0, ""matched"": 0, ""pred"": 0, ""tp"": 0}, ""3"": {""fn"": 0, ""fp"": 0, ""gt"": 0, ""iou_sum"": 0.0, ""matched"": 0, ""pred"": 0, ""tp"": 0}}","[[1.0, 0.02734375499999997, 0.01171875, 1.000000005, 0.15039063]]","[[1.0, 0.0007295608520507812, 0.008481479249894619, 1.0, 0.14261077344417572, 0.5900189280509949]]"
m_uav1,M-UAV1,rdd2022_china_drone::phash6_c96735d46472::china_drone_001824,rdd2022_china_drone,China UAV,phash6_c96735d46472,China_Drone_001824,RoadSentinel_datasets/rdd2022_full/China_Drone/China_Drone/train/images/China_Drone_001824.jpg,1,2,1,1,0,0.5,1.0,0.6666666666666666,0.7575214240061816,false,"{""0"": {""fn"": 0, ""fp"": 0, ""gt"": 0, ""iou_sum"": 0.0, ""matched"": 0, ""pred"": 0, ""tp"": 0}, ""1"": {""fn"": 0, ""fp"": 1, ""gt"": 1, ""iou_sum"": 0.7575214240061816, ""matched"": 1, ""pred"": 2, ""tp"": 1}, ""2"": {""fn"": 0, ""fp"": 0, ""gt"": 0, ""iou_sum"": 0.0, ""matched"": 0, ""pred"": 0, ""tp"": 0}, ""3"": {""fn"": 0, ""fp"": 0, ""gt"": 0, ""iou_sum"": 0.0, ""matched"": 0, ""pred"": 0, ""tp"": 0}}","[[1.0, 0.01171875, 0.64453125, 0.84765625, 0.80664063]]","[[1.0, 0.0006568908574990928, 0.6678131222724915, 0.9513923525810242, 0.8084792494773865, 0.5915988087654114], [1.0, 0.0, 0.7054377794265747, 0.8588919043540955, 0.8141366243362427, 0.25724613666534424]]"
m_uav1,M-UAV1,rdd2022_china_drone::phash6_c96a08dcd7ed::china_drone_001260,rdd2022_china_drone,China UAV,phash6_c96a08dcd7ed,China_Drone_001260,RoadSentinel_datasets/rdd2022_full/China_Drone/China_Drone/train/images/China_Drone_001260.jpg,4,5,0,5,4,0.0,0.0,0.0,0.0,false,"{""0"": {""fn"": 3, ""fp"": 5, ""gt"": 3, ""iou_sum"": 0.0, ""matched"": 0, ""pred"": 5, ""tp"": 0}, ""1"": {""fn"": 0, ""fp"": 0, ""gt"": 0, ""iou_sum"": 0.0, ""matched"": 0, ""pred"": 0, ""tp"": 0}, ""2"": {""fn"": 1, ""fp"": 0, ""gt"": 1, ""iou_sum"": 0.0, ""matched"": 0, ""pred"": 0, ""tp"": 0}, ""3"": {""fn"": 0, ""fp"": 0, ""gt"": 0, ""iou_sum"": 0.0, ""matched"": 0, ""pred"": 0, ""tp"": 0}}","[[2.0, 0.33007812000000003, 0.17578125, 0.97070312, 0.85546875], [0.0, 0.001953130000000025, 0.36914062, 0.30859375, 0.52539062], [0.0, 0.65625, 0.86132812, 0.74023438, 1.0], [0.0, 0.941406245, 0.0019531299999999974, 0.999999995, 0.16601563]]","[[0.0, 0.8974885940551758, 0.004598474595695734, 1.0, 0.3407987654209137, 0.6656589508056641], [0.0, 0.6545016169548035, 0.5537400245666504, 0.830090343952179, 0.8408865332603455, 0.5832110047340393], [0.0, 0.34414026141166687, 0.4234801232814789, 0.6836341023445129, 0.855461597442627, 0.5346037149429321], [0.0, 0.7782360315322876, 0.00032176970853470266, 0.9964286684989929, 0.5811088681221008, 0.3498033583164215], [0.0, 0.351333349943161, 0.3986625671386719, 0.7468277812004089, 0.998171329498291, 0.2571544051170349]]"
m_uav1,M-UAV1,rdd2022_china_drone::phash6_cb2354c7c9d0::china_drone_001610,rdd2022_china_drone,China UAV,phash6_cb2354c7c9d0,China_Drone_001610,RoadSentinel_datasets/rdd2022_full/China_Drone/China_Drone/train/images/China_Drone_001610.jpg,2,3,2,1,0,0.6666666666666666,1.0,0.8,0.6142146827691743,false,"{""0"": {""fn"": 0, ""fp"": 0, ""gt"": 0, ""iou_sum"": 0.0, ""matched"": 0, ""pred"": 0, ""tp"": 0}, ""1"": {""fn"": 0, ""fp"": 1, ""gt"": 2, ""iou_sum"": 1.2284293655383487, ""matched"": 2, ""pred"": 3, ""tp"": 2}, ""2"": {""fn"": 0, ""fp"": 0, ""gt"": 0, ""iou_sum"": 0.0, ""matched"": 0, ""pred"": 0, ""tp"": 0}, ""3"": {""fn"": 0, ""fp"": 0, ""gt"": 0, ""iou_sum"": 0.0, ""matched"": 0, ""pred"": 0, ""tp"": 0}}","[[1.0, 0.2734375, 0.349609375, 0.625, 0.470703125], [1.0, 0.62695313, 0.396484375, 0.79296875, 0.439453125]]","[[1.0, 0.2838374078273773, 0.3697674870491028, 0.838986337184906, 0.4661105275154114, 0.6763005256652832], [1.0, 0.2886349856853485, 0.36121565103530884, 0.6042882204055786, 0.4716360569000244, 0.41334691643714905], [1.0, 0.6230863928794861, 0.39458543062210083, 0.8412094116210938, 0.44076061248779297, 0.386095255613327]]"
m_uav1,M-UAV1,rdd2022_china_drone::phash6_cb7403c0b48d::china_drone_001845,rdd2022_china_drone,China UAV,phash6_cb7403c0b48d,China_Drone_001845,RoadSentinel_datasets/rdd2022_full/China_Drone/China_Drone/train/images/China_Drone_001845.jpg,1,0,0,0,1,0.0,0.0,0.0,0.0,true,"{""0"": {""fn"": 1, ""fp"": 0, ""gt"": 1, ""iou_sum"": 0.0, ""matched"": 0, ""pred"": 0, ""tp"": 0}, ""1"": {""fn"": 0, ""fp"": 0, ""gt"": 0, ""iou_sum"": 0.0, ""matched"": 0, ""pred"": 0, ""tp"": 0}, ""2"": {""fn"": 0, ""fp"": 0, ""gt"": 0, ""iou_sum"": 0.0, ""matched"": 0, ""pred"": 0, ""tp"": 0}, ""3"": {""fn"": 0, ""fp"": 0, ""gt"": 0, ""iou_sum"": 0.0, ""matched"": 0, ""pred"": 0, ""tp"": 0}}","[[0.0, 0.34765625, 0.90429688, 0.38867187000000003, 1.0]]",[]
m_uav1,M-UAV1,rdd2022_china_drone::phash6_d280eb342c4d::china_drone_001028,rdd2022_china_drone,China UAV,phash6_d280eb342c4d,China_Drone_001028,RoadSentinel_datasets/rdd2022_full/China_Drone/China_Drone/train/images/China_Drone_001028.jpg,5,0,0,0,5,0.0,0.0,0.0,0.0,true,"{""0"": {""fn"": 3, ""fp"": 0, ""gt"": 3, ""iou_sum"": 0.0, ""matched"": 0, ""pred"": 0, ""tp"": 0}, ""1"": {""fn"": 0, ""fp"": 0, ""gt"": 0, ""iou_sum"": 0.0, ""matched"": 0, ""pred"": 0, ""tp"": 0}, ""2"": {""fn"": 2, ""fp"": 0, ""gt"": 2, ""iou_sum"": 0.0, ""matched"": 0, ""pred"": 0, ""tp"": 0}, ""3"": {""fn"": 0, ""fp"": 0, ""gt"": 0, ""iou_sum"": 0.0, ""matched"": 0, ""pred"": 0, ""tp"": 0}}","[[0.0, 0.66210937, 0.65429688, 0.73242187, 1.0], [2.0, 0.62695312, 0.0019531200000000026, 0.7265625, 0.1328125], [2.0, 0.66601563, 0.546875, 0.75390625, 0.65429688], [0.0, 0.72460938, 0.34570313, 0.78710938, 0.54101563], [0.0, 0.623046875, 0.14257813, 0.697265625, 0.45703125]]",[]
m_uav1,M-UAV1,rdd2022_china_drone::phash6_d2aca8ac3875::china_drone_001317,rdd2022_china_drone,China UAV,phash6_d2aca8ac3875,China_Drone_001317,RoadSentinel_datasets/rdd2022_full/China_Drone/China_Drone/train/images/China_Drone_001317.jpg,2,2,1,1,1,0.5,0.5,0.5,0.9032044729339452,false,"{""0"": {""fn"": 0, ""fp"": 0, ""gt"": 0, ""iou_sum"": 0.0, ""matched"": 0, ""pred"": 0, ""tp"": 0}, ""1"": {""fn"": 1, ""fp"": 0, ""gt"": 2, ""iou_sum"": 0.9032044729339452, ""matched"": 1, ""pred"": 1, ""tp"": 1}, ""2"": {""fn"": 0, ""fp"": 1, ""gt"": 0, ""iou_sum"": 0.0, ""matched"": 0, ""pred"": 1, ""tp"": 0}, ""3"": {""fn"": 0, ""fp"": 0, ""gt"": 0, ""iou_sum"": 0.0, ""matched"": 0, ""pred"": 0, ""tp"": 0}}","[[1.0, 0.0019531200000000304, 0.31054687999999997, 1.0, 0.4296875], [1.0, 0.814453125, 0.93359375, 0.951171875, 0.98242187]]","[[2.0, 0.8141556978225708, 0.9409187436103821, 0.995712399482727, 1.0, 0.6644627451896667], [1.0, 0.0, 0.3093166947364807, 1.0, 0.4194610118865967, 0.6450400352478027]]"
m_uav1,M-UAV1,rdd2022_china_drone::phash6_d2d2cd213636::china_drone_000383,rdd2022_china_drone,China UAV,phash6_d2d2cd213636,China_Drone_000383,RoadSentinel_datasets/rdd2022_full/China_Drone/China_Drone/train/images/China_Drone_000383.jpg,1,1,0,1,1,0.0,0.0,0.0,0.0,false,"{""0"": {""fn"": 0, ""fp"": 0, ""gt"": 0, ""iou_sum"": 0.0, ""matched"": 0, ""pred"": 0, ""tp"": 0}, ""1"": {""fn"": 0, ""fp"": 1, ""gt"": 0, ""iou_sum"": 0.0, ""matched"": 0, ""pred"": 1, ""tp"": 0}, ""2"": {""fn"": 0, ""fp"": 0, ""gt"": 0, ""iou_sum"": 0.0, ""matched"": 0, ""pred"": 0, ""tp"": 0}, ""3"": {""fn"": 1, ""fp"": 0, ""gt"": 1, ""iou_sum"": 0.0, ""matched"": 0, ""pred"": 0, ""tp"": 0}}","[[3.0, 0.51367187, 0.01757811999999999, 0.75390625, 0.2421875]]","[[1.0, 0.5237212181091309, 0.01919548772275448, 0.7087001800537109, 0.09230192750692368, 0.2937741279602051]]"
m_uav1,M-UAV1,rdd2022_china_drone::phash6_d7e2b1755031::china_drone_000994,rdd2022_china_drone,China UAV,phash6_d7e2b1755031,China_Drone_000994,RoadSentinel_datasets/rdd2022_full/China_Drone/China_Drone/train/images/China_Drone_000994.jpg,1,2,0,2,1,0.0,0.0,0.0,0.0,false,"{""0"": {""fn"": 0, ""fp"": 1, ""gt"": 0, ""iou_sum"": 0.0, ""matched"": 0, ""pred"": 1, ""tp"": 0}, ""1"": {""fn"": 1, ""fp"": 1, ""gt"": 1, ""iou_sum"": 0.0, ""matched"": 0, ""pred"": 1, ""tp"": 0}, ""2"": {""fn"": 0, ""fp"": 0, ""gt"": 0, ""iou_sum"": 0.0, ""matched"": 0, ""pred"": 0, ""tp"": 0}, ""3"": {""fn"": 0, ""fp"": 0, ""gt"": 0, ""iou_sum"": 0.0, ""matched"": 0, ""pred"": 0, ""tp"": 0}}","[[1.0, 0.001953125, 0.63085937, 0.505859375, 0.72265625]]","[[0.0, 0.0012195230228826404, 0.7936687469482422, 0.11283278465270996, 1.0, 0.5042284727096558], [1.0, 0.07523708790540695, 0.6668549180030823, 0.4935224652290344, 0.7246903777122498, 0.28676867485046387]]"
m_uav1,M-UAV1,rdd2022_china_drone::phash6_dbb5783f6da8::china_drone_001813,rdd2022_china_drone,China UAV,phash6_dbb5783f6da8,China_Drone_001813,RoadSentinel_datasets/rdd2022_full/China_Drone/China_Drone/train/images/China_Drone_001813.jpg,3,2,2,0,1,1.0,0.6666666666666666,0.8,0.6828403194446679,false,"{""0"": {""fn"": 0, ""fp"": 0, ""gt"": 1, ""iou_sum"": 0.7000077200108418, ""matched"": 1, ""pred"": 1, ""tp"": 1}, ""1"": {""fn"": 0, ""fp"": 0, ""gt"": 0, ""iou_sum"": 0.0, ""matched"": 0, ""pred"": 0, ""tp"": 0}, ""2"": {""fn"": 1, ""fp"": 0, ""gt"": 2, ""iou_sum"": 0.6656729188784941, ""matched"": 1, ""pred"": 1, ""tp"": 1}, ""3"": {""fn"": 0, ""fp"": 0, ""gt"": 0, ""iou_sum"": 0.0, ""matched"": 0, ""pred"": 0, ""tp"": 0}}","[[0.0, 0.54492187, 0.32226562999999997, 0.59765625, 0.87890625], [2.0, 0.54296875, 0.2421875, 0.59960937, 0.32226562000000003], [2.0, 0.55078125, 0.87890625, 0.59765625, 0.94335937]]","[[0.0, 0.5494699478149414, 0.3417004644870758, 0.6003759503364563, 1.0, 0.784938633441925], [2.0, 0.5389267802238464, 0.22097578644752502, 0.5946685075759888, 0.3254512846469879, 0.571721076965332]]"
m_uav1,M-UAV1,rdd2022_china_drone::phash6_dc2359c23d83::china_drone_001248,rdd2022_china_drone,China UAV,phash6_dc2359c23d83,China_Drone_001248,RoadSentinel_datasets/rdd2022_full/China_Drone/China_Drone/train/images/China_Drone_001248.jpg,1,3,1,2,0,0.3333333333333333,1.0,0.5,0.5756492309369637,false,"{""0"": {""fn"": 0, ""fp"": 0, ""gt"": 1, ""iou_sum"": 0.5756492309369637, ""matched"": 1, ""pred"": 1, ""tp"": 1}, ""1"": {""fn"": 0, ""fp"": 2, ""gt"": 0, ""iou_sum"": 0.0, ""matched"": 0, ""pred"": 2, ""tp"": 0}, ""2"": {""fn"": 0, ""fp"": 0, ""gt"": 0, ""iou_sum"": 0.0, ""matched"": 0, ""pred"": 0, ""tp"": 0}, ""3"": {""fn"": 0, ""fp"": 0, ""gt"": 0, ""iou_sum"": 0.0, ""matched"": 0, ""pred"": 0, ""tp"": 0}}","[[0.0, 0.68945312, 0.66992188, 0.8046875, 1.0]]","[[1.0, 0.0, 0.11340761184692383, 0.24289564788341522, 0.1688854992389679, 0.7132404446601868], [0.0, 0.7176371812820435, 0.7068235874176025, 0.7923212051391602, 1.0, 0.586828351020813], [1.0, 0.38470298051834106, 0.20960573852062225, 0.5513851046562195, 0.25787654519081116, 0.5755670070648193]]"
m_uav1,M-UAV1,rdd2022_china_drone::phash6_de38891d467d::china_drone_000061,rdd2022_china_drone,China UAV,phash6_de38891d467d,China_Drone_000061,RoadSentinel_datasets/rdd2022_full/China_Drone/China_Drone/train/images/China_Drone_000061.jpg,3,4,3,1,0,0.75,1.0,0.8571428571428571,0.8576648405660809,false,"{""0"": {""fn"": 0, ""fp"": 0, ""gt"": 0, ""iou_sum"": 0.0, ""matched"": 0, ""pred"": 0, ""tp"": 0}, ""1"": {""fn"": 0, ""fp"": 1, ""gt"": 2, ""iou_sum"": 1.6800672654202151, ""matched"": 2, ""pred"": 3, ""tp"": 2}, ""2"": {""fn"": 0, ""fp"": 0, ""gt"": 0, ""iou_sum"": 0.0, ""matched"": 0, ""pred"": 0, ""tp"": 0}, ""3"": {""fn"": 0, ""fp"": 0, ""gt"": 1, ""iou_sum"": 0.8929272562780277, ""matched"": 1, ""pred"": 1, ""tp"": 1}}","[[1.0, 0.001953125, 0.30664062999999997, 0.201171875, 0.36328125], [1.0, 0.38085937999999997, 0.11328125, 0.9296875, 0.19140625], [3.0, 0.75, 0.53515625, 0.87304688, 0.65820313]]","[[1.0, 0.00031044482602737844, 0.3035255968570709, 0.20975878834724426, 0.36715027689933777, 0.6891076564788818], [1.0, 0.4082489013671875, 0.10976650565862656, 0.9686126112937927, 0.18970535695552826, 0.5394653081893921], [3.0, 0.7456520199775696, 0.5296708941459656, 0.8761436343193054, 0.656794011592865, 0.3067087233066559], [1.0, 0.4818781912326813, 0.11338739842176437, 0.9468750357627869, 0.17582018673419952, 0.2630121409893036]]"
m_uav1,M-UAV1,rdd2022_china_drone::phash6_df2246d81a79::china_drone_000613,rdd2022_china_drone,China UAV,phash6_df2246d81a79,China_Drone_000613,RoadSentinel_datasets/rdd2022_full/China_Drone/China_Drone/train/images/China_Drone_000613.jpg,2,3,1,2,1,0.3333333333333333,0.5,0.4,0.8883359288318552,false,"{""0"": {""fn"": 1, ""fp"": 0, ""gt"": 1, ""iou_sum"": 0.0, ""matched"": 0, ""pred"": 0, ""tp"": 0}, ""1"": {""fn"": 0, ""fp"": 2, ""gt"": 0, ""iou_sum"": 0.0, ""matched"": 0, ""pred"": 2, ""tp"": 0}, ""2"": {""fn"": 0, ""fp"": 0, ""gt"": 1, ""iou_sum"": 0.8883359288318552, ""matched"": 1, ""pred"": 1, ""tp"": 1}, ""3"": {""fn"": 0, ""fp"": 0, ""gt"": 0, ""iou_sum"": 0.0, ""matched"": 0, ""pred"": 0, ""tp"": 0}}","[[0.0, 0.583984375, 0.81640625, 0.845703125, 0.91210937], [2.0, 0.863281245, 0.824218745, 0.999999995, 0.929687495]]","[[1.0, 0.5946065187454224, 0.8431659936904907, 0.8817397952079773, 0.9139276742935181, 0.8023831844329834], [2.0, 0.8691919445991516, 0.8308721780776978, 1.0, 0.9306894540786743, 0.6533982157707214], [1.0, 0.6364886164665222, 0.3156726360321045, 0.9988280534744263, 0.3881525695323944, 0.5855088233947754]]"
m_uav1,M-UAV1,rdd2022_china_drone::phash6_e0ce87beaf9a::china_drone_001305,rdd2022_china_drone,China UAV,phash6_e0ce87beaf9a,China_Drone_001305,RoadSentinel_datasets/rdd2022_full/China_Drone/China_Drone/train/images/China_Drone_001305.jpg,1,0,0,0,1,0.0,0.0,0.0,0.0,true,"{""0"": {""fn"": 1, ""fp"": 0, ""gt"": 1, ""iou_sum"": 0.0, ""matched"": 0, ""pred"": 0, ""tp"": 0}, ""1"": {""fn"": 0, ""fp"": 0, ""gt"": 0, ""iou_sum"": 0.0, ""matched"": 0, ""pred"": 0, ""tp"": 0}, ""2"": {""fn"": 0, ""fp"": 0, ""gt"": 0, ""iou_sum"": 0.0, ""matched"": 0, ""pred"": 0, ""tp"": 0}, ""3"": {""fn"": 0, ""fp"": 0, ""gt"": 0, ""iou_sum"": 0.0, ""matched"": 0, ""pred"": 0, ""tp"": 0}}","[[0.0, 0.75976563, 0.20703125, 0.94921875, 0.37695312999999997]]",[]
m_uav1,M-UAV1,rdd2022_china_drone::phash6_e475f7ebfe5d::china_drone_001496,rdd2022_china_drone,China UAV,phash6_e475f7ebfe5d,China_Drone_001496,RoadSentinel_datasets/rdd2022_full/China_Drone/China_Drone/train/images/China_Drone_001496.jpg,3,4,3,1,0,0.75,1.0,0.8571428571428571,0.7163706974102189,false,"{""0"": {""fn"": 0, ""fp"": 1, ""gt"": 3, ""iou_sum"": 2.1491120922306566, ""matched"": 3, ""pred"": 4, ""tp"": 3}, ""1"": {""fn"": 0, ""fp"": 0, ""gt"": 0, ""iou_sum"": 0.0, ""matched"": 0, ""pred"": 0, ""tp"": 0}, ""2"": {""fn"": 0, ""fp"": 0, ""gt"": 0, ""iou_sum"": 0.0, ""matched"": 0, ""pred"": 0, ""tp"": 0}, ""3"": {""fn"": 0, ""fp"": 0, ""gt"": 0, ""iou_sum"": 0.0, ""matched"": 0, ""pred"": 0, ""tp"": 0}}","[[0.0, 0.62109375, 0.0019531200000000304, 0.74023437, 0.5859375], [0.0, 0.416015625, 0.53710937, 0.482421875, 0.85546875], [0.0, 0.5703125, 0.73632812, 0.6640625, 1.0]]","[[0.0, 0.5552148222923279, 0.003786754561588168, 0.7368218302726746, 0.6507309079170227, 0.796718180179596], [0.0, 0.6274219751358032, 0.003951359074562788, 0.7418630719184875, 0.6045175194740295, 0.5421105623245239], [0.0, 0.40981560945510864, 0.5303048491477966, 0.47233399748802185, 0.8499383330345154, 0.46778595447540283], [0.0, 0.5758641362190247, 0.7506994605064392, 0.6588307619094849, 1.0, 0.257113516330719]]"
m_uav1,M-UAV1,rdd2022_china_drone::phash6_e54bf28264ee::china_drone_000057,rdd2022_china_drone,China UAV,phash6_e54bf28264ee,China_Drone_000057,RoadSentinel_datasets/rdd2022_full/China_Drone/China_Drone/train/images/China_Drone_000057.jpg,2,0,0,0,2,0.0,0.0,0.0,0.0,true,"{""0"": {""fn"": 0, ""fp"": 0, ""gt"": 0, ""iou_sum"": 0.0, ""matched"": 0, ""pred"": 0, ""tp"": 0}, ""1"": {""fn"": 0, ""fp"": 0, ""gt"": 0, ""iou_sum"": 0.0, ""matched"": 0, ""pred"": 0, ""tp"": 0}, ""2"": {""fn"": 0, ""fp"": 0, ""gt"": 0, ""iou_sum"": 0.0, ""matched"": 0, ""pred"": 0, ""tp"": 0}, ""3"": {""fn"": 2, ""fp"": 0, ""gt"": 2, ""iou_sum"": 0.0, ""matched"": 0, ""pred"": 0, ""tp"": 0}}","[[3.0, 0.39257812000000003, 0.460937505, 0.4765625, 0.535156255], [3.0, 0.390625005, 0.7578125, 0.464843755, 0.8359375]]",[]
m_uav1,M-UAV1,rdd2022_china_drone::phash6_e54bf28264ee::china_drone_000062,rdd2022_china_drone,China UAV,phash6_e54bf28264ee,China_Drone_000062,RoadSentinel_datasets/rdd2022_full/China_Drone/China_Drone/train/images/China_Drone_000062.jpg,2,0,0,0,2,0.0,0.0,0.0,0.0,true,"{""0"": {""fn"": 0, ""fp"": 0, ""gt"": 0, ""iou_sum"": 0.0, ""matched"": 0, ""pred"": 0, ""tp"": 0}, ""1"": {""fn"": 0, ""fp"": 0, ""gt"": 0, ""iou_sum"": 0.0, ""matched"": 0, ""pred"": 0, ""tp"": 0}, ""2"": {""fn"": 0, ""fp"": 0, ""gt"": 0, ""iou_sum"": 0.0, ""matched"": 0, ""pred"": 0, ""tp"": 0}, ""3"": {""fn"": 2, ""fp"": 0, ""gt"": 2, ""iou_sum"": 0.0, ""matched"": 0, ""pred"": 0, ""tp"": 0}}","[[3.0, 0.3984375, 0.45117187999999997, 0.484375, 0.5234375], [3.0, 0.40429687999999997, 0.757812505, 0.46875, 0.832031255]]",[]
m_uav1,M-UAV1,rdd2022_china_drone::phash6_e54bf28264ee::china_drone_000237,rdd2022_china_drone,China UAV,phash6_e54bf28264ee,China_Drone_000237,RoadSentinel_datasets/rdd2022_full/China_Drone/China_Drone/train/images/China_Drone_000237.jpg,2,0,0,0,2,0.0,0.0,0.0,0.0,true,"{""0"": {""fn"": 0, ""fp"": 0, ""gt"": 0, ""iou_sum"": 0.0, ""matched"": 0, ""pred"": 0, ""tp"": 0}, ""1"": {""fn"": 0, ""fp"": 0, ""gt"": 0, ""iou_sum"": 0.0, ""matched"": 0, ""pred"": 0, ""tp"": 0}, ""2"": {""fn"": 0, ""fp"": 0, ""gt"": 0, ""iou_sum"": 0.0, ""matched"": 0, ""pred"": 0, ""tp"": 0}, ""3"": {""fn"": 2, ""fp"": 0, ""gt"": 2, ""iou_sum"": 0.0, ""matched"": 0, ""pred"": 0, ""tp"": 0}}","[[3.0, 0.373046875, 0.44726563, 0.462890625, 0.51757813], [3.0, 0.374999995, 0.755859375, 0.441406245, 0.822265625]]",[]
m_uav1,M-UAV1,rdd2022_china_drone::phash6_e54bf28264ee::china_drone_001773,rdd2022_china_drone,China UAV,phash6_e54bf28264ee,China_Drone_001773,RoadSentinel_datasets/rdd2022_full/China_Drone/China_Drone/train/images/China_Drone_001773.jpg,2,0,0,0,2,0.0,0.0,0.0,0.0,true,"{""0"": {""fn"": 0, ""fp"": 0, ""gt"": 0, ""iou_sum"": 0.0, ""matched"": 0, ""pred"": 0, ""tp"": 0}, ""1"": {""fn"": 0, ""fp"": 0, ""gt"": 0, ""iou_sum"": 0.0, ""matched"": 0, ""pred"": 0, ""tp"": 0}, ""2"": {""fn"": 0, ""fp"": 0, ""gt"": 0, ""iou_sum"": 0.0, ""matched"": 0, ""pred"": 0, ""tp"": 0}, ""3"": {""fn"": 2, ""fp"": 0, ""gt"": 2, ""iou_sum"": 0.0, ""matched"": 0, ""pred"": 0, ""tp"": 0}}","[[3.0, 0.38671875, 0.453125, 0.48632812999999997, 0.5390625], [3.0, 0.39453125, 0.765625005, 0.46289062999999997, 0.839843755]]",[]
m_uav1,M-UAV1,rdd2022_china_drone::phash6_e54bf28264ee::china_drone_001990,rdd2022_china_drone,China UAV,phash6_e54bf28264ee,China_Drone_001990,RoadSentinel_datasets/rdd2022_full/China_Drone/China_Drone/train/images/China_Drone_001990.jpg,2,0,0,0,2,0.0,0.0,0.0,0.0,true,"{""0"": {""fn"": 0, ""fp"": 0, ""gt"": 0, ""iou_sum"": 0.0, ""matched"": 0, ""pred"": 0, ""tp"": 0}, ""1"": {""fn"": 0, ""fp"": 0, ""gt"": 0, ""iou_sum"": 0.0, ""matched"": 0, ""pred"": 0, ""tp"": 0}, ""2"": {""fn"": 0, ""fp"": 0, ""gt"": 0, ""iou_sum"": 0.0, ""matched"": 0, ""pred"": 0, ""tp"": 0}, ""3"": {""fn"": 2, ""fp"": 0, ""gt"": 2, ""iou_sum"": 0.0, ""matched"": 0, ""pred"": 0, ""tp"": 0}}","[[3.0, 0.38085937999999997, 0.419921875, 0.4765625, 0.494140625], [3.0, 0.38671875, 0.71679687, 0.47070312999999997, 0.80078125]]",[]
m_uav1,M-UAV1,rdd2022_china_drone::phash6_e54bf28264ee::china_drone_002080,rdd2022_china_drone,China UAV,phash6_e54bf28264ee,China_Drone_002080,RoadSentinel_datasets/rdd2022_full/China_Drone/China_Drone/train/images/China_Drone_002080.jpg,2,0,0,0,2,0.0,0.0,0.0,0.0,true,"{""0"": {""fn"": 0, ""fp"": 0, ""gt"": 0, ""iou_sum"": 0.0, ""matched"": 0, ""pred"": 0, ""tp"": 0}, ""1"": {""fn"": 0, ""fp"": 0, ""gt"": 0, ""iou_sum"": 0.0, ""matched"": 0, ""pred"": 0, ""tp"": 0}, ""2"": {""fn"": 0, ""fp"": 0, ""gt"": 0, ""iou_sum"": 0.0, ""matched"": 0, ""pred"": 0, ""tp"": 0}, ""3"": {""fn"": 2, ""fp"": 0, ""gt"": 2, ""iou_sum"": 0.0, ""matched"": 0, ""pred"": 0, ""tp"": 0}}","[[3.0, 0.390625, 0.455078125, 0.4921875, 0.537109375], [3.0, 0.396484375, 0.763671875, 0.470703125, 0.837890625]]",[]
m_uav1,M-UAV1,rdd2022_china_drone::phash6_e54bf28264ee::china_drone_002132,rdd2022_china_drone,China UAV,phash6_e54bf28264ee,China_Drone_002132,RoadSentinel_datasets/rdd2022_full/China_Drone/China_Drone/train/images/China_Drone_002132.jpg,2,0,0,0,2,0.0,0.0,0.0,0.0,true,"{""0"": {""fn"": 0, ""fp"": 0, ""gt"": 0, ""iou_sum"": 0.0, ""matched"": 0, ""pred"": 0, ""tp"": 0}, ""1"": {""fn"": 0, ""fp"": 0, ""gt"": 0, ""iou_sum"": 0.0, ""matched"": 0, ""pred"": 0, ""tp"": 0}, ""2"": {""fn"": 0, ""fp"": 0, ""gt"": 0, ""iou_sum"": 0.0, ""matched"": 0, ""pred"": 0, ""tp"": 0}, ""3"": {""fn"": 2, ""fp"": 0, ""gt"": 2, ""iou_sum"": 0.0, ""matched"": 0, ""pred"": 0, ""tp"": 0}}","[[3.0, 0.388671875, 0.4453125, 0.478515625, 0.5234375], [3.0, 0.39453125, 0.748046875, 0.46289062999999997, 0.822265625]]",[]
m_uav1,M-UAV1,rdd2022_china_drone::phash6_e54bf28264ee::china_drone_002189,rdd2022_china_drone,China UAV,phash6_e54bf28264ee,China_Drone_002189,RoadSentinel_datasets/rdd2022_full/China_Drone/China_Drone/train/images/China_Drone_002189.jpg,2,0,0,0,2,0.0,0.0,0.0,0.0,true,"{""0"": {""fn"": 0, ""fp"": 0, ""gt"": 0, ""iou_sum"": 0.0, ""matched"": 0, ""pred"": 0, ""tp"": 0}, ""1"": {""fn"": 0, ""fp"": 0, ""gt"": 0, ""iou_sum"": 0.0, ""matched"": 0, ""pred"": 0, ""tp"": 0}, ""2"": {""fn"": 0, ""fp"": 0, ""gt"": 0, ""iou_sum"": 0.0, ""matched"": 0, ""pred"": 0, ""tp"": 0}, ""3"": {""fn"": 2, ""fp"": 0, ""gt"": 2, ""iou_sum"": 0.0, ""matched"": 0, ""pred"": 0, ""tp"": 0}}","[[3.0, 0.39257812000000003, 0.447265625, 0.4765625, 0.521484375], [3.0, 0.39257812000000003, 0.75390625, 0.453125, 0.82226563]]",[]
m_uav1,M-UAV1,rdd2022_china_drone::phash6_e5f73e9c76a9::china_drone_001922,rdd2022_china_drone,China UAV,phash6_e5f73e9c76a9,China_Drone_001922,RoadSentinel_datasets/rdd2022_full/China_Drone/China_Drone/train/images/China_Drone_001922.jpg,1,2,1,1,0,0.5,1.0,0.6666666666666666,0.89680750745553,false,"{""0"": {""fn"": 0, ""fp"": 1, ""gt"": 0, ""iou_sum"": 0.0, ""matched"": 0, ""pred"": 1, ""tp"": 0}, ""1"": {""fn"": 0, ""fp"": 0, ""gt"": 1, ""iou_sum"": 0.89680750745553, ""matched"": 1, ""pred"": 1, ""tp"": 1}, ""2"": {""fn"": 0, ""fp"": 0, ""gt"": 0, ""iou_sum"": 0.0, ""matched"": 0, ""pred"": 0, ""tp"": 0}, ""3"": {""fn"": 0, ""fp"": 0, ""gt"": 0, ""iou_sum"": 0.0, ""matched"": 0, ""pred"": 0, ""tp"": 0}}","[[1.0, 0.14257813, 0.289062495, 0.40234375, 0.339843745]]","[[1.0, 0.15023575723171234, 0.2892177999019623, 0.4050852954387665, 0.343382328748703, 0.7234067916870117], [0.0, 0.12518516182899475, 0.5942787528038025, 0.20015612244606018, 1.0, 0.43635228276252747]]"
m_uav1,M-UAV1,rdd2022_china_drone::phash6_eac3c0577bfb::china_drone_000360,rdd2022_china_drone,China UAV,phash6_eac3c0577bfb,China_Drone_000360,RoadSentinel_datasets/rdd2022_full/China_Drone/China_Drone/train/images/China_Drone_000360.jpg,1,1,1,0,0,1.0,1.0,1.0,0.5606651872880205,false,"{""0"": {""fn"": 0, ""fp"": 0, ""gt"": 1, ""iou_sum"": 0.5606651872880205, ""matched"": 1, ""pred"": 1, ""tp"": 1}, ""1"": {""fn"": 0, ""fp"": 0, ""gt"": 0, ""iou_sum"": 0.0, ""matched"": 0, ""pred"": 0, ""tp"": 0}, ""2"": {""fn"": 0, ""fp"": 0, ""gt"": 0, ""iou_sum"": 0.0, ""matched"": 0, ""pred"": 0, ""tp"": 0}, ""3"": {""fn"": 0, ""fp"": 0, ""gt"": 0, ""iou_sum"": 0.0, ""matched"": 0, ""pred"": 0, ""tp"": 0}}","[[0.0, 0.312499995, 0.24023438000000003, 0.347656245, 0.64648438]]","[[0.0, 0.3083256185054779, 0.17296479642391205, 0.36206451058387756, 0.6469923853874207, 0.847987949848175]]"
m_uav1,M-UAV1,rdd2022_china_drone::phash6_ebb2c5acc201::china_drone_001993,rdd2022_china_drone,China UAV,phash6_ebb2c5acc201,China_Drone_001993,RoadSentinel_datasets/rdd2022_full/China_Drone/China_Drone/train/images/China_Drone_001993.jpg,1,1,1,0,0,1.0,1.0,1.0,0.8914335571192382,false,"{""0"": {""fn"": 0, ""fp"": 0, ""gt"": 1, ""iou_sum"": 0.8914335571192382, ""matched"": 1, ""pred"": 1, ""tp"": 1}, ""1"": {""fn"": 0, ""fp"": 0, ""gt"": 0, ""iou_sum"": 0.0, ""matched"": 0, ""pred"": 0, ""tp"": 0}, ""2"": {""fn"": 0, ""fp"": 0, ""gt"": 0, ""iou_sum"": 0.0, ""matched"": 0, ""pred"": 0, ""tp"": 0}, ""3"": {""fn"": 0, ""fp"": 0, ""gt"": 0, ""iou_sum"": 0.0, ""matched"": 0, ""pred"": 0, ""tp"": 0}}","[[0.0, 0.08984375, 0.60351562, 0.19140625, 0.96875]]","[[0.0, 0.08408176898956299, 0.5908838510513306, 0.19242091476917267, 0.9749717712402344, 0.5232048034667969]]"
m_uav1,M-UAV1,rdd2022_china_drone::phash6_ee178cf18045::china_drone_001269,rdd2022_china_drone,China UAV,phash6_ee178cf18045,China_Drone_001269,RoadSentinel_datasets/rdd2022_full/China_Drone/China_Drone/train/images/China_Drone_001269.jpg,1,1,1,0,0,1.0,1.0,1.0,0.8058575044224706,false,"{""0"": {""fn"": 0, ""fp"": 0, ""gt"": 0, ""iou_sum"": 0.0, ""matched"": 0, ""pred"": 0, ""tp"": 0}, ""1"": {""fn"": 0, ""fp"": 0, ""gt"": 1, ""iou_sum"": 0.8058575044224706, ""matched"": 1, ""pred"": 1, ""tp"": 1}, ""2"": {""fn"": 0, ""fp"": 0, ""gt"": 0, ""iou_sum"": 0.0, ""matched"": 0, ""pred"": 0, ""tp"": 0}, ""3"": {""fn"": 0, ""fp"": 0, ""gt"": 0, ""iou_sum"": 0.0, ""matched"": 0, ""pred"": 0, ""tp"": 0}}","[[1.0, 0.21484374999999997, 0.67773437, 0.58789063, 0.73828125]]","[[1.0, 0.21033935248851776, 0.675448477268219, 0.5984021425247192, 0.7476747035980225, 0.6302345395088196]]"
m_uav1,M-UAV1,rdd2022_china_drone::phash6_f4156f0d5d05::china_drone_000240,rdd2022_china_drone,China UAV,phash6_f4156f0d5d05,China_Drone_000240,RoadSentinel_datasets/rdd2022_full/China_Drone/China_Drone/train/images/China_Drone_000240.jpg,1,2,1,1,0,0.5,1.0,0.6666666666666666,0.7773820329246902,false,"{""0"": {""fn"": 0, ""fp"": 1, ""gt"": 1, ""iou_sum"": 0.7773820329246902, ""matched"": 1, ""pred"": 2, ""tp"": 1}, ""1"": {""fn"": 0, ""fp"": 0, ""gt"": 0, ""iou_sum"": 0.0, ""matched"": 0, ""pred"": 0, ""tp"": 0}, ""2"": {""fn"": 0, ""fp"": 0, ""gt"": 0, ""iou_sum"": 0.0, ""matched"": 0, ""pred"": 0, ""tp"": 0}, ""3"": {""fn"": 0, ""fp"": 0, ""gt"": 0, ""iou_sum"": 0.0, ""matched"": 0, ""pred"": 0, ""tp"": 0}}","[[0.0, 0.787109375, 0.12695312999999997, 0.861328125, 0.97851563]]","[[0.0, 0.7764142155647278, 0.11402883380651474, 0.8686190843582153, 0.9957714080810547, 0.8106339573860168], [0.0, 0.7134665846824646, 0.00014834404282737523, 0.7737912535667419, 0.13920195400714874, 0.31421369314193726]]"
m_uav1,M-UAV1,rdd2022_china_drone::phash6_fdbf6300e6df::china_drone_000980,rdd2022_china_drone,China UAV,phash6_fdbf6300e6df,China_Drone_000980,RoadSentinel_datasets/rdd2022_full/China_Drone/China_Drone/train/images/China_Drone_000980.jpg,1,2,1,1,0,0.5,1.0,0.6666666666666666,0.8959631823115046,false,"{""0"": {""fn"": 0, ""fp"": 1, ""gt"": 1, ""iou_sum"": 0.8959631823115046, ""matched"": 1, ""pred"": 2, ""tp"": 1}, ""1"": {""fn"": 0, ""fp"": 0, ""gt"": 0, ""iou_sum"": 0.0, ""matched"": 0, ""pred"": 0, ""tp"": 0}, ""2"": {""fn"": 0, ""fp"": 0, ""gt"": 0, ""iou_sum"": 0.0, ""matched"": 0, ""pred"": 0, ""tp"": 0}, ""3"": {""fn"": 0, ""fp"": 0, ""gt"": 0, ""iou_sum"": 0.0, ""matched"": 0, ""pred"": 0, ""tp"": 0}}","[[0.0, 0.4296875, 0.0019531200000000304, 0.54101562, 1.0]]","[[0.0, 0.42476969957351685, 0.013363266363739967, 0.5350856184959412, 0.9990960955619812, 0.5069946050643921], [0.0, 0.4416157901287079, 0.0011525154113769531, 0.5545738339424133, 0.9439888000488281, 0.28902000188827515]]"
m_uav1,M-UAV1,uav_pdd2023::phash6_0119678873af::lr_00504_top_right,uav_pdd2023,UAV-PDD,source_photo_00504,lr_00504_top_right,data/external_uav/uav_pdd2023/extracted/JPEGImages/lr_00504_top_right.jpg,2,4,0,4,2,0.0,0.0,0.0,0.0,false,"{""0"": {""fn"": 0, ""fp"": 2, ""gt"": 0, ""iou_sum"": 0.0, ""matched"": 0, ""pred"": 2, ""tp"": 0}, ""1"": {""fn"": 2, ""fp"": 2, ""gt"": 2, ""iou_sum"": 0.0, ""matched"": 0, ""pred"": 2, ""tp"": 0}, ""2"": {""fn"": 0, ""fp"": 0, ""gt"": 0, ""iou_sum"": 0.0, ""matched"": 0, ""pred"": 0, ""tp"": 0}, ""3"": {""fn"": 0, ""fp"": 0, ""gt"": 0, ""iou_sum"": 0.0, ""matched"": 0, ""pred"": 0, ""tp"": 0}}","[[1.0, 0.8020833300000001, 0.572530865, 0.95794753, 0.615226335], [1.0, 0.62885803, 0.58179012, 0.67283951, 0.61316872]]","[[1.0, 0.5818210648901668, 0.5664140363779578, 0.997338377399209, 0.6201860090342078, 0.6850760579109192], [0.0, 0.7127858856577932, 0.0049046199508164644, 0.7526320469232253, 0.5555688677501286, 0.536024272441864], [1.0, 0.4086693657769097, 0.6809892693664802, 0.5443941752115885, 0.7282388946156443, 0.33258533477783203], [0.0, 0.7283701013635706, 0.6794094509548612, 0.7583443441508729, 0.9642151255666473, 0.3323388397693634]]"
m_uav1,M-UAV1,uav_pdd2023::phash6_0c604168d797::lr_00013_bottom_left,uav_pdd2023,UAV-PDD,source_photo_00013,lr_00013_bottom_left,data/external_uav/uav_pdd2023/extracted/JPEGImages/lr_00013_bottom_left.jpg,6,3,2,1,4,0.6666666666666666,0.3333333333333333,0.4444444444444444,0.6945108183780777,false,"{""0"": {""fn"": 1, ""fp"": 0, ""gt"": 2, ""iou_sum"": 0.8423145153833098, ""matched"": 1, ""pred"": 1, ""tp"": 1}, ""1"": {""fn"": 2, ""fp"": 1, ""gt"": 3, ""iou_sum"": 0.5467071213728457, ""matched"": 1, ""pred"": 2, ""tp"": 1}, ""2"": {""fn"": 1, ""fp"": 0, ""gt"": 1, ""iou_sum"": 0.0, ""matched"": 0, ""pred"": 0, ""tp"": 0}, ""3"": {""fn"": 0, ""fp"": 0, ""gt"": 0, ""iou_sum"": 0.0, ""matched"": 0, ""pred"": 0, ""tp"": 0}}","[[1.0, 0.47106482, 0.40740741, 0.8777006199999999, 0.51748971], [2.0, 0.23070986999999998, 0.442901235, 0.46759259, 0.500000005], [1.0, 0.123842595, 0.538580245, 0.190972225, 0.565843615], [1.0, 0.0015432049999999989, 0.53703704, 0.121527775, 0.57201646], [0.0, 0.550154315, 0.0041152299999999975, 0.5887345650000001, 0.37911523], [0.0, 0.40933642, 0.19598765499999998, 0.42554012, 0.312757205]]","[[1.0, 0.00028176309057959805, 0.5343202190634645, 0.1677655585018205, 0.5801566167132844, 0.6043368577957153], [1.0, 0.26719208705572434, 0.45086073384854036, 0.7052938673231337, 0.5007742736565233, 0.39812374114990234], [0.0, 0.5502616976514275, 0.008518218994140625, 0.5836075205861786, 0.3739692154244631, 0.26439544558525085]]"
m_uav1,M-UAV1,uav_pdd2023::phash6_0fc5dbb591ca::tb_00435_top_left,uav_pdd2023,UAV-PDD,source_photo_00435,tb_00435_top_left,data/external_uav/uav_pdd2023/extracted/JPEGImages/tb_00435_top_left.jpg,2,2,1,1,1,0.5,0.5,0.5,0.6362420689132305,false,"{""0"": {""fn"": 0, ""fp"": 0, ""gt"": 0, ""iou_sum"": 0.0, ""matched"": 0, ""pred"": 0, ""tp"": 0}, ""1"": {""fn"": 1, ""fp"": 1, ""gt"": 2, ""iou_sum"": 0.6362420689132305, ""matched"": 1, ""pred"": 2, ""tp"": 1}, ""2"": {""fn"": 0, ""fp"": 0, ""gt"": 0, ""iou_sum"": 0.0, ""matched"": 0, ""pred"": 0, ""tp"": 0}, ""3"": {""fn"": 0, ""fp"": 0, ""gt"": 0, ""iou_sum"": 0.0, ""matched"": 0, ""pred"": 0, ""tp"": 0}}","[[1.0, 0.28472221999999997, 0.32921810999999995, 0.38155864, 0.35390947], [1.0, 0.207175925, 0.252572015, 0.283564815, 0.291666665]]","[[1.0, 0.32436224855022666, 0.3156232480649595, 0.5680829742808401, 0.3577655431174447, 0.7009631991386414], [1.0, 0.21739590020827304, 0.2526350767033581, 0.2806483610176746, 0.2826745618027424, 0.37367895245552063]]"
m_uav1,M-UAV1,uav_pdd2023::phash6_14932d40d514::tb_00485_bottom_left,uav_pdd2023,UAV-PDD,source_photo_00485,tb_00485_bottom_left,data/external_uav/uav_pdd2023/extracted/JPEGImages/tb_00485_bottom_left.jpg,1,0,0,0,1,0.0,0.0,0.0,0.0,true,"{""0"": {""fn"": 1, ""fp"": 0, ""gt"": 1, ""iou_sum"": 0.0, ""matched"": 0, ""pred"": 0, ""tp"": 0}, ""1"": {""fn"": 0, ""fp"": 0, ""gt"": 0, ""iou_sum"": 0.0, ""matched"": 0, ""pred"": 0, ""tp"": 0}, ""2"": {""fn"": 0, ""fp"": 0, ""gt"": 0, ""iou_sum"": 0.0, ""matched"": 0, ""pred"": 0, ""tp"": 0}, ""3"": {""fn"": 0, ""fp"": 0, ""gt"": 0, ""iou_sum"": 0.0, ""matched"": 0, ""pred"": 0, ""tp"": 0}}","[[0.0, 0.891589505, 0.402263375, 0.9436728350000001, 0.566358025]]",[]
m_uav1,M-UAV1,uav_pdd2023::phash6_16808fc3491c::tb_00024_top_left,uav_pdd2023,UAV-PDD,source_photo_00024,tb_00024_top_left,data/external_uav/uav_pdd2023/extracted/JPEGImages/tb_00024_top_left.jpg,4,1,0,1,4,0.0,0.0,0.0,0.0,false,"{""0"": {""fn"": 1, ""fp"": 0, ""gt"": 1, ""iou_sum"": 0.0, ""matched"": 0, ""pred"": 0, ""tp"": 0}, ""1"": {""fn"": 1, ""fp"": 1, ""gt"": 1, ""iou_sum"": 0.0, ""matched"": 0, ""pred"": 1, ""tp"": 0}, ""2"": {""fn"": 2, ""fp"": 0, ""gt"": 2, ""iou_sum"": 0.0, ""matched"": 0, ""pred"": 0, ""tp"": 0}, ""3"": {""fn"": 0, ""fp"": 0, ""gt"": 0, ""iou_sum"": 0.0, ""matched"": 0, ""pred"": 0, ""tp"": 0}}","[[0.0, 0.8703703749999999, 0.7561728400000001, 0.900077165, 1.0], [2.0, 0.8368055550000001, 0.617283955, 0.900848765, 0.7407407450000001], [2.0, 0.85108025, 0.2494856, 0.8985339499999999, 0.4367284], [1.0, 0.39544753000000005, 0.14969135500000003, 0.9085648100000001, 0.263374485]]","[[1.0, 0.6511250719612027, 0.176349325925725, 0.8954755053108121, 0.2393357076762635, 0.5719720721244812]]"
m_uav1,M-UAV1,uav_pdd2023::phash6_17d98133df1e::lr_00400_bottom_right,uav_pdd2023,UAV-PDD,source_photo_00400,lr_00400_bottom_right,data/external_uav/uav_pdd2023/extracted/JPEGImages/lr_00400_bottom_right.jpg,4,2,1,1,3,0.5,0.25,0.3333333333333333,0.8668612057473443,false,"{""0"": {""fn"": 1, ""fp"": 0, ""gt"": 1, ""iou_sum"": 0.0, ""matched"": 0, ""pred"": 0, ""tp"": 0}, ""1"": {""fn"": 2, ""fp"": 1, ""gt"": 3, ""iou_sum"": 0.8668612057473443, ""matched"": 1, ""pred"": 2, ""tp"": 1}, ""2"": {""fn"": 0, ""fp"": 0, ""gt"": 0, ""iou_sum"": 0.0, ""matched"": 0, ""pred"": 0, ""tp"": 0}, ""3"": {""fn"": 0, ""fp"": 0, ""gt"": 0, ""iou_sum"": 0.0, ""matched"": 0, ""pred"": 0, ""tp"": 0}}","[[1.0, 0.344907405, 0.028292179999999997, 0.556327155, 0.06532922], [1.0, 0.33101852, 0.334362145, 0.5625, 0.37705761499999996], [0.0, 0.16435185, 0.001543210000000017, 0.20254629, 0.96141975], [1.0, 0.37268518500000003, 0.834362145, 0.567515435, 0.892489715]]","[[1.0, 0.17546459480568213, 0.13744176856774853, 0.20693974436065296, 1.0, 0.46445509791374207], [1.0, 0.3295967196240837, 0.3302965831364133, 0.5596853656533324, 0.3787228933577675, 0.3736782670021057]]"
m_uav1,M-UAV1,uav_pdd2023::phash6_18d6cfe02a5b::r180_00494_top_right,uav_pdd2023,UAV-PDD,source_photo_00494,r180_00494_top_right,data/external_uav/uav_pdd2023/extracted/JPEGImages/r180_00494_top_right.jpg,1,3,1,2,0,0.3333333333333333,1.0,0.5,0.5362093868007085,false,"{""0"": {""fn"": 0, ""fp"": 0, ""gt"": 0, ""iou_sum"": 0.0, ""matched"": 0, ""pred"": 0, ""tp"": 0}, ""1"": {""fn"": 0, ""fp"": 2, ""gt"": 1, ""iou_sum"": 0.5362093868007085, ""matched"": 1, ""pred"": 3, ""tp"": 1}, ""2"": {""fn"": 0, ""fp"": 0, ""gt"": 0, ""iou_sum"": 0.0, ""matched"": 0, ""pred"": 0, ""tp"": 0}, ""3"": {""fn"": 0, ""fp"": 0, ""gt"": 0, ""iou_sum"": 0.0, ""matched"": 0, ""pred"": 0, ""tp"": 0}}","[[1.0, 0.588348765, 0.11522633499999999, 0.9776234549999999, 0.173353905]]","[[1.0, 0.5872944019458912, 0.12946148468143165, 0.7012115761085793, 0.1634510181568287, 0.5550065636634827], [1.0, 0.7033840697488667, 0.10910202936871062, 0.9986419677734375, 0.16505245318628634, 0.29419833421707153], [1.0, 0.5814348385657793, 0.11361345047813384, 0.9985117971161266, 0.16910045922047806, 0.28657209873199463]]"
m_uav1,M-UAV1,uav_pdd2023::phash6_18e2e3a2d3e0::lr_00403_bottom_left,uav_pdd2023,UAV-PDD,source_photo_00403,lr_00403_bottom_left,data/external_uav/uav_pdd2023/extracted/JPEGImages/lr_00403_bottom_left.jpg,3,6,2,4,1,0.3333333333333333,0.6666666666666666,0.4444444444444444,0.7262118112433471,false,"{""0"": {""fn"": 1, ""fp"": 0, ""gt"": 1, ""iou_sum"": 0.0, ""matched"": 0, ""pred"": 0, ""tp"": 0}, ""1"": {""fn"": 0, ""fp"": 4, ""gt"": 2, ""iou_sum"": 1.4524236224866942, ""matched"": 2, ""pred"": 6, ""tp"": 2}, ""2"": {""fn"": 0, ""fp"": 0, ""gt"": 0, ""iou_sum"": 0.0, ""matched"": 0, ""pred"": 0, ""tp"": 0}, ""3"": {""fn"": 0, ""fp"": 0, ""gt"": 0, ""iou_sum"": 0.0, ""matched"": 0, ""pred"": 0, ""tp"": 0}}","[[1.0, 0.644675925, 0.128600825, 0.790123455, 0.165123455], [1.0, 0.6388888850000001, 0.8122427950000001, 0.777391975, 0.870370365], [0.0, 0.7249228350000001, 0.009259260000000047, 0.757716045, 0.64969136]]","[[1.0, 0.6310574566876447, 0.1270024648909706, 0.7983133763442805, 0.16149674717781476, 0.6545888185501099], [1.0, 0.6477815133553965, 0.8124512095510223, 0.7948121435848283, 0.8598869543507266, 0.6425196528434753], [1.0, 0.730248627839265, 0.18289798375510385, 0.7564498995557244, 0.8528422288933899, 0.4804958403110504], [1.0, 0.7240708904501832, 0.08882751778810603, 0.7548447126223717, 0.9215999022432806, 0.3971010744571686], [1.0, 0.08212259080674914, 0.9097958160525977, 0.3473610819121938, 0.9581448276347093, 0.39471280574798584], [1.0, 0.7337281968858507, 0.15861470414777842, 0.7554503546820747, 0.7362215018566743, 0.316529780626297]]"
m_uav1,M-UAV1,uav_pdd2023::phash6_1a0fe112355e::lr_00403_bottom_right,uav_pdd2023,UAV-PDD,source_photo_00403,lr_00403_bottom_right,data/external_uav/uav_pdd2023/extracted/JPEGImages/lr_00403_bottom_right.jpg,2,1,0,1,2,0.0,0.0,0.0,0.0,false,"{""0"": {""fn"": 2, ""fp"": 0, ""gt"": 2, ""iou_sum"": 0.0, ""matched"": 0, ""pred"": 0, ""tp"": 0}, ""1"": {""fn"": 0, ""fp"": 1, ""gt"": 0, ""iou_sum"": 0.0, ""matched"": 0, ""pred"": 1, ""tp"": 0}, ""2"": {""fn"": 0, ""fp"": 0, ""gt"": 0, ""iou_sum"": 0.0, ""matched"": 0, ""pred"": 0, ""tp"": 0}, ""3"": {""fn"": 0, ""fp"": 0, ""gt"": 0, ""iou_sum"": 0.0, ""matched"": 0, ""pred"": 0, ""tp"": 0}}","[[0.0, 0.251929015, 0.7973251, 0.522376545, 0.83744856], [0.0, 0.07908950499999999, 0.8132716, 0.233796295, 0.8688271599999999]]","[[1.0, 0.09271011823489342, 0.8146410027649177, 0.24420095373083045, 0.853163919331115, 0.632095456123352]]"
m_uav1,M-UAV1,uav_pdd2023::phash6_1d8cf6fe38dd::lr_00504_top_left,uav_pdd2023,UAV-PDD,source_photo_00504,lr_00504_top_left,data/external_uav/uav_pdd2023/extracted/JPEGImages/lr_00504_top_left.jpg,1,2,1,1,0,0.5,1.0,0.6666666666666666,0.7096946208498239,false,"{""0"": {""fn"": 0, ""fp"": 0, ""gt"": 0, ""iou_sum"": 0.0, ""matched"": 0, ""pred"": 0, ""tp"": 0}, ""1"": {""fn"": 0, ""fp"": 1, ""gt"": 1, ""iou_sum"": 0.7096946208498239, ""matched"": 1, ""pred"": 2, ""tp"": 1}, ""2"": {""fn"": 0, ""fp"": 0, ""gt"": 0, ""iou_sum"": 0.0, ""matched"": 0, ""pred"": 0, ""tp"": 0}, ""3"": {""fn"": 0, ""fp"": 0, ""gt"": 0, ""iou_sum"": 0.0, ""matched"": 0, ""pred"": 0, ""tp"": 0}}","[[1.0, 0.0019290149999999992, 0.56841564, 0.076003085, 0.62191358]]","[[1.0, 0.0, 0.5748129636662487, 0.0854876070846746, 0.6174416875643004, 0.34816473722457886], [1.0, 0.5419265841260369, 0.5156519697526846, 0.6145714182912567, 0.5489240104769483, 0.2713559567928314]]"
m_uav1,M-UAV1,uav_pdd2023::phash6_1e7a3e815a49::tb_00504_top_right,uav_pdd2023,UAV-PDD,source_photo_00504,tb_00504_top_right,data/external_uav/uav_pdd2023/extracted/JPEGImages/tb_00504_top_right.jpg,2,3,0,3,2,0.0,0.0,0.0,0.0,false,"{""0"": {""fn"": 0, ""fp"": 2, ""gt"": 0, ""iou_sum"": 0.0, ""matched"": 0, ""pred"": 2, ""tp"": 0}, ""1"": {""fn"": 2, ""fp"": 1, ""gt"": 2, ""iou_sum"": 0.0, ""matched"": 0, ""pred"": 1, ""tp"": 0}, ""2"": {""fn"": 0, ""fp"": 0, ""gt"": 0, ""iou_sum"": 0.0, ""matched"": 0, ""pred"": 0, ""tp"": 0}, ""3"": {""fn"": 0, ""fp"": 0, ""gt"": 0, ""iou_sum"": 0.0, ""matched"": 0, ""pred"": 0, ""tp"": 0}}","[[1.0, 0.042052469999999995, 0.38477366500000004, 0.19791667000000002, 0.427469135], [1.0, 0.32716048999999997, 0.38683128, 0.37114197, 0.41820988000000003]]","[[1.0, 0.0024654627950103196, 0.3700664818532182, 0.3702477584650487, 0.42590294355227626, 0.4278219938278198], [0.0, 0.716412956331983, 0.002507114606629674, 0.7400371881178868, 0.21862733315047903, 0.29244035482406616], [0.0, 0.23943976414056473, 0.00446600923812929, 0.27061203379689913, 0.31158142717777454, 0.28720715641975403]]"
m_uav1,M-UAV1,uav_pdd2023::phash6_1ec086ea5415::tb_00400_top_right,uav_pdd2023,UAV-PDD,source_photo_00400,tb_00400_top_right,data/external_uav/uav_pdd2023/extracted/JPEGImages/tb_00400_top_right.jpg,5,4,2,2,3,0.5,0.4,0.4444444444444445,0.7938385771045351,false,"{""0"": {""fn"": 0, ""fp"": 0, ""gt"": 0, ""iou_sum"": 0.0, ""matched"": 0, ""pred"": 0, ""tp"": 0}, ""1"": {""fn"": 3, ""fp"": 2, ""gt"": 5, ""iou_sum"": 1.5876771542090702, ""matched"": 2, ""pred"": 4, ""tp"": 2}, ""2"": {""fn"": 0, ""fp"": 0, ""gt"": 0, ""iou_sum"": 0.0, ""matched"": 0, ""pred"": 0, ""tp"": 0}, ""3"": {""fn"": 0, ""fp"": 0, ""gt"": 0, ""iou_sum"": 0.0, ""matched"": 0, ""pred"": 0, ""tp"": 0}}","[[1.0, 0.443287035, 0.38323045, 0.710648145, 0.42644033000000003], [1.0, 0.7187499949999999, 0.19958848, 0.860725305, 0.24022633999999998], [1.0, 0.512731485, 0.637860085, 0.605324075, 0.667181075], [1.0, 0.621527775, 0.662037035, 0.6975308649999999, 0.698045265], [1.0, 0.58294753, 0.85236625, 0.67091049, 0.87705761]]","[[1.0, 0.7220642654984085, 0.19711113760991353, 0.8657841623565297, 0.24293811625413933, 0.7822621464729309], [1.0, 0.4462400365758825, 0.3855533678345229, 0.691828692400897, 0.4339688775961291, 0.6881541609764099], [1.0, 0.5448975739655672, 0.6426366484214249, 0.7004224047248746, 0.7002255789046425, 0.6626551151275635], [1.0, 0.5519033361364294, 0.8470862117814429, 0.6975573316032504, 0.8778277110661008, 0.45816048979759216]]"
m_uav1,M-UAV1,uav_pdd2023::phash6_1f305a041d56::lr_00013_top_left,uav_pdd2023,UAV-PDD,source_photo_00013,lr_00013_top_left,data/external_uav/uav_pdd2023/extracted/JPEGImages/lr_00013_top_left.jpg,2,1,0,1,2,0.0,0.0,0.0,0.0,false,"{""0"": {""fn"": 0, ""fp"": 0, ""gt"": 0, ""iou_sum"": 0.0, ""matched"": 0, ""pred"": 0, ""tp"": 0}, ""1"": {""fn"": 2, ""fp"": 1, ""gt"": 2, ""iou_sum"": 0.0, ""matched"": 0, ""pred"": 1, ""tp"": 0}, ""2"": {""fn"": 0, ""fp"": 0, ""gt"": 0, ""iou_sum"": 0.0, ""matched"": 0, ""pred"": 0, ""tp"": 0}, ""3"": {""fn"": 0, ""fp"": 0, ""gt"": 0, ""iou_sum"": 0.0, ""matched"": 0, ""pred"": 0, ""tp"": 0}}","[[1.0, 0.349922845, 0.238168725, 0.6458333350000001, 0.273662555], [1.0, 0.14814814999999998, 0.933641975, 0.7044753100000001, 0.994855965]]","[[1.0, 0.374820167635694, 0.23672874670460392, 0.5073761174708237, 0.2721749136967914, 0.5163754224777222]]"
m_uav1,M-UAV1,uav_pdd2023::phash6_24779f677ddd::tb_00535_bottom_right,uav_pdd2023,UAV-PDD,source_photo_00535,tb_00535_bottom_right,data/external_uav/uav_pdd2023/extracted/JPEGImages/tb_00535_bottom_right.jpg,8,6,2,4,6,0.3333333333333333,0.25,0.28571428571428575,0.5573162705041017,false,"{""0"": {""fn"": 0, ""fp"": 1, ""gt"": 0, ""iou_sum"": 0.0, ""matched"": 0, ""pred"": 1, ""tp"": 0}, ""1"": {""fn"": 0, ""fp"": 0, ""gt"": 1, ""iou_sum"": 0.5413008128824436, ""matched"": 1, ""pred"": 1, ""tp"": 1}, ""2"": {""fn"": 5, ""fp"": 3, ""gt"": 6, ""iou_sum"": 0.5733317281257597, ""matched"": 1, ""pred"": 4, ""tp"": 1}, ""3"": {""fn"": 1, ""fp"": 0, ""gt"": 1, ""iou_sum"": 0.0, ""matched"": 0, ""pred"": 0, ""tp"": 0}}","[[1.0, 0.46334877, 0.53909465, 0.9108796299999999, 0.6579218099999999], [2.0, 0.25270062000000004, 0.575617285, 0.45563272, 0.782921815], [2.0, 0.25578704, 0.782921805, 0.3595679, 0.9963991750000001], [2.0, 0.15470679, 0.29835391, 0.33526235000000004, 0.43930041], [2.0, 0.91859568, 0.009773664999999931, 0.9996142, 0.9927983549999999], [2.0, 0.23186728, 0.08024691499999999, 0.33140432, 0.269547325], [3.0, 0.280478395, 0.81841564, 0.335648145, 0.99639918], [2.0, 0.13387346, 0.430555555, 0.19290123999999997, 0.6003086449999999]]","[[0.0, 0.9522259559160398, 0.7481985837834362, 0.994267499005353, 0.9881236386397247, 0.573205828666687], [2.0, 0.9163069548430266, 0.005547889466148345, 1.0, 0.41782335195031184, 0.4792349338531494], [2.0, 0.9174183975031347, 0.017085648367924946, 1.0, 0.5869887238176762, 0.3020612299442291], [2.0, 0.9209612622673129, 0.373584386252572, 1.0, 0.7985363242066936, 0.29989132285118103], [2.0, 0.9528177520375193, 0.7510693083084169, 0.9965319221402392, 0.9910469212159208, 0.27950742840766907], [1.0, 0.48293784812644674, 0.5540733180418917, 0.9395416636525848, 0.6238692797751093, 0.27892646193504333]]"
m_uav1,M-UAV1,uav_pdd2023::phash6_2587c80b6b93::r180_00473_bottom_right,uav_pdd2023,UAV-PDD,source_photo_00473,r180_00473_bottom_right,data/external_uav/uav_pdd2023/extracted/JPEGImages/r180_00473_bottom_right.jpg,4,5,1,4,3,0.2,0.25,0.22222222222222224,0.6017828571950528,false,"{""0"": {""fn"": 1, ""fp"": 0, ""gt"": 1, ""iou_sum"": 0.0, ""matched"": 0, ""pred"": 0, ""tp"": 0}, ""1"": {""fn"": 2, ""fp"": 4, ""gt"": 3, ""iou_sum"": 0.6017828571950528, ""matched"": 1, ""pred"": 5, ""tp"": 1}, ""2"": {""fn"": 0, ""fp"": 0, ""gt"": 0, ""iou_sum"": 0.0, ""matched"": 0, ""pred"": 0, ""tp"": 0}, ""3"": {""fn"": 0, ""fp"": 0, ""gt"": 0, ""iou_sum"": 0.0, ""matched"": 0, ""pred"": 0, ""tp"": 0}}","[[1.0, 0.33371913499999994, 0.60390946, 0.978395065, 0.7067901200000001], [1.0, 0.703317905, 0.14197531, 0.9645061749999999, 0.20833333], [0.0, 0.695216045, 0.229938275, 0.7307098750000001, 0.397119345], [1.0, 0.491898145, 0.11574074, 0.668981475, 0.18827159999999998]]","[[1.0, 0.24191995314609857, 0.17552466058927307, 0.3266405647183642, 0.22120705749762892, 0.48870137333869934], [1.0, 0.687161198368779, 0.15240130012418018, 0.9379390198507427, 0.198778097521621, 0.4412018656730652], [1.0, 0.4614734885133343, 0.6208719638149434, 0.7012407750259211, 0.6725539847165959, 0.39679378271102905], [1.0, 0.540581926887418, 0.13231589862839185, 0.6794414755738811, 0.17880892655486433, 0.2904168963432312], [1.0, 0.5600369771321615, 0.14061038484298644, 0.9411740715121045, 0.1991168991528421, 0.25513318181037903]]"
m_uav1,M-UAV1,uav_pdd2023::phash6_28e5f34bdcec::r180_00435_top_left,uav_pdd2023,UAV-PDD,source_photo_00435,r180_00435_top_left,data/external_uav/uav_pdd2023/extracted/JPEGImages/r180_00435_top_left.jpg,2,1,0,1,2,0.0,0.0,0.0,0.0,false,"{""0"": {""fn"": 0, ""fp"": 0, ""gt"": 0, ""iou_sum"": 0.0, ""matched"": 0, ""pred"": 0, ""tp"": 0}, ""1"": {""fn"": 2, ""fp"": 1, ""gt"": 2, ""iou_sum"": 0.0, ""matched"": 0, ""pred"": 1, ""tp"": 0}, ""2"": {""fn"": 0, ""fp"": 0, ""gt"": 0, ""iou_sum"": 0.0, ""matched"": 0, ""pred"": 0, ""tp"": 0}, ""3"": {""fn"": 0, ""fp"": 0, ""gt"": 0, ""iou_sum"": 0.0, ""matched"": 0, ""pred"": 0, ""tp"": 0}}","[[1.0, 0.6184413599999999, 0.32921810999999995, 0.71527778, 0.35390947], [1.0, 0.716435185, 0.252572015, 0.7928240750000001, 0.291666665]]","[[1.0, 0.423007399947555, 0.3144545378508391, 0.6732674115969811, 0.35949455857767487, 0.70789635181427]]"
m_uav1,M-UAV1,uav_pdd2023::phash6_2aaabdf91a32::r180_00403_top_left,uav_pdd2023,UAV-PDD,source_photo_00403,r180_00403_top_left,data/external_uav/uav_pdd2023/extracted/JPEGImages/r180_00403_top_left.jpg,3,7,1,6,2,0.14285714285714285,0.3333333333333333,0.2,0.7159830744689415,false,"{""0"": {""fn"": 1, ""fp"": 0, ""gt"": 1, ""iou_sum"": 0.0, ""matched"": 0, ""pred"": 0, ""tp"": 0}, ""1"": {""fn"": 1, ""fp"": 6, ""gt"": 2, ""iou_sum"": 0.7159830744689415, ""matched"": 1, ""pred"": 7, ""tp"": 1}, ""2"": {""fn"": 0, ""fp"": 0, ""gt"": 0, ""iou_sum"": 0.0, ""matched"": 0, ""pred"": 0, ""tp"": 0}, ""3"": {""fn"": 0, ""fp"": 0, ""gt"": 0, ""iou_sum"": 0.0, ""matched"": 0, ""pred"": 0, ""tp"": 0}}","[[0.0, 0.729938275, 0.000514400000000026, 0.7785493849999999, 0.93106996], [1.0, 0.488811725, 0.806069955, 0.612268515, 0.8359053449999999], [1.0, 0.20640432, 0.48302469000000003, 0.32523148, 0.53858025]]","[[1.0, 0.7471578150619695, 0.10999489615483539, 0.7718459706247589, 0.9184031545380016, 0.663668692111969], [1.0, 0.4781682049786603, 0.802937197587127, 0.615417433373722, 0.8319992253809799, 0.5424950122833252], [1.0, 0.7498054975344811, 0.22556191903573494, 0.7737247796706211, 0.8656597372926311, 0.535078227519989], [1.0, 0.7433144840193383, 0.0, 0.7716054092218847, 0.8736365675435636, 0.4651995301246643], [1.0, 0.03819314344429675, 0.4847531102812339, 0.14151187001922985, 0.5169735818242831, 0.35205361247062683], [1.0, 0.04020574357774523, 0.4779551313737783, 0.35150763429241416, 0.5404106108740033, 0.276486337184906], [1.0, 0.7531703430929302, 0.3421527878247171, 0.7755076561445071, 0.8760029357156636, 0.26903703808784485]]"
m_uav1,M-UAV1,uav_pdd2023::phash6_2c3d27dc8e47::tb_00485_top_right,uav_pdd2023,UAV-PDD,source_photo_00485,tb_00485_top_right,data/external_uav/uav_pdd2023/extracted/JPEGImages/tb_00485_top_right.jpg,2,4,1,3,1,0.25,0.5,0.3333333333333333,0.5030200672546582,false,"{""0"": {""fn"": 0, ""fp"": 0, ""gt"": 0, ""iou_sum"": 0.0, ""matched"": 0, ""pred"": 0, ""tp"": 0}, ""1"": {""fn"": 1, ""fp"": 3, ""gt"": 2, ""iou_sum"": 0.5030200672546582, ""matched"": 1, ""pred"": 4, ""tp"": 1}, ""2"": {""fn"": 0, ""fp"": 0, ""gt"": 0, ""iou_sum"": 0.0, ""matched"": 0, ""pred"": 0, ""tp"": 0}, ""3"": {""fn"": 0, ""fp"": 0, ""gt"": 0, ""iou_sum"": 0.0, ""matched"": 0, ""pred"": 0, ""tp"": 0}}","[[1.0, 0.448688275, 0.693930035, 0.799768525, 0.773148145], [1.0, 0.3908179, 0.20833333, 0.49344136, 0.25154321]]","[[1.0, 0.47987243275583524, 0.7061712319958847, 0.7660645849910783, 0.7550543011951839, 0.7284284234046936], [1.0, 0.3162719820752556, 0.7806167288572209, 0.4808470643596885, 0.8233169116110468, 0.4994077682495117], [1.0, 0.0051639797510924165, 0.7768380749863362, 0.3195326534318335, 0.8277035308963477, 0.34407392144203186], [1.0, 0.0040148735782246535, 0.7784546275197723, 0.48128471845462, 0.8291129281000836, 0.2937476336956024]]"
m_uav1,M-UAV1,uav_pdd2023::phash6_2d99cdbc9b4f::r180_00085_top_left,uav_pdd2023,UAV-PDD,source_photo_00085,r180_00085_top_left,data/external_uav/uav_pdd2023/extracted/JPEGImages/r180_00085_top_left.jpg,3,3,0,3,3,0.0,0.0,0.0,0.0,false,"{""0"": {""fn"": 3, ""fp"": 0, ""gt"": 3, ""iou_sum"": 0.0, ""matched"": 0, ""pred"": 0, ""tp"": 0}, ""1"": {""fn"": 0, ""fp"": 3, ""gt"": 0, ""iou_sum"": 0.0, ""matched"": 0, ""pred"": 3, ""tp"": 0}, ""2"": {""fn"": 0, ""fp"": 0, ""gt"": 0, ""iou_sum"": 0.0, ""matched"": 0, ""pred"": 0, ""tp"": 0}, ""3"": {""fn"": 0, ""fp"": 0, ""gt"": 0, ""iou_sum"": 0.0, ""matched"": 0, ""pred"": 0, ""tp"": 0}}","[[0.0, 0.200231485, 0.837962965, 0.239969135, 0.9516460950000001], [0.0, 0.27430555, 0.005658435000000003, 0.30516975, 0.122942385], [0.0, 0.284336425, 0.49639917499999997, 0.314429015, 0.648662545]]","[[1.0, 0.00027656557475343164, 0.7404648266702032, 0.8362005728262442, 0.8460164639194316, 0.44577550888061523], [1.0, 0.0, 0.7737627696598508, 0.44521190502025465, 0.8442312483924898, 0.4214954376220703], [1.0, 0.0, 0.761341738602752, 0.6869227562421634, 0.8410590528951261, 0.27769309282302856]]"
m_uav1,M-UAV1,uav_pdd2023::phash6_2ff585db4ab8::r180_00085_bottom_right,uav_pdd2023,UAV-PDD,source_photo_00085,r180_00085_bottom_right,data/external_uav/uav_pdd2023/extracted/JPEGImages/r180_00085_bottom_right.jpg,5,5,2,3,3,0.4,0.4,0.4000000000000001,0.6862350483240527,false,"{""0"": {""fn"": 3, ""fp"": 0, ""gt"": 5, ""iou_sum"": 1.3724700966481054, ""matched"": 2, ""pred"": 2, ""tp"": 2}, ""1"": {""fn"": 0, ""fp"": 3, ""gt"": 0, ""iou_sum"": 0.0, ""matched"": 0, ""pred"": 3, ""tp"": 0}, ""2"": {""fn"": 0, ""fp"": 0, ""gt"": 0, ""iou_sum"": 0.0, ""matched"": 0, ""pred"": 0, ""tp"": 0}, ""3"": {""fn"": 0, ""fp"": 0, ""gt"": 0, ""iou_sum"": 0.0, ""matched"": 0, ""pred"": 0, ""tp"": 0}}","[[0.0, 0.7083333300000001, 0.656378605, 0.72955247, 0.851851855], [0.0, 0.709104935, 0.957818935, 0.725694445, 0.997427985], [0.0, 0.67901234, 0.530349795, 0.6971450600000001, 0.654320985], [0.0, 0.70987654, 0.32150206, 0.7280092600000001, 0.51800412], [0.0, 0.367283945, 0.0005143999999999982, 0.38078703500000005, 0.06635802]]","[[1.0, 0.28865625828872493, 0.8738452927075295, 0.9959409737292632, 0.9649981588983731, 0.6997261643409729], [1.0, 0.35565225577648774, 0.08739948665163645, 0.9991368423273534, 0.17434006365238394, 0.49663498997688293], [0.0, 0.7091131328064718, 0.653018841527617, 0.7349922745316116, 0.8712284417799961, 0.4460861086845398], [1.0, 0.35134621608404465, 0.11053076693059977, 1.0, 0.18065133114410525, 0.42506229877471924], [0.0, 0.709088737581983, 0.32396176813070665, 0.7350891490041473, 0.5202180524912391, 0.3242395520210266]]"
m_uav1,M-UAV1,uav_pdd2023::phash6_3046f0bfa4e9::lr_00435_top_right,uav_pdd2023,UAV-PDD,source_photo_00435,lr_00435_top_right,data/external_uav/uav_pdd2023/extracted/JPEGImages/lr_00435_top_right.jpg,1,2,1,1,0,0.5,1.0,0.6666666666666666,0.7739931472474858,false,"{""0"": {""fn"": 0, ""fp"": 0, ""gt"": 0, ""iou_sum"": 0.0, ""matched"": 0, ""pred"": 0, ""tp"": 0}, ""1"": {""fn"": 0, ""fp"": 1, ""gt"": 1, ""iou_sum"": 0.7739931472474858, ""matched"": 1, ""pred"": 2, ""tp"": 1}, ""2"": {""fn"": 0, ""fp"": 0, ""gt"": 0, ""iou_sum"": 0.0, ""matched"": 0, ""pred"": 0, ""tp"": 0}, ""3"": {""fn"": 0, ""fp"": 0, ""gt"": 0, ""iou_sum"": 0.0, ""matched"": 0, ""pred"": 0, ""tp"": 0}}","[[1.0, 0.151234565, 0.372427985, 0.327160495, 0.408950615]]","[[1.0, 0.16335674568458838, 0.3651416605882684, 0.3280915860776548, 0.40861906828703703, 0.8142386078834534], [1.0, 0.16820552025312258, 0.3715041046770512, 0.3262902954478323, 0.4008682313769933, 0.2608661651611328]]"
m_uav1,M-UAV1,uav_pdd2023::phash6_3414f83205dd::tb_00024_bottom_left,uav_pdd2023,UAV-PDD,source_photo_00024,tb_00024_bottom_left,data/external_uav/uav_pdd2023/extracted/JPEGImages/tb_00024_bottom_left.jpg,3,6,2,4,1,0.3333333333333333,0.6666666666666666,0.4444444444444444,0.5384668364369081,false,"{""0"": {""fn"": 0, ""fp"": 1, ""gt"": 1, ""iou_sum"": 0.5573989574844551, ""matched"": 1, ""pred"": 2, ""tp"": 1}, ""1"": {""fn"": 1, ""fp"": 1, ""gt"": 2, ""iou_sum"": 0.5195347153893611, ""matched"": 1, ""pred"": 2, ""tp"": 1}, ""2"": {""fn"": 0, ""fp"": 1, ""gt"": 0, ""iou_sum"": 0.0, ""matched"": 0, ""pred"": 1, ""tp"": 0}, ""3"": {""fn"": 0, ""fp"": 1, ""gt"": 0, ""iou_sum"": 0.0, ""matched"": 0, ""pred"": 1, ""tp"": 0}}","[[1.0, 0.45023147999999996, 0.23096708, 0.9602623399999999, 0.28343622], [1.0, 0.322916665, 0.0010288050000000007, 0.6022376549999999, 0.052469135], [0.0, 0.8499228400000001, 0.0005143999999999982, 0.88078704, 0.13425926]]","[[0.0, 0.8594752182195216, 0.0012192408489101708, 0.8815271824966242, 0.11131414562586403, 0.7191064953804016], [1.0, 0.640737462926794, 0.23140691435386124, 0.9297416592821662, 0.2909853271986722, 0.642236590385437], [1.0, 0.5240470038519965, 0.23070373849123102, 0.9345455405152874, 0.286709349832417, 0.5749253630638123], [0.0, 0.7476754365143953, 0.004538949624991712, 0.7723365124361015, 0.19087677629886832, 0.3938903510570526], [2.0, 0.5177785143440152, 0.2193592212818287, 0.5799010476948302, 0.30148189842946244, 0.3864502012729645], [3.0, 0.5142077693232784, 0.2169542351867927, 0.5767544875910253, 0.29035717371559927, 0.27042168378829956]]"
m_uav1,M-UAV1,uav_pdd2023::phash6_34518ec066d8::tb_00479_top_right,uav_pdd2023,UAV-PDD,source_photo_00479,tb_00479_top_right,data/external_uav/uav_pdd2023/extracted/JPEGImages/tb_00479_top_right.jpg,6,3,1,2,5,0.3333333333333333,0.16666666666666666,0.2222222222222222,0.7675107983554759,false,"{""0"": {""fn"": 2, ""fp"": 0, ""gt"": 2, ""iou_sum"": 0.0, ""matched"": 0, ""pred"": 0, ""tp"": 0}, ""1"": {""fn"": 3, ""fp"": 2, ""gt"": 4, ""iou_sum"": 0.7675107983554759, ""matched"": 1, ""pred"": 3, ""tp"": 1}, ""2"": {""fn"": 0, ""fp"": 0, ""gt"": 0, ""iou_sum"": 0.0, ""matched"": 0, ""pred"": 0, ""tp"": 0}, ""3"": {""fn"": 0, ""fp"": 0, ""gt"": 0, ""iou_sum"": 0.0, ""matched"": 0, ""pred"": 0, ""tp"": 0}}","[[1.0, 0.39506173, 0.3914609, 0.48263889000000004, 0.42849793999999997], [1.0, 0.008101855000000005, 0.528806585, 0.14776234500000002, 0.5735596749999999], [1.0, 0.09490741, 0.694444445, 0.39158951, 0.7458847749999999], [0.0, 0.088734565, 0.011316869999999979, 0.133487655, 0.44804527], [0.0, 0.099922835, 0.736625515, 0.135416665, 0.863683125], [1.0, 0.34876543, 0.533436215, 0.39236111, 0.557613165]]","[[1.0, 0.1163317362467448, 0.7002712296850887, 0.3900213830264998, 0.7495534763414673, 0.6643922924995422], [1.0, 0.4352129241566599, 0.7232793486167374, 0.47469847879292054, 0.7552439999678497, 0.28429338335990906], [1.0, 0.422183472433208, 0.3897485301327803, 0.4725830643265336, 0.41805433736416536, 0.2676270008087158]]"
m_uav1,M-UAV1,uav_pdd2023::phash6_36040da610fd::r180_00403_top_right,uav_pdd2023,UAV-PDD,source_photo_00403,r180_00403_top_right,data/external_uav/uav_pdd2023/extracted/JPEGImages/r180_00403_top_right.jpg,4,3,2,1,2,0.6666666666666666,0.5,0.5714285714285715,0.6415390833050651,false,"{""0"": {""fn"": 0, ""fp"": 0, ""gt"": 0, ""iou_sum"": 0.0, ""matched"": 0, ""pred"": 0, ""tp"": 0}, ""1"": {""fn"": 2, ""fp"": 1, ""gt"": 4, ""iou_sum"": 1.2830781666101303, ""matched"": 2, ""pred"": 3, ""tp"": 2}, ""2"": {""fn"": 0, ""fp"": 0, ""gt"": 0, ""iou_sum"": 0.0, ""matched"": 0, ""pred"": 0, ""tp"": 0}, ""3"": {""fn"": 0, ""fp"": 0, ""gt"": 0, ""iou_sum"": 0.0, ""matched"": 0, ""pred"": 0, ""tp"": 0}}","[[1.0, 0.55131173, 0.54886831, 0.77970679, 0.61111111], [1.0, 0.22878085999999997, 0.88477366, 0.46875, 0.9156378599999999], [1.0, 0.07523148499999999, 0.6872427999999999, 0.220293215, 0.72479424], [1.0, 0.10146605, 0.34619342, 0.20794753000000002, 0.41820988000000003]]","[[1.0, 0.08733764106844678, 0.6815825411321695, 0.2127394735077281, 0.7215829857092335, 0.8343589305877686], [1.0, 0.08682582996509693, 0.6875275662897055, 0.1873949427663544, 0.7185809602462706, 0.3369831442832947], [1.0, 0.5236553615993924, 0.5662411034352495, 0.7796749538845487, 0.6193085972664287, 0.3050699234008789]]"
m_uav1,M-UAV1,uav_pdd2023::phash6_37ea5ce6aa16::lr_00085_top_right,uav_pdd2023,UAV-PDD,source_photo_00085,lr_00085_top_right,data/external_uav/uav_pdd2023/extracted/JPEGImages/lr_00085_top_right.jpg,3,0,0,0,3,0.0,0.0,0.0,0.0,true,"{""0"": {""fn"": 3, ""fp"": 0, ""gt"": 3, ""iou_sum"": 0.0, ""matched"": 0, ""pred"": 0, ""tp"": 0}, ""1"": {""fn"": 0, ""fp"": 0, ""gt"": 0, ""iou_sum"": 0.0, ""matched"": 0, ""pred"": 0, ""tp"": 0}, ""2"": {""fn"": 0, ""fp"": 0, ""gt"": 0, ""iou_sum"": 0.0, ""matched"": 0, ""pred"": 0, ""tp"": 0}, ""3"": {""fn"": 0, ""fp"": 0, ""gt"": 0, ""iou_sum"": 0.0, ""matched"": 0, ""pred"": 0, ""tp"": 0}}","[[0.0, 0.701774695, 0.515946505, 0.7287808649999999, 0.683641975], [0.0, 0.7075617249999999, 0.7026749, 0.733410495, 0.76234568], [0.0, 0.70910494, 0.77211934, 0.7310956799999999, 0.9994856]]",[]
m_uav1,M-UAV1,uav_pdd2023::phash6_3d24c13e7a6b::lr_00013_bottom_right,uav_pdd2023,UAV-PDD,source_photo_00013,lr_00013_bottom_right,data/external_uav/uav_pdd2023/extracted/JPEGImages/lr_00013_bottom_right.jpg,3,9,0,9,3,0.0,0.0,0.0,0.0,false,"{""0"": {""fn"": 1, ""fp"": 2, ""gt"": 1, ""iou_sum"": 0.0, ""matched"": 0, ""pred"": 2, ""tp"": 0}, ""1"": {""fn"": 2, ""fp"": 6, ""gt"": 2, ""iou_sum"": 0.0, ""matched"": 0, ""pred"": 6, ""tp"": 0}, ""2"": {""fn"": 0, ""fp"": 1, ""gt"": 0, ""iou_sum"": 0.0, ""matched"": 0, ""pred"": 1, ""tp"": 0}, ""3"": {""fn"": 0, ""fp"": 0, ""gt"": 0, ""iou_sum"": 0.0, ""matched"": 0, ""pred"": 0, ""tp"": 0}}","[[1.0, 0.5941358, 0.54526749, 0.9996142, 0.68878601], [1.0, 0.42322531, 0.6790123450000001, 0.65200617, 0.739197535], [0.0, 0.8348765450000001, 0.24588477999999997, 0.890046295, 0.99331276]]","[[2.0, 0.5920909363546489, 0.6448268811889146, 0.6603150544343172, 0.7086076775696052, 0.753618597984314], [1.0, 0.5505487418469087, 0.6634277218163259, 0.6569106961474006, 0.7094636140046297, 0.5506739020347595], [1.0, 0.5407210456000434, 0.683698112581983, 0.6557501333731192, 0.7099436065297068, 0.5319711565971375], [1.0, 0.863684383439429, 0.5532727653597608, 0.9980794647593557, 0.6057024669254758, 0.5248189568519592], [1.0, 0.831356566629292, 0.5470633173185121, 0.9998578672055844, 0.6140476430885096, 0.4886046051979065], [0.0, 0.7865121629503038, 0.6039063881454154, 0.8137548941153067, 0.7373860049149628, 0.4426146447658539], [1.0, 0.5648142025794511, 0.6476316098813657, 0.656500451358748, 0.7088486157327032, 0.41552379727363586], [1.0, 0.7791402369369695, 0.5528529288837448, 1.0, 0.6151914243344907, 0.3870498538017273], [0.0, 0.8528631704824942, 0.657638298631205, 0.8842117874710648, 0.9948340521918403, 0.28926903009414673]]"
m_uav1,M-UAV1,uav_pdd2023::phash6_411095071c4f::lr_00003_bottom_right,uav_pdd2023,UAV-PDD,source_photo_00003,lr_00003_bottom_right,data/external_uav/uav_pdd2023/extracted/JPEGImages/lr_00003_bottom_right.jpg,10,4,3,1,7,0.75,0.3,0.4285714285714285,0.6012279449361163,false,"{""0"": {""fn"": 3, ""fp"": 0, ""gt"": 4, ""iou_sum"": 0.6579382252587418, ""matched"": 1, ""pred"": 1, ""tp"": 1}, ""1"": {""fn"": 3, ""fp"": 1, ""gt"": 5, ""iou_sum"": 1.145745609549607, ""matched"": 2, ""pred"": 3, ""tp"": 2}, ""2"": {""fn"": 1, ""fp"": 0, ""gt"": 1, ""iou_sum"": 0.0, ""matched"": 0, ""pred"": 0, ""tp"": 0}, ""3"": {""fn"": 0, ""fp"": 0, ""gt"": 0, ""iou_sum"": 0.0, ""matched"": 0, ""pred"": 0, ""tp"": 0}}","[[2.0, 0.39699074, 0.006687244999999998, 0.69020062, 0.064300415], [0.0, 0.5466821, 0.655349795, 0.59066358, 0.881172845], [1.0, 0.555941355, 0.8991769549999999, 0.669367285, 0.932613165], [1.0, 0.05825617000000001, 0.747942385, 0.21141975000000002, 0.7875514349999999], [0.0, 0.44290123, 0.240226335, 0.49537037, 0.39763374500000004], [1.0, 0.003086415000000002, 0.068415635, 0.11342592500000001, 0.103909465], [0.0, 0.447530865, 0.40997942, 0.48726851499999996, 0.57253086], [0.0, 0.42438271, 0.595164605, 0.45833333000000004, 0.7031892949999999], [1.0, 0.601080245, 0.405349795, 0.6998456750000001, 0.465534985], [1.0, 0.690200615, 0.00874486, 0.767361105, 0.0462963]]","[[1.0, 0.5658672944999036, 0.8925697734817065, 0.6509236936216001, 0.9286728219240291, 0.4055338203907013], [1.0, 0.030113723542955186, 0.7403998983249743, 0.23684504002700618, 0.7919191588099601, 0.34431058168411255], [0.0, 0.5554512871636285, 0.6789470405735597, 0.5879640461486063, 0.8830546940305105, 0.29649150371551514], [1.0, 0.0985835098925932, 0.7403769787446952, 0.2389151961715133, 0.7910445099504887, 0.28948819637298584]]"
m_uav1,M-UAV1,uav_pdd2023::phash6_42ccb7cbcec6::r180_00473_top_right,uav_pdd2023,UAV-PDD,source_photo_00473,r180_00473_top_right,data/external_uav/uav_pdd2023/extracted/JPEGImages/r180_00473_top_right.jpg,3,3,2,1,1,0.6666666666666666,0.6666666666666666,0.6666666666666666,0.5491170661887934,false,"{""0"": {""fn"": 1, ""fp"": 0, ""gt"": 1, ""iou_sum"": 0.0, ""matched"": 0, ""pred"": 0, ""tp"": 0}, ""1"": {""fn"": 0, ""fp"": 1, ""gt"": 2, ""iou_sum"": 1.0982341323775868, ""matched"": 2, ""pred"": 3, ""tp"": 2}, ""2"": {""fn"": 0, ""fp"": 0, ""gt"": 0, ""iou_sum"": 0.0, ""matched"": 0, ""pred"": 0, ""tp"": 0}, ""3"": {""fn"": 0, ""fp"": 0, ""gt"": 0, ""iou_sum"": 0.0, ""matched"": 0, ""pred"": 0, ""tp"": 0}}","[[1.0, 0.36496913500000006, 0.37139918, 0.979166665, 0.46553498], [0.0, 0.9378858, 0.16975309, 0.96527778, 0.36625515000000003], [1.0, 0.004243830000000004, 0.5606995850000001, 0.30787037, 0.653292175]]","[[1.0, 0.0026854992280771705, 0.5687316141010802, 0.30233694005895545, 0.6247341328687629, 0.48404231667518616], [1.0, 0.32255978054470485, 0.38927321571381496, 0.4919267819251543, 0.4284771263844682, 0.36144816875457764], [1.0, 0.448899116045163, 0.39192824501068996, 0.9077026932327835, 0.4557275340390303, 0.2744261920452118]]"
m_uav1,M-UAV1,uav_pdd2023::phash6_4301acdce746::r180_00473_bottom_left,uav_pdd2023,UAV-PDD,source_photo_00473,r180_00473_bottom_left,data/external_uav/uav_pdd2023/extracted/JPEGImages/r180_00473_bottom_left.jpg,1,0,0,0,1,0.0,0.0,0.0,0.0,true,"{""0"": {""fn"": 0, ""fp"": 0, ""gt"": 0, ""iou_sum"": 0.0, ""matched"": 0, ""pred"": 0, ""tp"": 0}, ""1"": {""fn"": 1, ""fp"": 0, ""gt"": 1, ""iou_sum"": 0.0, ""matched"": 0, ""pred"": 0, ""tp"": 0}, ""2"": {""fn"": 0, ""fp"": 0, ""gt"": 0, ""iou_sum"": 0.0, ""matched"": 0, ""pred"": 0, ""tp"": 0}, ""3"": {""fn"": 0, ""fp"": 0, ""gt"": 0, ""iou_sum"": 0.0, ""matched"": 0, ""pred"": 0, ""tp"": 0}}","[[1.0, 0.082561725, 0.6656378599999999, 0.32407407499999996, 0.74022634]]",[]
m_uav1,M-UAV1,uav_pdd2023::phash6_44218101f1e1::lr_00479_top_right,uav_pdd2023,UAV-PDD,source_photo_00479,lr_00479_top_right,data/external_uav/uav_pdd2023/extracted/JPEGImages/lr_00479_top_right.jpg,6,3,2,1,4,0.6666666666666666,0.3333333333333333,0.4444444444444444,0.5738427461068865,false,"{""0"": {""fn"": 2, ""fp"": 0, ""gt"": 2, ""iou_sum"": 0.0, ""matched"": 0, ""pred"": 0, ""tp"": 0}, ""1"": {""fn"": 2, ""fp"": 1, ""gt"": 4, ""iou_sum"": 1.147685492213773, ""matched"": 2, ""pred"": 3, ""tp"": 2}, ""2"": {""fn"": 0, ""fp"": 0, ""gt"": 0, ""iou_sum"": 0.0, ""matched"": 0, ""pred"": 0, ""tp"": 0}, ""3"": {""fn"": 0, ""fp"": 0, ""gt"": 0, ""iou_sum"": 0.0, ""matched"": 0, ""pred"": 0, ""tp"": 0}}","[[1.0, 0.5173611100000001, 0.57150206, 0.60493827, 0.6085391], [1.0, 0.852237655, 0.42644032499999995, 0.9918981450000001, 0.471193415], [1.0, 0.60841049, 0.254115225, 0.90509259, 0.30555555500000003], [0.0, 0.8665123450000001, 0.55195473, 0.911265435, 0.98868313], [0.0, 0.864583335, 0.136316875, 0.900077165, 0.263374485], [1.0, 0.60763889, 0.44238683500000003, 0.65123457, 0.466563785]]","[[1.0, 0.5976601117922936, 0.243646990615154, 0.8398459163712867, 0.3007472787864905, 0.40916693210601807], [1.0, 0.5257353135097174, 0.5762182165075231, 0.5850607318642699, 0.611799891593525, 0.31745025515556335], [1.0, 0.5277387830946181, 0.8100037123440715, 0.6147392649709442, 0.8414228148911715, 0.25303566455841064]]"
m_uav1,M-UAV1,uav_pdd2023::phash6_497e260c6492::tb_00520_bottom_left,uav_pdd2023,UAV-PDD,source_photo_00520,tb_00520_bottom_left,data/external_uav/uav_pdd2023/extracted/JPEGImages/tb_00520_bottom_left.jpg,7,10,1,9,6,0.1,0.14285714285714285,0.11764705882352941,0.6728422327856243,false,"{""0"": {""fn"": 0, ""fp"": 7, ""gt"": 0, ""iou_sum"": 0.0, ""matched"": 0, ""pred"": 7, ""tp"": 0}, ""1"": {""fn"": 4, ""fp"": 2, ""gt"": 5, ""iou_sum"": 0.6728422327856243, ""matched"": 1, ""pred"": 3, ""tp"": 1}, ""2"": {""fn"": 0, ""fp"": 0, ""gt"": 0, ""iou_sum"": 0.0, ""matched"": 0, ""pred"": 0, ""tp"": 0}, ""3"": {""fn"": 2, ""fp"": 0, ""gt"": 2, ""iou_sum"": 0.0, ""matched"": 0, ""pred"": 0, ""tp"": 0}}","[[1.0, 0.006558645000000002, 0.82613169, 0.260802475, 0.94753087], [1.0, 0.12384259, 0.89711934, 0.24498456999999998, 0.93209876], [1.0, 0.22530864000000003, 0.65997942, 0.70601852, 0.78806584], [1.0, 0.69058642, 0.75411523, 0.93364198, 0.8137860100000001], [3.0, 0.336419755, 0.16975309, 0.38425926499999996, 0.24485596999999998], [3.0, 0.335648145, 0.17078189000000002, 0.383487655, 0.24588477], [1.0, 0.6141975249999999, 0.11111111, 0.746527775, 0.14814815]]","[[1.0, 0.285250958101249, 0.656773005983957, 0.46880514827775366, 0.710482938790027, 0.7236086130142212], [0.0, 0.23383524388442806, 0.8782684577345358, 0.2542522336229866, 0.994634808826839, 0.5343106985092163], [0.0, 0.21644978464385609, 0.0, 0.24768009892216436, 0.6372479725276492, 0.43937090039253235], [0.0, 0.22312475133825233, 0.39005778748312114, 0.2488197985990548, 0.611613395282761, 0.39499059319496155], [1.0, 0.5997791525758343, 0.7416609147939172, 0.9240102885681906, 0.8023208178610468, 0.39167311787605286], [0.0, 0.2156625677038122, 0.003362878359884882, 0.24138078571837626, 0.1928348933718332, 0.35609516501426697], [0.0, 0.2161706053180459, 0.0, 0.24143240186903211, 0.28148676240395126, 0.35314062237739563], [1.0, 0.6421076927656009, 0.7563817530502508, 0.9177167916003569, 0.8065506420998907, 0.34314125776290894], [0.0, 0.22606793156376592, 0.7353059745129243, 0.2500271031885971, 0.8464542592994471, 0.27691999077796936], [0.0, 0.2205423425745081, 0.09485861695842979, 0.2473059289249373, 0.6063231166007588, 0.25331640243530273]]"
m_uav1,M-UAV1,uav_pdd2023::phash6_4bd75df8b94a::tb_00085_top_left,uav_pdd2023,UAV-PDD,source_photo_00085,tb_00085_top_left,data/external_uav/uav_pdd2023/extracted/JPEGImages/tb_00085_top_left.jpg,3,1,0,1,3,0.0,0.0,0.0,0.0,false,"{""0"": {""fn"": 3, ""fp"": 0, ""gt"": 3, ""iou_sum"": 0.0, ""matched"": 0, ""pred"": 0, ""tp"": 0}, ""1"": {""fn"": 0, ""fp"": 1, ""gt"": 0, ""iou_sum"": 0.0, ""matched"": 0, ""pred"": 1, ""tp"": 0}, ""2"": {""fn"": 0, ""fp"": 0, ""gt"": 0, ""iou_sum"": 0.0, ""matched"": 0, ""pred"": 0, ""tp"": 0}, ""3"": {""fn"": 0, ""fp"": 0, ""gt"": 0, ""iou_sum"": 0.0, ""matched"": 0, ""pred"": 0, ""tp"": 0}}","[[0.0, 0.760030865, 0.837962965, 0.799768515, 0.9516460950000001], [0.0, 0.6948302500000001, 0.005658435000000003, 0.72569445, 0.122942385], [0.0, 0.685570985, 0.49639917499999997, 0.715663575, 0.648662545]]","[[1.0, 0.28096742983217593, 0.7415892047646605, 0.9999441452968267, 0.8464514335977688, 0.8173514604568481]]"
m_uav1,M-UAV1,uav_pdd2023::phash6_4c7cf1871edb::lr_00085_bottom_left,uav_pdd2023,UAV-PDD,source_photo_00085,lr_00085_bottom_left,data/external_uav/uav_pdd2023/extracted/JPEGImages/lr_00085_bottom_left.jpg,1,2,0,2,1,0.0,0.0,0.0,0.0,false,"{""0"": {""fn"": 1, ""fp"": 2, ""gt"": 1, ""iou_sum"": 0.0, ""matched"": 0, ""pred"": 2, ""tp"": 0}, ""1"": {""fn"": 0, ""fp"": 0, ""gt"": 0, ""iou_sum"": 0.0, ""matched"": 0, ""pred"": 0, ""tp"": 0}, ""2"": {""fn"": 0, ""fp"": 0, ""gt"": 0, ""iou_sum"": 0.0, ""matched"": 0, ""pred"": 0, ""tp"": 0}, ""3"": {""fn"": 0, ""fp"": 0, ""gt"": 0, ""iou_sum"": 0.0, ""matched"": 0, ""pred"": 0, ""tp"": 0}}","[[0.0, 0.27121913, 0.28395062, 0.30516975, 0.4063786]]","[[0.0, 0.6080667001229746, 0.31668028026941875, 0.6353837472421152, 0.518031084979022, 0.6248006820678711], [0.0, 0.4937713999807099, 0.093599562782319, 0.5204731034643856, 0.2519636899846081, 0.3438768684864044]]"
m_uav1,M-UAV1,uav_pdd2023::phash6_4f20078cb541::lr_00403_top_right,uav_pdd2023,UAV-PDD,source_photo_00403,lr_00403_top_right,data/external_uav/uav_pdd2023/extracted/JPEGImages/lr_00403_top_right.jpg,4,4,2,2,2,0.5,0.5,0.5,0.5632600106941072,false,"{""0"": {""fn"": 0, ""fp"": 0, ""gt"": 0, ""iou_sum"": 0.0, ""matched"": 0, ""pred"": 0, ""tp"": 0}, ""1"": {""fn"": 2, ""fp"": 2, ""gt"": 4, ""iou_sum"": 1.1265200213882145, ""matched"": 2, ""pred"": 4, ""tp"": 2}, ""2"": {""fn"": 0, ""fp"": 0, ""gt"": 0, ""iou_sum"": 0.0, ""matched"": 0, ""pred"": 0, ""tp"": 0}, ""3"": {""fn"": 0, ""fp"": 0, ""gt"": 0, ""iou_sum"": 0.0, ""matched"": 0, ""pred"": 0, ""tp"": 0}}","[[1.0, 0.55131173, 0.38888889, 0.77970679, 0.45113169000000003], [1.0, 0.22878085999999997, 0.08436214, 0.46875, 0.11522634000000001], [1.0, 0.07523148499999999, 0.27520576, 0.220293215, 0.3127572], [1.0, 0.10146605, 0.5817901200000001, 0.20794753000000002, 0.65380658]]","[[1.0, 0.09475690935864861, 0.2833407366717303, 0.20771068996853298, 0.3167978294592335, 0.9290054440498352], [1.0, 0.08329184261369116, 0.28358581919728976, 0.1805888988353588, 0.3134252603161973, 0.47630512714385986], [1.0, 0.5224274058400848, 0.37183370707947533, 0.7781519477750048, 0.438623844350807, 0.45473966002464294], [1.0, 0.08170076064121576, 0.285953411840117, 0.11991193559434679, 0.3134669865109793, 0.4510922431945801]]"
m_uav1,M-UAV1,uav_pdd2023::phash6_4fa9079e1e2d::r180_00013_top_right,uav_pdd2023,UAV-PDD,source_photo_00013,r180_00013_top_right,data/external_uav/uav_pdd2023/extracted/JPEGImages/r180_00013_top_right.jpg,2,4,0,4,2,0.0,0.0,0.0,0.0,false,"{""0"": {""fn"": 1, ""fp"": 0, ""gt"": 1, ""iou_sum"": 0.0, ""matched"": 0, ""pred"": 0, ""tp"": 0}, ""1"": {""fn"": 1, ""fp"": 2, ""gt"": 1, ""iou_sum"": 0.0, ""matched"": 0, ""pred"": 2, ""tp"": 0}, ""2"": {""fn"": 0, ""fp"": 2, ""gt"": 0, ""iou_sum"": 0.0, ""matched"": 0, ""pred"": 2, ""tp"": 0}, ""3"": {""fn"": 0, ""fp"": 0, ""gt"": 0, ""iou_sum"": 0.0, ""matched"": 0, ""pred"": 0, ""tp"": 0}}","[[0.0, 0.7824074099999999, 0.47170782, 0.81018519, 1.0], [1.0, 0.360725305, 0.08230452500000002, 0.893904315, 0.177469135]]","[[2.0, 0.509927773181303, 0.08264947428134244, 0.6407484360683111, 0.147184630970896, 0.8893672823905945], [1.0, 0.6296022674183787, 0.13030510576664175, 0.829209221733941, 0.17232540114916892, 0.5726004838943481], [2.0, 0.5587605134940442, 0.08479169366781604, 0.6414817527488426, 0.14480878099983122, 0.32628336548805237], [1.0, 0.49597770785108025, 0.09212432672948014, 0.641000865418234, 0.14064751142336998, 0.3002147674560547]]"
m_uav1,M-UAV1,uav_pdd2023::phash6_4fd8862358d6::lr_00024_bottom_left,uav_pdd2023,UAV-PDD,source_photo_00024,lr_00024_bottom_left,data/external_uav/uav_pdd2023/extracted/JPEGImages/lr_00024_bottom_left.jpg,3,2,2,0,1,1.0,0.6666666666666666,0.8,0.6771720473700222,false,"{""0"": {""fn"": 0, ""fp"": 0, ""gt"": 1, ""iou_sum"": 0.6636625040718109, ""matched"": 1, ""pred"": 1, ""tp"": 1}, ""1"": {""fn"": 1, ""fp"": 0, ""gt"": 2, ""iou_sum"": 0.6906815906682334, ""matched"": 1, ""pred"": 1, ""tp"": 1}, ""2"": {""fn"": 0, ""fp"": 0, ""gt"": 0, ""iou_sum"": 0.0, ""matched"": 0, ""pred"": 0, ""tp"": 0}, ""3"": {""fn"": 0, ""fp"": 0, ""gt"": 0, ""iou_sum"": 0.0, ""matched"": 0, ""pred"": 0, ""tp"": 0}}","[[1.0, 0.03973766000000001, 0.7165637800000001, 0.54976852, 0.76903292], [1.0, 0.39776234499999996, 0.947530865, 0.677083335, 0.998971195], [0.0, 0.11921296, 0.86574074, 0.15007716000000001, 0.9994856]]","[[0.0, 0.11825329580424744, 0.8339839354464056, 0.14454318858959056, 1.0, 0.8170267939567566], [1.0, 0.06083732181125217, 0.7043100364904835, 0.508326495135272, 0.7729440696936085, 0.763571560382843]]"
m_uav1,M-UAV1,uav_pdd2023::phash6_519d46adbbd9::tb_00403_bottom_left,uav_pdd2023,UAV-PDD,source_photo_00403,tb_00403_bottom_left,data/external_uav/uav_pdd2023/extracted/JPEGImages/tb_00403_bottom_left.jpg,3,5,2,3,1,0.4,0.6666666666666666,0.5,0.7220868471535389,false,"{""0"": {""fn"": 1, ""fp"": 0, ""gt"": 1, ""iou_sum"": 0.0, ""matched"": 0, ""pred"": 0, ""tp"": 0}, ""1"": {""fn"": 0, ""fp"": 3, ""gt"": 2, ""iou_sum"": 1.4441736943070778, ""matched"": 2, ""pred"": 5, ""tp"": 2}, ""2"": {""fn"": 0, ""fp"": 0, ""gt"": 0, ""iou_sum"": 0.0, ""matched"": 0, ""pred"": 0, ""tp"": 0}, ""3"": {""fn"": 0, ""fp"": 0, ""gt"": 0, ""iou_sum"": 0.0, ""matched"": 0, ""pred"": 0, ""tp"": 0}}","[[1.0, 0.20987654500000003, 0.834876545, 0.355324075, 0.8713991750000001], [1.0, 0.22260802500000001, 0.129629635, 0.36111111500000004, 0.187757205], [0.0, 0.242283955, 0.35030864000000006, 0.275077165, 0.99074074]]","[[1.0, 0.24387828214668933, 0.14268182825159142, 0.35145017835828996, 0.1886124316556954, 0.813309371471405], [1.0, 0.21730241657775126, 0.8374421547469779, 0.3522488864851587, 0.8720450695650077, 0.6322624683380127], [1.0, 0.23960735179759837, 0.1065755224031676, 0.2699326644709081, 0.8857171957384903, 0.43746834993362427], [1.0, 0.6686387238679109, 0.8988102414480452, 0.8468578008957851, 0.9435884452160493, 0.3485778868198395], [1.0, 0.26502220718948927, 0.14376824775350439, 0.3532392478283541, 0.18341172771689332, 0.3257230520248413]]"
m_uav1,M-UAV1,uav_pdd2023::phash6_52b8ecd246b4::lr_00463_top_right,uav_pdd2023,UAV-PDD,source_photo_00463,lr_00463_top_right,data/external_uav/uav_pdd2023/extracted/JPEGImages/lr_00463_top_right.jpg,3,3,1,2,2,0.3333333333333333,0.3333333333333333,0.3333333333333333,0.7209285799206144,false,"{""0"": {""fn"": 1, ""fp"": 0, ""gt"": 1, ""iou_sum"": 0.0, ""matched"": 0, ""pred"": 0, ""tp"": 0}, ""1"": {""fn"": 1, ""fp"": 2, ""gt"": 2, ""iou_sum"": 0.7209285799206144, ""matched"": 1, ""pred"": 3, ""tp"": 1}, ""2"": {""fn"": 0, ""fp"": 0, ""gt"": 0, ""iou_sum"": 0.0, ""matched"": 0, ""pred"": 0, ""tp"": 0}, ""3"": {""fn"": 0, ""fp"": 0, ""gt"": 0, ""iou_sum"": 0.0, ""matched"": 0, ""pred"": 0, ""tp"": 0}}","[[1.0, 0.49614197, 0.09825102499999999, 0.98611111, 0.159465015], [0.0, 0.846064815, 0.831790125, 0.891975305, 0.976337455], [1.0, 0.14120370000000002, 0.31069959, 0.45640432, 0.40483539]]","[[1.0, 0.45503258410795233, 0.09134059482150608, 0.8097641556351273, 0.14928075217415768, 0.4288286864757538], [1.0, 0.14929419388005763, 0.32173228950657473, 0.44158987351405765, 0.39491554542824076, 0.4244886636734009], [1.0, 0.4667159186469184, 0.9172524032278807, 0.5032738108693817, 0.947395104930234, 0.3937082290649414]]"
m_uav1,M-UAV1,uav_pdd2023::phash6_541e524c844a::tb_00494_bottom_right,uav_pdd2023,UAV-PDD,source_photo_00494,tb_00494_bottom_right,data/external_uav/uav_pdd2023/extracted/JPEGImages/tb_00494_bottom_right.jpg,4,4,0,4,4,0.0,0.0,0.0,0.0,false,"{""0"": {""fn"": 1, ""fp"": 0, ""gt"": 1, ""iou_sum"": 0.0, ""matched"": 0, ""pred"": 0, ""tp"": 0}, ""1"": {""fn"": 2, ""fp"": 4, ""gt"": 2, ""iou_sum"": 0.0, ""matched"": 0, ""pred"": 4, ""tp"": 0}, ""2"": {""fn"": 1, ""fp"": 0, ""gt"": 1, ""iou_sum"": 0.0, ""matched"": 0, ""pred"": 0, ""tp"": 0}, ""3"": {""fn"": 0, ""fp"": 0, ""gt"": 0, ""iou_sum"": 0.0, ""matched"": 0, ""pred"": 0, ""tp"": 0}}","[[1.0, 0.022376544999999998, 0.28034979, 0.370756175, 0.33281893], [2.0, 0.37461419500000004, 0.237654315, 0.400462965, 0.363683125], [1.0, 0.42515432, 0.11522634000000001, 0.6817129599999999, 0.22479424], [0.0, 0.04591049, 0.33899176999999997, 0.07638889, 0.46450617]]","[[1.0, 0.4092540976441937, 0.15632864869671104, 0.6814962787392699, 0.20471630959844392, 0.47221922874450684], [1.0, 0.2723112695011092, 0.27382474671666024, 0.39686490282600306, 0.3234981960720486, 0.405171275138855], [1.0, 0.001544094196072331, 0.26293419418020997, 0.4277854260103202, 0.3211599593299897, 0.33940690755844116], [1.0, 0.0, 0.26590870044849535, 0.28134094049901137, 0.3161929095232928, 0.3219042718410492]]"
m_uav1,M-UAV1,uav_pdd2023::phash6_5a34d00d9107::lr_00403_top_left,uav_pdd2023,UAV-PDD,source_photo_00403,lr_00403_top_left,data/external_uav/uav_pdd2023/extracted/JPEGImages/lr_00403_top_left.jpg,3,5,1,4,2,0.2,0.3333333333333333,0.25,0.8161739947973566,false,"{""0"": {""fn"": 1, ""fp"": 0, ""gt"": 1, ""iou_sum"": 0.0, ""matched"": 0, ""pred"": 0, ""tp"": 0}, ""1"": {""fn"": 1, ""fp"": 4, ""gt"": 2, ""iou_sum"": 0.8161739947973566, ""matched"": 1, ""pred"": 5, ""tp"": 1}, ""2"": {""fn"": 0, ""fp"": 0, ""gt"": 0, ""iou_sum"": 0.0, ""matched"": 0, ""pred"": 0, ""tp"": 0}, ""3"": {""fn"": 0, ""fp"": 0, ""gt"": 0, ""iou_sum"": 0.0, ""matched"": 0, ""pred"": 0, ""tp"": 0}}","[[0.0, 0.729938275, 0.06893004000000003, 0.7785493849999999, 0.9994856], [1.0, 0.488811725, 0.16409465499999998, 0.612268515, 0.193930045], [1.0, 0.20640432, 0.46141975, 0.32523148, 0.51697531]]","[[1.0, 0.7463645464108314, 0.045121385236826454, 0.7718527994038146, 0.9271178068938078, 0.7646424770355225], [1.0, 0.7438479764961902, 0.20816272374533823, 0.7715463049617814, 1.0, 0.5971904397010803], [1.0, 0.48082375232084296, 0.16546227411968717, 0.615040060914593, 0.19167789412133487, 0.3785521984100342], [1.0, 0.7509564529230566, 0.0910050741439003, 0.774776976785542, 0.7000633836283114, 0.37036818265914917], [1.0, 0.0375277054162673, 0.45834765022183643, 0.3498201017026548, 0.5200751975730613, 0.3139503002166748]]"
m_uav1,M-UAV1,uav_pdd2023::phash6_5f2a6bde3484::r180_00085_bottom_left,uav_pdd2023,UAV-PDD,source_photo_00085,r180_00085_bottom_left,data/external_uav/uav_pdd2023/extracted/JPEGImages/r180_00085_bottom_left.jpg,1,2,0,2,1,0.0,0.0,0.0,0.0,false,"{""0"": {""fn"": 1, ""fp"": 1, ""gt"": 1, ""iou_sum"": 0.0, ""matched"": 0, ""pred"": 1, ""tp"": 0}, ""1"": {""fn"": 0, ""fp"": 1, ""gt"": 0, ""iou_sum"": 0.0, ""matched"": 0, ""pred"": 1, ""tp"": 0}, ""2"": {""fn"": 0, ""fp"": 0, ""gt"": 0, ""iou_sum"": 0.0, ""matched"": 0, ""pred"": 0, ""tp"": 0}, ""3"": {""fn"": 0, ""fp"": 0, ""gt"": 0, ""iou_sum"": 0.0, ""matched"": 0, ""pred"": 0, ""tp"": 0}}","[[0.0, 0.27121913, 0.5936214, 0.30516975, 0.7160493800000001]]","[[1.0, 0.0, 0.7390353355878665, 0.49677756980613424, 0.8434550595381622, 0.5323325395584106], [0.0, 0.6086096587004485, 0.4823012175383391, 0.6354039981041426, 0.6832841786828061, 0.42120349407196045]]"
m_uav1,M-UAV1,uav_pdd2023::phash6_60b7f73e7616::r180_00535_bottom_right,uav_pdd2023,UAV-PDD,source_photo_00535,r180_00535_bottom_right,data/external_uav/uav_pdd2023/extracted/JPEGImages/r180_00535_bottom_right.jpg,8,4,0,4,8,0.0,0.0,0.0,0.0,false,"{""0"": {""fn"": 0, ""fp"": 2, ""gt"": 0, ""iou_sum"": 0.0, ""matched"": 0, ""pred"": 2, ""tp"": 0}, ""1"": {""fn"": 1, ""fp"": 1, ""gt"": 1, ""iou_sum"": 0.0, ""matched"": 0, ""pred"": 1, ""tp"": 0}, ""2"": {""fn"": 6, ""fp"": 1, ""gt"": 6, ""iou_sum"": 0.0, ""matched"": 0, ""pred"": 1, ""tp"": 0}, ""3"": {""fn"": 1, ""fp"": 0, ""gt"": 1, ""iou_sum"": 0.0, ""matched"": 0, ""pred"": 0, ""tp"": 0}}","[[1.0, 0.08912037, 0.53909465, 0.5366512299999999, 0.6579218099999999], [2.0, 0.54436728, 0.575617285, 0.74729938, 0.782921815], [2.0, 0.6404321, 0.782921805, 0.74421296, 0.9963991750000001], [2.0, 0.6647376500000001, 0.29835391, 0.84529321, 0.43930041], [2.0, 0.00038579999999999864, 0.009773664999999931, 0.08140432, 0.9927983549999999], [2.0, 0.66859568, 0.08024691499999999, 0.76813272, 0.269547325], [3.0, 0.664351855, 0.81841564, 0.719521605, 0.99639918], [2.0, 0.8070987599999999, 0.430555555, 0.86612654, 0.6003086449999999]]","[[0.0, 0.005403158473379818, 0.7467778837729874, 0.0442057509481171, 0.9879570478274499, 0.5959128737449646], [2.0, 0.024720365618482048, 0.3092940844626093, 0.07649848490585516, 0.5523979909135481, 0.41425102949142456], [1.0, 0.3735708307336878, 0.5741195992677791, 0.5449543234742718, 0.6300173786932549, 0.3225129544734955], [0.0, 0.805413611141252, 0.7743774539649241, 0.8317868268048322, 0.9433669102044753, 0.2652146816253662]]"
m_uav1,M-UAV1,uav_pdd2023::phash6_63bc4d545861::tb_00403_top_left,uav_pdd2023,UAV-PDD,source_photo_00403,tb_00403_top_left,data/external_uav/uav_pdd2023/extracted/JPEGImages/tb_00403_top_left.jpg,3,5,1,4,2,0.2,0.3333333333333333,0.25,0.8186603046137935,false,"{""0"": {""fn"": 1, ""fp"": 0, ""gt"": 1, ""iou_sum"": 0.0, ""matched"": 0, ""pred"": 0, ""tp"": 0}, ""1"": {""fn"": 1, ""fp"": 4, ""gt"": 2, ""iou_sum"": 0.8186603046137935, ""matched"": 1, ""pred"": 5, ""tp"": 1}, ""2"": {""fn"": 0, ""fp"": 0, ""gt"": 0, ""iou_sum"": 0.0, ""matched"": 0, ""pred"": 0, ""tp"": 0}, ""3"": {""fn"": 0, ""fp"": 0, ""gt"": 0, ""iou_sum"": 0.0, ""matched"": 0, ""pred"": 0, ""tp"": 0}}","[[0.0, 0.221450615, 0.000514400000000026, 0.270061725, 0.93106996], [1.0, 0.387731485, 0.806069955, 0.511188275, 0.8359053449999999], [1.0, 0.67476852, 0.48302469000000003, 0.7935956799999999, 0.53858025]]","[[1.0, 0.2282198917718581, 0.05621961114828479, 0.25686746762122636, 0.9669154288837448, 0.6816087961196899], [1.0, 0.22603496504418644, 0.19702886259604874, 0.2542225166603371, 1.0, 0.5400531888008118], [1.0, 0.37289132012261283, 0.8050051088686343, 0.5093808586214795, 0.8370917049455054, 0.4352492690086365], [1.0, 0.23086583172833477, 0.0, 0.25609937126253857, 0.7996445016115291, 0.2925911545753479], [1.0, 0.6490437072000386, 0.4764470543881012, 0.9445677392276717, 0.5352337370193544, 0.2895886301994324]]"
m_uav1,M-UAV1,uav_pdd2023::phash6_64e5e0fe5977::lr_00400_top_right,uav_pdd2023,UAV-PDD,source_photo_00400,lr_00400_top_right,data/external_uav/uav_pdd2023/extracted/JPEGImages/lr_00400_top_right.jpg,5,5,2,3,3,0.4,0.4,0.4000000000000001,0.871115989706533,false,"{""0"": {""fn"": 0, ""fp"": 0, ""gt"": 0, ""iou_sum"": 0.0, ""matched"": 0, ""pred"": 0, ""tp"": 0}, ""1"": {""fn"": 3, ""fp"": 3, ""gt"": 5, ""iou_sum"": 1.742231979413066, ""matched"": 2, ""pred"": 5, ""tp"": 2}, ""2"": {""fn"": 0, ""fp"": 0, ""gt"": 0, ""iou_sum"": 0.0, ""matched"": 0, ""pred"": 0, ""tp"": 0}, ""3"": {""fn"": 0, ""fp"": 0, ""gt"": 0, ""iou_sum"": 0.0, ""matched"": 0, ""pred"": 0, ""tp"": 0}}","[[1.0, 0.28935185500000005, 0.57355967, 0.556712965, 0.61676955], [1.0, 0.139274695, 0.75977366, 0.28125000499999997, 0.8004115199999999], [1.0, 0.39467592500000004, 0.332818925, 0.487268515, 0.362139915], [1.0, 0.30246913500000006, 0.30195473500000003, 0.378472225, 0.337962965], [1.0, 0.32908951, 0.12294239000000001, 0.41705247, 0.14763375]]","[[1.0, 0.14139167173409167, 0.7595427713276427, 0.28088838082772716, 0.8000394719127765, 0.7304348349571228], [1.0, 0.29327500896689335, 0.2985011599191422, 0.5412429056049864, 0.3619127940739133, 0.5768117904663086], [1.0, 0.2966241954285421, 0.5674822771990741, 0.5524770948621962, 0.6132169495884774, 0.5521817207336426], [1.0, 0.2933871893235195, 0.29504648844401044, 0.4436526828342014, 0.35642754197611237, 0.30086109042167664], [1.0, 0.2970545968891662, 0.11989206541712882, 0.43426574895411363, 0.15277322525840728, 0.27558720111846924]]"
m_uav1,M-UAV1,uav_pdd2023::phash6_675e9bed3546::tb_00013_top_right,uav_pdd2023,UAV-PDD,source_photo_00013,tb_00013_top_right,data/external_uav/uav_pdd2023/extracted/JPEGImages/tb_00013_top_right.jpg,2,4,0,4,2,0.0,0.0,0.0,0.0,false,"{""0"": {""fn"": 1, ""fp"": 0, ""gt"": 1, ""iou_sum"": 0.0, ""matched"": 0, ""pred"": 0, ""tp"": 0}, ""1"": {""fn"": 1, ""fp"": 3, ""gt"": 1, ""iou_sum"": 0.0, ""matched"": 0, ""pred"": 3, ""tp"": 0}, ""2"": {""fn"": 0, ""fp"": 1, ""gt"": 0, ""iou_sum"": 0.0, ""matched"": 0, ""pred"": 1, ""tp"": 0}, ""3"": {""fn"": 0, ""fp"": 0, ""gt"": 0, ""iou_sum"": 0.0, ""matched"": 0, ""pred"": 0, ""tp"": 0}}","[[0.0, 0.18981481, 0.47170782, 0.21759258999999997, 1.0], [1.0, 0.106095685, 0.08230452500000002, 0.639274695, 0.177469135]]","[[2.0, 0.3619490258487654, 0.08343029414675364, 0.43657703164183065, 0.14164181305057227, 0.4209803342819214], [1.0, 0.17117818196614584, 0.13113349945947467, 0.3774443025942202, 0.1695692431288982, 0.3377527892589569], [1.0, 0.41861451702353397, 0.09907962657787182, 0.5550235230245708, 0.12976456473393697, 0.32692962884902954], [1.0, 0.4025812031310282, 0.09265416934166426, 0.5623986044047792, 0.1326059412073206, 0.30759376287460327]]"
m_uav1,M-UAV1,uav_pdd2023::phash6_6ac7612c9ee9::r180_00013_top_left,uav_pdd2023,UAV-PDD,source_photo_00013,r180_00013_top_left,data/external_uav/uav_pdd2023/extracted/JPEGImages/r180_00013_top_left.jpg,2,1,0,1,2,0.0,0.0,0.0,0.0,false,"{""0"": {""fn"": 0, ""fp"": 0, ""gt"": 0, ""iou_sum"": 0.0, ""matched"": 0, ""pred"": 0, ""tp"": 0}, ""1"": {""fn"": 2, ""fp"": 1, ""gt"": 2, ""iou_sum"": 0.0, ""matched"": 0, ""pred"": 1, ""tp"": 0}, ""2"": {""fn"": 0, ""fp"": 0, ""gt"": 0, ""iou_sum"": 0.0, ""matched"": 0, ""pred"": 0, ""tp"": 0}, ""3"": {""fn"": 0, ""fp"": 0, ""gt"": 0, ""iou_sum"": 0.0, ""matched"": 0, ""pred"": 0, ""tp"": 0}}","[[1.0, 0.349922845, 0.726337445, 0.6458333350000001, 0.761831275], [1.0, 0.14776235, 0.005144035000000002, 0.7044753100000001, 0.066358025]]","[[1.0, 0.37632377059371386, 0.7231786280502508, 0.5162242842309269, 0.7585363191832241, 0.40889251232147217]]"
m_uav1,M-UAV1,uav_pdd2023::phash6_6c9b0fdb5148::r180_00485_bottom_left,uav_pdd2023,UAV-PDD,source_photo_00485,r180_00485_bottom_left,data/external_uav/uav_pdd2023/extracted/JPEGImages/r180_00485_bottom_left.jpg,1,1,0,1,1,0.0,0.0,0.0,0.0,false,"{""0"": {""fn"": 1, ""fp"": 0, ""gt"": 1, ""iou_sum"": 0.0, ""matched"": 0, ""pred"": 0, ""tp"": 0}, ""1"": {""fn"": 0, ""fp"": 1, ""gt"": 0, ""iou_sum"": 0.0, ""matched"": 0, ""pred"": 1, ""tp"": 0}, ""2"": {""fn"": 0, ""fp"": 0, ""gt"": 0, ""iou_sum"": 0.0, ""matched"": 0, ""pred"": 0, ""tp"": 0}, ""3"": {""fn"": 0, ""fp"": 0, ""gt"": 0, ""iou_sum"": 0.0, ""matched"": 0, ""pred"": 0, ""tp"": 0}}","[[0.0, 0.056327165000000005, 0.402263375, 0.108410495, 0.566358025]]","[[1.0, 0.07129012802500784, 0.26499901288821376, 0.10908920382275994, 0.3068255200798129, 0.2534462809562683]]"
m_uav1,M-UAV1,uav_pdd2023::phash6_6cec0f9e1a23::lr_00435_top_left,uav_pdd2023,UAV-PDD,source_photo_00435,lr_00435_top_left,data/external_uav/uav_pdd2023/extracted/JPEGImages/lr_00435_top_left.jpg,2,2,1,1,1,0.5,0.5,0.5,0.5140074502086355,false,"{""0"": {""fn"": 0, ""fp"": 0, ""gt"": 0, ""iou_sum"": 0.0, ""matched"": 0, ""pred"": 0, ""tp"": 0}, ""1"": {""fn"": 1, ""fp"": 1, ""gt"": 2, ""iou_sum"": 0.5140074502086355, ""matched"": 1, ""pred"": 2, ""tp"": 1}, ""2"": {""fn"": 0, ""fp"": 0, ""gt"": 0, ""iou_sum"": 0.0, ""matched"": 0, ""pred"": 0, ""tp"": 0}, ""3"": {""fn"": 0, ""fp"": 0, ""gt"": 0, ""iou_sum"": 0.0, ""matched"": 0, ""pred"": 0, ""tp"": 0}}","[[1.0, 0.6184413599999999, 0.6460905299999999, 0.71527778, 0.67078189], [1.0, 0.716435185, 0.708333335, 0.7928240750000001, 0.747427985]]","[[1.0, 0.4222054187162423, 0.6383961493095743, 0.6741843988865982, 0.6830195046256109, 0.6212453842163086], [1.0, 0.7127209887092496, 0.7095930311414931, 0.8496106936607832, 0.7434856273509838, 0.25182807445526123]]"
m_uav1,M-UAV1,uav_pdd2023::phash6_6db3f0177e41::tb_00504_top_left,uav_pdd2023,UAV-PDD,source_photo_00504,tb_00504_top_left,data/external_uav/uav_pdd2023/extracted/JPEGImages/tb_00504_top_left.jpg,1,3,1,2,0,0.3333333333333333,1.0,0.5,0.5942561656951705,false,"{""0"": {""fn"": 0, ""fp"": 2, ""gt"": 0, ""iou_sum"": 0.0, ""matched"": 0, ""pred"": 2, ""tp"": 0}, ""1"": {""fn"": 0, ""fp"": 0, ""gt"": 1, ""iou_sum"": 0.5942561656951705, ""matched"": 1, ""pred"": 1, ""tp"": 1}, ""2"": {""fn"": 0, ""fp"": 0, ""gt"": 0, ""iou_sum"": 0.0, ""matched"": 0, ""pred"": 0, ""tp"": 0}, ""3"": {""fn"": 0, ""fp"": 0, ""gt"": 0, ""iou_sum"": 0.0, ""matched"": 0, ""pred"": 0, ""tp"": 0}}","[[1.0, 0.923996915, 0.37808642000000003, 0.998070985, 0.43158436]]","[[0.0, 0.30426675302010997, 0.5604366726345487, 0.35708556940526137, 0.7367421844859182, 0.5515521168708801], [1.0, 0.8930194996021412, 0.3853149728029353, 0.9999279446072049, 0.4284754623601466, 0.2980899512767792], [0.0, 0.34952910152482397, 0.007227739188896775, 0.3677334962067781, 0.09338372626912937, 0.26449841260910034]]"
m_uav1,M-UAV1,uav_pdd2023::phash6_6e1fba6e29db::r180_00400_bottom_left,uav_pdd2023,UAV-PDD,source_photo_00400,r180_00400_bottom_left,data/external_uav/uav_pdd2023/extracted/JPEGImages/r180_00400_bottom_left.jpg,4,1,0,1,4,0.0,0.0,0.0,0.0,false,"{""0"": {""fn"": 0, ""fp"": 0, ""gt"": 0, ""iou_sum"": 0.0, ""matched"": 0, ""pred"": 0, ""tp"": 0}, ""1"": {""fn"": 4, ""fp"": 1, ""gt"": 4, ""iou_sum"": 0.0, ""matched"": 0, ""pred"": 1, ""tp"": 0}, ""2"": {""fn"": 0, ""fp"": 0, ""gt"": 0, ""iou_sum"": 0.0, ""matched"": 0, ""pred"": 0, ""tp"": 0}, ""3"": {""fn"": 0, ""fp"": 0, ""gt"": 0, ""iou_sum"": 0.0, ""matched"": 0, ""pred"": 0, ""tp"": 0}}","[[1.0, 0.6655092650000001, 0.78909465, 0.755015435, 0.8117283900000001], [1.0, 0.663194445, 0.457818925, 0.705246915, 0.47427983500000004], [1.0, 0.69598765, 0.43827160499999995, 0.7453703700000001, 0.452160495], [1.0, 0.57175926, 0.11779835500000001, 0.66550926, 0.147633745]]","[[1.0, 0.6719355171109423, 0.7785880006389854, 0.8014047881703318, 0.8158299952377508, 0.7360625863075256]]"
m_uav1,M-UAV1,uav_pdd2023::phash6_7069b8c04fff::tb_00494_top_right,uav_pdd2023,UAV-PDD,source_photo_00494,tb_00494_top_right,data/external_uav/uav_pdd2023/extracted/JPEGImages/tb_00494_top_right.jpg,1,3,1,2,0,0.3333333333333333,1.0,0.5,0.5753661144097654,false,"{""0"": {""fn"": 0, ""fp"": 0, ""gt"": 0, ""iou_sum"": 0.0, ""matched"": 0, ""pred"": 0, ""tp"": 0}, ""1"": {""fn"": 0, ""fp"": 2, ""gt"": 1, ""iou_sum"": 0.5753661144097654, ""matched"": 1, ""pred"": 3, ""tp"": 1}, ""2"": {""fn"": 0, ""fp"": 0, ""gt"": 0, ""iou_sum"": 0.0, ""matched"": 0, ""pred"": 0, ""tp"": 0}, ""3"": {""fn"": 0, ""fp"": 0, ""gt"": 0, ""iou_sum"": 0.0, ""matched"": 0, ""pred"": 0, ""tp"": 0}}","[[1.0, 0.022376544999999998, 0.11522633499999999, 0.411651235, 0.173353905]]","[[1.0, 0.02805917940022033, 0.1091929149235227, 0.19719708996054566, 0.16512738137578767, 0.3803041875362396], [1.0, 0.03083727389206121, 0.10944879005965873, 0.3091170464032962, 0.16533492916405446, 0.34631597995758057], [1.0, 0.025131702423095703, 0.11045364097312645, 0.4337262283136815, 0.1642184316376109, 0.33165156841278076]]"
m_uav1,M-UAV1,uav_pdd2023::phash6_726b623ec986::lr_00520_bottom_left,uav_pdd2023,UAV-PDD,source_photo_00520,lr_00520_bottom_left,data/external_uav/uav_pdd2023/extracted/JPEGImages/lr_00520_bottom_left.jpg,7,11,1,10,6,0.09090909090909091,0.14285714285714285,0.1111111111111111,0.6635820144206793,false,"{""0"": {""fn"": 0, ""fp"": 7, ""gt"": 0, ""iou_sum"": 0.0, ""matched"": 0, ""pred"": 7, ""tp"": 0}, ""1"": {""fn"": 4, ""fp"": 2, ""gt"": 5, ""iou_sum"": 0.6635820144206793, ""matched"": 1, ""pred"": 3, ""tp"": 1}, ""2"": {""fn"": 0, ""fp"": 1, ""gt"": 0, ""iou_sum"": 0.0, ""matched"": 0, ""pred"": 1, ""tp"": 0}, ""3"": {""fn"": 2, ""fp"": 0, ""gt"": 2, ""iou_sum"": 0.0, ""matched"": 0, ""pred"": 0, ""tp"": 0}}","[[1.0, 0.739197525, 0.05246913, 0.9934413550000001, 0.17386831], [1.0, 0.75501543, 0.06790124, 0.87615741, 0.10288065999999998], [1.0, 0.29398148, 0.21193415999999998, 0.77469136, 0.34002058], [1.0, 0.06635801999999999, 0.18621399000000002, 0.30941357999999997, 0.24588477], [3.0, 0.615740735, 0.75514403, 0.663580245, 0.83024691], [3.0, 0.616512345, 0.75411523, 0.6643518549999999, 0.82921811], [1.0, 0.253472225, 0.85185185, 0.385802475, 0.8888888899999999]]","[[0.0, 0.7575307304476514, 0.78698629999357, 0.7850331906919126, 0.9983705120322145, 0.6449642181396484], [0.0, 0.746646410153236, 0.4037271193516107, 0.7754173278808594, 0.605837661052437, 0.47624877095222473], [0.0, 0.7569906446668837, 0.5503025133423354, 0.7835220525294174, 0.9981349113056198, 0.39705589413642883], [0.0, 0.7522138901698736, 0.35821278889973956, 0.7821657628188898, 1.0, 0.3784884810447693], [0.0, 0.7494167751736112, 0.4106002933203929, 0.7752537197536893, 0.6953686372733411, 0.3698625862598419], [1.0, 0.2056438304759838, 0.19744899734057517, 0.7142654701515481, 0.3384249651873553, 0.33559533953666687], [2.0, 0.7004687462323977, 0.3188180491757491, 0.7688124856831114, 0.40350916356216243, 0.3273948132991791], [0.0, 0.75780600088614, 0.701572810671457, 0.7843416002061632, 1.0, 0.3079894781112671], [1.0, 0.5320848535608362, 0.28861625891163517, 0.7105893264582128, 0.33850361388406636, 0.2974739074707031], [0.0, 0.7445112628701293, 0.0010427952793890557, 0.7700546641408661, 0.2192265859847206, 0.28777876496315], [1.0, 0.0847124641324267, 0.199461242299021, 0.2295414724467713, 0.23686180585696373, 0.2868863046169281]]"
m_uav1,M-UAV1,uav_pdd2023::phash6_73a3afe63f49::lr_00005_top_right,uav_pdd2023,UAV-PDD,source_photo_00005,lr_00005_top_right,data/external_uav/uav_pdd2023/extracted/JPEGImages/lr_00005_top_right.jpg,11,3,0,3,11,0.0,0.0,0.0,0.0,false,"{""0"": {""fn"": 5, ""fp"": 3, ""gt"": 5, ""iou_sum"": 0.0, ""matched"": 0, ""pred"": 3, ""tp"": 0}, ""1"": {""fn"": 2, ""fp"": 0, ""gt"": 2, ""iou_sum"": 0.0, ""matched"": 0, ""pred"": 0, ""tp"": 0}, ""2"": {""fn"": 2, ""fp"": 0, ""gt"": 2, ""iou_sum"": 0.0, ""matched"": 0, ""pred"": 0, ""tp"": 0}, ""3"": {""fn"": 2, ""fp"": 0, ""gt"": 2, ""iou_sum"": 0.0, ""matched"": 0, ""pred"": 0, ""tp"": 0}}","[[0.0, 0.52006173, 0.004115225, 0.54436729, 0.159465015], [0.0, 0.616126545, 0.09979423999999998, 0.635802475, 0.218107], [0.0, 0.5061728400000001, 0.16975308499999997, 0.57137346, 0.737139915], [2.0, 0.175540125, 0.228395065, 0.242283955, 0.391975315], [2.0, 0.19290122999999998, 0.40792181000000005, 0.24575617, 0.83333333], [0.0, 0.446373455, 0.934156375, 0.466435185, 0.991769545], [1.0, 0.000385804999999996, 0.31224280499999996, 0.09297839499999999, 0.342592595], [3.0, 0.11998456999999998, 0.31687243000000004, 0.15740741, 0.34207819], [3.0, 0.091820985, 0.32098765500000004, 0.109567895, 0.340534985], [1.0, 0.06867283999999999, 0.520061725, 0.18055556, 0.570987655], [0.0, 0.37615740999999997, 0.014403290000000013, 0.38811729, 0.42438271]]","[[0.0, 0.8270930537471065, 0.3385617919419528, 0.9821399641625675, 0.7566124558939364, 0.42181041836738586], [0.0, 0.057998957457365816, 0.7270478927549512, 0.18142372884868105, 0.8016321001720036, 0.28178083896636963], [0.0, 0.8417835942021122, 0.009046650717778461, 0.9252016043957368, 0.3080790641376511, 0.2685690224170685]]"
m_uav1,M-UAV1,uav_pdd2023::phash6_7a7e68e5aca7::r180_00400_top_left,uav_pdd2023,UAV-PDD,source_photo_00400,r180_00400_top_left,data/external_uav/uav_pdd2023/extracted/JPEGImages/r180_00400_top_left.jpg,2,4,2,2,0,0.5,1.0,0.6666666666666666,0.6529646648451812,false,"{""0"": {""fn"": 0, ""fp"": 0, ""gt"": 0, ""iou_sum"": 0.0, ""matched"": 0, ""pred"": 0, ""tp"": 0}, ""1"": {""fn"": 0, ""fp"": 2, ""gt"": 2, ""iou_sum"": 1.3059293296903625, ""matched"": 2, ""pred"": 4, ""tp"": 2}, ""2"": {""fn"": 0, ""fp"": 0, ""gt"": 0, ""iou_sum"": 0.0, ""matched"": 0, ""pred"": 0, ""tp"": 0}, ""3"": {""fn"": 0, ""fp"": 0, ""gt"": 0, ""iou_sum"": 0.0, ""matched"": 0, ""pred"": 0, ""tp"": 0}}","[[1.0, 0.672067905, 0.13631687, 0.776620375, 0.18364197000000002], [1.0, 0.46373456500000004, 0.4933127600000001, 0.6280864150000001, 0.5396090600000001]]","[[1.0, 0.6717646092544367, 0.14447244400840728, 0.7740008507245852, 0.17707997388800475, 0.48827457427978516], [1.0, 0.3802242985478154, 0.4940301400643808, 0.6267498628592786, 0.5407290360564557, 0.41384458541870117], [1.0, 0.7413098841537664, 0.11377106183840904, 0.7807660514925733, 0.8450247682171104, 0.2963019609451294], [1.0, 0.6768086751302084, 0.14859994644981353, 0.8106509550118152, 0.17829171325934767, 0.2597304582595825]]"
m_uav1,M-UAV1,uav_pdd2023::phash6_7bc2bac1d1ec::r180_00024_bottom_left,uav_pdd2023,UAV-PDD,source_photo_00024,r180_00024_bottom_left,data/external_uav/uav_pdd2023/extracted/JPEGImages/r180_00024_bottom_left.jpg,3,2,2,0,1,1.0,0.6666666666666666,0.8,0.7324649927337491,false,"{""0"": {""fn"": 0, ""fp"": 0, ""gt"": 1, ""iou_sum"": 0.6597378885304797, ""matched"": 1, ""pred"": 1, ""tp"": 1}, ""1"": {""fn"": 1, ""fp"": 0, ""gt"": 2, ""iou_sum"": 0.8051920969370185, ""matched"": 1, ""pred"": 1, ""tp"": 1}, ""2"": {""fn"": 0, ""fp"": 0, ""gt"": 0, ""iou_sum"": 0.0, ""matched"": 0, ""pred"": 0, ""tp"": 0}, ""3"": {""fn"": 0, ""fp"": 0, ""gt"": 0, ""iou_sum"": 0.0, ""matched"": 0, ""pred"": 0, ""tp"": 0}}","[[1.0, 0.03973766000000001, 0.23096708, 0.54976852, 0.28343622], [1.0, 0.39776234499999996, 0.0010288050000000007, 0.677083335, 0.052469135], [0.0, 0.11921296, 0.0005143999999999982, 0.15007716000000001, 0.13425926]]","[[1.0, 0.05746899122073327, 0.22850997359664352, 0.5074994122540509, 0.2866780159404739, 0.672922670841217], [0.0, 0.1193054222766264, 0.0027466458057670436, 0.14262261802767529, 0.11954244762781716, 0.5683336853981018]]"
m_uav1,M-UAV1,uav_pdd2023::phash6_81aee2533ba2::r180_00085_top_right,uav_pdd2023,UAV-PDD,source_photo_00085,r180_00085_top_right,data/external_uav/uav_pdd2023/extracted/JPEGImages/r180_00085_top_right.jpg,3,0,0,0,3,0.0,0.0,0.0,0.0,true,"{""0"": {""fn"": 3, ""fp"": 0, ""gt"": 3, ""iou_sum"": 0.0, ""matched"": 0, ""pred"": 0, ""tp"": 0}, ""1"": {""fn"": 0, ""fp"": 0, ""gt"": 0, ""iou_sum"": 0.0, ""matched"": 0, ""pred"": 0, ""tp"": 0}, ""2"": {""fn"": 0, ""fp"": 0, ""gt"": 0, ""iou_sum"": 0.0, ""matched"": 0, ""pred"": 0, ""tp"": 0}, ""3"": {""fn"": 0, ""fp"": 0, ""gt"": 0, ""iou_sum"": 0.0, ""matched"": 0, ""pred"": 0, ""tp"": 0}}","[[0.0, 0.701774695, 0.316358025, 0.7287808649999999, 0.48405349500000006], [0.0, 0.7075617249999999, 0.23765432, 0.733410495, 0.2973251], [0.0, 0.70910494, 0.0005144000000000121, 0.7310956799999999, 0.22788066]]",[]
m_uav1,M-UAV1,uav_pdd2023::phash6_84560450443f::tb_00494_bottom_left,uav_pdd2023,UAV-PDD,source_photo_00494,tb_00494_bottom_left,data/external_uav/uav_pdd2023/extracted/JPEGImages/tb_00494_bottom_left.jpg,2,0,0,0,2,0.0,0.0,0.0,0.0,true,"{""0"": {""fn"": 0, ""fp"": 0, ""gt"": 0, ""iou_sum"": 0.0, ""matched"": 0, ""pred"": 0, ""tp"": 0}, ""1"": {""fn"": 2, ""fp"": 0, ""gt"": 2, ""iou_sum"": 0.0, ""matched"": 0, ""pred"": 0, ""tp"": 0}, ""2"": {""fn"": 0, ""fp"": 0, ""gt"": 0, ""iou_sum"": 0.0, ""matched"": 0, ""pred"": 0, ""tp"": 0}, ""3"": {""fn"": 0, ""fp"": 0, ""gt"": 0, ""iou_sum"": 0.0, ""matched"": 0, ""pred"": 0, ""tp"": 0}}","[[1.0, 0.48533951, 0.8245884800000001, 0.66319445, 0.96502058], [1.0, 0.856095685, 0.25565844, 0.992669755, 0.31893003999999997]]",[]
m_uav1,M-UAV1,uav_pdd2023::phash6_84c3343b51e4::tb_00473_bottom_right,uav_pdd2023,UAV-PDD,source_photo_00473,tb_00473_bottom_right,data/external_uav/uav_pdd2023/extracted/JPEGImages/tb_00473_bottom_right.jpg,4,3,1,2,3,0.3333333333333333,0.25,0.28571428571428575,0.5440951998974715,false,"{""0"": {""fn"": 1, ""fp"": 0, ""gt"": 1, ""iou_sum"": 0.0, ""matched"": 0, ""pred"": 0, ""tp"": 0}, ""1"": {""fn"": 2, ""fp"": 2, ""gt"": 3, ""iou_sum"": 0.5440951998974715, ""matched"": 1, ""pred"": 3, ""tp"": 1}, ""2"": {""fn"": 0, ""fp"": 0, ""gt"": 0, ""iou_sum"": 0.0, ""matched"": 0, ""pred"": 0, ""tp"": 0}, ""3"": {""fn"": 0, ""fp"": 0, ""gt"": 0, ""iou_sum"": 0.0, ""matched"": 0, ""pred"": 0, ""tp"": 0}}","[[1.0, 0.021604934999999992, 0.60390946, 0.666280865, 0.7067901200000001], [1.0, 0.03549382500000001, 0.14197531, 0.296682095, 0.20833333], [0.0, 0.26929012500000005, 0.229938275, 0.304783955, 0.397119345], [1.0, 0.331018525, 0.11574074, 0.508101855, 0.18827159999999998]]","[[1.0, 0.05638715367258331, 0.14229943232281217, 0.434181637234158, 0.1992857976214876, 0.4154312014579773], [1.0, 0.2837559735333478, 0.6173725520632395, 0.558956664285542, 0.6702868300700875, 0.340859591960907], [1.0, 0.06294817983368296, 0.1533683808252154, 0.32907516573682244, 0.20444223223399724, 0.2929248511791229]]"
m_uav1,M-UAV1,uav_pdd2023::phash6_86bd2c6db751::r180_00005_top_left,uav_pdd2023,UAV-PDD,source_photo_00005,r180_00005_top_left,data/external_uav/uav_pdd2023/extracted/JPEGImages/r180_00005_top_left.jpg,5,0,0,0,5,0.0,0.0,0.0,0.0,true,"{""0"": {""fn"": 4, ""fp"": 0, ""gt"": 4, ""iou_sum"": 0.0, ""matched"": 0, ""pred"": 0, ""tp"": 0}, ""1"": {""fn"": 1, ""fp"": 0, ""gt"": 1, ""iou_sum"": 0.0, ""matched"": 0, ""pred"": 0, ""tp"": 0}, ""2"": {""fn"": 0, ""fp"": 0, ""gt"": 0, ""iou_sum"": 0.0, ""matched"": 0, ""pred"": 0, ""tp"": 0}, ""3"": {""fn"": 0, ""fp"": 0, ""gt"": 0, ""iou_sum"": 0.0, ""matched"": 0, ""pred"": 0, ""tp"": 0}}","[[0.0, 0.338734565, 0.005144030000000022, 0.39699073500000004, 0.99588477], [0.0, 0.010030865, 0.49176954500000003, 0.045524695, 0.8472222150000001], [0.0, 0.0030864199999999994, 0.20267489500000002, 0.05054012, 0.520061725], [0.0, 0.0015432100000000032, 0.024176955, 0.03665123, 0.179012345], [1.0, 0.0023148100000000005, 0.9639917650000001, 0.15547839, 0.996913575]]",[]
m_uav1,M-UAV1,uav_pdd2023::phash6_8c840a8dab3b::tb_00473_bottom_left,uav_pdd2023,UAV-PDD,source_photo_00473,tb_00473_bottom_left,data/external_uav/uav_pdd2023/extracted/JPEGImages/tb_00473_bottom_left.jpg,1,0,0,0,1,0.0,0.0,0.0,0.0,true,"{""0"": {""fn"": 0, ""fp"": 0, ""gt"": 0, ""iou_sum"": 0.0, ""matched"": 0, ""pred"": 0, ""tp"": 0}, ""1"": {""fn"": 1, ""fp"": 0, ""gt"": 1, ""iou_sum"": 0.0, ""matched"": 0, ""pred"": 0, ""tp"": 0}, ""2"": {""fn"": 0, ""fp"": 0, ""gt"": 0, ""iou_sum"": 0.0, ""matched"": 0, ""pred"": 0, ""tp"": 0}, ""3"": {""fn"": 0, ""fp"": 0, ""gt"": 0, ""iou_sum"": 0.0, ""matched"": 0, ""pred"": 0, ""tp"": 0}}","[[1.0, 0.6759259249999999, 0.6656378599999999, 0.917438275, 0.74022634]]",[]
m_uav1,M-UAV1,uav_pdd2023::phash6_92684e392a6d::tb_00003_bottom_right,uav_pdd2023,UAV-PDD,source_photo_00003,tb_00003_bottom_right,data/external_uav/uav_pdd2023/extracted/JPEGImages/tb_00003_bottom_right.jpg,10,4,2,2,8,0.5,0.2,0.28571428571428575,0.6416291979823388,false,"{""0"": {""fn"": 3, ""fp"": 0, ""gt"": 4, ""iou_sum"": 0.6946343395898801, ""matched"": 1, ""pred"": 1, ""tp"": 1}, ""1"": {""fn"": 4, ""fp"": 2, ""gt"": 5, ""iou_sum"": 0.5886240563747973, ""matched"": 1, ""pred"": 3, ""tp"": 1}, ""2"": {""fn"": 1, ""fp"": 0, ""gt"": 1, ""iou_sum"": 0.0, ""matched"": 0, ""pred"": 0, ""tp"": 0}, ""3"": {""fn"": 0, ""fp"": 0, ""gt"": 0, ""iou_sum"": 0.0, ""matched"": 0, ""pred"": 0, ""tp"": 0}}","[[2.0, 0.30979937999999996, 0.9356995850000001, 0.60300926, 0.993312755], [0.0, 0.40933642, 0.118827155, 0.4533179, 0.344650205], [1.0, 0.330632715, 0.067386835, 0.44405864500000003, 0.100823045], [1.0, 0.78858025, 0.212448565, 0.94174383, 0.252057615], [0.0, 0.50462963, 0.602366255, 0.55709877, 0.759773665], [1.0, 0.886574075, 0.896090535, 0.9969135849999999, 0.9315843650000001], [0.0, 0.512731485, 0.42746913999999997, 0.552469135, 0.59002058], [0.0, 0.54166667, 0.296810705, 0.57561729, 0.40483539500000004], [1.0, 0.300154325, 0.5344650150000001, 0.39891975500000004, 0.594650205], [1.0, 0.232638895, 0.9537036999999999, 0.30979938500000004, 0.99125514]]","[[0.0, 0.4130446822554977, 0.11851546205120322, 0.4454686200177228, 0.3318225876294046, 0.4904610216617584], [1.0, 0.3280966016981337, 0.2669069266613619, 0.4048768973644869, 0.31508658452289096, 0.38980215787887573], [1.0, 0.8588314291871624, 0.8946164606039416, 1.0, 0.9417475947627315, 0.2920076251029968], [1.0, 0.7644596335328655, 0.1937331682370033, 1.0, 0.2501050376107173, 0.2709355652332306]]"
m_uav1,M-UAV1,uav_pdd2023::phash6_929a51eef575::tb_00400_bottom_right,uav_pdd2023,UAV-PDD,source_photo_00400,tb_00400_bottom_right,data/external_uav/uav_pdd2023/extracted/JPEGImages/tb_00400_bottom_right.jpg,4,4,1,3,3,0.25,0.25,0.25,0.8323014992323753,false,"{""0"": {""fn"": 1, ""fp"": 0, ""gt"": 1, ""iou_sum"": 0.0, ""matched"": 0, ""pred"": 0, ""tp"": 0}, ""1"": {""fn"": 2, ""fp"": 3, ""gt"": 3, ""iou_sum"": 0.8323014992323753, ""matched"": 1, ""pred"": 4, ""tp"": 1}, ""2"": {""fn"": 0, ""fp"": 0, ""gt"": 0, ""iou_sum"": 0.0, ""matched"": 0, ""pred"": 0, ""tp"": 0}, ""3"": {""fn"": 0, ""fp"": 0, ""gt"": 0, ""iou_sum"": 0.0, ""matched"": 0, ""pred"": 0, ""tp"": 0}}","[[1.0, 0.443672845, 0.93467078, 0.6550925949999999, 0.97170782], [1.0, 0.4375, 0.622942385, 0.66898148, 0.665637855], [0.0, 0.79745371, 0.03858024999999998, 0.83564815, 0.99845679], [1.0, 0.43248456500000004, 0.10751028499999998, 0.6273148150000001, 0.165637855]]","[[1.0, 0.796790040569541, 0.06455892398033614, 0.828134607385706, 0.9237645781089249, 0.48115408420562744], [1.0, 0.440127714180652, 0.6189003147706083, 0.6575058831108941, 0.6674283502523791, 0.3599311113357544], [1.0, 0.4348839182912568, 0.3796690952630691, 0.6563468273775077, 0.42767754699958205, 0.30601197481155396], [1.0, 0.8049336186161747, 0.313365198457192, 0.826676262749566, 0.9063804846241641, 0.26836130023002625]]"
m_uav1,M-UAV1,uav_pdd2023::phash6_98d7c3c379a6::r180_00520_top_left,uav_pdd2023,UAV-PDD,source_photo_00520,r180_00520_top_left,data/external_uav/uav_pdd2023/extracted/JPEGImages/r180_00520_top_left.jpg,5,8,1,7,4,0.125,0.2,0.15384615384615385,0.6951742724768435,false,"{""0"": {""fn"": 1, ""fp"": 6, ""gt"": 2, ""iou_sum"": 0.6951742724768435, ""matched"": 1, ""pred"": 7, ""tp"": 1}, ""1"": {""fn"": 3, ""fp"": 1, ""gt"": 3, ""iou_sum"": 0.0, ""matched"": 0, ""pred"": 1, ""tp"": 0}, ""2"": {""fn"": 0, ""fp"": 0, ""gt"": 0, ""iou_sum"": 0.0, ""matched"": 0, ""pred"": 0, ""tp"": 0}, ""3"": {""fn"": 0, ""fp"": 0, ""gt"": 0, ""iou_sum"": 0.0, ""matched"": 0, ""pred"": 0, ""tp"": 0}}","[[0.0, 0.6415895, 0.605452675, 0.6724536999999999, 0.9855967050000001], [0.0, 0.64158951, 0.296296295, 0.67361111, 0.573559665], [1.0, 0.30169753499999996, 0.6779835399999999, 0.368827165, 0.71553498], [1.0, 0.19212963, 0.69187243, 0.28665123, 0.7175925900000001], [1.0, 0.025848764999999996, 0.66718107, 0.165123455, 0.71965021]]","[[0.0, 0.6399804574471933, 0.2815144856770833, 0.6797861640835986, 0.9665796099376286, 0.5205720067024231], [1.0, 0.06768407939392844, 0.6685289296593686, 0.3488605640552662, 0.7253170562869727, 0.502249002456665], [0.0, 0.7490633269886912, 0.7404008402255337, 0.7784284897792486, 0.9918342872902199, 0.49764034152030945], [0.0, 0.7452368559660735, 0.09409249859091676, 0.7702969209647473, 0.35432352450649435, 0.47870635986328125], [0.0, 0.7431269045229312, 0.2809499104817708, 0.7763550369827835, 0.9996904286828061, 0.35505303740501404], [0.0, 0.7431686307177131, 0.03750793237254453, 0.7707798804765866, 0.2799260017803176, 0.3274288475513458], [0.0, 0.6413741406099296, 0.3136591970184703, 0.6707998676064574, 0.6410619162728266, 0.30542364716529846], [0.0, 0.747226102852527, 0.5671090961974344, 0.7774297926161025, 0.9879711763358411, 0.2723001539707184]]"
m_uav1,M-UAV1,uav_pdd2023::phash6_9b28bbf233de::r180_00494_bottom_right,uav_pdd2023,UAV-PDD,source_photo_00494,r180_00494_bottom_right,data/external_uav/uav_pdd2023/extracted/JPEGImages/r180_00494_bottom_right.jpg,4,3,0,3,4,0.0,0.0,0.0,0.0,false,"{""0"": {""fn"": 1, ""fp"": 0, ""gt"": 1, ""iou_sum"": 0.0, ""matched"": 0, ""pred"": 0, ""tp"": 0}, ""1"": {""fn"": 2, ""fp"": 3, ""gt"": 2, ""iou_sum"": 0.0, ""matched"": 0, ""pred"": 3, ""tp"": 0}, ""2"": {""fn"": 1, ""fp"": 0, ""gt"": 1, ""iou_sum"": 0.0, ""matched"": 0, ""pred"": 0, ""tp"": 0}, ""3"": {""fn"": 0, ""fp"": 0, ""gt"": 0, ""iou_sum"": 0.0, ""matched"": 0, ""pred"": 0, ""tp"": 0}}","[[1.0, 0.629243825, 0.28034979, 0.9776234549999999, 0.33281893], [2.0, 0.599537035, 0.237654315, 0.6253858050000001, 0.363683125], [1.0, 0.31828703999999997, 0.11522634000000001, 0.57484568, 0.22479424], [0.0, 0.92361111, 0.33899176999999997, 0.95408951, 0.46450617]]","[[1.0, 0.5769077348120418, 0.2578859525452916, 1.0, 0.3239529456621335, 0.5326380729675293], [1.0, 0.32135471296899115, 0.15405427281258038, 0.5860641856252411, 0.20775929203739874, 0.45648595690727234], [1.0, 0.395043573261779, 0.14991474544069894, 0.5797376750427999, 0.2048805927543483, 0.2774943709373474]]"
m_uav1,M-UAV1,uav_pdd2023::phash6_9df95d96923a::lr_00473_bottom_left,uav_pdd2023,UAV-PDD,source_photo_00473,lr_00473_bottom_left,data/external_uav/uav_pdd2023/extracted/JPEGImages/lr_00473_bottom_left.jpg,1,0,0,0,1,0.0,0.0,0.0,0.0,true,"{""0"": {""fn"": 0, ""fp"": 0, ""gt"": 0, ""iou_sum"": 0.0, ""matched"": 0, ""pred"": 0, ""tp"": 0}, ""1"": {""fn"": 1, ""fp"": 0, ""gt"": 1, ""iou_sum"": 0.0, ""matched"": 0, ""pred"": 0, ""tp"": 0}, ""2"": {""fn"": 0, ""fp"": 0, ""gt"": 0, ""iou_sum"": 0.0, ""matched"": 0, ""pred"": 0, ""tp"": 0}, ""3"": {""fn"": 0, ""fp"": 0, ""gt"": 0, ""iou_sum"": 0.0, ""matched"": 0, ""pred"": 0, ""tp"": 0}}","[[1.0, 0.082561725, 0.25977366, 0.32407407499999996, 0.33436214]]",[]
m_uav1,M-UAV1,uav_pdd2023::phash6_9f97374546f8::tb_00005_top_left,uav_pdd2023,UAV-PDD,source_photo_00005,tb_00005_top_left,data/external_uav/uav_pdd2023/extracted/JPEGImages/tb_00005_top_left.jpg,5,1,0,1,5,0.0,0.0,0.0,0.0,false,"{""0"": {""fn"": 4, ""fp"": 1, ""gt"": 4, ""iou_sum"": 0.0, ""matched"": 0, ""pred"": 1, ""tp"": 0}, ""1"": {""fn"": 1, ""fp"": 0, ""gt"": 1, ""iou_sum"": 0.0, ""matched"": 0, ""pred"": 0, ""tp"": 0}, ""2"": {""fn"": 0, ""fp"": 0, ""gt"": 0, ""iou_sum"": 0.0, ""matched"": 0, ""pred"": 0, ""tp"": 0}, ""3"": {""fn"": 0, ""fp"": 0, ""gt"": 0, ""iou_sum"": 0.0, ""matched"": 0, ""pred"": 0, ""tp"": 0}}","[[0.0, 0.6030092650000001, 0.005144030000000022, 0.661265435, 0.99588477], [0.0, 0.954475305, 0.49176954500000003, 0.9899691350000001, 0.8472222150000001], [0.0, 0.94945988, 0.20267489500000002, 0.99691358, 0.520061725], [0.0, 0.96334877, 0.024176955, 0.99845679, 0.179012345], [1.0, 0.84452161, 0.9639917650000001, 0.99768519, 0.996913575]]","[[0.0, 0.806383674527392, 0.5007717305250129, 0.8360720975899402, 0.9425367190514082, 0.2843815088272095]]"
m_uav1,M-UAV1,uav_pdd2023::phash6_a1255f0e4f5a::lr_00013_top_right,uav_pdd2023,UAV-PDD,source_photo_00013,lr_00013_top_right,data/external_uav/uav_pdd2023/extracted/JPEGImages/lr_00013_top_right.jpg,2,4,0,4,2,0.0,0.0,0.0,0.0,false,"{""0"": {""fn"": 1, ""fp"": 0, ""gt"": 1, ""iou_sum"": 0.0, ""matched"": 0, ""pred"": 0, ""tp"": 0}, ""1"": {""fn"": 1, ""fp"": 3, ""gt"": 1, ""iou_sum"": 0.0, ""matched"": 0, ""pred"": 3, ""tp"": 0}, ""2"": {""fn"": 0, ""fp"": 1, ""gt"": 0, ""iou_sum"": 0.0, ""matched"": 0, ""pred"": 1, ""tp"": 0}, ""3"": {""fn"": 0, ""fp"": 0, ""gt"": 0, ""iou_sum"": 0.0, ""matched"": 0, ""pred"": 0, ""tp"": 0}}","[[0.0, 0.7824074099999999, 0.0, 0.81018519, 0.52829218], [1.0, 0.360725305, 0.8225308649999999, 0.893904315, 0.917695475]]","[[1.0, 0.6401380845058111, 0.8267461203743891, 0.8303056881751543, 0.8619778480058835, 0.6785980463027954], [2.0, 0.5619600555043162, 0.8511903236922904, 0.6397581218201437, 0.9098456739888761, 0.49484577775001526], [1.0, 0.6039101871443383, 0.8250429129894868, 0.8257042213722512, 0.8776805234053497, 0.351663202047348], [1.0, 0.8344165189766589, 0.827348748352302, 0.8821521335177951, 0.8565143852076903, 0.2748008072376251]]"
m_uav1,M-UAV1,uav_pdd2023::phash6_a2a145b3b5d3::tb_00403_top_right,uav_pdd2023,UAV-PDD,source_photo_00403,tb_00403_top_right,data/external_uav/uav_pdd2023/extracted/JPEGImages/tb_00403_top_right.jpg,4,3,1,2,3,0.3333333333333333,0.25,0.28571428571428575,0.6545974082860628,false,"{""0"": {""fn"": 0, ""fp"": 0, ""gt"": 0, ""iou_sum"": 0.0, ""matched"": 0, ""pred"": 0, ""tp"": 0}, ""1"": {""fn"": 3, ""fp"": 0, ""gt"": 4, ""iou_sum"": 0.6545974082860628, ""matched"": 1, ""pred"": 1, ""tp"": 1}, ""2"": {""fn"": 0, ""fp"": 2, ""gt"": 0, ""iou_sum"": 0.0, ""matched"": 0, ""pred"": 2, ""tp"": 0}, ""3"": {""fn"": 0, ""fp"": 0, ""gt"": 0, ""iou_sum"": 0.0, ""matched"": 0, ""pred"": 0, ""tp"": 0}}","[[1.0, 0.22029321000000002, 0.54886831, 0.44868827, 0.61111111], [1.0, 0.53125, 0.88477366, 0.7712191399999999, 0.9156378599999999], [1.0, 0.7797067849999999, 0.6872427999999999, 0.924768515, 0.72479424], [1.0, 0.79205247, 0.34619342, 0.89853395, 0.41820988000000003]]","[[1.0, 0.7894386479884018, 0.6788774655189043, 0.9137608092508198, 0.7214004453808192, 0.6783825159072876], [2.0, 0.7694277351285205, 0.3026847368405189, 0.8393999264564043, 0.4070297366797679, 0.34918156266212463], [2.0, 0.7642779409149547, 0.30360635514121975, 0.8649778954776717, 0.40618808573656123, 0.32323864102363586]]"
m_uav1,M-UAV1,uav_pdd2023::phash6_a39f287061e1::r180_00479_top_right,uav_pdd2023,UAV-PDD,source_photo_00479,r180_00479_top_right,data/external_uav/uav_pdd2023/extracted/JPEGImages/r180_00479_top_right.jpg,6,5,2,3,4,0.4,0.3333333333333333,0.3636363636363636,0.7486344784006785,false,"{""0"": {""fn"": 2, ""fp"": 0, ""gt"": 2, ""iou_sum"": 0.0, ""matched"": 0, ""pred"": 0, ""tp"": 0}, ""1"": {""fn"": 2, ""fp"": 3, ""gt"": 4, ""iou_sum"": 1.497268956801357, ""matched"": 2, ""pred"": 5, ""tp"": 2}, ""2"": {""fn"": 0, ""fp"": 0, ""gt"": 0, ""iou_sum"": 0.0, ""matched"": 0, ""pred"": 0, ""tp"": 0}, ""3"": {""fn"": 0, ""fp"": 0, ""gt"": 0, ""iou_sum"": 0.0, ""matched"": 0, ""pred"": 0, ""tp"": 0}}","[[1.0, 0.5173611100000001, 0.3914609, 0.60493827, 0.42849793999999997], [1.0, 0.852237655, 0.528806585, 0.9918981450000001, 0.5735596749999999], [1.0, 0.60841049, 0.694444445, 0.90509259, 0.7458847749999999], [0.0, 0.8665123450000001, 0.011316869999999979, 0.911265435, 0.44804527], [0.0, 0.864583335, 0.736625515, 0.900077165, 0.863683125], [1.0, 0.60763889, 0.533436215, 0.65123457, 0.557613165]]","[[1.0, 0.6046670984338831, 0.701664363405832, 0.8928968641493056, 0.7453502764917695, 0.560654878616333], [1.0, 0.5257732721022618, 0.39054745018727494, 0.5810020823537567, 0.42013169904795206, 0.5511427521705627], [1.0, 0.5259969263900945, 0.38974598700126994, 0.6009961822886526, 0.42255568013760286, 0.5145570635795593], [1.0, 0.7079641554090712, 0.7027768735532407, 0.880268332398968, 0.7427199249895512, 0.3064189851284027], [1.0, 0.6531674420392072, 0.6974748525109311, 0.9898762644073109, 0.7438967983418532, 0.25262266397476196]]"
m_uav1,M-UAV1,uav_pdd2023::phash6_a3f42048e339::tb_00520_top_left,uav_pdd2023,UAV-PDD,source_photo_00520,tb_00520_top_left,data/external_uav/uav_pdd2023/extracted/JPEGImages/tb_00520_top_left.jpg,5,8,1,7,4,0.125,0.2,0.15384615384615385,0.759693279456437,false,"{""0"": {""fn"": 1, ""fp"": 6, ""gt"": 2, ""iou_sum"": 0.759693279456437, ""matched"": 1, ""pred"": 7, ""tp"": 1}, ""1"": {""fn"": 3, ""fp"": 1, ""gt"": 3, ""iou_sum"": 0.0, ""matched"": 0, ""pred"": 1, ""tp"": 0}, ""2"": {""fn"": 0, ""fp"": 0, ""gt"": 0, ""iou_sum"": 0.0, ""matched"": 0, ""pred"": 0, ""tp"": 0}, ""3"": {""fn"": 0, ""fp"": 0, ""gt"": 0, ""iou_sum"": 0.0, ""matched"": 0, ""pred"": 0, ""tp"": 0}}","[[0.0, 0.3275463, 0.605452675, 0.3584105, 0.9855967050000001], [0.0, 0.32638889, 0.296296295, 0.35841048999999997, 0.573559665], [1.0, 0.631172835, 0.6779835399999999, 0.6983024649999999, 0.71553498], [1.0, 0.71334877, 0.69187243, 0.80787037, 0.7175925900000001], [1.0, 0.8348765450000001, 0.66718107, 0.974151235, 0.71965021]]","[[0.0, 0.23060264116452064, 0.010411930672916365, 0.25517586131154757, 0.18935690985785592, 0.5418232083320618], [0.0, 0.3280617278299214, 0.31444141403637793, 0.3584387508439429, 0.6218099083920074, 0.5137030482292175], [0.0, 0.2316835426989897, 0.14647230297449684, 0.256358911961685, 0.31866703111938977, 0.33872321248054504], [0.0, 0.223359731980312, 0.26069397788970067, 0.25413122294861595, 0.9889289008246528, 0.3356287181377411], [0.0, 0.3205789636682581, 0.2742108317559639, 0.36190188372576676, 0.9780204992726016, 0.32552370429039], [0.0, 0.22645203861189478, 0.31259550871672453, 0.2545029204568745, 0.6005087644474987, 0.31399959325790405], [1.0, 0.6342796043113426, 0.6714307996961806, 0.9995682327835648, 0.7224784819677533, 0.303427129983902], [0.0, 0.22869173685709634, 0.012968349849245676, 0.25671603355878664, 0.2501495738088349, 0.2917414903640747]]"
m_uav1,M-UAV1,uav_pdd2023::phash6_a63e7faab223::tb_00005_bottom_left,uav_pdd2023,UAV-PDD,source_photo_00005,tb_00005_bottom_left,data/external_uav/uav_pdd2023/extracted/JPEGImages/tb_00005_bottom_left.jpg,11,7,3,4,8,0.42857142857142855,0.2727272727272727,0.33333333333333326,0.6901154839659824,false,"{""0"": {""fn"": 6, ""fp"": 3, ""gt"": 7, ""iou_sum"": 0.6340228568728565, ""matched"": 1, ""pred"": 4, ""tp"": 1}, ""1"": {""fn"": 2, ""fp"": 1, ""gt"": 4, ""iou_sum"": 1.4363235950250908, ""matched"": 2, ""pred"": 3, ""tp"": 2}, ""2"": {""fn"": 0, ""fp"": 0, ""gt"": 0, ""iou_sum"": 0.0, ""matched"": 0, ""pred"": 0, ""tp"": 0}, ""3"": {""fn"": 0, ""fp"": 0, ""gt"": 0, ""iou_sum"": 0.0, ""matched"": 0, ""pred"": 0, ""tp"": 0}}","[[1.0, 0.47646605, 0.8467078250000001, 0.6257716099999999, 0.886316875], [1.0, 0.638888885, 0.7942386800000001, 0.824459875, 0.87294238], [1.0, 0.72916667, 0.631687245, 0.77970679, 0.6517489750000001], [0.0, 0.574074075, 0.30041152, 0.587962965, 0.41358024], [0.0, 0.59915123, 0.175411525, 0.63927469, 0.321502055], [0.0, 0.605324075, 0.11368313000000001, 0.625000005, 0.16718107000000001], [0.0, 0.74266975, 0.36728395, 0.76774691, 0.52417695], [0.0, 0.5964506150000001, 0.48302469500000006, 0.623456785, 0.6347736650000001], [1.0, 0.648919755, 0.46604937999999996, 0.7033179049999999, 0.48816872], [0.0, 0.641589505, 0.32921811, 0.6489197550000001, 0.45987654999999994], [0.0, 0.63425926, 0.006172844999999996, 0.6523919800000001, 0.155349795]]","[[0.0, 0.7368747098946277, 0.3572096020105935, 0.7729998930000964, 0.5289873664761767, 0.8022157549858093], [1.0, 0.6401241443775318, 0.7964277228210198, 0.832034358271846, 0.8501179385087128, 0.4751926362514496], [0.0, 0.7359608779718847, 0.3615687491962449, 0.7969855791256751, 0.5812576356738683, 0.4084274470806122], [1.0, 0.4697875034661941, 0.8474065835583847, 0.6328079317822869, 0.8926287992500964, 0.34877628087997437], [0.0, 0.40908549744405864, 0.8704381872106481, 0.43507785561644, 1.0, 0.3010149896144867], [1.0, 0.6587127873926987, 0.7922800951043274, 0.8296579431604456, 0.8370595547397441, 0.2879183292388916], [0.0, 0.5454559326171875, 0.011306445785020113, 0.5685298590012539, 0.14510723789042407, 0.25369158387184143]]"
m_uav1,M-UAV1,uav_pdd2023::phash6_a705ebbb9459::lr_00003_bottom_left,uav_pdd2023,UAV-PDD,source_photo_00003,lr_00003_bottom_left,data/external_uav/uav_pdd2023/extracted/JPEGImages/lr_00003_bottom_left.jpg,4,5,2,3,2,0.4,0.5,0.4444444444444445,0.7690377328047926,false,"{""0"": {""fn"": 2, ""fp"": 1, ""gt"": 3, ""iou_sum"": 0.7306278150348835, ""matched"": 1, ""pred"": 2, ""tp"": 1}, ""1"": {""fn"": 0, ""fp"": 2, ""gt"": 1, ""iou_sum"": 0.8074476505747016, ""matched"": 1, ""pred"": 3, ""tp"": 1}, ""2"": {""fn"": 0, ""fp"": 0, ""gt"": 0, ""iou_sum"": 0.0, ""matched"": 0, ""pred"": 0, ""tp"": 0}, ""3"": {""fn"": 0, ""fp"": 0, ""gt"": 0, ""iou_sum"": 0.0, ""matched"": 0, ""pred"": 0, ""tp"": 0}}","[[1.0, 0.005401235000000004, 0.69135803, 0.721836425, 0.75771605], [0.0, 0.099537035, 0.193415635, 0.159722225, 0.686213985], [0.0, 0.37384259, 0.77829218, 0.39583333, 0.9974279800000001], [0.0, 0.376157405, 0.005658435000000017, 0.39891975500000004, 0.6003086449999999]]","[[1.0, 0.003952694159966928, 0.6811622023091886, 0.7192868362238378, 0.7629417136863426, 0.6752499938011169], [0.0, 0.10583095786012249, 0.1675577516908999, 0.1529835006337107, 0.6718763186607832, 0.493371844291687], [0.0, 0.10156066329390914, 0.5411766272022891, 0.13458674631001036, 0.698279110001929, 0.4384026825428009], [1.0, 0.31273952531225885, 0.6846992272898984, 0.7349296381444107, 0.7535944181214634, 0.4030338525772095], [1.0, 0.06779744890001085, 0.29095581431447726, 0.36030616289303624, 0.387833991659031, 0.32138657569885254]]"
m_uav1,M-UAV1,uav_pdd2023::phash6_aa92520c662c::tb_00085_top_right,uav_pdd2023,UAV-PDD,source_photo_00085,tb_00085_top_right,data/external_uav/uav_pdd2023/extracted/JPEGImages/tb_00085_top_right.jpg,3,0,0,0,3,0.0,0.0,0.0,0.0,true,"{""0"": {""fn"": 3, ""fp"": 0, ""gt"": 3, ""iou_sum"": 0.0, ""matched"": 0, ""pred"": 0, ""tp"": 0}, ""1"": {""fn"": 0, ""fp"": 0, ""gt"": 0, ""iou_sum"": 0.0, ""matched"": 0, ""pred"": 0, ""tp"": 0}, ""2"": {""fn"": 0, ""fp"": 0, ""gt"": 0, ""iou_sum"": 0.0, ""matched"": 0, ""pred"": 0, ""tp"": 0}, ""3"": {""fn"": 0, ""fp"": 0, ""gt"": 0, ""iou_sum"": 0.0, ""matched"": 0, ""pred"": 0, ""tp"": 0}}","[[0.0, 0.271219135, 0.316358025, 0.29822530500000005, 0.48405349500000006], [0.0, 0.266589505, 0.23765432, 0.29243827499999997, 0.2973251], [0.0, 0.26890432, 0.0005144000000000121, 0.29089506, 0.22788066]]",[]
m_uav1,M-UAV1,uav_pdd2023::phash6_ab0e117dac37::lr_00494_top_left,uav_pdd2023,UAV-PDD,source_photo_00494,lr_00494_top_left,data/external_uav/uav_pdd2023/extracted/JPEGImages/lr_00494_top_left.jpg,1,0,0,0,1,0.0,0.0,0.0,0.0,true,"{""0"": {""fn"": 0, ""fp"": 0, ""gt"": 0, ""iou_sum"": 0.0, ""matched"": 0, ""pred"": 0, ""tp"": 0}, ""1"": {""fn"": 1, ""fp"": 0, ""gt"": 1, ""iou_sum"": 0.0, ""matched"": 0, ""pred"": 0, ""tp"": 0}, ""2"": {""fn"": 0, ""fp"": 0, ""gt"": 0, ""iou_sum"": 0.0, ""matched"": 0, ""pred"": 0, ""tp"": 0}, ""3"": {""fn"": 0, ""fp"": 0, ""gt"": 0, ""iou_sum"": 0.0, ""matched"": 0, ""pred"": 0, ""tp"": 0}}","[[1.0, 0.006172844999999996, 0.86574074, 0.14236111499999998, 0.9377572]]",[]
m_uav1,M-UAV1,uav_pdd2023::phash6_af9a069d0769::tb_00403_bottom_right,uav_pdd2023,UAV-PDD,source_photo_00403,tb_00403_bottom_right,data/external_uav/uav_pdd2023/extracted/JPEGImages/tb_00403_bottom_right.jpg,2,2,0,2,2,0.0,0.0,0.0,0.0,false,"{""0"": {""fn"": 2, ""fp"": 0, ""gt"": 2, ""iou_sum"": 0.0, ""matched"": 0, ""pred"": 0, ""tp"": 0}, ""1"": {""fn"": 0, ""fp"": 2, ""gt"": 0, ""iou_sum"": 0.0, ""matched"": 0, ""pred"": 2, ""tp"": 0}, ""2"": {""fn"": 0, ""fp"": 0, ""gt"": 0, ""iou_sum"": 0.0, ""matched"": 0, ""pred"": 0, ""tp"": 0}, ""3"": {""fn"": 0, ""fp"": 0, ""gt"": 0, ""iou_sum"": 0.0, ""matched"": 0, ""pred"": 0, ""tp"": 0}}","[[0.0, 0.47762345500000003, 0.16255144, 0.748070985, 0.2026749], [0.0, 0.7662037049999999, 0.13117283999999999, 0.920910495, 0.1867284]]","[[1.0, 0.7341267621075666, 0.1449092974878633, 0.915622004756221, 0.19460665541911812, 0.6676866412162781], [1.0, 0.7386444468557098, 0.14832178751627603, 0.9087711852273823, 0.18533389558517394, 0.39021506905555725]]"
m_uav1,M-UAV1,uav_pdd2023::phash6_b03f19bea158::lr_00400_bottom_left,uav_pdd2023,UAV-PDD,source_photo_00400,lr_00400_bottom_left,data/external_uav/uav_pdd2023/extracted/JPEGImages/lr_00400_bottom_left.jpg,4,4,1,3,3,0.25,0.25,0.25,0.6412431327064486,false,"{""0"": {""fn"": 0, ""fp"": 0, ""gt"": 0, ""iou_sum"": 0.0, ""matched"": 0, ""pred"": 0, ""tp"": 0}, ""1"": {""fn"": 3, ""fp"": 3, ""gt"": 4, ""iou_sum"": 0.6412431327064486, ""matched"": 1, ""pred"": 4, ""tp"": 1}, ""2"": {""fn"": 0, ""fp"": 0, ""gt"": 0, ""iou_sum"": 0.0, ""matched"": 0, ""pred"": 0, ""tp"": 0}, ""3"": {""fn"": 0, ""fp"": 0, ""gt"": 0, ""iou_sum"": 0.0, ""matched"": 0, ""pred"": 0, ""tp"": 0}}","[[1.0, 0.6655092650000001, 0.18827161, 0.755015435, 0.21090535000000002], [1.0, 0.663194445, 0.5257201650000001, 0.705246915, 0.542181075], [1.0, 0.69598765, 0.547839505, 0.7453703700000001, 0.561728395], [1.0, 0.57175926, 0.8523662550000001, 0.66550926, 0.882201645]]","[[1.0, 0.6730021723994503, 0.18138243435832208, 0.8113898760006751, 0.2189797138480983, 0.517396092414856], [1.0, 0.671616495391469, 0.18179258495691872, 0.7477885587715808, 0.2131271519288114, 0.3039760887622833], [1.0, 0.7437408824025848, 0.22593626171473122, 0.7806473249270592, 0.5871976373617541, 0.3026016652584076], [1.0, 0.6752377733772184, 0.18443756731449332, 0.8005784588095582, 0.22816583452891911, 0.2800528109073639]]"
m_uav1,M-UAV1,uav_pdd2023::phash6_b1089d583c06::r180_00013_bottom_left,uav_pdd2023,UAV-PDD,source_photo_00013,r180_00013_bottom_left,data/external_uav/uav_pdd2023/extracted/JPEGImages/r180_00013_bottom_left.jpg,6,4,2,2,4,0.5,0.3333333333333333,0.4,0.5649082830604206,false,"{""0"": {""fn"": 1, ""fp"": 1, ""gt"": 2, ""iou_sum"": 0.545658409002127, ""matched"": 1, ""pred"": 2, ""tp"": 1}, ""1"": {""fn"": 2, ""fp"": 1, ""gt"": 3, ""iou_sum"": 0.5841581571187143, ""matched"": 1, ""pred"": 2, ""tp"": 1}, ""2"": {""fn"": 1, ""fp"": 0, ""gt"": 1, ""iou_sum"": 0.0, ""matched"": 0, ""pred"": 0, ""tp"": 0}, ""3"": {""fn"": 0, ""fp"": 0, ""gt"": 0, ""iou_sum"": 0.0, ""matched"": 0, ""pred"": 0, ""tp"": 0}}","[[1.0, 0.47106482, 0.48251029, 0.8777006199999999, 0.59259259], [2.0, 0.23070986999999998, 0.499999995, 0.46759259, 0.557098765], [1.0, 0.123842595, 0.434156385, 0.190972225, 0.461419755], [1.0, 0.0015432049999999989, 0.42798354, 0.121527775, 0.46296296], [0.0, 0.550154315, 0.62088477, 0.5887345650000001, 0.99588477], [0.0, 0.40933642, 0.687242795, 0.42554012, 0.8040123450000001]]","[[1.0, 0.00011316538546924237, 0.4241301297160333, 0.16858256304705585, 0.46677693810482573, 0.6559372544288635], [0.0, 0.5495512220594618, 0.7393260061005016, 0.5826466878255209, 0.9847724192427019, 0.5164897441864014], [0.0, 0.5509182023413387, 0.5989925557203254, 0.5853635999891493, 0.9935965832368827, 0.28669223189353943], [1.0, 0.12565170099705825, 0.4784865202727141, 0.1752788166940948, 0.5098952305169753, 0.27842918038368225]]"
m_uav1,M-UAV1,uav_pdd2023::phash6_b9045e268b71::r180_00013_bottom_right,uav_pdd2023,UAV-PDD,source_photo_00013,r180_00013_bottom_right,data/external_uav/uav_pdd2023/extracted/JPEGImages/r180_00013_bottom_right.jpg,3,4,0,4,3,0.0,0.0,0.0,0.0,false,"{""0"": {""fn"": 1, ""fp"": 1, ""gt"": 1, ""iou_sum"": 0.0, ""matched"": 0, ""pred"": 1, ""tp"": 0}, ""1"": {""fn"": 2, ""fp"": 1, ""gt"": 2, ""iou_sum"": 0.0, ""matched"": 0, ""pred"": 1, ""tp"": 0}, ""2"": {""fn"": 0, ""fp"": 2, ""gt"": 0, ""iou_sum"": 0.0, ""matched"": 0, ""pred"": 2, ""tp"": 0}, ""3"": {""fn"": 0, ""fp"": 0, ""gt"": 0, ""iou_sum"": 0.0, ""matched"": 0, ""pred"": 0, ""tp"": 0}}","[[1.0, 0.5941358, 0.31121399, 0.9996142, 0.45473251], [1.0, 0.42322531, 0.260802465, 0.65200617, 0.320987655], [0.0, 0.8348765450000001, 0.006687239999999983, 0.890046295, 0.75411522]]","[[2.0, 0.5942879194094811, 0.2896580009303466, 0.6597991284028983, 0.35149518550668724, 0.7088978886604309], [1.0, 0.8582390679253472, 0.3899702849211516, 0.9999675986207561, 0.4443187949098187, 0.6206842660903931], [2.0, 0.5690932568208671, 0.2882978023324974, 0.658880916642554, 0.3472007782861529, 0.4945426285266876], [0.0, 0.7864638905466339, 0.2490540963632089, 0.8130923612618152, 0.3908690464349441, 0.4832266569137573]]"
m_uav1,M-UAV1,uav_pdd2023::phash6_bb2871db1061::r180_00005_top_right,uav_pdd2023,UAV-PDD,source_photo_00005,r180_00005_top_right,data/external_uav/uav_pdd2023/extracted/JPEGImages/r180_00005_top_right.jpg,11,3,0,3,11,0.0,0.0,0.0,0.0,false,"{""0"": {""fn"": 5, ""fp"": 3, ""gt"": 5, ""iou_sum"": 0.0, ""matched"": 0, ""pred"": 3, ""tp"": 0}, ""1"": {""fn"": 2, ""fp"": 0, ""gt"": 2, ""iou_sum"": 0.0, ""matched"": 0, ""pred"": 0, ""tp"": 0}, ""2"": {""fn"": 2, ""fp"": 0, ""gt"": 2, ""iou_sum"": 0.0, ""matched"": 0, ""pred"": 0, ""tp"": 0}, ""3"": {""fn"": 2, ""fp"": 0, ""gt"": 2, ""iou_sum"": 0.0, ""matched"": 0, ""pred"": 0, ""tp"": 0}}","[[0.0, 0.52006173, 0.840534985, 0.54436729, 0.995884775], [0.0, 0.616126545, 0.781893, 0.635802475, 0.90020576], [0.0, 0.5061728400000001, 0.262860085, 0.57137346, 0.830246915], [2.0, 0.175540125, 0.608024685, 0.242283955, 0.771604935], [2.0, 0.19290122999999998, 0.16666667, 0.24575617, 0.59207819], [0.0, 0.446373455, 0.008230455000000001, 0.466435185, 0.065843625], [1.0, 0.000385804999999996, 0.657407405, 0.09297839499999999, 0.687757195], [3.0, 0.11998456999999998, 0.65792181, 0.15740741, 0.68312757], [3.0, 0.091820985, 0.659465015, 0.109567895, 0.679012345], [1.0, 0.06867283999999999, 0.429012345, 0.18055556, 0.479938275], [0.0, 0.37615740999999997, 0.5756172900000001, 0.38811729, 0.98559671]]","[[0.0, 0.5253789925280913, 0.15251630618248457, 0.550453609890408, 0.28072084026572147, 0.40204381942749023], [0.0, 0.8110306351273148, 0.027186680232546456, 0.9979286664797936, 0.7158779568142362, 0.35115307569503784], [0.0, 0.5324751300576293, 0.27857713738586676, 0.5773590464650848, 0.653288790227945, 0.26753222942352295]]"
m_uav1,M-UAV1,uav_pdd2023::phash6_bce308fb20a0::lr_00024_top_left,uav_pdd2023,UAV-PDD,source_photo_00024,lr_00024_top_left,data/external_uav/uav_pdd2023/extracted/JPEGImages/lr_00024_top_left.jpg,4,2,1,1,3,0.5,0.25,0.3333333333333333,0.6340431932068957,false,"{""0"": {""fn"": 1, ""fp"": 1, ""gt"": 1, ""iou_sum"": 0.0, ""matched"": 0, ""pred"": 1, ""tp"": 0}, ""1"": {""fn"": 0, ""fp"": 0, ""gt"": 1, ""iou_sum"": 0.6340431932068957, ""matched"": 1, ""pred"": 1, ""tp"": 1}, ""2"": {""fn"": 2, ""fp"": 0, ""gt"": 2, ""iou_sum"": 0.0, ""matched"": 0, ""pred"": 0, ""tp"": 0}, ""3"": {""fn"": 0, ""fp"": 0, ""gt"": 0, ""iou_sum"": 0.0, ""matched"": 0, ""pred"": 0, ""tp"": 0}}","[[0.0, 0.099922835, 0.0, 0.129629625, 0.24382716], [2.0, 0.099151235, 0.259259255, 0.16319444500000002, 0.382716045], [2.0, 0.10146605, 0.5632716, 0.14891975, 0.7505143999999999], [1.0, 0.09143519, 0.736625515, 0.60455247, 0.850308645]]","[[1.0, 0.10849391089545356, 0.7591837188343943, 0.5247853597005209, 0.8480289286546746, 0.6663350462913513], [0.0, 0.10723222332236207, 0.002009678034134853, 0.13074009506790726, 0.08574088610739375, 0.32706519961357117]]"
m_uav1,M-UAV1,uav_pdd2023::phash6_c0ea883089db::lr_00520_top_left,uav_pdd2023,UAV-PDD,source_photo_00520,lr_00520_top_left,data/external_uav/uav_pdd2023/extracted/JPEGImages/lr_00520_top_left.jpg,5,4,1,3,4,0.25,0.2,0.22222222222222224,0.7309180185131339,false,"{""0"": {""fn"": 1, ""fp"": 3, ""gt"": 2, ""iou_sum"": 0.7309180185131339, ""matched"": 1, ""pred"": 4, ""tp"": 1}, ""1"": {""fn"": 3, ""fp"": 0, ""gt"": 3, ""iou_sum"": 0.0, ""matched"": 0, ""pred"": 0, ""tp"": 0}, ""2"": {""fn"": 0, ""fp"": 0, ""gt"": 0, ""iou_sum"": 0.0, ""matched"": 0, ""pred"": 0, ""tp"": 0}, ""3"": {""fn"": 0, ""fp"": 0, ""gt"": 0, ""iou_sum"": 0.0, ""matched"": 0, ""pred"": 0, ""tp"": 0}}","[[0.0, 0.6415895, 0.014403294999999983, 0.6724536999999999, 0.394547325], [0.0, 0.64158951, 0.426440335, 0.67361111, 0.703703705], [1.0, 0.30169753499999996, 0.28446502, 0.368827165, 0.32201646], [1.0, 0.19212963, 0.28240741, 0.28665123, 0.30812757], [1.0, 0.025848764999999996, 0.28034979, 0.165123455, 0.33281893]]","[[0.0, 0.7432141716097608, 0.7421680968484761, 0.7708318262924383, 0.990695341133777, 0.637464165687561], [0.0, 0.6404825375403886, 0.35426242655687373, 0.674041700951847, 0.6937685993963799, 0.4871499538421631], [0.0, 0.7505038697042583, 0.005843846395673084, 0.7785878593539014, 0.22443491931805395, 0.45310351252555847], [0.0, 0.744089150134428, 0.36555201526531955, 0.7713589138454862, 0.7201806841563786, 0.30810463428497314]]"
m_uav1,M-UAV1,uav_pdd2023::phash6_c11f971c01ec::lr_00473_bottom_right,uav_pdd2023,UAV-PDD,source_photo_00473,lr_00473_bottom_right,data/external_uav/uav_pdd2023/extracted/JPEGImages/lr_00473_bottom_right.jpg,4,2,0,2,4,0.0,0.0,0.0,0.0,false,"{""0"": {""fn"": 1, ""fp"": 0, ""gt"": 1, ""iou_sum"": 0.0, ""matched"": 0, ""pred"": 0, ""tp"": 0}, ""1"": {""fn"": 3, ""fp"": 2, ""gt"": 3, ""iou_sum"": 0.0, ""matched"": 0, ""pred"": 2, ""tp"": 0}, ""2"": {""fn"": 0, ""fp"": 0, ""gt"": 0, ""iou_sum"": 0.0, ""matched"": 0, ""pred"": 0, ""tp"": 0}, ""3"": {""fn"": 0, ""fp"": 0, ""gt"": 0, ""iou_sum"": 0.0, ""matched"": 0, ""pred"": 0, ""tp"": 0}}","[[1.0, 0.33371913499999994, 0.29320988000000003, 0.978395065, 0.39609054], [1.0, 0.703317905, 0.79166667, 0.9645061749999999, 0.85802469], [0.0, 0.695216045, 0.602880655, 0.7307098750000001, 0.770061725], [1.0, 0.491898145, 0.8117283999999999, 0.668981475, 0.88425926]]","[[1.0, 0.45226622216495466, 0.32980450288749036, 0.7097318201889227, 0.3770086971330054, 0.39638805389404297], [1.0, 0.33419053348494165, 0.7953039098668981, 0.37784421002423324, 0.8266716474368249, 0.30067119002342224]]"
m_uav1,M-UAV1,uav_pdd2023::phash6_c1436411b851::r180_00520_bottom_left,uav_pdd2023,UAV-PDD,source_photo_00520,r180_00520_bottom_left,data/external_uav/uav_pdd2023/extracted/JPEGImages/r180_00520_bottom_left.jpg,7,8,0,8,7,0.0,0.0,0.0,0.0,false,"{""0"": {""fn"": 0, ""fp"": 7, ""gt"": 0, ""iou_sum"": 0.0, ""matched"": 0, ""pred"": 7, ""tp"": 0}, ""1"": {""fn"": 5, ""fp"": 1, ""gt"": 5, ""iou_sum"": 0.0, ""matched"": 0, ""pred"": 1, ""tp"": 0}, ""2"": {""fn"": 0, ""fp"": 0, ""gt"": 0, ""iou_sum"": 0.0, ""matched"": 0, ""pred"": 0, ""tp"": 0}, ""3"": {""fn"": 2, ""fp"": 0, ""gt"": 2, ""iou_sum"": 0.0, ""matched"": 0, ""pred"": 0, ""tp"": 0}}","[[1.0, 0.739197525, 0.82613169, 0.9934413550000001, 0.94753087], [1.0, 0.75501543, 0.89711934, 0.87615741, 0.93209876], [1.0, 0.29398148, 0.65997942, 0.77469136, 0.78806584], [1.0, 0.06635801999999999, 0.75411523, 0.30941357999999997, 0.8137860100000001], [3.0, 0.615740735, 0.16975309, 0.663580245, 0.24485596999999998], [3.0, 0.616512345, 0.17078189000000002, 0.6643518549999999, 0.24588477], [1.0, 0.253472225, 0.11111111, 0.385802475, 0.14814815]]","[[1.0, 0.5473383208851755, 0.6583614898807227, 0.7002228159963348, 0.7053941640343686, 0.557319700717926], [0.0, 0.7444481084376205, 0.7156871905542695, 0.7711176460171923, 0.9865281846788194, 0.5526238679885864], [0.0, 0.7476786860713253, 0.7075518698358731, 0.7721637207784771, 0.8537202685948753, 0.505516529083252], [0.0, 0.7589743814350646, 0.003836759078649827, 0.7836606531967352, 0.26477860815731097, 0.4940520226955414], [0.0, 0.75982341059932, 0.005671660595960578, 0.7834514570824894, 0.15775010222760738, 0.38341403007507324], [0.0, 0.7471338436927324, 0.7648525787479102, 0.7693261511531877, 0.9859586488072274, 0.30083364248275757], [0.0, 0.7503804336359472, 0.0, 0.7797147020881559, 0.6459208044986176, 0.29127657413482666], [0.0, 0.7560605178644628, 0.07644541077162503, 0.7834008770224489, 0.3239595075693641, 0.28590747714042664]]"
m_uav1,M-UAV1,uav_pdd2023::phash6_c16d95ef9dd9::r180_00504_top_left,uav_pdd2023,UAV-PDD,source_photo_00504,r180_00504_top_left,data/external_uav/uav_pdd2023/extracted/JPEGImages/r180_00504_top_left.jpg,1,0,0,0,1,0.0,0.0,0.0,0.0,true,"{""0"": {""fn"": 0, ""fp"": 0, ""gt"": 0, ""iou_sum"": 0.0, ""matched"": 0, ""pred"": 0, ""tp"": 0}, ""1"": {""fn"": 1, ""fp"": 0, ""gt"": 1, ""iou_sum"": 0.0, ""matched"": 0, ""pred"": 0, ""tp"": 0}, ""2"": {""fn"": 0, ""fp"": 0, ""gt"": 0, ""iou_sum"": 0.0, ""matched"": 0, ""pred"": 0, ""tp"": 0}, ""3"": {""fn"": 0, ""fp"": 0, ""gt"": 0, ""iou_sum"": 0.0, ""matched"": 0, ""pred"": 0, ""tp"": 0}}","[[1.0, 0.0019290149999999992, 0.37808642000000003, 0.076003085, 0.43158436]]",[]
m_uav1,M-UAV1,uav_pdd2023::phash6_c509c45a75e6::r180_00003_bottom_left,uav_pdd2023,UAV-PDD,source_photo_00003,r180_00003_bottom_left,data/external_uav/uav_pdd2023/extracted/JPEGImages/r180_00003_bottom_left.jpg,4,7,2,5,2,0.2857142857142857,0.5,0.36363636363636365,0.7061500925331766,false,"{""0"": {""fn"": 2, ""fp"": 3, ""gt"": 3, ""iou_sum"": 0.6606394222409161, ""matched"": 1, ""pred"": 4, ""tp"": 1}, ""1"": {""fn"": 0, ""fp"": 2, ""gt"": 1, ""iou_sum"": 0.7516607628254371, ""matched"": 1, ""pred"": 3, ""tp"": 1}, ""2"": {""fn"": 0, ""fp"": 0, ""gt"": 0, ""iou_sum"": 0.0, ""matched"": 0, ""pred"": 0, ""tp"": 0}, ""3"": {""fn"": 0, ""fp"": 0, ""gt"": 0, ""iou_sum"": 0.0, ""matched"": 0, ""pred"": 0, ""tp"": 0}}","[[1.0, 0.005401235000000004, 0.24228394999999997, 0.721836425, 0.30864197], [0.0, 0.099537035, 0.31378601500000003, 0.159722225, 0.806584365], [0.0, 0.37384259, 0.002572020000000008, 0.39583333, 0.22170782], [0.0, 0.376157405, 0.39969135499999997, 0.39891975500000004, 0.9943415649999999]]","[[1.0, 0.002047729528980491, 0.23723495546191808, 0.6920794734248409, 0.32222615936656057, 0.7662932872772217], [0.0, 0.10216200793230976, 0.3110412786036362, 0.13791306813557944, 0.4750220216350791, 0.5890780091285706], [1.0, 0.13454536155418115, 0.6129696065015754, 0.36862721855257763, 0.6991652500482253, 0.5737257599830627], [1.0, 0.0, 0.23761115054534787, 0.4939444742085021, 0.3203134105038741, 0.3937433063983917], [0.0, 0.10310056474473742, 0.313941829979665, 0.15514582174795646, 0.6904220895021541, 0.3754832446575165], [0.0, 0.1019449234008789, 0.3135235005445441, 0.15016101319112896, 0.48822608602390366, 0.32768887281417847], [0.0, 0.10329339533676336, 0.3148701985677083, 0.12998779909110364, 0.45803110884050285, 0.27002036571502686]]"
m_uav1,M-UAV1,uav_pdd2023::phash6_c5d50d64ba12::r180_00485_top_right,uav_pdd2023,UAV-PDD,source_photo_00485,r180_00485_top_right,data/external_uav/uav_pdd2023/extracted/JPEGImages/r180_00485_top_right.jpg,2,3,1,2,1,0.3333333333333333,0.5,0.4,0.5767514973822169,false,"{""0"": {""fn"": 0, ""fp"": 0, ""gt"": 0, ""iou_sum"": 0.0, ""matched"": 0, ""pred"": 0, ""tp"": 0}, ""1"": {""fn"": 1, ""fp"": 2, ""gt"": 2, ""iou_sum"": 0.5767514973822169, ""matched"": 1, ""pred"": 3, ""tp"": 1}, ""2"": {""fn"": 0, ""fp"": 0, ""gt"": 0, ""iou_sum"": 0.0, ""matched"": 0, ""pred"": 0, ""tp"": 0}, ""3"": {""fn"": 0, ""fp"": 0, ""gt"": 0, ""iou_sum"": 0.0, ""matched"": 0, ""pred"": 0, ""tp"": 0}}","[[1.0, 0.200231475, 0.693930035, 0.5513117249999999, 0.773148145], [1.0, 0.50655864, 0.20833333, 0.6091821, 0.25154321]]","[[1.0, 0.20225659123173467, 0.7066125438046553, 0.5239349647804543, 0.7564777641139403, 0.6301676630973816], [1.0, 0.5471026573652102, 0.21983430022565426, 0.5886304407943914, 0.24578695728945635, 0.34782543778419495], [1.0, 0.5463819621521749, 0.2088816450456533, 0.665069438793041, 0.24392370530116705, 0.2731146514415741]]"
m_uav1,M-UAV1,uav_pdd2023::phash6_c6201d9c9c60::lr_00085_top_left,uav_pdd2023,UAV-PDD,source_photo_00085,lr_00085_top_left,data/external_uav/uav_pdd2023/extracted/JPEGImages/lr_00085_top_left.jpg,3,3,0,3,3,0.0,0.0,0.0,0.0,false,"{""0"": {""fn"": 3, ""fp"": 1, ""gt"": 3, ""iou_sum"": 0.0, ""matched"": 0, ""pred"": 1, ""tp"": 0}, ""1"": {""fn"": 0, ""fp"": 2, ""gt"": 0, ""iou_sum"": 0.0, ""matched"": 0, ""pred"": 2, ""tp"": 0}, ""2"": {""fn"": 0, ""fp"": 0, ""gt"": 0, ""iou_sum"": 0.0, ""matched"": 0, ""pred"": 0, ""tp"": 0}, ""3"": {""fn"": 0, ""fp"": 0, ""gt"": 0, ""iou_sum"": 0.0, ""matched"": 0, ""pred"": 0, ""tp"": 0}}","[[0.0, 0.200231485, 0.048353905, 0.239969135, 0.162037035], [0.0, 0.27430555, 0.877057615, 0.30516975, 0.994341565], [0.0, 0.284336425, 0.351337455, 0.314429015, 0.503600825]]","[[1.0, 0.0, 0.14958785885155446, 0.7396118729202835, 0.25652947445465213, 0.7103549838066101], [0.0, 0.21661789034619744, 0.03112761375835403, 0.2377327106617115, 0.14352627349979102, 0.5304645299911499], [1.0, 0.10787749584810233, 0.16325315624598122, 0.7291685033727575, 0.24981855855557164, 0.25191107392311096]]"
m_uav1,M-UAV1,uav_pdd2023::phash6_c6c4af8a125f::tb_00494_top_left,uav_pdd2023,UAV-PDD,source_photo_00494,tb_00494_top_left,data/external_uav/uav_pdd2023/extracted/JPEGImages/tb_00494_top_left.jpg,1,0,0,0,1,0.0,0.0,0.0,0.0,true,"{""0"": {""fn"": 0, ""fp"": 0, ""gt"": 0, ""iou_sum"": 0.0, ""matched"": 0, ""pred"": 0, ""tp"": 0}, ""1"": {""fn"": 1, ""fp"": 0, ""gt"": 1, ""iou_sum"": 0.0, ""matched"": 0, ""pred"": 0, ""tp"": 0}, ""2"": {""fn"": 0, ""fp"": 0, ""gt"": 0, ""iou_sum"": 0.0, ""matched"": 0, ""pred"": 0, ""tp"": 0}, ""3"": {""fn"": 0, ""fp"": 0, ""gt"": 0, ""iou_sum"": 0.0, ""matched"": 0, ""pred"": 0, ""tp"": 0}}","[[1.0, 0.8576388850000001, 0.0622428, 0.993827155, 0.13425926]]",[]
m_uav1,M-UAV1,uav_pdd2023::phash6_c99c888d5636::tb_00085_bottom_right,uav_pdd2023,UAV-PDD,source_photo_00085,tb_00085_bottom_right,data/external_uav/uav_pdd2023/extracted/JPEGImages/tb_00085_bottom_right.jpg,5,6,3,3,2,0.5,0.6,0.5454545454545454,0.6188236099057849,false,"{""0"": {""fn"": 2, ""fp"": 0, ""gt"": 5, ""iou_sum"": 1.8564708297173547, ""matched"": 3, ""pred"": 3, ""tp"": 3}, ""1"": {""fn"": 0, ""fp"": 3, ""gt"": 0, ""iou_sum"": 0.0, ""matched"": 0, ""pred"": 3, ""tp"": 0}, ""2"": {""fn"": 0, ""fp"": 0, ""gt"": 0, ""iou_sum"": 0.0, ""matched"": 0, ""pred"": 0, ""tp"": 0}, ""3"": {""fn"": 0, ""fp"": 0, ""gt"": 0, ""iou_sum"": 0.0, ""matched"": 0, ""pred"": 0, ""tp"": 0}}","[[0.0, 0.27044753, 0.656378605, 0.29166667, 0.851851855], [0.0, 0.27430555500000003, 0.957818935, 0.290895065, 0.997427985], [0.0, 0.30285494, 0.530349795, 0.32098766, 0.654320985], [0.0, 0.27199074, 0.32150206, 0.29012346, 0.51800412], [0.0, 0.619212965, 0.0005143999999999982, 0.6327160549999999, 0.06635802]]","[[0.0, 0.26462265297218607, 0.6619223763422711, 0.29225902792848185, 0.859622343086902, 0.5440194010734558], [1.0, 0.0, 0.07875561812287005, 0.6753040831766011, 0.18022303326139724, 0.472232460975647], [1.0, 0.00461854942050981, 0.8740577854737333, 0.765996014630353, 0.9618609393084491, 0.3357130289077759], [1.0, 0.0005911350434209093, 0.11293831185548885, 0.6677769790461034, 0.18354098787033019, 0.3355995714664459], [0.0, 0.26161829630533856, 0.31273792408130785, 0.2917584548761815, 0.5274063549905157, 0.3230406939983368], [0.0, 0.29557148026831354, 0.5284808123553241, 0.32484680929301696, 0.6600321702996399, 0.29105740785598755]]"
m_uav1,M-UAV1,uav_pdd2023::phash6_ca24fb912528::lr_00494_top_right,uav_pdd2023,UAV-PDD,source_photo_00494,lr_00494_top_right,data/external_uav/uav_pdd2023/extracted/JPEGImages/lr_00494_top_right.jpg,1,3,1,2,0,0.3333333333333333,1.0,0.5,0.6619520385008516,false,"{""0"": {""fn"": 0, ""fp"": 1, ""gt"": 0, ""iou_sum"": 0.0, ""matched"": 0, ""pred"": 1, ""tp"": 0}, ""1"": {""fn"": 0, ""fp"": 1, ""gt"": 1, ""iou_sum"": 0.6619520385008516, ""matched"": 1, ""pred"": 2, ""tp"": 1}, ""2"": {""fn"": 0, ""fp"": 0, ""gt"": 0, ""iou_sum"": 0.0, ""matched"": 0, ""pred"": 0, ""tp"": 0}, ""3"": {""fn"": 0, ""fp"": 0, ""gt"": 0, ""iou_sum"": 0.0, ""matched"": 0, ""pred"": 0, ""tp"": 0}}","[[1.0, 0.588348765, 0.8266460950000001, 0.9776234549999999, 0.884773665]]","[[1.0, 0.5826952427993586, 0.8370889420371977, 0.7019386762454186, 0.870616080829636, 0.46182236075401306], [1.0, 0.576077025613667, 0.8314304430298354, 0.9780785831404321, 0.8707592497146669, 0.3380303978919983], [0.0, 0.43635775719159914, 0.873355253243152, 0.45734678668740353, 0.9783779819315843, 0.2996704876422882]]"
m_uav1,M-UAV1,uav_pdd2023::phash6_cb6a5b0a0e3f::r180_00494_bottom_left,uav_pdd2023,UAV-PDD,source_photo_00494,r180_00494_bottom_left,data/external_uav/uav_pdd2023/extracted/JPEGImages/r180_00494_bottom_left.jpg,2,0,0,0,2,0.0,0.0,0.0,0.0,true,"{""0"": {""fn"": 0, ""fp"": 0, ""gt"": 0, ""iou_sum"": 0.0, ""matched"": 0, ""pred"": 0, ""tp"": 0}, ""1"": {""fn"": 2, ""fp"": 0, ""gt"": 2, ""iou_sum"": 0.0, ""matched"": 0, ""pred"": 0, ""tp"": 0}, ""2"": {""fn"": 0, ""fp"": 0, ""gt"": 0, ""iou_sum"": 0.0, ""matched"": 0, ""pred"": 0, ""tp"": 0}, ""3"": {""fn"": 0, ""fp"": 0, ""gt"": 0, ""iou_sum"": 0.0, ""matched"": 0, ""pred"": 0, ""tp"": 0}}","[[1.0, 0.33680555, 0.8245884800000001, 0.51466049, 0.96502058], [1.0, 0.007330244999999999, 0.25565844, 0.143904315, 0.31893003999999997]]",[]
m_uav1,M-UAV1,uav_pdd2023::phash6_cc36ec98d91f::lr_00494_bottom_right,uav_pdd2023,UAV-PDD,source_photo_00494,lr_00494_bottom_right,data/external_uav/uav_pdd2023/extracted/JPEGImages/lr_00494_bottom_right.jpg,4,4,0,4,4,0.0,0.0,0.0,0.0,false,"{""0"": {""fn"": 1, ""fp"": 0, ""gt"": 1, ""iou_sum"": 0.0, ""matched"": 0, ""pred"": 0, ""tp"": 0}, ""1"": {""fn"": 2, ""fp"": 4, ""gt"": 2, ""iou_sum"": 0.0, ""matched"": 0, ""pred"": 4, ""tp"": 0}, ""2"": {""fn"": 1, ""fp"": 0, ""gt"": 1, ""iou_sum"": 0.0, ""matched"": 0, ""pred"": 0, ""tp"": 0}, ""3"": {""fn"": 0, ""fp"": 0, ""gt"": 0, ""iou_sum"": 0.0, ""matched"": 0, ""pred"": 0, ""tp"": 0}}","[[1.0, 0.629243825, 0.66718107, 0.9776234549999999, 0.71965021], [2.0, 0.599537035, 0.636316875, 0.6253858050000001, 0.762345685], [1.0, 0.31828703999999997, 0.77520576, 0.57484568, 0.88477366], [0.0, 0.92361111, 0.5354938300000001, 0.95408951, 0.66100823]]","[[1.0, 0.3084738931538146, 0.7942293897087191, 0.5949056177963445, 0.8470815650720165, 0.6401107907295227], [1.0, 0.6256124708387587, 0.6789086738241062, 0.7312920181839554, 0.722887078430427, 0.5524715781211853], [1.0, 0.4075742650915075, 0.7932120743111818, 0.5865843502091773, 0.8471843578197338, 0.3052894175052643], [1.0, 0.7382407482759452, 0.6839914204161844, 1.0, 0.7311621771918403, 0.2859976589679718]]"
m_uav1,M-UAV1,uav_pdd2023::phash6_cd4411fb0de6::r180_00400_bottom_right,uav_pdd2023,UAV-PDD,source_photo_00400,r180_00400_bottom_right,data/external_uav/uav_pdd2023/extracted/JPEGImages/r180_00400_bottom_right.jpg,4,2,1,1,3,0.5,0.25,0.3333333333333333,0.7987338353845779,false,"{""0"": {""fn"": 1, ""fp"": 0, ""gt"": 1, ""iou_sum"": 0.0, ""matched"": 0, ""pred"": 0, ""tp"": 0}, ""1"": {""fn"": 2, ""fp"": 1, ""gt"": 3, ""iou_sum"": 0.7987338353845779, ""matched"": 1, ""pred"": 2, ""tp"": 1}, ""2"": {""fn"": 0, ""fp"": 0, ""gt"": 0, ""iou_sum"": 0.0, ""matched"": 0, ""pred"": 0, ""tp"": 0}, ""3"": {""fn"": 0, ""fp"": 0, ""gt"": 0, ""iou_sum"": 0.0, ""matched"": 0, ""pred"": 0, ""tp"": 0}}","[[1.0, 0.344907405, 0.93467078, 0.556327155, 0.97170782], [1.0, 0.33101852, 0.622942385, 0.5625, 0.665637855], [0.0, 0.16435185, 0.03858024999999998, 0.20254629, 0.99845679], [1.0, 0.37268518500000003, 0.10751028499999998, 0.567515435, 0.165637855]]","[[1.0, 0.32009659284426845, 0.6246439615885416, 0.5576342829951534, 0.6711097999855324, 0.48780301213264465], [1.0, 0.1757375575878002, 0.03214578864015179, 0.2077214040873963, 0.8129447026507844, 0.37234896421432495]]"
m_uav1,M-UAV1,uav_pdd2023::phash6_ce7bb054c3c7::tb_00013_bottom_left,uav_pdd2023,UAV-PDD,source_photo_00013,tb_00013_bottom_left,data/external_uav/uav_pdd2023/extracted/JPEGImages/tb_00013_bottom_left.jpg,6,3,2,1,4,0.6666666666666666,0.3333333333333333,0.4444444444444444,0.660566012211049,false,"{""0"": {""fn"": 1, ""fp"": 0, ""gt"": 2, ""iou_sum"": 0.7287946509866827, ""matched"": 1, ""pred"": 1, ""tp"": 1}, ""1"": {""fn"": 2, ""fp"": 1, ""gt"": 3, ""iou_sum"": 0.5923373734354155, ""matched"": 1, ""pred"": 2, ""tp"": 1}, ""2"": {""fn"": 1, ""fp"": 0, ""gt"": 1, ""iou_sum"": 0.0, ""matched"": 0, ""pred"": 0, ""tp"": 0}, ""3"": {""fn"": 0, ""fp"": 0, ""gt"": 0, ""iou_sum"": 0.0, ""matched"": 0, ""pred"": 0, ""tp"": 0}}","[[1.0, 0.12229938000000001, 0.48251029, 0.52893518, 0.59259259], [2.0, 0.53240741, 0.499999995, 0.7692901299999999, 0.557098765], [1.0, 0.809027775, 0.434156385, 0.876157405, 0.461419755], [1.0, 0.878472225, 0.42798354, 0.998456795, 0.46296296], [0.0, 0.411265435, 0.62088477, 0.449845685, 0.99588477], [0.0, 0.57445988, 0.687242795, 0.59066358, 0.8040123450000001]]","[[1.0, 0.8472010294596354, 0.420661298335825, 0.9996488594714507, 0.4671393186467175, 0.6629002690315247], [0.0, 0.41571322782540027, 0.666447078249582, 0.4523795328022521, 0.9993371531796553, 0.43496888875961304], [1.0, 0.2918907919047791, 0.5004132117754148, 0.7930307270568094, 0.5560523767039609, 0.3670090436935425]]"
m_uav1,M-UAV1,uav_pdd2023::phash6_cf4599f6388f::tb_00003_bottom_left,uav_pdd2023,UAV-PDD,source_photo_00003,tb_00003_bottom_left,data/external_uav/uav_pdd2023/extracted/JPEGImages/tb_00003_bottom_left.jpg,4,6,2,4,2,0.3333333333333333,0.5,0.4,0.716489425760881,false,"{""0"": {""fn"": 2, ""fp"": 2, ""gt"": 3, ""iou_sum"": 0.6373630366931677, ""matched"": 1, ""pred"": 3, ""tp"": 1}, ""1"": {""fn"": 0, ""fp"": 2, ""gt"": 1, ""iou_sum"": 0.7956158148285943, ""matched"": 1, ""pred"": 3, ""tp"": 1}, ""2"": {""fn"": 0, ""fp"": 0, ""gt"": 0, ""iou_sum"": 0.0, ""matched"": 0, ""pred"": 0, ""tp"": 0}, ""3"": {""fn"": 0, ""fp"": 0, ""gt"": 0, ""iou_sum"": 0.0, ""matched"": 0, ""pred"": 0, ""tp"": 0}}","[[1.0, 0.27816357500000005, 0.24228394999999997, 0.9945987650000001, 0.30864197], [0.0, 0.8402777749999999, 0.31378601500000003, 0.900462965, 0.806584365], [0.0, 0.60416667, 0.002572020000000008, 0.6261574099999999, 0.22170782], [0.0, 0.601080245, 0.39969135499999997, 0.623842595, 0.9943415649999999]]","[[1.0, 0.288699444429374, 0.23699990417731642, 0.9984659265588831, 0.31896504845638823, 0.6735742092132568], [0.0, 0.8692233238691165, 0.3205824173036426, 0.8960413991669078, 0.45253088052380724, 0.334989994764328], [0.0, 0.9274222291546104, 0.7834429956757973, 0.9534403483072916, 0.9841887548627186, 0.2834475338459015], [1.0, 0.6391806896821952, 0.6100979400760352, 0.8934739666220582, 0.7089992570288387, 0.2825377583503723], [1.0, 0.6407610104407793, 0.6131815969208141, 0.9690033712504823, 0.7410935766902971, 0.2664512097835541], [0.0, 0.8499243465470679, 0.3203749480070891, 0.9012886329933449, 0.6983545248400528, 0.26023945212364197]]"
m_uav1,M-UAV1,uav_pdd2023::phash6_d5757bfd33e7::tb_00085_bottom_left,uav_pdd2023,UAV-PDD,source_photo_00085,tb_00085_bottom_left,data/external_uav/uav_pdd2023/extracted/JPEGImages/tb_00085_bottom_left.jpg,1,2,0,2,1,0.0,0.0,0.0,0.0,false,"{""0"": {""fn"": 1, ""fp"": 1, ""gt"": 1, ""iou_sum"": 0.0, ""matched"": 0, ""pred"": 1, ""tp"": 0}, ""1"": {""fn"": 0, ""fp"": 1, ""gt"": 0, ""iou_sum"": 0.0, ""matched"": 0, ""pred"": 1, ""tp"": 0}, ""2"": {""fn"": 0, ""fp"": 0, ""gt"": 0, ""iou_sum"": 0.0, ""matched"": 0, ""pred"": 0, ""tp"": 0}, ""3"": {""fn"": 0, ""fp"": 0, ""gt"": 0, ""iou_sum"": 0.0, ""matched"": 0, ""pred"": 0, ""tp"": 0}}","[[0.0, 0.69483025, 0.5936214, 0.7287808699999999, 0.7160493800000001]]","[[0.0, 0.3657105763753255, 0.48188376721040704, 0.3929489983452691, 0.6909125057267554, 0.49694278836250305], [1.0, 0.029851436614990234, 0.6385479208863811, 0.9920046771014178, 0.8195995440698945, 0.4417426586151123]]"
m_uav1,M-UAV1,uav_pdd2023::phash6_d81f189e52b9::r180_00003_bottom_right,uav_pdd2023,UAV-PDD,source_photo_00003,r180_00003_bottom_right,data/external_uav/uav_pdd2023/extracted/JPEGImages/r180_00003_bottom_right.jpg,10,2,2,0,8,1.0,0.2,0.33333333333333337,0.6138850469927939,false,"{""0"": {""fn"": 3, ""fp"": 0, ""gt"": 4, ""iou_sum"": 0.6065765112599105, ""matched"": 1, ""pred"": 1, ""tp"": 1}, ""1"": {""fn"": 4, ""fp"": 0, ""gt"": 5, ""iou_sum"": 0.6211935827256772, ""matched"": 1, ""pred"": 1, ""tp"": 1}, ""2"": {""fn"": 1, ""fp"": 0, ""gt"": 1, ""iou_sum"": 0.0, ""matched"": 0, ""pred"": 0, ""tp"": 0}, ""3"": {""fn"": 0, ""fp"": 0, ""gt"": 0, ""iou_sum"": 0.0, ""matched"": 0, ""pred"": 0, ""tp"": 0}}","[[2.0, 0.39699074, 0.9356995850000001, 0.69020062, 0.993312755], [0.0, 0.5466821, 0.118827155, 0.59066358, 0.344650205], [1.0, 0.555941355, 0.067386835, 0.669367285, 0.100823045], [1.0, 0.05825617000000001, 0.212448565, 0.21141975000000002, 0.252057615], [0.0, 0.44290123, 0.602366255, 0.49537037, 0.759773665], [1.0, 0.003086415000000002, 0.896090535, 0.11342592500000001, 0.9315843650000001], [0.0, 0.447530865, 0.42746913999999997, 0.48726851499999996, 0.59002058], [0.0, 0.42438271, 0.296810705, 0.45833333000000004, 0.40483539500000004], [1.0, 0.601080245, 0.5344650150000001, 0.6998456750000001, 0.594650205], [1.0, 0.690200615, 0.9537036999999999, 0.767361105, 0.99125514]]","[[1.0, 0.024496484685827186, 0.21106949166505914, 0.2324008470700111, 0.25804368949230805, 0.30776116251945496], [0.0, 0.5546081919728973, 0.11396879031334395, 0.5867226683063271, 0.30936981326758617, 0.2667198181152344]]"
m_uav1,M-UAV1,uav_pdd2023::phash6_dbbe19c60fa2::r180_00005_bottom_left,uav_pdd2023,UAV-PDD,source_photo_00005,r180_00005_bottom_left,data/external_uav/uav_pdd2023/extracted/JPEGImages/r180_00005_bottom_left.jpg,11,3,3,0,8,1.0,0.2727272727272727,0.42857142857142855,0.6687206936661761,false,"{""0"": {""fn"": 6, ""fp"": 0, ""gt"": 7, ""iou_sum"": 0.7107407722440443, ""matched"": 1, ""pred"": 1, ""tp"": 1}, ""1"": {""fn"": 2, ""fp"": 0, ""gt"": 4, ""iou_sum"": 1.2954213087544844, ""matched"": 2, ""pred"": 2, ""tp"": 2}, ""2"": {""fn"": 0, ""fp"": 0, ""gt"": 0, ""iou_sum"": 0.0, ""matched"": 0, ""pred"": 0, ""tp"": 0}, ""3"": {""fn"": 0, ""fp"": 0, ""gt"": 0, ""iou_sum"": 0.0, ""matched"": 0, ""pred"": 0, ""tp"": 0}}","[[1.0, 0.37422838999999997, 0.8467078250000001, 0.52353395, 0.886316875], [1.0, 0.175540125, 0.7942386800000001, 0.361111115, 0.87294238], [1.0, 0.22029321, 0.631687245, 0.27083333, 0.6517489750000001], [0.0, 0.412037035, 0.30041152, 0.42592592500000004, 0.41358024], [0.0, 0.36072531, 0.175411525, 0.40084877, 0.321502055], [0.0, 0.374999995, 0.11368313000000001, 0.394675925, 0.16718107000000001], [0.0, 0.23225309, 0.36728395, 0.25733025, 0.52417695], [0.0, 0.376543215, 0.48302469500000006, 0.40354938500000004, 0.6347736650000001], [1.0, 0.296682095, 0.46604937999999996, 0.351080245, 0.48816872], [0.0, 0.351080245, 0.32921811, 0.358410495, 0.45987654999999994], [0.0, 0.34760802, 0.006172844999999996, 0.36574074, 0.155349795]]","[[1.0, 0.36036757480951004, 0.8401905577859761, 0.529760949405623, 0.8932923995908887, 0.5023376941680908], [0.0, 0.22896484092429834, 0.3635862374011381, 0.2625902905876254, 0.5282138149434157, 0.4697614014148712], [1.0, 0.16633496461091218, 0.7927033224223573, 0.3570606796829789, 0.8483493632249871, 0.4195680618286133]]"
m_uav1,M-UAV1,uav_pdd2023::phash6_dc4811d1feae::tb_00463_top_right,uav_pdd2023,UAV-PDD,source_photo_00463,tb_00463_top_right,data/external_uav/uav_pdd2023/extracted/JPEGImages/tb_00463_top_right.jpg,3,3,1,2,2,0.3333333333333333,0.3333333333333333,0.3333333333333333,0.7120063878375047,false,"{""0"": {""fn"": 1, ""fp"": 1, ""gt"": 1, ""iou_sum"": 0.0, ""matched"": 0, ""pred"": 1, ""tp"": 0}, ""1"": {""fn"": 1, ""fp"": 1, ""gt"": 2, ""iou_sum"": 0.7120063878375047, ""matched"": 1, ""pred"": 2, ""tp"": 1}, ""2"": {""fn"": 0, ""fp"": 0, ""gt"": 0, ""iou_sum"": 0.0, ""matched"": 0, ""pred"": 0, ""tp"": 0}, ""3"": {""fn"": 0, ""fp"": 0, ""gt"": 0, ""iou_sum"": 0.0, ""matched"": 0, ""pred"": 0, ""tp"": 0}}","[[1.0, 0.013888889999999987, 0.840534985, 0.50385803, 0.901748975], [0.0, 0.10802469499999999, 0.023662544999999993, 0.15393518499999997, 0.168209875], [1.0, 0.54359568, 0.59516461, 0.8587963, 0.6893004100000001]]","[[1.0, 0.01170139401047318, 0.8456893732518326, 0.5362486191737799, 0.8915800243738747, 0.3858799934387207], [0.0, 0.5273720070167824, 0.7203935536828061, 0.5734839733736015, 0.9959255893534593, 0.36780163645744324], [1.0, 0.2042432478916498, 0.8446925284931198, 0.5404970145519868, 0.8963353663315008, 0.28427788615226746]]"
m_uav1,M-UAV1,uav_pdd2023::phash6_de351b71ec3e::tb_00005_top_right,uav_pdd2023,UAV-PDD,source_photo_00005,tb_00005_top_right,data/external_uav/uav_pdd2023/extracted/JPEGImages/tb_00005_top_right.jpg,11,5,0,5,11,0.0,0.0,0.0,0.0,false,"{""0"": {""fn"": 5, ""fp"": 5, ""gt"": 5, ""iou_sum"": 0.0, ""matched"": 0, ""pred"": 5, ""tp"": 0}, ""1"": {""fn"": 2, ""fp"": 0, ""gt"": 2, ""iou_sum"": 0.0, ""matched"": 0, ""pred"": 0, ""tp"": 0}, ""2"": {""fn"": 2, ""fp"": 0, ""gt"": 2, ""iou_sum"": 0.0, ""matched"": 0, ""pred"": 0, ""tp"": 0}, ""3"": {""fn"": 2, ""fp"": 0, ""gt"": 2, ""iou_sum"": 0.0, ""matched"": 0, ""pred"": 0, ""tp"": 0}}","[[0.0, 0.45563271000000005, 0.840534985, 0.47993827, 0.995884775], [0.0, 0.364197525, 0.781893, 0.38387345500000003, 0.90020576], [0.0, 0.42862654, 0.262860085, 0.49382716000000004, 0.830246915], [2.0, 0.757716045, 0.608024685, 0.8244598750000001, 0.771604935], [2.0, 0.75424383, 0.16666667, 0.80709877, 0.59207819], [0.0, 0.5335648150000001, 0.008230455000000001, 0.553626545, 0.065843625], [1.0, 0.9070216050000001, 0.657407405, 0.999614195, 0.687757195], [3.0, 0.84259259, 0.65792181, 0.88001543, 0.68312757], [3.0, 0.8904321049999999, 0.659465015, 0.908179015, 0.679012345], [1.0, 0.8194444399999999, 0.429012345, 0.93132716, 0.479938275], [0.0, 0.6118827099999999, 0.5756172900000001, 0.62384259, 0.98559671]]","[[0.0, 0.023314559901202167, 0.24821924280237267, 0.16221624539222246, 0.653390955041956, 0.5742048621177673], [0.0, 0.42395495191032506, 0.3143624827694991, 0.4567654456621335, 0.5568977638527199, 0.5426595211029053], [0.0, 0.07926756069983965, 0.6909450954861112, 0.15923825016728155, 0.9858613818761253, 0.45092013478279114], [0.0, 0.4509444531099296, 0.15694287774984728, 0.4747190593201437, 0.2723592122395833, 0.36816471815109253], [0.0, 0.4238825197573061, 0.2766024428630562, 0.4711290524329668, 0.6301559636622299, 0.25125476717948914]]"
m_uav1,M-UAV1,uav_pdd2023::phash6_df9b83f57552::tb_00013_bottom_right,uav_pdd2023,UAV-PDD,source_photo_00013,tb_00013_bottom_right,data/external_uav/uav_pdd2023/extracted/JPEGImages/tb_00013_bottom_right.jpg,3,0,0,0,3,0.0,0.0,0.0,0.0,true,"{""0"": {""fn"": 1, ""fp"": 0, ""gt"": 1, ""iou_sum"": 0.0, ""matched"": 0, ""pred"": 0, ""tp"": 0}, ""1"": {""fn"": 2, ""fp"": 0, ""gt"": 2, ""iou_sum"": 0.0, ""matched"": 0, ""pred"": 0, ""tp"": 0}, ""2"": {""fn"": 0, ""fp"": 0, ""gt"": 0, ""iou_sum"": 0.0, ""matched"": 0, ""pred"": 0, ""tp"": 0}, ""3"": {""fn"": 0, ""fp"": 0, ""gt"": 0, ""iou_sum"": 0.0, ""matched"": 0, ""pred"": 0, ""tp"": 0}}","[[1.0, 0.0003857999999999917, 0.31121399, 0.4058642, 0.45473251], [1.0, 0.34799383, 0.260802465, 0.57677469, 0.320987655], [0.0, 0.109953705, 0.006687239999999983, 0.165123455, 0.75411522]]",[]
m_uav1,M-UAV1,uav_pdd2023::phash6_e0e61cb470cb::tb_00473_top_right,uav_pdd2023,UAV-PDD,source_photo_00473,tb_00473_top_right,data/external_uav/uav_pdd2023/extracted/JPEGImages/tb_00473_top_right.jpg,3,3,1,2,2,0.3333333333333333,0.3333333333333333,0.3333333333333333,0.5093617382934306,false,"{""0"": {""fn"": 1, ""fp"": 0, ""gt"": 1, ""iou_sum"": 0.0, ""matched"": 0, ""pred"": 0, ""tp"": 0}, ""1"": {""fn"": 1, ""fp"": 2, ""gt"": 2, ""iou_sum"": 0.5093617382934306, ""matched"": 1, ""pred"": 3, ""tp"": 1}, ""2"": {""fn"": 0, ""fp"": 0, ""gt"": 0, ""iou_sum"": 0.0, ""matched"": 0, ""pred"": 0, ""tp"": 0}, ""3"": {""fn"": 0, ""fp"": 0, ""gt"": 0, ""iou_sum"": 0.0, ""matched"": 0, ""pred"": 0, ""tp"": 0}}","[[1.0, 0.02083333500000001, 0.37139918, 0.635030865, 0.46553498], [0.0, 0.034722220000000005, 0.16975309, 0.0621142, 0.36625515000000003], [1.0, 0.69212963, 0.5606995850000001, 0.99575617, 0.653292175]]","[[1.0, 0.07969216358514479, 0.4099445421509291, 0.34835455152723527, 0.4581452985849891, 0.6143205761909485], [1.0, 0.4965062082549672, 0.3855265550652649, 0.6882187643168886, 0.42888644497090406, 0.5620265007019043], [1.0, 0.7112264750916281, 0.5765876927002958, 0.9999080705054012, 0.6272931511019483, 0.5368514657020569]]"
m_uav1,M-UAV1,uav_pdd2023::phash6_e120b42de115::lr_00535_bottom_right,uav_pdd2023,UAV-PDD,source_photo_00535,lr_00535_bottom_right,data/external_uav/uav_pdd2023/extracted/JPEGImages/lr_00535_bottom_right.jpg,8,2,0,2,8,0.0,0.0,0.0,0.0,false,"{""0"": {""fn"": 0, ""fp"": 1, ""gt"": 0, ""iou_sum"": 0.0, ""matched"": 0, ""pred"": 1, ""tp"": 0}, ""1"": {""fn"": 1, ""fp"": 1, ""gt"": 1, ""iou_sum"": 0.0, ""matched"": 0, ""pred"": 1, ""tp"": 0}, ""2"": {""fn"": 6, ""fp"": 0, ""gt"": 6, ""iou_sum"": 0.0, ""matched"": 0, ""pred"": 0, ""tp"": 0}, ""3"": {""fn"": 1, ""fp"": 0, ""gt"": 1, ""iou_sum"": 0.0, ""matched"": 0, ""pred"": 0, ""tp"": 0}}","[[1.0, 0.08912037, 0.34207819, 0.5366512299999999, 0.46090535000000005], [2.0, 0.54436728, 0.217078185, 0.74729938, 0.424382715], [2.0, 0.6404321, 0.003600825000000002, 0.74421296, 0.217078195], [2.0, 0.6647376500000001, 0.5606995899999999, 0.84529321, 0.70164609], [2.0, 0.00038579999999999864, 0.007201644999999979, 0.08140432, 0.990226335], [2.0, 0.66859568, 0.730452675, 0.76813272, 0.919753085], [3.0, 0.664351855, 0.0036008200000000046, 0.719521605, 0.18158436], [2.0, 0.8070987599999999, 0.39969135499999997, 0.86612654, 0.569444445]]","[[0.0, 0.6736808117525077, 0.8051841955616641, 0.7179785834418403, 0.9976323759604874, 0.33687302470207214], [1.0, 0.2891527811686198, 0.3614463335202064, 0.5660275117850598, 0.4145185682508681, 0.30235183238983154]]"
m_uav1,M-UAV1,uav_pdd2023::phash6_e4011b839668::r180_00024_top_left,uav_pdd2023,UAV-PDD,source_photo_00024,r180_00024_top_left,data/external_uav/uav_pdd2023/extracted/JPEGImages/r180_00024_top_left.jpg,4,4,0,4,4,0.0,0.0,0.0,0.0,false,"{""0"": {""fn"": 1, ""fp"": 1, ""gt"": 1, ""iou_sum"": 0.0, ""matched"": 0, ""pred"": 1, ""tp"": 0}, ""1"": {""fn"": 1, ""fp"": 3, ""gt"": 1, ""iou_sum"": 0.0, ""matched"": 0, ""pred"": 3, ""tp"": 0}, ""2"": {""fn"": 2, ""fp"": 0, ""gt"": 2, ""iou_sum"": 0.0, ""matched"": 0, ""pred"": 0, ""tp"": 0}, ""3"": {""fn"": 0, ""fp"": 0, ""gt"": 0, ""iou_sum"": 0.0, ""matched"": 0, ""pred"": 0, ""tp"": 0}}","[[0.0, 0.099922835, 0.7561728400000001, 0.129629625, 1.0], [2.0, 0.099151235, 0.617283955, 0.16319444500000002, 0.7407407450000001], [2.0, 0.10146605, 0.2494856, 0.14891975, 0.4367284], [1.0, 0.09143519, 0.14969135500000003, 0.60455247, 0.263374485]]","[[1.0, 0.32175570358464745, 0.14799989300009644, 0.5276632426697531, 0.2022237895447531, 0.6046478748321533], [1.0, 0.10096597082820939, 0.18575764094851144, 0.3345868381453149, 0.24293919943978268, 0.49206778407096863], [1.0, 0.22215678368085695, 0.1436455181106128, 0.53156492445204, 0.2192846070591805, 0.25598040223121643], [0.0, 0.1039258580148956, 0.888872688199267, 0.14439111874427324, 0.9992903721185378, 0.25321531295776367]]"
m_uav1,M-UAV1,uav_pdd2023::phash6_e5fbb4ee2369::tb_00435_top_right,uav_pdd2023,UAV-PDD,source_photo_00435,tb_00435_top_right,data/external_uav/uav_pdd2023/extracted/JPEGImages/tb_00435_top_right.jpg,1,1,1,0,0,1.0,1.0,1.0,0.7414169324334896,false,"{""0"": {""fn"": 0, ""fp"": 0, ""gt"": 0, ""iou_sum"": 0.0, ""matched"": 0, ""pred"": 0, ""tp"": 0}, ""1"": {""fn"": 0, ""fp"": 0, ""gt"": 1, ""iou_sum"": 0.7414169324334896, ""matched"": 1, ""pred"": 1, ""tp"": 1}, ""2"": {""fn"": 0, ""fp"": 0, ""gt"": 0, ""iou_sum"": 0.0, ""matched"": 0, ""pred"": 0, ""tp"": 0}, ""3"": {""fn"": 0, ""fp"": 0, ""gt"": 0, ""iou_sum"": 0.0, ""matched"": 0, ""pred"": 0, ""tp"": 0}}","[[1.0, 0.672839505, 0.591049385, 0.848765435, 0.6275720149999999]]","[[1.0, 0.6668854230715905, 0.5925964857815715, 0.8312587973512249, 0.6326806967150528, 0.8172576427459717]]"
m_uav1,M-UAV1,uav_pdd2023::phash6_e77575e5e920::lr_00473_top_right,uav_pdd2023,UAV-PDD,source_photo_00473,lr_00473_top_right,data/external_uav/uav_pdd2023/extracted/JPEGImages/lr_00473_top_right.jpg,3,5,1,4,2,0.2,0.3333333333333333,0.25,0.596616512183605,false,"{""0"": {""fn"": 1, ""fp"": 0, ""gt"": 1, ""iou_sum"": 0.0, ""matched"": 0, ""pred"": 0, ""tp"": 0}, ""1"": {""fn"": 1, ""fp"": 4, ""gt"": 2, ""iou_sum"": 0.596616512183605, ""matched"": 1, ""pred"": 5, ""tp"": 1}, ""2"": {""fn"": 0, ""fp"": 0, ""gt"": 0, ""iou_sum"": 0.0, ""matched"": 0, ""pred"": 0, ""tp"": 0}, ""3"": {""fn"": 0, ""fp"": 0, ""gt"": 0, ""iou_sum"": 0.0, ""matched"": 0, ""pred"": 0, ""tp"": 0}}","[[1.0, 0.36496913500000006, 0.53446502, 0.979166665, 0.6286008200000001], [0.0, 0.9378858, 0.63374485, 0.96527778, 0.8302469100000001], [1.0, 0.004243830000000004, 0.346707825, 0.30787037, 0.439300415]]","[[1.0, 0.0009636640732671008, 0.368089118612156, 0.29480211234387055, 0.42620742860644933, 0.47585079073905945], [1.0, 0.9110798776885609, 0.5592444149064429, 1.0, 0.6146088902351787, 0.428668737411499], [1.0, 0.5863804287380643, 0.5384005322868441, 0.9129375881618924, 0.6009196214715149, 0.3520137071609497], [1.0, 0.3152248476758415, 0.5685763260955182, 0.476138409273124, 0.6058385401596258, 0.2684642970561981], [1.0, 0.0022873164694986224, 0.36359063293708205, 0.22273699442545572, 0.4187336046509291, 0.25837019085884094]]"
m_uav1,M-UAV1,uav_pdd2023::phash6_e9b05412751f::r180_00403_bottom_left,uav_pdd2023,UAV-PDD,source_photo_00403,r180_00403_bottom_left,data/external_uav/uav_pdd2023/extracted/JPEGImages/r180_00403_bottom_left.jpg,3,6,2,4,1,0.3333333333333333,0.6666666666666666,0.4444444444444444,0.724412866207127,false,"{""0"": {""fn"": 1, ""fp"": 0, ""gt"": 1, ""iou_sum"": 0.0, ""matched"": 0, ""pred"": 0, ""tp"": 0}, ""1"": {""fn"": 0, ""fp"": 4, ""gt"": 2, ""iou_sum"": 1.448825732414254, ""matched"": 2, ""pred"": 6, ""tp"": 2}, ""2"": {""fn"": 0, ""fp"": 0, ""gt"": 0, ""iou_sum"": 0.0, ""matched"": 0, ""pred"": 0, ""tp"": 0}, ""3"": {""fn"": 0, ""fp"": 0, ""gt"": 0, ""iou_sum"": 0.0, ""matched"": 0, ""pred"": 0, ""tp"": 0}}","[[1.0, 0.644675925, 0.834876545, 0.790123455, 0.8713991750000001], [1.0, 0.6388888850000001, 0.129629635, 0.777391975, 0.187757205], [0.0, 0.7249228350000001, 0.35030864000000006, 0.757716045, 0.99074074]]","[[1.0, 0.6438333487805025, 0.14063259799784594, 0.7550262168601707, 0.1910315619574653, 0.7466381192207336], [1.0, 0.7322150807321808, 0.19879844257370435, 0.7557235058443046, 0.8106928067933384, 0.6332538723945618], [1.0, 0.7283069940260899, 0.08041674610028052, 0.754550415792583, 0.908850901411394, 0.43950405716896057], [1.0, 0.6455736984441309, 0.8383501468862525, 0.796892613540461, 0.873030171963413, 0.42107096314430237], [1.0, 0.0789502402882517, 0.03873485204123666, 0.3487024660463686, 0.08309120209619342, 0.3141074478626251], [1.0, 0.7327634081428434, 0.39268393182950745, 0.7557977276083864, 0.8163142577120306, 0.26594021916389465]]"
m_uav1,M-UAV1,uav_pdd2023::phash6_ea00c0e8309e::lr_00005_bottom_left,uav_pdd2023,UAV-PDD,source_photo_00005,lr_00005_bottom_left,data/external_uav/uav_pdd2023/extracted/JPEGImages/lr_00005_bottom_left.jpg,11,5,2,3,9,0.4,0.18181818181818182,0.25000000000000006,0.7136082038700713,false,"{""0"": {""fn"": 7, ""fp"": 2, ""gt"": 7, ""iou_sum"": 0.0, ""matched"": 0, ""pred"": 2, ""tp"": 0}, ""1"": {""fn"": 2, ""fp"": 0, ""gt"": 4, ""iou_sum"": 1.4272164077401426, ""matched"": 2, ""pred"": 2, ""tp"": 2}, ""2"": {""fn"": 0, ""fp"": 1, ""gt"": 0, ""iou_sum"": 0.0, ""matched"": 0, ""pred"": 1, ""tp"": 0}, ""3"": {""fn"": 0, ""fp"": 0, ""gt"": 0, ""iou_sum"": 0.0, ""matched"": 0, ""pred"": 0, ""tp"": 0}}","[[1.0, 0.37422838999999997, 0.11368312500000001, 0.52353395, 0.153292175], [1.0, 0.175540125, 0.12705762, 0.361111115, 0.20576132], [1.0, 0.22029321, 0.348251025, 0.27083333, 0.368312755], [0.0, 0.412037035, 0.58641976, 0.42592592500000004, 0.69958848], [0.0, 0.36072531, 0.678497945, 0.40084877, 0.824588475], [0.0, 0.374999995, 0.8328189300000001, 0.394675925, 0.88631687], [0.0, 0.23225309, 0.47582305, 0.25733025, 0.63271605], [0.0, 0.376543215, 0.365226335, 0.40354938500000004, 0.516975305], [1.0, 0.296682095, 0.51183128, 0.351080245, 0.5339506199999999], [0.0, 0.351080245, 0.5401234500000001, 0.358410495, 0.67078189], [0.0, 0.34760802, 0.844650205, 0.36574074, 0.993827155]]","[[2.0, 0.30636377687807437, 0.05126600697207353, 0.4244424796398775, 0.9697349768116641, 0.4404015839099884], [1.0, 0.16643172134587794, 0.15487664619100439, 0.3496265175901813, 0.20257073861581307, 0.36577653884887695], [0.0, 0.11225285942171827, 0.007597732936403879, 0.15574394037694106, 0.20458825821739166, 0.3368832468986511], [1.0, 0.373026035450123, 0.11051388336307227, 0.5282582412531347, 0.1525817368746785, 0.2968737781047821], [0.0, 0.21119261376651716, 0.42272861308031123, 0.26322670924810715, 0.730333367492927, 0.28085562586784363]]"
m_uav1,M-UAV1,uav_pdd2023::phash6_ea8fbf7e754d::r180_00403_bottom_right,uav_pdd2023,UAV-PDD,source_photo_00403,r180_00403_bottom_right,data/external_uav/uav_pdd2023/extracted/JPEGImages/r180_00403_bottom_right.jpg,2,3,0,3,2,0.0,0.0,0.0,0.0,false,"{""0"": {""fn"": 2, ""fp"": 0, ""gt"": 2, ""iou_sum"": 0.0, ""matched"": 0, ""pred"": 0, ""tp"": 0}, ""1"": {""fn"": 0, ""fp"": 3, ""gt"": 0, ""iou_sum"": 0.0, ""matched"": 0, ""pred"": 3, ""tp"": 0}, ""2"": {""fn"": 0, ""fp"": 0, ""gt"": 0, ""iou_sum"": 0.0, ""matched"": 0, ""pred"": 0, ""tp"": 0}, ""3"": {""fn"": 0, ""fp"": 0, ""gt"": 0, ""iou_sum"": 0.0, ""matched"": 0, ""pred"": 0, ""tp"": 0}}","[[0.0, 0.251929015, 0.16255144, 0.522376545, 0.2026749], [0.0, 0.07908950499999999, 0.13117283999999999, 0.233796295, 0.1867284]]","[[1.0, 0.09369531089876905, 0.14893774338710455, 0.23626946814266253, 0.18169607154626416, 0.5823235511779785], [1.0, 0.12069871690538195, 0.8324303646637089, 0.2529568613311391, 0.88069228184076, 0.360395610332489], [1.0, 0.09029078777925467, 0.14885209322956855, 0.2582890545880353, 0.18947761441454475, 0.35561490058898926]]"
m_uav1,M-UAV1,uav_pdd2023::phash6_eb766d52c8fa::lr_00085_bottom_right,uav_pdd2023,UAV-PDD,source_photo_00085,lr_00085_bottom_right,data/external_uav/uav_pdd2023/extracted/JPEGImages/lr_00085_bottom_right.jpg,5,3,0,3,5,0.0,0.0,0.0,0.0,false,"{""0"": {""fn"": 5, ""fp"": 1, ""gt"": 5, ""iou_sum"": 0.0, ""matched"": 0, ""pred"": 1, ""tp"": 0}, ""1"": {""fn"": 0, ""fp"": 2, ""gt"": 0, ""iou_sum"": 0.0, ""matched"": 0, ""pred"": 2, ""tp"": 0}, ""2"": {""fn"": 0, ""fp"": 0, ""gt"": 0, ""iou_sum"": 0.0, ""matched"": 0, ""pred"": 0, ""tp"": 0}, ""3"": {""fn"": 0, ""fp"": 0, ""gt"": 0, ""iou_sum"": 0.0, ""matched"": 0, ""pred"": 0, ""tp"": 0}}","[[0.0, 0.7083333300000001, 0.148148145, 0.72955247, 0.343621395], [0.0, 0.709104935, 0.0025720150000000004, 0.725694445, 0.042181065000000004], [0.0, 0.67901234, 0.345679015, 0.6971450600000001, 0.469650205], [0.0, 0.70987654, 0.48199587999999993, 0.7280092600000001, 0.67849794], [0.0, 0.367283945, 0.93364198, 0.38078703500000005, 0.9994856000000001]]","[[0.0, 0.711951079191985, 0.0011907895651373844, 0.7344717331874517, 0.06689637580526218, 0.351806104183197], [1.0, 0.22691043806664737, 0.017516899501345284, 0.9955160823869117, 0.12284622663333092, 0.34205546975135803], [1.0, 0.36606760378237124, 0.8238509064348637, 1.0, 0.8910504878793725, 0.311236709356308]]"
m_uav1,M-UAV1,uav_pdd2023::phash6_ef99dbd8a722::r180_00504_top_right,uav_pdd2023,UAV-PDD,source_photo_00504,r180_00504_top_right,data/external_uav/uav_pdd2023/extracted/JPEGImages/r180_00504_top_right.jpg,2,2,0,2,2,0.0,0.0,0.0,0.0,false,"{""0"": {""fn"": 0, ""fp"": 1, ""gt"": 0, ""iou_sum"": 0.0, ""matched"": 0, ""pred"": 1, ""tp"": 0}, ""1"": {""fn"": 2, ""fp"": 1, ""gt"": 2, ""iou_sum"": 0.0, ""matched"": 0, ""pred"": 1, ""tp"": 0}, ""2"": {""fn"": 0, ""fp"": 0, ""gt"": 0, ""iou_sum"": 0.0, ""matched"": 0, ""pred"": 0, ""tp"": 0}, ""3"": {""fn"": 0, ""fp"": 0, ""gt"": 0, ""iou_sum"": 0.0, ""matched"": 0, ""pred"": 0, ""tp"": 0}}","[[1.0, 0.8020833300000001, 0.38477366500000004, 0.95794753, 0.427469135], [1.0, 0.62885803, 0.38683128, 0.67283951, 0.41820988000000003]]","[[0.0, 0.7106960437915943, 0.42690317915300285, 0.7498413368507668, 1.0, 0.5154587626457214], [1.0, 0.5891253624433352, 0.37744727743015366, 1.0, 0.4340924863462095, 0.38576123118400574]]"
m_uav1,M-UAV1,uav_pdd2023::phash6_f1ec95c93ea7::tb_00013_top_left,uav_pdd2023,UAV-PDD,source_photo_00013,tb_00013_top_left,data/external_uav/uav_pdd2023/extracted/JPEGImages/tb_00013_top_left.jpg,2,2,0,2,2,0.0,0.0,0.0,0.0,false,"{""0"": {""fn"": 0, ""fp"": 0, ""gt"": 0, ""iou_sum"": 0.0, ""matched"": 0, ""pred"": 0, ""tp"": 0}, ""1"": {""fn"": 2, ""fp"": 2, ""gt"": 2, ""iou_sum"": 0.0, ""matched"": 0, ""pred"": 2, ""tp"": 0}, ""2"": {""fn"": 0, ""fp"": 0, ""gt"": 0, ""iou_sum"": 0.0, ""matched"": 0, ""pred"": 0, ""tp"": 0}, ""3"": {""fn"": 0, ""fp"": 0, ""gt"": 0, ""iou_sum"": 0.0, ""matched"": 0, ""pred"": 0, ""tp"": 0}}","[[1.0, 0.35416666499999994, 0.726337445, 0.650077155, 0.761831275], [1.0, 0.29552469, 0.005144035000000002, 0.8518518500000001, 0.066358025]]","[[1.0, 0.5297817654079862, 0.7267578501760223, 0.6258184644911025, 0.759840160730935, 0.34313300251960754], [1.0, 0.3551537784529321, 0.007441394123030297, 0.638196403597608, 0.06110287105105051, 0.2871536612510681]]"
m_uav1,M-UAV1,uav_pdd2023::phash6_f285955e8172::tb_00400_top_left,uav_pdd2023,UAV-PDD,source_photo_00400,tb_00400_top_left,data/external_uav/uav_pdd2023/extracted/JPEGImages/tb_00400_top_left.jpg,2,3,2,1,0,0.6666666666666666,1.0,0.8,0.5820255068489935,false,"{""0"": {""fn"": 0, ""fp"": 0, ""gt"": 0, ""iou_sum"": 0.0, ""matched"": 0, ""pred"": 0, ""tp"": 0}, ""1"": {""fn"": 0, ""fp"": 1, ""gt"": 2, ""iou_sum"": 1.164051013697987, ""matched"": 2, ""pred"": 3, ""tp"": 2}, ""2"": {""fn"": 0, ""fp"": 0, ""gt"": 0, ""iou_sum"": 0.0, ""matched"": 0, ""pred"": 0, ""tp"": 0}, ""3"": {""fn"": 0, ""fp"": 0, ""gt"": 0, ""iou_sum"": 0.0, ""matched"": 0, ""pred"": 0, ""tp"": 0}}","[[1.0, 0.22337962499999997, 0.13631687, 0.327932095, 0.18364197000000002], [1.0, 0.371913585, 0.4933127600000001, 0.536265435, 0.5396090600000001]]","[[1.0, 0.3717835744222005, 0.4888049153143486, 0.6181662759663146, 0.5403996848275141, 0.511737585067749], [1.0, 0.22321044074164498, 0.1496432740011333, 0.322389320090965, 0.17793090255172164, 0.4550115168094635], [1.0, 0.18823180963963637, 0.14827243192696277, 0.32319728239082995, 0.18116242208598574, 0.3297874331474304]]"
m_uav1,M-UAV1,uav_pdd2023::phash6_f2b0777edf76::r180_00400_top_right,uav_pdd2023,UAV-PDD,source_photo_00400,r180_00400_top_right,data/external_uav/uav_pdd2023/extracted/JPEGImages/r180_00400_top_right.jpg,5,8,3,5,2,0.375,0.6,0.4615384615384615,0.7622444085625175,false,"{""0"": {""fn"": 0, ""fp"": 0, ""gt"": 0, ""iou_sum"": 0.0, ""matched"": 0, ""pred"": 0, ""tp"": 0}, ""1"": {""fn"": 2, ""fp"": 5, ""gt"": 5, ""iou_sum"": 2.2867332256875526, ""matched"": 3, ""pred"": 8, ""tp"": 3}, ""2"": {""fn"": 0, ""fp"": 0, ""gt"": 0, ""iou_sum"": 0.0, ""matched"": 0, ""pred"": 0, ""tp"": 0}, ""3"": {""fn"": 0, ""fp"": 0, ""gt"": 0, ""iou_sum"": 0.0, ""matched"": 0, ""pred"": 0, ""tp"": 0}}","[[1.0, 0.28935185500000005, 0.38323045, 0.556712965, 0.42644033000000003], [1.0, 0.139274695, 0.19958848, 0.28125000499999997, 0.24022633999999998], [1.0, 0.39467592500000004, 0.637860085, 0.487268515, 0.667181075], [1.0, 0.30246913500000006, 0.662037035, 0.378472225, 0.698045265], [1.0, 0.32908951, 0.85236625, 0.41705247, 0.87705761]]","[[1.0, 0.13915783681987245, 0.19780461189678175, 0.2817438620108145, 0.2419019471470711, 0.8059428930282593], [1.0, 0.29499103404857496, 0.3845076384367766, 0.5597916120364342, 0.4344229678558224, 0.6352173686027527], [1.0, 0.2927787922046803, 0.6384264785075875, 0.4595132992591387, 0.7013601295251415, 0.516997218132019], [1.0, 0.29002257924021024, 0.8457738931286972, 0.4353754490981867, 0.8776731137876157, 0.37123146653175354], [1.0, 0.2910898232165678, 0.6744252899546682, 0.35634577715838395, 0.7022418112421231, 0.3655840754508972], [1.0, 0.2963873545328776, 0.8373784822691616, 0.5404313640829957, 0.879191520282761, 0.352675199508667], [1.0, 0.2928301022376543, 0.633104363586677, 0.5449429735725309, 0.6985513192635996, 0.27089419960975647], [1.0, 0.29279852502139997, 0.6697101357542439, 0.37193204149787806, 0.7033602239663709, 0.2533566355705261]]"
m_uav1,M-UAV1,uav_pdd2023::phash6_f35084f43239::lr_00485_bottom_left,uav_pdd2023,UAV-PDD,source_photo_00485,lr_00485_bottom_left,data/external_uav/uav_pdd2023/extracted/JPEGImages/lr_00485_bottom_left.jpg,1,1,0,1,1,0.0,0.0,0.0,0.0,false,"{""0"": {""fn"": 1, ""fp"": 0, ""gt"": 1, ""iou_sum"": 0.0, ""matched"": 0, ""pred"": 0, ""tp"": 0}, ""1"": {""fn"": 0, ""fp"": 1, ""gt"": 0, ""iou_sum"": 0.0, ""matched"": 0, ""pred"": 1, ""tp"": 0}, ""2"": {""fn"": 0, ""fp"": 0, ""gt"": 0, ""iou_sum"": 0.0, ""matched"": 0, ""pred"": 0, ""tp"": 0}, ""3"": {""fn"": 0, ""fp"": 0, ""gt"": 0, ""iou_sum"": 0.0, ""matched"": 0, ""pred"": 0, ""tp"": 0}}","[[0.0, 0.056327165000000005, 0.433641975, 0.108410495, 0.597736625]]","[[1.0, 0.06838951581790123, 0.693254510071052, 0.11847158125889154, 0.7367410542052469, 0.2511756718158722]]"
m_uav1,M-UAV1,uav_pdd2023::phash6_f4fe5943c163::lr_00005_top_left,uav_pdd2023,UAV-PDD,source_photo_00005,lr_00005_top_left,data/external_uav/uav_pdd2023/extracted/JPEGImages/lr_00005_top_left.jpg,5,1,1,0,4,1.0,0.2,0.33333333333333337,0.7965589424230927,false,"{""0"": {""fn"": 4, ""fp"": 0, ""gt"": 4, ""iou_sum"": 0.0, ""matched"": 0, ""pred"": 0, ""tp"": 0}, ""1"": {""fn"": 0, ""fp"": 0, ""gt"": 1, ""iou_sum"": 0.7965589424230927, ""matched"": 1, ""pred"": 1, ""tp"": 1}, ""2"": {""fn"": 0, ""fp"": 0, ""gt"": 0, ""iou_sum"": 0.0, ""matched"": 0, ""pred"": 0, ""tp"": 0}, ""3"": {""fn"": 0, ""fp"": 0, ""gt"": 0, ""iou_sum"": 0.0, ""matched"": 0, ""pred"": 0, ""tp"": 0}}","[[0.0, 0.338734565, 0.00411522999999997, 0.39699073500000004, 0.9948559699999999], [0.0, 0.010030865, 0.152777785, 0.045524695, 0.5082304550000001], [0.0, 0.0030864199999999994, 0.47993827499999997, 0.05054012, 0.797325105], [0.0, 0.0015432100000000032, 0.820987655, 0.03665123, 0.975823045], [1.0, 0.0023148100000000005, 0.0030864250000000003, 0.15547839, 0.036008235]]","[[1.0, 0.00030181409768116326, 0.0, 0.17087825728051456, 0.03711096445719401, 0.36326825618743896]]"
m_uav1,M-UAV1,uav_pdd2023::phash6_f6b5b6d81b2c::lr_00494_bottom_left,uav_pdd2023,UAV-PDD,source_photo_00494,lr_00494_bottom_left,data/external_uav/uav_pdd2023/extracted/JPEGImages/lr_00494_bottom_left.jpg,2,0,0,0,2,0.0,0.0,0.0,0.0,true,"{""0"": {""fn"": 0, ""fp"": 0, ""gt"": 0, ""iou_sum"": 0.0, ""matched"": 0, ""pred"": 0, ""tp"": 0}, ""1"": {""fn"": 2, ""fp"": 0, ""gt"": 2, ""iou_sum"": 0.0, ""matched"": 0, ""pred"": 0, ""tp"": 0}, ""2"": {""fn"": 0, ""fp"": 0, ""gt"": 0, ""iou_sum"": 0.0, ""matched"": 0, ""pred"": 0, ""tp"": 0}, ""3"": {""fn"": 0, ""fp"": 0, ""gt"": 0, ""iou_sum"": 0.0, ""matched"": 0, ""pred"": 0, ""tp"": 0}}","[[1.0, 0.33680555, 0.03497942, 0.51466049, 0.17541152], [1.0, 0.007330244999999999, 0.68106996, 0.143904315, 0.74434156]]",[]
m_uav1,M-UAV1,uav_pdd2023::phash6_f747d4f93451::tb_00400_bottom_left,uav_pdd2023,UAV-PDD,source_photo_00400,tb_00400_bottom_left,data/external_uav/uav_pdd2023/extracted/JPEGImages/tb_00400_bottom_left.jpg,4,2,1,1,3,0.5,0.25,0.3333333333333333,0.720415982834709,false,"{""0"": {""fn"": 0, ""fp"": 0, ""gt"": 0, ""iou_sum"": 0.0, ""matched"": 0, ""pred"": 0, ""tp"": 0}, ""1"": {""fn"": 3, ""fp"": 1, ""gt"": 4, ""iou_sum"": 0.720415982834709, ""matched"": 1, ""pred"": 2, ""tp"": 1}, ""2"": {""fn"": 0, ""fp"": 0, ""gt"": 0, ""iou_sum"": 0.0, ""matched"": 0, ""pred"": 0, ""tp"": 0}, ""3"": {""fn"": 0, ""fp"": 0, ""gt"": 0, ""iou_sum"": 0.0, ""matched"": 0, ""pred"": 0, ""tp"": 0}}","[[1.0, 0.24498456500000002, 0.78909465, 0.33449073500000004, 0.8117283900000001], [1.0, 0.29475308499999997, 0.457818925, 0.336805555, 0.47427983500000004], [1.0, 0.25462963, 0.43827160499999995, 0.30401235, 0.452160495], [1.0, 0.33449074, 0.11779835500000001, 0.42824074, 0.147633745]]","[[1.0, 0.2107068285529996, 0.7804309232735339, 0.3290288477768133, 0.8146477216555749, 0.8065330386161804], [1.0, 0.243715003684715, 0.7877169636541924, 0.33164693102424525, 0.8179489575295782, 0.33798474073410034]]"
m_uav1,M-UAV1,uav_pdd2023::phash6_f77c08f54780::lr_00485_top_right,uav_pdd2023,UAV-PDD,source_photo_00485,lr_00485_top_right,data/external_uav/uav_pdd2023/extracted/JPEGImages/lr_00485_top_right.jpg,2,7,0,7,2,0.0,0.0,0.0,0.0,false,"{""0"": {""fn"": 0, ""fp"": 0, ""gt"": 0, ""iou_sum"": 0.0, ""matched"": 0, ""pred"": 0, ""tp"": 0}, ""1"": {""fn"": 2, ""fp"": 7, ""gt"": 2, ""iou_sum"": 0.0, ""matched"": 0, ""pred"": 7, ""tp"": 0}, ""2"": {""fn"": 0, ""fp"": 0, ""gt"": 0, ""iou_sum"": 0.0, ""matched"": 0, ""pred"": 0, ""tp"": 0}, ""3"": {""fn"": 0, ""fp"": 0, ""gt"": 0, ""iou_sum"": 0.0, ""matched"": 0, ""pred"": 0, ""tp"": 0}}","[[1.0, 0.200231475, 0.226851855, 0.5513117249999999, 0.306069965], [1.0, 0.50655864, 0.74845679, 0.6091821, 0.79166667]]","[[1.0, 0.23716947767469618, 0.2402607011206356, 0.5268934273425444, 0.2879529411410108, 0.7120797038078308], [1.0, 0.5421139752423322, 0.7502808119534465, 0.615417527563778, 0.7803912378632973, 0.5939292311668396], [1.0, 0.5370591246051553, 0.1702866259916329, 0.9955048737702547, 0.2225192505636333, 0.4413417875766754], [1.0, 0.5420472415876977, 0.7500020721812307, 0.6523555237569927, 0.7824865270543981, 0.3592267334461212], [1.0, 0.5327179049268181, 0.16629657823853042, 0.8828455607096354, 0.21841399267377187, 0.32756370306015015], [1.0, 0.5429760026343075, 0.752130327891911, 0.5999284909095293, 0.7772568439750515, 0.3058135509490967], [1.0, 0.5324229487666378, 0.1807796493969827, 0.7105316350489487, 0.21400472068001705, 0.2782594561576843]]"
m_uav1,M-UAV1,uav_pdd2023::phash6_f82f4d8032df::r180_00494_top_left,uav_pdd2023,UAV-PDD,source_photo_00494,r180_00494_top_left,data/external_uav/uav_pdd2023/extracted/JPEGImages/r180_00494_top_left.jpg,1,0,0,0,1,0.0,0.0,0.0,0.0,true,"{""0"": {""fn"": 0, ""fp"": 0, ""gt"": 0, ""iou_sum"": 0.0, ""matched"": 0, ""pred"": 0, ""tp"": 0}, ""1"": {""fn"": 1, ""fp"": 0, ""gt"": 1, ""iou_sum"": 0.0, ""matched"": 0, ""pred"": 0, ""tp"": 0}, ""2"": {""fn"": 0, ""fp"": 0, ""gt"": 0, ""iou_sum"": 0.0, ""matched"": 0, ""pred"": 0, ""tp"": 0}, ""3"": {""fn"": 0, ""fp"": 0, ""gt"": 0, ""iou_sum"": 0.0, ""matched"": 0, ""pred"": 0, ""tp"": 0}}","[[1.0, 0.006172844999999996, 0.0622428, 0.14236111499999998, 0.13425926]]",[]
m_uav1,M-UAV1,uav_pdd2023::phash6_f8af6414e425::lr_00400_top_left,uav_pdd2023,UAV-PDD,source_photo_00400,lr_00400_top_left,data/external_uav/uav_pdd2023/extracted/JPEGImages/lr_00400_top_left.jpg,2,3,2,1,0,0.6666666666666666,1.0,0.8,0.5523876959370219,false,"{""0"": {""fn"": 0, ""fp"": 0, ""gt"": 0, ""iou_sum"": 0.0, ""matched"": 0, ""pred"": 0, ""tp"": 0}, ""1"": {""fn"": 0, ""fp"": 1, ""gt"": 2, ""iou_sum"": 1.1047753918740437, ""matched"": 2, ""pred"": 3, ""tp"": 2}, ""2"": {""fn"": 0, ""fp"": 0, ""gt"": 0, ""iou_sum"": 0.0, ""matched"": 0, ""pred"": 0, ""tp"": 0}, ""3"": {""fn"": 0, ""fp"": 0, ""gt"": 0, ""iou_sum"": 0.0, ""matched"": 0, ""pred"": 0, ""tp"": 0}}","[[1.0, 0.672067905, 0.8163580300000001, 0.776620375, 0.86368313], [1.0, 0.46373456500000004, 0.46039094, 0.6280864150000001, 0.50668724]]","[[1.0, 0.668760605800299, 0.8198088343741963, 0.8046277835045332, 0.848096305941358, 0.558699905872345], [1.0, 0.3778279622395833, 0.45658569963871204, 0.6293080647786459, 0.507197847091612, 0.43331441283226013], [1.0, 0.6788831169222608, 0.8150259889202354, 0.8156998245804398, 0.8460246270576132, 0.3377026915550232]]"
m_uav1,M-UAV1,uav_pdd2023::phash6_faed9ddec78a::r180_00435_top_right,uav_pdd2023,UAV-PDD,source_photo_00435,r180_00435_top_right,data/external_uav/uav_pdd2023/extracted/JPEGImages/r180_00435_top_right.jpg,1,2,1,1,0,0.5,1.0,0.6666666666666666,0.7963221814988767,false,"{""0"": {""fn"": 0, ""fp"": 0, ""gt"": 0, ""iou_sum"": 0.0, ""matched"": 0, ""pred"": 0, ""tp"": 0}, ""1"": {""fn"": 0, ""fp"": 1, ""gt"": 1, ""iou_sum"": 0.7963221814988767, ""matched"": 1, ""pred"": 2, ""tp"": 1}, ""2"": {""fn"": 0, ""fp"": 0, ""gt"": 0, ""iou_sum"": 0.0, ""matched"": 0, ""pred"": 0, ""tp"": 0}, ""3"": {""fn"": 0, ""fp"": 0, ""gt"": 0, ""iou_sum"": 0.0, ""matched"": 0, ""pred"": 0, ""tp"": 0}}","[[1.0, 0.151234565, 0.591049385, 0.327160495, 0.6275720149999999]]","[[1.0, 0.16120243072509766, 0.5913751547228653, 0.32666922204288434, 0.6341958379549254, 0.8756182193756104], [1.0, 0.16980642153892989, 0.599074563862365, 0.32608785747010033, 0.63027903866866, 0.4090239405632019]]"
m_uav1,M-UAV1,uav_pdd2023::phash6_fcaae200945f::r180_00463_top_right,uav_pdd2023,UAV-PDD,source_photo_00463,r180_00463_top_right,data/external_uav/uav_pdd2023/extracted/JPEGImages/r180_00463_top_right.jpg,3,1,1,0,2,1.0,0.3333333333333333,0.5,0.724591222743157,false,"{""0"": {""fn"": 1, ""fp"": 0, ""gt"": 1, ""iou_sum"": 0.0, ""matched"": 0, ""pred"": 0, ""tp"": 0}, ""1"": {""fn"": 1, ""fp"": 0, ""gt"": 2, ""iou_sum"": 0.724591222743157, ""matched"": 1, ""pred"": 1, ""tp"": 1}, ""2"": {""fn"": 0, ""fp"": 0, ""gt"": 0, ""iou_sum"": 0.0, ""matched"": 0, ""pred"": 0, ""tp"": 0}, ""3"": {""fn"": 0, ""fp"": 0, ""gt"": 0, ""iou_sum"": 0.0, ""matched"": 0, ""pred"": 0, ""tp"": 0}}","[[1.0, 0.49614197, 0.840534985, 0.98611111, 0.901748975], [0.0, 0.846064815, 0.023662544999999993, 0.891975305, 0.168209875], [1.0, 0.14120370000000002, 0.59516461, 0.45640432, 0.6893004100000001]]","[[1.0, 0.46446279831874515, 0.8449531837745949, 0.9976476975429205, 0.8923365589031957, 0.31315067410469055]]"
