"oftcode","boroughname","onstreetna","fromstreet","tostreetna","inspection","systemrating"
"110010118430118450","Manhattan","1 AVENUE","EAST 72 STREET","EAST 73 STREET","2018-04-14T00:00:00.000","9.11"
"110010118430118450","Manhattan","1 AVENUE","EAST 72 STREET","EAST 73 STREET","2018-09-01T00:00:00.000","9.19"
"110010118430118450","Manhattan","1 AVENUE","EAST 72 STREET","EAST 73 STREET","2019-08-17T00:00:00.000","9.11"
"110010118430118450","Manhattan","1 AVENUE","EAST 72 STREET","EAST 73 STREET","2020-10-03T00:00:00.000","8.39"
"110010118430118450","Manhattan","1 AVENUE","EAST 72 STREET","EAST 73 STREET","2022-04-23T00:00:00.000","7.89"
"110010118430118450","Manhattan","1 AVENUE","EAST 72 STREET","EAST 73 STREET","2023-01-14T00:00:00.000","8.0"
"110010118430118450","Manhattan","1 AVENUE","EAST 72 STREET","EAST 73 STREET","2024-03-24T00:00:00.000","6.27"
"110010118430118450","Manhattan","1 AVENUE","EAST 72 STREET","EAST 73 STREET","2025-07-06T00:00:00.000","7.56"
"110010118430118450","Manhattan","1 AVENUE","EAST 72 STREET","EAST 73 STREET","2026-07-10T00:00:00.000","8.77"
"110010118450118470","Manhattan","1 AVENUE","EAST 73 STREET","EAST 74 STREET","2018-04-14T00:00:00.000","8.05"
"110010118450118470","Manhattan","1 AVENUE","EAST 73 STREET","EAST 74 STREET","2018-09-01T00:00:00.000","9.93"
"110010118450118470","Manhattan","1 AVENUE","EAST 73 STREET","EAST 74 STREET","2019-08-17T00:00:00.000","9.93"
"110010118450118470","Manhattan","1 AVENUE","EAST 73 STREET","EAST 74 STREET","2020-10-03T00:00:00.000","8.25"
"110010118450118470","Manhattan","1 AVENUE","EAST 73 STREET","EAST 74 STREET","2022-04-23T00:00:00.000","8.0"
"110010118450118470","Manhattan","1 AVENUE","EAST 73 STREET","EAST 74 STREET","2023-01-14T00:00:00.000","9.01"
"110010118450118470","Manhattan","1 AVENUE","EAST 73 STREET","EAST 74 STREET","2024-03-24T00:00:00.000","7.75"
"110010118450118470","Manhattan","1 AVENUE","EAST 73 STREET","EAST 74 STREET","2025-07-06T00:00:00.000","7.41"
"110010118450118470","Manhattan","1 AVENUE","EAST 73 STREET","EAST 74 STREET","2026-07-10T00:00:00.000","8.14"
"110010118470118490","Manhattan","1 AVENUE","EAST 74 STREET","EAST 75 STREET","2018-04-14T00:00:00.000","9.11"
"110010118470118490","Manhattan","1 AVENUE","EAST 74 STREET","EAST 75 STREET","2018-09-01T00:00:00.000","9.93"
"110010118470118490","Manhattan","1 AVENUE","EAST 74 STREET","EAST 75 STREET","2019-08-17T00:00:00.000","9.11"
"110010118470118490","Manhattan","1 AVENUE","EAST 74 STREET","EAST 75 STREET","2020-10-03T00:00:00.000","8.39"
"110010118470118490","Manhattan","1 AVENUE","EAST 74 STREET","EAST 75 STREET","2022-04-23T00:00:00.000","8.77"
"110010118470118490","Manhattan","1 AVENUE","EAST 74 STREET","EAST 75 STREET","2023-01-14T00:00:00.000","9.11"
"110010118470118490","Manhattan","1 AVENUE","EAST 74 STREET","EAST 75 STREET","2024-03-24T00:00:00.000","7.79"
"110010118470118490","Manhattan","1 AVENUE","EAST 74 STREET","EAST 75 STREET","2025-07-06T00:00:00.000","7.56"
"110010118470118490","Manhattan","1 AVENUE","EAST 74 STREET","EAST 75 STREET","2026-07-10T00:00:00.000","8.24"
"110010118490118510","Manhattan","1 AVENUE","EAST 75 STREET","EAST 76 STREET","2018-04-14T00:00:00.000","9.11"
"110010118490118510","Manhattan","1 AVENUE","EAST 75 STREET","EAST 76 STREET","2018-09-01T00:00:00.000","9.93"
"110010118490118510","Manhattan","1 AVENUE","EAST 75 STREET","EAST 76 STREET","2019-08-17T00:00:00.000","9.11"
"110010118490118510","Manhattan","1 AVENUE","EAST 75 STREET","EAST 76 STREET","2020-10-03T00:00:00.000","8.49"
"110010118490118510","Manhattan","1 AVENUE","EAST 75 STREET","EAST 76 STREET","2022-04-23T00:00:00.000","8.59"
"110010118490118510","Manhattan","1 AVENUE","EAST 75 STREET","EAST 76 STREET","2023-01-14T00:00:00.000","9.01"
"110010118490118510","Manhattan","1 AVENUE","EAST 75 STREET","EAST 76 STREET","2024-03-24T00:00:00.000","7.36"
"110010118490118510","Manhattan","1 AVENUE","EAST 75 STREET","EAST 76 STREET","2025-07-06T00:00:00.000","7.41"
"110010118490118510","Manhattan","1 AVENUE","EAST 75 STREET","EAST 76 STREET","2026-07-10T00:00:00.000","6.9"
"110010118510118530","Manhattan","1 AVENUE","EAST 76 STREET","EAST 77 STREET","2018-06-02T00:00:00.000","9.11"
"110010118510118530","Manhattan","1 AVENUE","EAST 76 STREET","EAST 77 STREET","2018-09-01T00:00:00.000","9.93"
"110010118510118530","Manhattan","1 AVENUE","EAST 76 STREET","EAST 77 STREET","2019-08-17T00:00:00.000","9.93"
"110010118510118530","Manhattan","1 AVENUE","EAST 76 STREET","EAST 77 STREET","2020-10-03T00:00:00.000","8.39"
"110010118510118530","Manhattan","1 AVENUE","EAST 76 STREET","EAST 77 STREET","2022-04-23T00:00:00.000","8.15"
"110010118510118530","Manhattan","1 AVENUE","EAST 76 STREET","EAST 77 STREET","2023-01-14T00:00:00.000","9.11"
"110010118510118530","Manhattan","1 AVENUE","EAST 76 STREET","EAST 77 STREET","2024-03-24T00:00:00.000","7.21"
"110010118510118530","Manhattan","1 AVENUE","EAST 76 STREET","EAST 77 STREET","2025-07-06T00:00:00.000","6.92"
"110010118510118530","Manhattan","1 AVENUE","EAST 76 STREET","EAST 77 STREET","2026-07-10T00:00:00.000","9.59"
"110010118530118550","Manhattan","1 AVENUE","EAST 77 STREET","EAST 78 STREET","2018-06-02T00:00:00.000","9.93"
"110010118530118550","Manhattan","1 AVENUE","EAST 77 STREET","EAST 78 STREET","2018-09-01T00:00:00.000","9.93"
"110010118530118550","Manhattan","1 AVENUE","EAST 77 STREET","EAST 78 STREET","2019-08-17T00:00:00.000","9.93"
"110010118530118550","Manhattan","1 AVENUE","EAST 77 STREET","EAST 78 STREET","2020-10-03T00:00:00.000","9.93"
"110010118530118550","Manhattan","1 AVENUE","EAST 77 STREET","EAST 78 STREET","2022-04-23T00:00:00.000","8.77"
"110010118530118550","Manhattan","1 AVENUE","EAST 77 STREET","EAST 78 STREET","2023-01-14T00:00:00.000","9.11"
"110010118530118550","Manhattan","1 AVENUE","EAST 77 STREET","EAST 78 STREET","2024-03-24T00:00:00.000","7.57"
"110010118530118550","Manhattan","1 AVENUE","EAST 77 STREET","EAST 78 STREET","2025-07-06T00:00:00.000","7.59"
"110010118530118550","Manhattan","1 AVENUE","EAST 77 STREET","EAST 78 STREET","2026-07-10T00:00:00.000","9.59"
"110010118550118570","Manhattan","1 AVENUE","EAST 78 STREET","EAST 79 STREET","2018-06-02T00:00:00.000","9.11"
"110010118550118570","Manhattan","1 AVENUE","EAST 78 STREET","EAST 79 STREET","2018-09-01T00:00:00.000","9.11"
"110010118550118570","Manhattan","1 AVENUE","EAST 78 STREET","EAST 79 STREET","2019-08-17T00:00:00.000","9.93"
"110010118550118570","Manhattan","1 AVENUE","EAST 78 STREET","EAST 79 STREET","2020-10-03T00:00:00.000","9.11"
"110010118550118570","Manhattan","1 AVENUE","EAST 78 STREET","EAST 79 STREET","2022-04-23T00:00:00.000","9.01"
"110010118550118570","Manhattan","1 AVENUE","EAST 78 STREET","EAST 79 STREET","2023-01-14T00:00:00.000","8.24"
"110010118550118570","Manhattan","1 AVENUE","EAST 78 STREET","EAST 79 STREET","2024-03-24T00:00:00.000","7.45"
"110010118550118570","Manhattan","1 AVENUE","EAST 78 STREET","EAST 79 STREET","2025-07-06T00:00:00.000","8.8"
"110010118550118570","Manhattan","1 AVENUE","EAST 78 STREET","EAST 79 STREET","2026-07-10T00:00:00.000","9.93"
"110010118570118590","Manhattan","1 AVENUE","EAST 79 STREET","EAST 80 STREET","2018-06-02T00:00:00.000","9.11"
"110010118570118590","Manhattan","1 AVENUE","EAST 79 STREET","EAST 80 STREET","2018-09-01T00:00:00.000","9.93"
"110010118570118590","Manhattan","1 AVENUE","EAST 79 STREET","EAST 80 STREET","2019-08-17T00:00:00.000","9.93"
"110010118570118590","Manhattan","1 AVENUE","EAST 79 STREET","EAST 80 STREET","2020-10-03T00:00:00.000","9.93"
"110010118570118590","Manhattan","1 AVENUE","EAST 79 STREET","EAST 80 STREET","2022-04-23T00:00:00.000","8.77"
"110010118570118590","Manhattan","1 AVENUE","EAST 79 STREET","EAST 80 STREET","2023-01-14T00:00:00.000","9.11"
"110010118570118590","Manhattan","1 AVENUE","EAST 79 STREET","EAST 80 STREET","2024-03-24T00:00:00.000","9.14"
"110010118570118590","Manhattan","1 AVENUE","EAST 79 STREET","EAST 80 STREET","2025-07-06T00:00:00.000","7.56"
"110010118570118590","Manhattan","1 AVENUE","EAST 79 STREET","EAST 80 STREET","2026-07-10T00:00:00.000","9.93"
"110010118590118610","Manhattan","1 AVENUE","EAST 80 STREET","EAST 81 STREET","2018-06-02T00:00:00.000","9.93"
"110010118590118610","Manhattan","1 AVENUE","EAST 80 STREET","EAST 81 STREET","2018-09-01T00:00:00.000","9.93"
"110010118590118610","Manhattan","1 AVENUE","EAST 80 STREET","EAST 81 STREET","2019-08-17T00:00:00.000","9.93"
"110010118590118610","Manhattan","1 AVENUE","EAST 80 STREET","EAST 81 STREET","2020-10-03T00:00:00.000","9.93"
"110010118590118610","Manhattan","1 AVENUE","EAST 80 STREET","EAST 81 STREET","2022-04-23T00:00:00.000","8.77"
"110010118590118610","Manhattan","1 AVENUE","EAST 80 STREET","EAST 81 STREET","2023-01-14T00:00:00.000","9.11"
"110010118590118610","Manhattan","1 AVENUE","EAST 80 STREET","EAST 81 STREET","2024-03-24T00:00:00.000","9.14"
"110010118590118610","Manhattan","1 AVENUE","EAST 80 STREET","EAST 81 STREET","2025-07-06T00:00:00.000","9.44"
"110010118590118610","Manhattan","1 AVENUE","EAST 80 STREET","EAST 81 STREET","2026-07-10T00:00:00.000","8.05"
"110010118610118630","Manhattan","1 AVENUE","EAST 81 STREET","EAST 82 STREET","2018-06-02T00:00:00.000","9.93"
"110010118610118630","Manhattan","1 AVENUE","EAST 81 STREET","EAST 82 STREET","2018-09-01T00:00:00.000","9.93"
"110010118610118630","Manhattan","1 AVENUE","EAST 81 STREET","EAST 82 STREET","2019-08-17T00:00:00.000","9.93"
"110010118610118630","Manhattan","1 AVENUE","EAST 81 STREET","EAST 82 STREET","2020-10-03T00:00:00.000","8.49"
"110010118610118630","Manhattan","1 AVENUE","EAST 81 STREET","EAST 82 STREET","2022-04-23T00:00:00.000","8.87"
"110010118610118630","Manhattan","1 AVENUE","EAST 81 STREET","EAST 82 STREET","2023-01-14T00:00:00.000","9.93"
"110010118610118630","Manhattan","1 AVENUE","EAST 81 STREET","EAST 82 STREET","2024-03-24T00:00:00.000","9.26"
"110010118610118630","Manhattan","1 AVENUE","EAST 81 STREET","EAST 82 STREET","2025-07-06T00:00:00.000","9.44"
"110010118610118630","Manhattan","1 AVENUE","EAST 81 STREET","EAST 82 STREET","2026-07-10T00:00:00.000","9.83"
"110010118630118650","Manhattan","1 AVENUE","EAST 82 STREET","EAST 83 STREET","2018-06-02T00:00:00.000","9.11"
"110010118630118650","Manhattan","1 AVENUE","EAST 82 STREET","EAST 83 STREET","2018-09-01T00:00:00.000","9.93"
"110010118630118650","Manhattan","1 AVENUE","EAST 82 STREET","EAST 83 STREET","2019-08-17T00:00:00.000","9.93"
"110010118630118650","Manhattan","1 AVENUE","EAST 82 STREET","EAST 83 STREET","2020-10-03T00:00:00.000","9.11"
"110010118630118650","Manhattan","1 AVENUE","EAST 82 STREET","EAST 83 STREET","2022-04-23T00:00:00.000","8.69"
"110010118630118650","Manhattan","1 AVENUE","EAST 82 STREET","EAST 83 STREET","2023-01-14T00:00:00.000","9.11"
"110010118630118650","Manhattan","1 AVENUE","EAST 82 STREET","EAST 83 STREET","2024-03-24T00:00:00.000","7.27"
"110010118630118650","Manhattan","1 AVENUE","EAST 82 STREET","EAST 83 STREET","2025-07-06T00:00:00.000","8.14"
"110010118630118650","Manhattan","1 AVENUE","EAST 82 STREET","EAST 83 STREET","2026-07-10T00:00:00.000","7.77"
"110010118650118670","Manhattan","1 AVENUE","EAST 83 STREET","EAST 84 STREET","2018-06-02T00:00:00.000","9.11"
"110010118650118670","Manhattan","1 AVENUE","EAST 83 STREET","EAST 84 STREET","2018-09-01T00:00:00.000","9.11"
"110010118650118670","Manhattan","1 AVENUE","EAST 83 STREET","EAST 84 STREET","2019-08-17T00:00:00.000","9.11"
"110010118650118670","Manhattan","1 AVENUE","EAST 83 STREET","EAST 84 STREET","2020-10-03T00:00:00.000","9.69"
"110010118650118670","Manhattan","1 AVENUE","EAST 83 STREET","EAST 84 STREET","2022-04-23T00:00:00.000","8.87"
"110010118650118670","Manhattan","1 AVENUE","EAST 83 STREET","EAST 84 STREET","2023-01-14T00:00:00.000","7.24"
"110010118650118670","Manhattan","1 AVENUE","EAST 83 STREET","EAST 84 STREET","2024-03-24T00:00:00.000","6.45"
"110010118650118670","Manhattan","1 AVENUE","EAST 83 STREET","EAST 84 STREET","2025-07-06T00:00:00.000","9.44"
"110010118650118670","Manhattan","1 AVENUE","EAST 83 STREET","EAST 84 STREET","2026-07-10T00:00:00.000","9.29"
"110010118670118690","Manhattan","1 AVENUE","EAST   84 STREET","EAST   85 STREET","2018-06-02T00:00:00.000","9.01"
"110010118670118690","Manhattan","1 AVENUE","EAST   84 STREET","EAST   85 STREET","2018-09-01T00:00:00.000","8.05"
"110010118670118690","Manhattan","1 AVENUE","EAST   84 STREET","EAST   85 STREET","2019-08-17T00:00:00.000","9.11"
"110010118670118690","Manhattan","1 AVENUE","EAST   84 STREET","EAST   85 STREET","2020-10-03T00:00:00.000","9.93"
"110010118670118690","Manhattan","1 AVENUE","EAST   84 STREET","EAST   85 STREET","2022-04-23T00:00:00.000","8.87"
"110010118670118690","Manhattan","1 AVENUE","EAST   84 STREET","EAST   85 STREET","2023-01-14T00:00:00.000","9.01"
"110010118670118690","Manhattan","1 AVENUE","EAST   84 STREET","EAST   85 STREET","2024-03-24T00:00:00.000","7.23"
"110010118670118690","Manhattan","1 AVENUE","EAST   84 STREET","EAST   85 STREET","2025-07-06T00:00:00.000","7.75"
"110010118670118690","Manhattan","1 AVENUE","EAST   84 STREET","EAST   85 STREET","2026-07-10T00:00:00.000","9.83"
"110010118690118710","Manhattan","1 AVENUE","EAST   85 STREET","EAST   86 STREET","2018-06-02T00:00:00.000","9.03"
"110010118690118710","Manhattan","1 AVENUE","EAST   85 STREET","EAST   86 STREET","2018-09-01T00:00:00.000","9.93"
"110010118690118710","Manhattan","1 AVENUE","EAST   85 STREET","EAST   86 STREET","2019-08-17T00:00:00.000","9.11"
"110010118690118710","Manhattan","1 AVENUE","EAST   85 STREET","EAST   86 STREET","2020-10-03T00:00:00.000","8.25"
"110010118690118710","Manhattan","1 AVENUE","EAST   85 STREET","EAST   86 STREET","2022-04-23T00:00:00.000","8.05"
"110010118690118710","Manhattan","1 AVENUE","EAST   85 STREET","EAST   86 STREET","2023-01-14T00:00:00.000","8.62"
"110010118690118710","Manhattan","1 AVENUE","EAST   85 STREET","EAST   86 STREET","2024-03-24T00:00:00.000","6.42"
"110010118690118710","Manhattan","1 AVENUE","EAST   85 STREET","EAST   86 STREET","2025-07-06T00:00:00.000","7.38"
"110010118690118710","Manhattan","1 AVENUE","EAST   85 STREET","EAST   86 STREET","2026-07-10T00:00:00.000","8.62"
"110210117870117890","Manhattan","3 AVENUE","EAST 44 STREET","EAST 45 STREET","2018-02-24T00:00:00.000","6.82"
"110210117870117890","Manhattan","3 AVENUE","EAST 44 STREET","EAST 45 STREET","2019-05-25T00:00:00.000","5.07"
"110210117870117890","Manhattan","3 AVENUE","EAST 44 STREET","EAST 45 STREET","2019-09-21T00:00:00.000","7.9"
"110210117870117890","Manhattan","3 AVENUE","EAST 44 STREET","EAST 45 STREET","2020-10-31T00:00:00.000","10.0"
"110210117870117890","Manhattan","3 AVENUE","EAST 44 STREET","EAST 45 STREET","2022-04-16T00:00:00.000","8.25"
"110210117870117890","Manhattan","3 AVENUE","EAST 44 STREET","EAST 45 STREET","2023-04-15T00:00:00.000","9.11"
"110210117870117890","Manhattan","3 AVENUE","EAST 44 STREET","EAST 45 STREET","2024-07-06T00:00:00.000","8.87"
"110210117870117890","Manhattan","3 AVENUE","EAST 44 STREET","EAST 45 STREET","2025-07-06T00:00:00.000","6.77"
"110210117870117890","Manhattan","3 AVENUE","EAST 44 STREET","EAST 45 STREET","2026-07-11T00:00:00.000","6.6"
"110210118150118170","Manhattan","3 AVENUE","EAST 58 STREET","EAST 59 STREET","2020-10-31T00:00:00.000","10.0"
"110210118150118170","Manhattan","3 AVENUE","EAST 58 STREET","EAST 59 STREET","2020-10-31T00:00:00.000","10.0"
"110210118150118170","Manhattan","3 AVENUE","EAST 58 STREET","EAST 59 STREET","2022-04-16T00:00:00.000","9.11"
"110210118150118170","Manhattan","3 AVENUE","EAST 58 STREET","EAST 59 STREET","2022-04-16T00:00:00.000","9.11"
"110210118150118170","Manhattan","3 AVENUE","EAST 58 STREET","EAST 59 STREET","2022-06-12T00:00:00.000","9.11"
"110210118150118170","Manhattan","3 AVENUE","EAST 58 STREET","EAST 59 STREET","2022-06-12T00:00:00.000","9.11"
"110210118150118170","Manhattan","3 AVENUE","EAST 58 STREET","EAST 59 STREET","2023-04-22T00:00:00.000","8.87"
"110210118150118170","Manhattan","3 AVENUE","EAST 58 STREET","EAST 59 STREET","2023-04-22T00:00:00.000","8.87"
"110210118150118170","Manhattan","3 AVENUE","EAST 58 STREET","EAST 59 STREET","2023-11-04T00:00:00.000","8.87"
"110210118150118170","Manhattan","3 AVENUE","EAST 58 STREET","EAST 59 STREET","2023-11-04T00:00:00.000","8.87"
"110210118150118170","Manhattan","3 AVENUE","EAST 58 STREET","EAST 59 STREET","2024-07-06T00:00:00.000","8.1"
"110210118150118170","Manhattan","3 AVENUE","EAST 58 STREET","EAST 59 STREET","2024-07-06T00:00:00.000","8.1"
"110210118150118170","Manhattan","3 AVENUE","EAST 58 STREET","EAST 59 STREET","2024-11-23T00:00:00.000","8.58"
"110210118150118170","Manhattan","3 AVENUE","EAST 58 STREET","EAST 59 STREET","2024-11-23T00:00:00.000","8.58"
"110210118150118170","Manhattan","3 AVENUE","EAST 58 STREET","EAST 59 STREET","2025-07-06T00:00:00.000","7.85"
"110210118150118170","Manhattan","3 AVENUE","EAST 58 STREET","EAST 59 STREET","2025-07-06T00:00:00.000","7.85"
"110210118150118170","Manhattan","3 AVENUE","EAST 58 STREET","EAST 59 STREET","2026-07-11T00:00:00.000","9.54"
"110210118150118170","Manhattan","3 AVENUE","EAST 58 STREET","EAST 59 STREET","2026-07-11T00:00:00.000","9.54"
"110210118190113113","Manhattan","3 AVENUE","EAST 60 STREET","BEND","2018-06-23T00:00:00.000","6.19"
"110210118190113113","Manhattan","3 AVENUE","EAST 60 STREET","BEND","2018-09-01T00:00:00.000","4.64"
"110210118190113113","Manhattan","3 AVENUE","EAST 60 STREET","BEND","2019-08-17T00:00:00.000","4.55"
"110210118190113113","Manhattan","3 AVENUE","EAST 60 STREET","BEND","2020-10-03T00:00:00.000","6.76"
"110210118190113113","Manhattan","3 AVENUE","EAST 60 STREET","BEND","2022-04-23T00:00:00.000","5.33"
"110210118190113113","Manhattan","3 AVENUE","EAST 60 STREET","BEND","2023-01-14T00:00:00.000","2.07"
"110210118190113113","Manhattan","3 AVENUE","EAST 60 STREET","BEND","2024-07-06T00:00:00.000","2.56"
"110210118190113113","Manhattan","3 AVENUE","EAST 60 STREET","BEND","2025-07-06T00:00:00.000","4.59"
"110210118190113113","Manhattan","3 AVENUE","EAST 60 STREET","BEND","2026-07-10T00:00:00.000","3.25"
"110210118270118290","Manhattan","3 AVENUE","EAST 64 STREET","EAST 65 STREET","2018-04-14T00:00:00.000","9.11"
"110210118270118290","Manhattan","3 AVENUE","EAST 64 STREET","EAST 65 STREET","2018-09-01T00:00:00.000","9.11"
"110210118270118290","Manhattan","3 AVENUE","EAST 64 STREET","EAST 65 STREET","2019-08-17T00:00:00.000","9.93"
"110210118270118290","Manhattan","3 AVENUE","EAST 64 STREET","EAST 65 STREET","2020-10-03T00:00:00.000","9.01"
"110210118270118290","Manhattan","3 AVENUE","EAST 64 STREET","EAST 65 STREET","2022-04-23T00:00:00.000","7.75"
"110210118270118290","Manhattan","3 AVENUE","EAST 64 STREET","EAST 65 STREET","2023-01-14T00:00:00.000","9.93"
"110210118270118290","Manhattan","3 AVENUE","EAST 64 STREET","EAST 65 STREET","2024-07-06T00:00:00.000","7.26"
"110210118270118290","Manhattan","3 AVENUE","EAST 64 STREET","EAST 65 STREET","2025-07-06T00:00:00.000","6.57"
"110210118270118290","Manhattan","3 AVENUE","EAST 64 STREET","EAST 65 STREET","2026-07-10T00:00:00.000","6.75"
"110210118290118310","Manhattan","3 AVENUE","EAST 65 STREET","EAST 66 STREET","2018-04-14T00:00:00.000","9.93"
"110210118290118310","Manhattan","3 AVENUE","EAST 65 STREET","EAST 66 STREET","2018-09-01T00:00:00.000","8.05"
"110210118290118310","Manhattan","3 AVENUE","EAST 65 STREET","EAST 66 STREET","2019-08-17T00:00:00.000","9.75"
"110210118290118310","Manhattan","3 AVENUE","EAST 65 STREET","EAST 66 STREET","2020-10-03T00:00:00.000","7.14"
"110210118290118310","Manhattan","3 AVENUE","EAST 65 STREET","EAST 66 STREET","2022-04-23T00:00:00.000","6.75"
"110210118290118310","Manhattan","3 AVENUE","EAST 65 STREET","EAST 66 STREET","2023-01-14T00:00:00.000","7.23"
"110210118290118310","Manhattan","3 AVENUE","EAST 65 STREET","EAST 66 STREET","2024-07-06T00:00:00.000","6.03"
"110210118290118310","Manhattan","3 AVENUE","EAST 65 STREET","EAST 66 STREET","2025-07-06T00:00:00.000","6.6"
"110210118290118310","Manhattan","3 AVENUE","EAST 65 STREET","EAST 66 STREET","2026-07-10T00:00:00.000","6.3"
"110210118310130120","Manhattan","3 AVENUE","EAST 66 STREET","SAKHAROV-BONNER CORNER","2018-06-23T00:00:00.000","9.93"
"110210118310130120","Manhattan","3 AVENUE","EAST 66 STREET","SAKHAROV-BONNER CORNER","2018-09-01T00:00:00.000","9.93"
"110210118310130120","Manhattan","3 AVENUE","EAST 66 STREET","SAKHAROV-BONNER CORNER","2019-08-17T00:00:00.000","9.11"
"110210118310130120","Manhattan","3 AVENUE","EAST 66 STREET","SAKHAROV-BONNER CORNER","2020-10-03T00:00:00.000","7.71"
"110210118310130120","Manhattan","3 AVENUE","EAST 66 STREET","SAKHAROV-BONNER CORNER","2022-04-23T00:00:00.000","7.64"
"110210118310130120","Manhattan","3 AVENUE","EAST 66 STREET","SAKHAROV-BONNER CORNER","2023-01-14T00:00:00.000","9.11"
"110210118310130120","Manhattan","3 AVENUE","EAST 66 STREET","SAKHAROV-BONNER CORNER","2024-01-13T00:00:00.000","8.62"
"110210118310130120","Manhattan","3 AVENUE","EAST 66 STREET","SAKHAROV-BONNER CORNER","2025-07-06T00:00:00.000","7.4"
"110210118310130120","Manhattan","3 AVENUE","EAST 66 STREET","SAKHAROV-BONNER CORNER","2026-07-10T00:00:00.000","7.9"
"110210118350118370","Manhattan","3 AVENUE","EAST 68 STREET","EAST 69 STREET","2018-04-14T00:00:00.000","9.11"
"110210118350118370","Manhattan","3 AVENUE","EAST 68 STREET","EAST 69 STREET","2018-09-01T00:00:00.000","9.11"
"110210118350118370","Manhattan","3 AVENUE","EAST 68 STREET","EAST 69 STREET","2019-08-17T00:00:00.000","8.49"
"110210118350118370","Manhattan","3 AVENUE","EAST 68 STREET","EAST 69 STREET","2020-10-03T00:00:00.000","7.75"
"110210118350118370","Manhattan","3 AVENUE","EAST 68 STREET","EAST 69 STREET","2022-04-23T00:00:00.000","8.87"
"110210118350118370","Manhattan","3 AVENUE","EAST 68 STREET","EAST 69 STREET","2023-01-14T00:00:00.000","8.48"
"110210118350118370","Manhattan","3 AVENUE","EAST 68 STREET","EAST 69 STREET","2024-01-13T00:00:00.000","8.87"
"110210118350118370","Manhattan","3 AVENUE","EAST 68 STREET","EAST 69 STREET","2025-07-06T00:00:00.000","6.86"
"110210118350118370","Manhattan","3 AVENUE","EAST 68 STREET","EAST 69 STREET","2026-07-10T00:00:00.000","5.34"
"110210118350130120","Manhattan","3 AVENUE","EAST 68 STREET","SAKHAROV-BONNER CORNER","2018-06-23T00:00:00.000","8.24"
"110210118350130120","Manhattan","3 AVENUE","EAST 68 STREET","SAKHAROV-BONNER CORNER","2018-09-01T00:00:00.000","9.19"
"110210118350130120","Manhattan","3 AVENUE","EAST 68 STREET","SAKHAROV-BONNER CORNER","2019-08-17T00:00:00.000","9.11"
"110210118350130120","Manhattan","3 AVENUE","EAST 68 STREET","SAKHAROV-BONNER CORNER","2020-10-03T00:00:00.000","7.66"
"110210118350130120","Manhattan","3 AVENUE","EAST 68 STREET","SAKHAROV-BONNER CORNER","2022-04-23T00:00:00.000","8.87"
"110210118350130120","Manhattan","3 AVENUE","EAST 68 STREET","SAKHAROV-BONNER CORNER","2023-01-14T00:00:00.000","8.87"
"110210118350130120","Manhattan","3 AVENUE","EAST 68 STREET","SAKHAROV-BONNER CORNER","2024-01-13T00:00:00.000","8.0"
"110210118350130120","Manhattan","3 AVENUE","EAST 68 STREET","SAKHAROV-BONNER CORNER","2025-07-06T00:00:00.000","7.92"
"110210118350130120","Manhattan","3 AVENUE","EAST 68 STREET","SAKHAROV-BONNER CORNER","2026-07-10T00:00:00.000","6.54"
"110210118370118390","Manhattan","3 AVENUE","EAST 69 STREET","EAST 70 STREET","2018-04-14T00:00:00.000","9.69"
"110210118370118390","Manhattan","3 AVENUE","EAST 69 STREET","EAST 70 STREET","2018-09-01T00:00:00.000","9.93"
"110210118370118390","Manhattan","3 AVENUE","EAST 69 STREET","EAST 70 STREET","2019-08-17T00:00:00.000","9.11"
"110210118370118390","Manhattan","3 AVENUE","EAST 69 STREET","EAST 70 STREET","2020-10-03T00:00:00.000","9.11"
"110210118370118390","Manhattan","3 AVENUE","EAST 69 STREET","EAST 70 STREET","2022-04-23T00:00:00.000","7.9"
"110210118370118390","Manhattan","3 AVENUE","EAST 69 STREET","EAST 70 STREET","2023-01-14T00:00:00.000","8.86"
"110210118370118390","Manhattan","3 AVENUE","EAST 69 STREET","EAST 70 STREET","2024-01-13T00:00:00.000","8.87"
"110210118370118390","Manhattan","3 AVENUE","EAST 69 STREET","EAST 70 STREET","2025-07-06T00:00:00.000","8.96"
"110210118370118390","Manhattan","3 AVENUE","EAST 69 STREET","EAST 70 STREET","2026-07-10T00:00:00.000","5.92"
"110210118390118410","Manhattan","3 AVENUE","EAST 70 STREET","EAST 71 STREET","2018-04-14T00:00:00.000","9.11"
"110210118390118410","Manhattan","3 AVENUE","EAST 70 STREET","EAST 71 STREET","2018-09-01T00:00:00.000","9.93"
"110210118390118410","Manhattan","3 AVENUE","EAST 70 STREET","EAST 71 STREET","2019-08-17T00:00:00.000","9.8"
"110210118390118410","Manhattan","3 AVENUE","EAST 70 STREET","EAST 71 STREET","2020-10-03T00:00:00.000","8.14"
"110210118390118410","Manhattan","3 AVENUE","EAST 70 STREET","EAST 71 STREET","2022-04-23T00:00:00.000","8.69"
"110210118390118410","Manhattan","3 AVENUE","EAST 70 STREET","EAST 71 STREET","2023-01-14T00:00:00.000","9.11"
"110210118390118410","Manhattan","3 AVENUE","EAST 70 STREET","EAST 71 STREET","2024-03-24T00:00:00.000","8.42"
"110210118390118410","Manhattan","3 AVENUE","EAST 70 STREET","EAST 71 STREET","2025-07-06T00:00:00.000","6.19"
"110210118390118410","Manhattan","3 AVENUE","EAST 70 STREET","EAST 71 STREET","2026-07-10T00:00:00.000","8.76"
"110210118410118430","Manhattan","3 AVENUE","EAST 71 STREET","EAST 72 STREET","2018-04-14T00:00:00.000","8.05"
"110210118410118430","Manhattan","3 AVENUE","EAST 71 STREET","EAST 72 STREET","2018-09-01T00:00:00.000","9.11"
"110210118410118430","Manhattan","3 AVENUE","EAST 71 STREET","EAST 72 STREET","2019-08-17T00:00:00.000","9.11"
"110210118410118430","Manhattan","3 AVENUE","EAST 71 STREET","EAST 72 STREET","2020-10-03T00:00:00.000","8.87"
"110210118410118430","Manhattan","3 AVENUE","EAST 71 STREET","EAST 72 STREET","2022-04-23T00:00:00.000","7.9"
"110210118410118430","Manhattan","3 AVENUE","EAST 71 STREET","EAST 72 STREET","2023-01-14T00:00:00.000","9.01"
"110210118410118430","Manhattan","3 AVENUE","EAST 71 STREET","EAST 72 STREET","2024-03-24T00:00:00.000","7.72"
"110210118410118430","Manhattan","3 AVENUE","EAST 71 STREET","EAST 72 STREET","2025-07-06T00:00:00.000","7.39"
"110210118410118430","Manhattan","3 AVENUE","EAST 71 STREET","EAST 72 STREET","2026-07-10T00:00:00.000","6.72"
"111710136970136990","Manhattan","AMSTERDAM AVENUE","WEST 160 STREET","WEST 161 STREET","2018-03-31T00:00:00.000","7.14"
"111710136970136990","Manhattan","AMSTERDAM AVENUE","WEST 160 STREET","WEST 161 STREET","2019-12-07T00:00:00.000","5.77"
"111710136970136990","Manhattan","AMSTERDAM AVENUE","WEST 160 STREET","WEST 161 STREET","2020-02-08T00:00:00.000","5.77"
"111710136970136990","Manhattan","AMSTERDAM AVENUE","WEST 160 STREET","WEST 161 STREET","2021-05-15T00:00:00.000","6.69"
"111710136970136990","Manhattan","AMSTERDAM AVENUE","WEST 160 STREET","WEST 161 STREET","2022-06-11T00:00:00.000","5.43"
"111710136970136990","Manhattan","AMSTERDAM AVENUE","WEST 160 STREET","WEST 161 STREET","2023-08-05T00:00:00.000","5.34"
"111710136970136990","Manhattan","AMSTERDAM AVENUE","WEST 160 STREET","WEST 161 STREET","2024-09-14T00:00:00.000","10.0"
"111710136970136990","Manhattan","AMSTERDAM AVENUE","WEST 160 STREET","WEST 161 STREET","2025-08-23T00:00:00.000","10.0"
"111710136970136990","Manhattan","AMSTERDAM AVENUE","WEST 160 STREET","WEST 161 STREET","2026-07-08T00:00:00.000","9.93"
"113610113113117170","Manhattan","BROADWAY","BEND","EAST 9 STREET","2018-03-10T00:00:00.000","9.93"
"113610113113117170","Manhattan","BROADWAY","BEND","EAST 9 STREET","2018-03-24T00:00:00.000","10.0"
"113610113113117170","Manhattan","BROADWAY","BEND","EAST 9 STREET","2019-06-05T00:00:00.000","9.84"
"113610113113117170","Manhattan","BROADWAY","BEND","EAST 9 STREET","2020-11-07T00:00:00.000","9.93"
"113610113113117170","Manhattan","BROADWAY","BEND","EAST 9 STREET","2021-12-24T00:00:00.000","7.48"
"113610113113117170","Manhattan","BROADWAY","BEND","EAST 9 STREET","2023-01-07T00:00:00.000","9.69"
"113610113113117170","Manhattan","BROADWAY","BEND","EAST 9 STREET","2024-01-13T00:00:00.000","7.31"
"113610113113117170","Manhattan","BROADWAY","BEND","EAST 9 STREET","2025-04-05T00:00:00.000","4.91"
"113610113113117170","Manhattan","BROADWAY","BEND","EAST 9 STREET","2026-07-18T00:00:00.000","5.1"
"115710135070135090","Manhattan","COLUMBUS AVENUE","WEST 65 STREET","WEST 66 STREET","2018-10-20T00:00:00.000","8.0"
"115710135070135090","Manhattan","COLUMBUS AVENUE","WEST 65 STREET","WEST 66 STREET","2019-09-14T00:00:00.000","9.11"
"115710135070135090","Manhattan","COLUMBUS AVENUE","WEST 65 STREET","WEST 66 STREET","2020-10-10T00:00:00.000","9.93"
"115710135070135090","Manhattan","COLUMBUS AVENUE","WEST 65 STREET","WEST 66 STREET","2021-11-06T00:00:00.000","8.87"
"115710135070135090","Manhattan","COLUMBUS AVENUE","WEST 65 STREET","WEST 66 STREET","2021-12-19T00:00:00.000","8.87"
"115710135070135090","Manhattan","COLUMBUS AVENUE","WEST 65 STREET","WEST 66 STREET","2022-12-24T00:00:00.000","9.39"
"115710135070135090","Manhattan","COLUMBUS AVENUE","WEST 65 STREET","WEST 66 STREET","2024-01-13T00:00:00.000","8.64"
"115710135070135090","Manhattan","COLUMBUS AVENUE","WEST 65 STREET","WEST 66 STREET","2025-06-21T00:00:00.000","7.7"
"115710135070135090","Manhattan","COLUMBUS AVENUE","WEST 65 STREET","WEST 66 STREET","2026-07-08T00:00:00.000","8.76"
"115710135090135110","Manhattan","COLUMBUS AVENUE","WEST 66 STREET","WEST 67 STREET","2018-10-20T00:00:00.000","9.11"
"115710135090135110","Manhattan","COLUMBUS AVENUE","WEST 66 STREET","WEST 67 STREET","2019-09-14T00:00:00.000","9.11"
"115710135090135110","Manhattan","COLUMBUS AVENUE","WEST 66 STREET","WEST 67 STREET","2020-10-10T00:00:00.000","9.93"
"115710135090135110","Manhattan","COLUMBUS AVENUE","WEST 66 STREET","WEST 67 STREET","2021-11-06T00:00:00.000","8.14"
"115710135090135110","Manhattan","COLUMBUS AVENUE","WEST 66 STREET","WEST 67 STREET","2021-12-19T00:00:00.000","8.14"
"115710135090135110","Manhattan","COLUMBUS AVENUE","WEST 66 STREET","WEST 67 STREET","2022-12-24T00:00:00.000","9.11"
"115710135090135110","Manhattan","COLUMBUS AVENUE","WEST 66 STREET","WEST 67 STREET","2024-01-13T00:00:00.000","7.79"
"115710135090135110","Manhattan","COLUMBUS AVENUE","WEST 66 STREET","WEST 67 STREET","2025-06-21T00:00:00.000","8.0"
"115710135090135110","Manhattan","COLUMBUS AVENUE","WEST 66 STREET","WEST 67 STREET","2026-07-08T00:00:00.000","7.89"
"115710135110135130","Manhattan","COLUMBUS AVENUE","WEST 67 STREET","WEST 68 STREET","2018-10-20T00:00:00.000","8.69"
"115710135110135130","Manhattan","COLUMBUS AVENUE","WEST 67 STREET","WEST 68 STREET","2019-09-14T00:00:00.000","8.24"
"115710135110135130","Manhattan","COLUMBUS AVENUE","WEST 67 STREET","WEST 68 STREET","2020-10-10T00:00:00.000","9.19"
"115710135110135130","Manhattan","COLUMBUS AVENUE","WEST 67 STREET","WEST 68 STREET","2021-11-06T00:00:00.000","7.9"
"115710135110135130","Manhattan","COLUMBUS AVENUE","WEST 67 STREET","WEST 68 STREET","2021-12-19T00:00:00.000","7.9"
"115710135110135130","Manhattan","COLUMBUS AVENUE","WEST 67 STREET","WEST 68 STREET","2022-12-24T00:00:00.000","9.19"
"115710135110135130","Manhattan","COLUMBUS AVENUE","WEST 67 STREET","WEST 68 STREET","2024-01-13T00:00:00.000","7.64"
"115710135110135130","Manhattan","COLUMBUS AVENUE","WEST 67 STREET","WEST 68 STREET","2025-06-21T00:00:00.000","7.85"
"115710135110135130","Manhattan","COLUMBUS AVENUE","WEST 67 STREET","WEST 68 STREET","2026-07-08T00:00:00.000","8.0"
"115710135130135150","Manhattan","COLUMBUS AVENUE","WEST   68 STREET","WEST   69 STREET","2018-10-20T00:00:00.000","9.69"
"115710135130135150","Manhattan","COLUMBUS AVENUE","WEST   68 STREET","WEST   69 STREET","2019-09-14T00:00:00.000","9.11"
"115710135130135150","Manhattan","COLUMBUS AVENUE","WEST   68 STREET","WEST   69 STREET","2020-10-10T00:00:00.000","9.11"
"115710135130135150","Manhattan","COLUMBUS AVENUE","WEST   68 STREET","WEST   69 STREET","2021-11-06T00:00:00.000","8.87"
"115710135130135150","Manhattan","COLUMBUS AVENUE","WEST   68 STREET","WEST   69 STREET","2021-12-19T00:00:00.000","8.87"
"115710135130135150","Manhattan","COLUMBUS AVENUE","WEST   68 STREET","WEST   69 STREET","2022-12-24T00:00:00.000","9.93"
"115710135130135150","Manhattan","COLUMBUS AVENUE","WEST   68 STREET","WEST   69 STREET","2024-01-13T00:00:00.000","7.79"
"115710135130135150","Manhattan","COLUMBUS AVENUE","WEST   68 STREET","WEST   69 STREET","2025-06-21T00:00:00.000","7.0"
"115710135130135150","Manhattan","COLUMBUS AVENUE","WEST   68 STREET","WEST   69 STREET","2026-07-08T00:00:00.000","8.0"
"115710135150135170","Manhattan","COLUMBUS AVENUE","WEST   69 STREET","WEST   70 STREET","2018-10-20T00:00:00.000","9.11"
"115710135150135170","Manhattan","COLUMBUS AVENUE","WEST   69 STREET","WEST   70 STREET","2019-09-14T00:00:00.000","8.24"
"115710135150135170","Manhattan","COLUMBUS AVENUE","WEST   69 STREET","WEST   70 STREET","2020-10-10T00:00:00.000","9.19"
"115710135150135170","Manhattan","COLUMBUS AVENUE","WEST   69 STREET","WEST   70 STREET","2021-11-06T00:00:00.000","8.0"
"115710135150135170","Manhattan","COLUMBUS AVENUE","WEST   69 STREET","WEST   70 STREET","2021-12-19T00:00:00.000","8.0"
"115710135150135170","Manhattan","COLUMBUS AVENUE","WEST   69 STREET","WEST   70 STREET","2022-12-24T00:00:00.000","9.93"
"115710135150135170","Manhattan","COLUMBUS AVENUE","WEST   69 STREET","WEST   70 STREET","2024-01-13T00:00:00.000","7.34"
"115710135150135170","Manhattan","COLUMBUS AVENUE","WEST   69 STREET","WEST   70 STREET","2025-06-21T00:00:00.000","8.0"
"115710135150135170","Manhattan","COLUMBUS AVENUE","WEST   69 STREET","WEST   70 STREET","2026-07-08T00:00:00.000","7.9"
"115710135310135330","Manhattan","COLUMBUS AVENUE","WEST 77 STREET","WEST 78 STREET","2018-10-20T00:00:00.000","8.24"
"115710135310135330","Manhattan","COLUMBUS AVENUE","WEST 77 STREET","WEST 78 STREET","2019-09-14T00:00:00.000","7.02"
"115710135310135330","Manhattan","COLUMBUS AVENUE","WEST 77 STREET","WEST 78 STREET","2020-10-10T00:00:00.000","7.95"
"115710135310135330","Manhattan","COLUMBUS AVENUE","WEST 77 STREET","WEST 78 STREET","2021-11-06T00:00:00.000","7.75"
"115710135310135330","Manhattan","COLUMBUS AVENUE","WEST 77 STREET","WEST 78 STREET","2021-12-19T00:00:00.000","7.75"
"115710135310135330","Manhattan","COLUMBUS AVENUE","WEST 77 STREET","WEST 78 STREET","2022-12-24T00:00:00.000","7.76"
"115710135310135330","Manhattan","COLUMBUS AVENUE","WEST 77 STREET","WEST 78 STREET","2024-01-13T00:00:00.000","6.64"
"115710135310135330","Manhattan","COLUMBUS AVENUE","WEST 77 STREET","WEST 78 STREET","2025-06-21T00:00:00.000","6.72"
"115710135310135330","Manhattan","COLUMBUS AVENUE","WEST 77 STREET","WEST 78 STREET","2026-07-08T00:00:00.000","6.75"
"115710135330135350","Manhattan","COLUMBUS AVENUE","WEST 78 STREET","WEST 79 STREET","2018-10-20T00:00:00.000","8.86"
"115710135330135350","Manhattan","COLUMBUS AVENUE","WEST 78 STREET","WEST 79 STREET","2019-09-14T00:00:00.000","7.75"
"115710135330135350","Manhattan","COLUMBUS AVENUE","WEST 78 STREET","WEST 79 STREET","2020-10-10T00:00:00.000","9.01"
"115710135330135350","Manhattan","COLUMBUS AVENUE","WEST 78 STREET","WEST 79 STREET","2021-11-06T00:00:00.000","9.45"
"115710135330135350","Manhattan","COLUMBUS AVENUE","WEST 78 STREET","WEST 79 STREET","2021-12-19T00:00:00.000","9.45"
"115710135330135350","Manhattan","COLUMBUS AVENUE","WEST 78 STREET","WEST 79 STREET","2022-12-24T00:00:00.000","9.93"
"115710135330135350","Manhattan","COLUMBUS AVENUE","WEST 78 STREET","WEST 79 STREET","2024-01-13T00:00:00.000","9.33"
"115710135330135350","Manhattan","COLUMBUS AVENUE","WEST 78 STREET","WEST 79 STREET","2025-06-21T00:00:00.000","7.38"
"115710135330135350","Manhattan","COLUMBUS AVENUE","WEST 78 STREET","WEST 79 STREET","2026-07-08T00:00:00.000","6.75"
"115710135350135370","Manhattan","COLUMBUS AVENUE","WEST 79 STREET","WEST 80 STREET","2018-10-20T00:00:00.000","7.64"
"115710135350135370","Manhattan","COLUMBUS AVENUE","WEST 79 STREET","WEST 80 STREET","2019-09-14T00:00:00.000","7.26"
"115710135350135370","Manhattan","COLUMBUS AVENUE","WEST 79 STREET","WEST 80 STREET","2020-10-10T00:00:00.000","7.96"
"115710135350135370","Manhattan","COLUMBUS AVENUE","WEST 79 STREET","WEST 80 STREET","2021-11-06T00:00:00.000","7.42"
"115710135350135370","Manhattan","COLUMBUS AVENUE","WEST 79 STREET","WEST 80 STREET","2021-12-19T00:00:00.000","7.42"
"115710135350135370","Manhattan","COLUMBUS AVENUE","WEST 79 STREET","WEST 80 STREET","2022-12-24T00:00:00.000","8.87"
"115710135350135370","Manhattan","COLUMBUS AVENUE","WEST 79 STREET","WEST 80 STREET","2024-01-13T00:00:00.000","7.4"
"115710135350135370","Manhattan","COLUMBUS AVENUE","WEST 79 STREET","WEST 80 STREET","2025-06-21T00:00:00.000","7.39"
"115710135350135370","Manhattan","COLUMBUS AVENUE","WEST 79 STREET","WEST 80 STREET","2026-07-31T00:00:00.000","7.0"
"115710135410135430","Manhattan","COLUMBUS AVENUE","WEST 82 STREET","WEST 83 STREET","2018-11-03T00:00:00.000","10.0"
"115710135410135430","Manhattan","COLUMBUS AVENUE","WEST 82 STREET","WEST 83 STREET","2019-09-14T00:00:00.000","9.93"
"115710135410135430","Manhattan","COLUMBUS AVENUE","WEST 82 STREET","WEST 83 STREET","2020-10-10T00:00:00.000","10.0"
"115710135410135430","Manhattan","COLUMBUS AVENUE","WEST 82 STREET","WEST 83 STREET","2021-11-06T00:00:00.000","8.87"
"115710135410135430","Manhattan","COLUMBUS AVENUE","WEST 82 STREET","WEST 83 STREET","2021-12-19T00:00:00.000","8.87"
"115710135410135430","Manhattan","COLUMBUS AVENUE","WEST 82 STREET","WEST 83 STREET","2022-12-26T00:00:00.000","9.93"
"115710135410135430","Manhattan","COLUMBUS AVENUE","WEST 82 STREET","WEST 83 STREET","2024-01-13T00:00:00.000","7.72"
"115710135410135430","Manhattan","COLUMBUS AVENUE","WEST 82 STREET","WEST 83 STREET","2025-06-21T00:00:00.000","9.44"
"115710135410135430","Manhattan","COLUMBUS AVENUE","WEST 82 STREET","WEST 83 STREET","2026-07-08T00:00:00.000","8.62"
"115710135450135470","Manhattan","COLUMBUS AVENUE","WEST 84 STREET","WEST 85 STREET","2018-11-03T00:00:00.000","10.0"
"115710135450135470","Manhattan","COLUMBUS AVENUE","WEST 84 STREET","WEST 85 STREET","2019-09-14T00:00:00.000","9.93"
"115710135450135470","Manhattan","COLUMBUS AVENUE","WEST 84 STREET","WEST 85 STREET","2020-10-10T00:00:00.000","9.93"
"115710135450135470","Manhattan","COLUMBUS AVENUE","WEST 84 STREET","WEST 85 STREET","2021-11-06T00:00:00.000","8.87"
"115710135450135470","Manhattan","COLUMBUS AVENUE","WEST 84 STREET","WEST 85 STREET","2021-12-19T00:00:00.000","8.87"
"115710135450135470","Manhattan","COLUMBUS AVENUE","WEST 84 STREET","WEST 85 STREET","2022-12-26T00:00:00.000","9.11"
"115710135450135470","Manhattan","COLUMBUS AVENUE","WEST 84 STREET","WEST 85 STREET","2024-01-13T00:00:00.000","7.7"
"115710135450135470","Manhattan","COLUMBUS AVENUE","WEST 84 STREET","WEST 85 STREET","2025-06-21T00:00:00.000","6.42"
"115710135450135470","Manhattan","COLUMBUS AVENUE","WEST 84 STREET","WEST 85 STREET","2026-07-08T00:00:00.000","6.69"
"115710135470135490","Manhattan","COLUMBUS AVENUE","WEST 85 STREET","WEST 86 STREET","2018-11-03T00:00:00.000","10.0"
"115710135470135490","Manhattan","COLUMBUS AVENUE","WEST 85 STREET","WEST 86 STREET","2019-09-14T00:00:00.000","9.69"
"115710135470135490","Manhattan","COLUMBUS AVENUE","WEST 85 STREET","WEST 86 STREET","2020-10-10T00:00:00.000","9.93"
"115710135470135490","Manhattan","COLUMBUS AVENUE","WEST 85 STREET","WEST 86 STREET","2021-11-06T00:00:00.000","8.87"
"115710135470135490","Manhattan","COLUMBUS AVENUE","WEST 85 STREET","WEST 86 STREET","2021-12-19T00:00:00.000","8.87"
"115710135470135490","Manhattan","COLUMBUS AVENUE","WEST 85 STREET","WEST 86 STREET","2022-12-26T00:00:00.000","9.93"
"115710135470135490","Manhattan","COLUMBUS AVENUE","WEST 85 STREET","WEST 86 STREET","2024-01-13T00:00:00.000","7.45"
"115710135470135490","Manhattan","COLUMBUS AVENUE","WEST 85 STREET","WEST 86 STREET","2025-06-21T00:00:00.000","9.44"
"115710135470135490","Manhattan","COLUMBUS AVENUE","WEST 85 STREET","WEST 86 STREET","2026-07-08T00:00:00.000","7.6"
"115710135490135510","Manhattan","COLUMBUS AVENUE","WEST 86 STREET","WEST 87 STREET","2018-10-20T00:00:00.000","7.44"
"115710135490135510","Manhattan","COLUMBUS AVENUE","WEST 86 STREET","WEST 87 STREET","2019-09-14T00:00:00.000","8.87"
"115710135490135510","Manhattan","COLUMBUS AVENUE","WEST 86 STREET","WEST 87 STREET","2020-10-10T00:00:00.000","10.0"
"115710135490135510","Manhattan","COLUMBUS AVENUE","WEST 86 STREET","WEST 87 STREET","2021-11-06T00:00:00.000","8.87"
"115710135490135510","Manhattan","COLUMBUS AVENUE","WEST 86 STREET","WEST 87 STREET","2021-12-19T00:00:00.000","8.87"
"115710135490135510","Manhattan","COLUMBUS AVENUE","WEST 86 STREET","WEST 87 STREET","2022-12-26T00:00:00.000","9.93"
"115710135490135510","Manhattan","COLUMBUS AVENUE","WEST 86 STREET","WEST 87 STREET","2024-01-13T00:00:00.000","7.6"
"115710135490135510","Manhattan","COLUMBUS AVENUE","WEST 86 STREET","WEST 87 STREET","2025-06-21T00:00:00.000","7.26"
"115710135490135510","Manhattan","COLUMBUS AVENUE","WEST 86 STREET","WEST 87 STREET","2026-07-08T00:00:00.000","7.26"
"115710135530135550","Manhattan","COLUMBUS AVENUE","WEST 88 STREET","WEST 89 STREET","2018-11-03T00:00:00.000","10.0"
"115710135530135550","Manhattan","COLUMBUS AVENUE","WEST 88 STREET","WEST 89 STREET","2019-09-14T00:00:00.000","9.77"
"115710135530135550","Manhattan","COLUMBUS AVENUE","WEST 88 STREET","WEST 89 STREET","2020-10-10T00:00:00.000","9.19"
"115710135530135550","Manhattan","COLUMBUS AVENUE","WEST 88 STREET","WEST 89 STREET","2021-11-06T00:00:00.000","9.69"
"115710135530135550","Manhattan","COLUMBUS AVENUE","WEST 88 STREET","WEST 89 STREET","2021-12-19T00:00:00.000","9.69"
"115710135530135550","Manhattan","COLUMBUS AVENUE","WEST 88 STREET","WEST 89 STREET","2022-12-26T00:00:00.000","9.93"
"115710135530135550","Manhattan","COLUMBUS AVENUE","WEST 88 STREET","WEST 89 STREET","2024-01-13T00:00:00.000","7.42"
"115710135530135550","Manhattan","COLUMBUS AVENUE","WEST 88 STREET","WEST 89 STREET","2025-06-21T00:00:00.000","7.65"
"115710135530135550","Manhattan","COLUMBUS AVENUE","WEST 88 STREET","WEST 89 STREET","2026-07-08T00:00:00.000","5.55"
"128790125490126390","Manhattan","PIKE STREET","MADISON STREET","MONROE STREET","2019-07-06T00:00:00.000","6.34"
"128790125490126390","Manhattan","PIKE STREET","MADISON STREET","MONROE STREET","2020-07-18T00:00:00.000","6.69"
"128790125490126390","Manhattan","PIKE STREET","MADISON STREET","MONROE STREET","2021-09-25T00:00:00.000","6.64"
"128790125490126390","Manhattan","PIKE STREET","MADISON STREET","MONROE STREET","2022-02-12T00:00:00.000","7.04"
"128790125490126390","Manhattan","PIKE STREET","MADISON STREET","MONROE STREET","2022-10-15T00:00:00.000","7.6"
"128790125490126390","Manhattan","PIKE STREET","MADISON STREET","MONROE STREET","2022-12-31T00:00:00.000","5.04"
"128790125490126390","Manhattan","PIKE STREET","MADISON STREET","MONROE STREET","2023-11-18T00:00:00.000","6.0"
"128790125490126390","Manhattan","PIKE STREET","MADISON STREET","MONROE STREET","2023-11-18T00:00:00.000","6.27"
"128790125490126390","Manhattan","PIKE STREET","MADISON STREET","MONROE STREET","2025-04-19T00:00:00.000","6.3"
"128790125490126390","Manhattan","PIKE STREET","MADISON STREET","MONROE STREET","2025-10-18T00:00:00.000","5.49"
"128790125490126390","Manhattan","PIKE STREET","MADISON STREET","MONROE STREET","2025-10-18T00:00:00.000","7.72"
"133930110410125190","Manhattan","WEST 8 STREET","5 AVENUE","MAC DOUGAL STREET","2018-03-10T00:00:00.000","9.11"
"133930110410125190","Manhattan","WEST 8 STREET","5 AVENUE","MAC DOUGAL STREET","2018-03-10T00:00:00.000","9.11"
"133930110410125190","Manhattan","WEST 8 STREET","5 AVENUE","MAC DOUGAL STREET","2018-03-24T00:00:00.000","8.31"
"133930110410125190","Manhattan","WEST 8 STREET","5 AVENUE","MAC DOUGAL STREET","2018-03-24T00:00:00.000","8.31"
"133930110410125190","Manhattan","WEST 8 STREET","5 AVENUE","MAC DOUGAL STREET","2018-12-29T00:00:00.000","5.61"
"133930110410125190","Manhattan","WEST 8 STREET","5 AVENUE","MAC DOUGAL STREET","2018-12-29T00:00:00.000","5.61"
"133930110410125190","Manhattan","WEST 8 STREET","5 AVENUE","MAC DOUGAL STREET","2019-06-29T00:00:00.000","6.9"
"133930110410125190","Manhattan","WEST 8 STREET","5 AVENUE","MAC DOUGAL STREET","2019-06-29T00:00:00.000","6.9"
"133930110410125190","Manhattan","WEST 8 STREET","5 AVENUE","MAC DOUGAL STREET","2019-09-14T00:00:00.000","7.62"
"133930110410125190","Manhattan","WEST 8 STREET","5 AVENUE","MAC DOUGAL STREET","2019-09-14T00:00:00.000","7.62"
"133930110410125190","Manhattan","WEST 8 STREET","5 AVENUE","MAC DOUGAL STREET","2021-10-30T00:00:00.000","6.57"
"133930110410125190","Manhattan","WEST 8 STREET","5 AVENUE","MAC DOUGAL STREET","2021-10-30T00:00:00.000","6.57"
"133930110410125190","Manhattan","WEST 8 STREET","5 AVENUE","MAC DOUGAL STREET","2022-10-29T00:00:00.000","8.49"
"133930110410125190","Manhattan","WEST 8 STREET","5 AVENUE","MAC DOUGAL STREET","2022-10-29T00:00:00.000","8.49"
"133930110410125190","Manhattan","WEST 8 STREET","5 AVENUE","MAC DOUGAL STREET","2024-06-15T00:00:00.000","9.95"
"133930110410125190","Manhattan","WEST 8 STREET","5 AVENUE","MAC DOUGAL STREET","2024-06-15T00:00:00.000","9.95"
"133930110410125190","Manhattan","WEST 8 STREET","5 AVENUE","MAC DOUGAL STREET","2025-09-20T00:00:00.000","7.92"
"133930110410125190","Manhattan","WEST 8 STREET","5 AVENUE","MAC DOUGAL STREET","2025-09-20T00:00:00.000","7.92"
"208120225830225860","Bronx","ALEXANDER AVENUE","EAST 139 STREET","EAST 140 STREET","2021-04-10T00:00:00.000","9.93"
"208120225830225860","Bronx","ALEXANDER AVENUE","EAST 139 STREET","EAST 140 STREET","2021-04-10T00:00:00.000","9.93"
"208120225830225860","Bronx","ALEXANDER AVENUE","EAST 139 STREET","EAST 140 STREET","2021-08-07T00:00:00.000","9.93"
"208120225830225860","Bronx","ALEXANDER AVENUE","EAST 139 STREET","EAST 140 STREET","2021-08-07T00:00:00.000","9.93"
"208120225830225860","Bronx","ALEXANDER AVENUE","EAST 139 STREET","EAST 140 STREET","2022-02-15T00:00:00.000","9.93"
"208120225830225860","Bronx","ALEXANDER AVENUE","EAST 139 STREET","EAST 140 STREET","2022-02-15T00:00:00.000","9.93"
"208120225830225860","Bronx","ALEXANDER AVENUE","EAST 139 STREET","EAST 140 STREET","2022-08-23T00:00:00.000","9.11"
"208120225830225860","Bronx","ALEXANDER AVENUE","EAST 139 STREET","EAST 140 STREET","2022-08-23T00:00:00.000","9.11"
"208120225830225860","Bronx","ALEXANDER AVENUE","EAST 139 STREET","EAST 140 STREET","2023-05-06T00:00:00.000","9.83"
"208120225830225860","Bronx","ALEXANDER AVENUE","EAST 139 STREET","EAST 140 STREET","2023-05-06T00:00:00.000","9.83"
"208120225830225860","Bronx","ALEXANDER AVENUE","EAST 139 STREET","EAST 140 STREET","2023-09-14T00:00:00.000","9.03"
"208120225830225860","Bronx","ALEXANDER AVENUE","EAST 139 STREET","EAST 140 STREET","2023-09-14T00:00:00.000","9.03"
"208120225830225860","Bronx","ALEXANDER AVENUE","EAST 139 STREET","EAST 140 STREET","2024-08-02T00:00:00.000","9.01"
"208120225830225860","Bronx","ALEXANDER AVENUE","EAST 139 STREET","EAST 140 STREET","2024-08-02T00:00:00.000","9.01"
"208120225830225860","Bronx","ALEXANDER AVENUE","EAST 139 STREET","EAST 140 STREET","2024-09-10T00:00:00.000","8.77"
"208120225830225860","Bronx","ALEXANDER AVENUE","EAST 139 STREET","EAST 140 STREET","2024-09-10T00:00:00.000","8.77"
"208120225830225860","Bronx","ALEXANDER AVENUE","EAST 139 STREET","EAST 140 STREET","2026-05-26T00:00:00.000","7.37"
"208120225830225860","Bronx","ALEXANDER AVENUE","EAST 139 STREET","EAST 140 STREET","2026-05-26T00:00:00.000","6.99"
"208120225830225860","Bronx","ALEXANDER AVENUE","EAST 139 STREET","EAST 140 STREET","2026-05-26T00:00:00.000","7.37"
"208120225830225860","Bronx","ALEXANDER AVENUE","EAST 139 STREET","EAST 140 STREET","2026-05-26T00:00:00.000","6.99"
"209320216020231220","Bronx","ARNOW AVENUE","BRUNER AVENUE","ELY AVENUE","2018-04-03T00:00:00.000","8.07"
"209320216020231220","Bronx","ARNOW AVENUE","BRUNER AVENUE","ELY AVENUE","2018-04-05T00:00:00.000","8.05"
"209320216020231220","Bronx","ARNOW AVENUE","BRUNER AVENUE","ELY AVENUE","2018-08-30T00:00:00.000","5.01"
"209320216020231220","Bronx","ARNOW AVENUE","BRUNER AVENUE","ELY AVENUE","2019-09-10T00:00:00.000","6.33"
"209320216020231220","Bronx","ARNOW AVENUE","BRUNER AVENUE","ELY AVENUE","2021-08-10T00:00:00.000","5.85"
"209320216020231220","Bronx","ARNOW AVENUE","BRUNER AVENUE","ELY AVENUE","2022-08-20T00:00:00.000","4.44"
"209320216020231220","Bronx","ARNOW AVENUE","BRUNER AVENUE","ELY AVENUE","2024-04-29T00:00:00.000","10.0"
"209320216020231220","Bronx","ARNOW AVENUE","BRUNER AVENUE","ELY AVENUE","2025-05-19T00:00:00.000","9.93"
"209320216020231220","Bronx","ARNOW AVENUE","BRUNER AVENUE","ELY AVENUE","2026-04-27T00:00:00.000","9.6"
"209320244120268520","Bronx","ARNOW AVENUE","KINGSLAND AVENUE","TIEMANN AVENUE","2018-04-03T00:00:00.000","9.11"
"209320244120268520","Bronx","ARNOW AVENUE","KINGSLAND AVENUE","TIEMANN AVENUE","2018-04-05T00:00:00.000","8.24"
"209320244120268520","Bronx","ARNOW AVENUE","KINGSLAND AVENUE","TIEMANN AVENUE","2018-08-30T00:00:00.000","7.14"
"209320244120268520","Bronx","ARNOW AVENUE","KINGSLAND AVENUE","TIEMANN AVENUE","2019-09-10T00:00:00.000","7.38"
"209320244120268520","Bronx","ARNOW AVENUE","KINGSLAND AVENUE","TIEMANN AVENUE","2021-08-10T00:00:00.000","6.75"
"209320244120268520","Bronx","ARNOW AVENUE","KINGSLAND AVENUE","TIEMANN AVENUE","2022-08-20T00:00:00.000","6.69"
"209320244120268520","Bronx","ARNOW AVENUE","KINGSLAND AVENUE","TIEMANN AVENUE","2024-04-29T00:00:00.000","10.0"
"209320244120268520","Bronx","ARNOW AVENUE","KINGSLAND AVENUE","TIEMANN AVENUE","2025-05-19T00:00:00.000","9.93"
"209320244120268520","Bronx","ARNOW AVENUE","KINGSLAND AVENUE","TIEMANN AVENUE","2026-04-27T00:00:00.000","7.95"
"209620229820278510","Bronx","ASTOR AVENUE","EASTCHESTER ROAD","WOODHULL AVENUE","2018-02-23T00:00:00.000","6.18"
"209620229820278510","Bronx","ASTOR AVENUE","EASTCHESTER ROAD","WOODHULL AVENUE","2018-03-12T00:00:00.000","7.13"
"209620229820278510","Bronx","ASTOR AVENUE","EASTCHESTER ROAD","WOODHULL AVENUE","2019-04-01T00:00:00.000","6.91"
"209620229820278510","Bronx","ASTOR AVENUE","EASTCHESTER ROAD","WOODHULL AVENUE","2020-12-15T00:00:00.000","10.0"
"209620229820278510","Bronx","ASTOR AVENUE","EASTCHESTER ROAD","WOODHULL AVENUE","2022-04-11T00:00:00.000","9.11"
"209620229820278510","Bronx","ASTOR AVENUE","EASTCHESTER ROAD","WOODHULL AVENUE","2023-05-08T00:00:00.000","9.93"
"209620229820278510","Bronx","ASTOR AVENUE","EASTCHESTER ROAD","WOODHULL AVENUE","2024-05-21T00:00:00.000","7.76"
"209620229820278510","Bronx","ASTOR AVENUE","EASTCHESTER ROAD","WOODHULL AVENUE","2025-05-19T00:00:00.000","7.52"
"209620229820278510","Bronx","ASTOR AVENUE","EASTCHESTER ROAD","WOODHULL AVENUE","2026-04-27T00:00:00.000","7.76"
"209620250820276970","Bronx","ASTOR AVENUE","MICKLE AVENUE","WESTERVELT AVENUE","2018-02-23T00:00:00.000","6.44"
"209620250820276970","Bronx","ASTOR AVENUE","MICKLE AVENUE","WESTERVELT AVENUE","2018-03-12T00:00:00.000","8.0"
"209620250820276970","Bronx","ASTOR AVENUE","MICKLE AVENUE","WESTERVELT AVENUE","2019-03-25T00:00:00.000","5.76"
"209620250820276970","Bronx","ASTOR AVENUE","MICKLE AVENUE","WESTERVELT AVENUE","2020-12-15T00:00:00.000","10.0"
"209620250820276970","Bronx","ASTOR AVENUE","MICKLE AVENUE","WESTERVELT AVENUE","2022-04-11T00:00:00.000","9.11"
"209620250820276970","Bronx","ASTOR AVENUE","MICKLE AVENUE","WESTERVELT AVENUE","2023-05-08T00:00:00.000","9.93"
"209620250820276970","Bronx","ASTOR AVENUE","MICKLE AVENUE","WESTERVELT AVENUE","2024-05-21T00:00:00.000","9.11"
"209620250820276970","Bronx","ASTOR AVENUE","MICKLE AVENUE","WESTERVELT AVENUE","2025-05-19T00:00:00.000","8.86"
"209620250820276970","Bronx","ASTOR AVENUE","MICKLE AVENUE","WESTERVELT AVENUE","2026-04-27T00:00:00.000","8.62"
"209620250820278510","Bronx","ASTOR AVENUE","MICKLE AVENUE","WOODHULL AVENUE","2018-02-23T00:00:00.000","5.74"
"209620250820278510","Bronx","ASTOR AVENUE","MICKLE AVENUE","WOODHULL AVENUE","2018-03-12T00:00:00.000","6.18"
"209620250820278510","Bronx","ASTOR AVENUE","MICKLE AVENUE","WOODHULL AVENUE","2019-03-25T00:00:00.000","4.99"
"209620250820278510","Bronx","ASTOR AVENUE","MICKLE AVENUE","WOODHULL AVENUE","2020-12-15T00:00:00.000","10.0"
"209620250820278510","Bronx","ASTOR AVENUE","MICKLE AVENUE","WOODHULL AVENUE","2022-04-11T00:00:00.000","9.93"
"209620250820278510","Bronx","ASTOR AVENUE","MICKLE AVENUE","WOODHULL AVENUE","2023-05-08T00:00:00.000","9.93"
"209620250820278510","Bronx","ASTOR AVENUE","MICKLE AVENUE","WOODHULL AVENUE","2024-05-21T00:00:00.000","7.86"
"209620250820278510","Bronx","ASTOR AVENUE","MICKLE AVENUE","WOODHULL AVENUE","2025-05-19T00:00:00.000","7.37"
"209620250820278510","Bronx","ASTOR AVENUE","MICKLE AVENUE","WOODHULL AVENUE","2026-04-27T00:00:00.000","6.45"
"214020234470248020","Bronx","BOUCK AVENUE","GABRIEL DRIVE","MACE AVENUE","2020-08-14T00:00:00.000","4.65"
"214020234470248020","Bronx","BOUCK AVENUE","GABRIEL DRIVE","MACE AVENUE","2020-08-14T00:00:00.000","4.65"
"214020234470248020","Bronx","BOUCK AVENUE","GABRIEL DRIVE","MACE AVENUE","2023-01-26T00:00:00.000","9.93"
"214020234470248020","Bronx","BOUCK AVENUE","GABRIEL DRIVE","MACE AVENUE","2023-01-26T00:00:00.000","9.93"
"214020234470248020","Bronx","BOUCK AVENUE","GABRIEL DRIVE","MACE AVENUE","2023-02-03T00:00:00.000","9.93"
"214020234470248020","Bronx","BOUCK AVENUE","GABRIEL DRIVE","MACE AVENUE","2023-02-03T00:00:00.000","9.93"
"214020234470248020","Bronx","BOUCK AVENUE","GABRIEL DRIVE","MACE AVENUE","2024-04-29T00:00:00.000","9.11"
"214020234470248020","Bronx","BOUCK AVENUE","GABRIEL DRIVE","MACE AVENUE","2024-04-29T00:00:00.000","9.11"
"214020234470248020","Bronx","BOUCK AVENUE","GABRIEL DRIVE","MACE AVENUE","2024-05-21T00:00:00.000","9.83"
"214020234470248020","Bronx","BOUCK AVENUE","GABRIEL DRIVE","MACE AVENUE","2024-05-21T00:00:00.000","9.83"
"214020234470248020","Bronx","BOUCK AVENUE","GABRIEL DRIVE","MACE AVENUE","2025-05-20T00:00:00.000","9.68"
"214020234470248020","Bronx","BOUCK AVENUE","GABRIEL DRIVE","MACE AVENUE","2025-05-20T00:00:00.000","9.68"
"214020234470248020","Bronx","BOUCK AVENUE","GABRIEL DRIVE","MACE AVENUE","2025-08-20T00:00:00.000","6.64"
"214020234470248020","Bronx","BOUCK AVENUE","GABRIEL DRIVE","MACE AVENUE","2025-08-20T00:00:00.000","6.64"
"214020234470248020","Bronx","BOUCK AVENUE","GABRIEL DRIVE","MACE AVENUE","2026-05-13T00:00:00.000","6.18"
"214020234470248020","Bronx","BOUCK AVENUE","GABRIEL DRIVE","MACE AVENUE","2026-05-13T00:00:00.000","6.18"
"214020234470248020","Bronx","BOUCK AVENUE","GABRIEL DRIVE","MACE AVENUE","2026-07-20T00:00:00.000","9.68"
"214020234470248020","Bronx","BOUCK AVENUE","GABRIEL DRIVE","MACE AVENUE","2026-07-20T00:00:00.000","9.68"
"223820232020245520","Bronx","DEAN AVENUE","FAIRMOUNT AVENUE","LAYTON AVENUE","2018-09-14T00:00:00.000","7.95"
"223820232020245520","Bronx","DEAN AVENUE","FAIRMOUNT AVENUE","LAYTON AVENUE","2019-10-11T00:00:00.000","7.26"
"223820232020245520","Bronx","DEAN AVENUE","FAIRMOUNT AVENUE","LAYTON AVENUE","2021-06-28T00:00:00.000","8.49"
"223820232020245520","Bronx","DEAN AVENUE","FAIRMOUNT AVENUE","LAYTON AVENUE","2021-07-20T00:00:00.000","7.76"
"223820232020245520","Bronx","DEAN AVENUE","FAIRMOUNT AVENUE","LAYTON AVENUE","2022-07-23T00:00:00.000","7.85"
"223820232020245520","Bronx","DEAN AVENUE","FAIRMOUNT AVENUE","LAYTON AVENUE","2023-08-18T00:00:00.000","6.89"
"223820232020245520","Bronx","DEAN AVENUE","FAIRMOUNT AVENUE","LAYTON AVENUE","2024-08-12T00:00:00.000","6.75"
"223820232020245520","Bronx","DEAN AVENUE","FAIRMOUNT AVENUE","LAYTON AVENUE","2025-08-19T00:00:00.000","7.8"
"223820232020245520","Bronx","DEAN AVENUE","FAIRMOUNT AVENUE","LAYTON AVENUE","2026-07-10T00:00:00.000","5.88"
"225800223020242420","Bronx","EAST 138 STREET","CYPRESS AVENUE","JACKSON AVENUE","2018-05-22T00:00:00.000","8.27"
"225800223020242420","Bronx","EAST 138 STREET","CYPRESS AVENUE","JACKSON AVENUE","2018-07-10T00:00:00.000","9.11"
"225800223020242420","Bronx","EAST 138 STREET","CYPRESS AVENUE","JACKSON AVENUE","2019-08-05T00:00:00.000","9.77"
"225800223020242420","Bronx","EAST 138 STREET","CYPRESS AVENUE","JACKSON AVENUE","2021-04-10T00:00:00.000","7.82"
"225800223020242420","Bronx","EAST 138 STREET","CYPRESS AVENUE","JACKSON AVENUE","2021-08-07T00:00:00.000","8.39"
"225800223020242420","Bronx","EAST 138 STREET","CYPRESS AVENUE","JACKSON AVENUE","2022-08-23T00:00:00.000","9.01"
"225800223020242420","Bronx","EAST 138 STREET","CYPRESS AVENUE","JACKSON AVENUE","2023-09-14T00:00:00.000","7.76"
"225800223020242420","Bronx","EAST 138 STREET","CYPRESS AVENUE","JACKSON AVENUE","2025-03-09T00:00:00.000","6.3"
"225800223020242420","Bronx","EAST 138 STREET","CYPRESS AVENUE","JACKSON AVENUE","2026-05-26T00:00:00.000","6.79"
"225800223020265620","Bronx","EAST 138 STREET","CYPRESS AVENUE","ST ANNS AVENUE","2018-05-22T00:00:00.000","7.02"
"225800223020265620","Bronx","EAST 138 STREET","CYPRESS AVENUE","ST ANNS AVENUE","2018-07-10T00:00:00.000","8.87"
"225800223020265620","Bronx","EAST 138 STREET","CYPRESS AVENUE","ST ANNS AVENUE","2019-08-05T00:00:00.000","7.79"
"225800223020265620","Bronx","EAST 138 STREET","CYPRESS AVENUE","ST ANNS AVENUE","2021-04-10T00:00:00.000","7.14"
"225800223020265620","Bronx","EAST 138 STREET","CYPRESS AVENUE","ST ANNS AVENUE","2021-08-07T00:00:00.000","7.77"
"225800223020265620","Bronx","EAST 138 STREET","CYPRESS AVENUE","ST ANNS AVENUE","2022-08-23T00:00:00.000","9.93"
"225800223020265620","Bronx","EAST 138 STREET","CYPRESS AVENUE","ST ANNS AVENUE","2023-09-14T00:00:00.000","5.83"
"225800223020265620","Bronx","EAST 138 STREET","CYPRESS AVENUE","ST ANNS AVENUE","2025-03-09T00:00:00.000","7.41"
"225800223020265620","Bronx","EAST 138 STREET","CYPRESS AVENUE","ST ANNS AVENUE","2026-05-26T00:00:00.000","7.2"
"225890212320221920","Bronx","EAST 141 STREET","BEEKMAN AVENUE","CRIMMINS AVENUE","2018-05-22T00:00:00.000","4.75"
"225890212320221920","Bronx","EAST 141 STREET","BEEKMAN AVENUE","CRIMMINS AVENUE","2018-07-10T00:00:00.000","6.05"
"225890212320221920","Bronx","EAST 141 STREET","BEEKMAN AVENUE","CRIMMINS AVENUE","2019-08-05T00:00:00.000","4.36"
"225890212320221920","Bronx","EAST 141 STREET","BEEKMAN AVENUE","CRIMMINS AVENUE","2021-04-10T00:00:00.000","9.93"
"225890212320221920","Bronx","EAST 141 STREET","BEEKMAN AVENUE","CRIMMINS AVENUE","2021-08-07T00:00:00.000","9.11"
"225890212320221920","Bronx","EAST 141 STREET","BEEKMAN AVENUE","CRIMMINS AVENUE","2022-08-23T00:00:00.000","9.83"
"225890212320221920","Bronx","EAST 141 STREET","BEEKMAN AVENUE","CRIMMINS AVENUE","2023-09-14T00:00:00.000","9.93"
"225890212320221920","Bronx","EAST 141 STREET","BEEKMAN AVENUE","CRIMMINS AVENUE","2025-03-09T00:00:00.000","9.93"
"225890212320221920","Bronx","EAST 141 STREET","BEEKMAN AVENUE","CRIMMINS AVENUE","2026-05-26T00:00:00.000","7.8"
"225890212320223020","Bronx","EAST 141 STREET","BEEKMAN AVENUE","CYPRESS AVENUE","2018-05-22T00:00:00.000","5.64"
"225890212320223020","Bronx","EAST 141 STREET","BEEKMAN AVENUE","CYPRESS AVENUE","2018-07-10T00:00:00.000","6.58"
"225890212320223020","Bronx","EAST 141 STREET","BEEKMAN AVENUE","CYPRESS AVENUE","2019-08-05T00:00:00.000","6.63"
"225890212320223020","Bronx","EAST 141 STREET","BEEKMAN AVENUE","CYPRESS AVENUE","2021-04-10T00:00:00.000","9.93"
"225890212320223020","Bronx","EAST 141 STREET","BEEKMAN AVENUE","CYPRESS AVENUE","2021-08-07T00:00:00.000","9.58"
"225890212320223020","Bronx","EAST 141 STREET","BEEKMAN AVENUE","CYPRESS AVENUE","2022-08-23T00:00:00.000","9.93"
"225890212320223020","Bronx","EAST 141 STREET","BEEKMAN AVENUE","CYPRESS AVENUE","2023-09-14T00:00:00.000","9.93"
"225890212320223020","Bronx","EAST 141 STREET","BEEKMAN AVENUE","CYPRESS AVENUE","2025-03-09T00:00:00.000","9.69"
"225890212320223020","Bronx","EAST 141 STREET","BEEKMAN AVENUE","CYPRESS AVENUE","2026-05-26T00:00:00.000","7.56"
"225890215720265620","Bronx","EAST 141 STREET","BROOK AVENUE","ST ANNS AVENUE","2018-05-22T00:00:00.000","10.0"
"225890215720265620","Bronx","EAST 141 STREET","BROOK AVENUE","ST ANNS AVENUE","2018-07-12T00:00:00.000","10.0"
"225890215720265620","Bronx","EAST 141 STREET","BROOK AVENUE","ST ANNS AVENUE","2019-08-05T00:00:00.000","9.11"
"225890215720265620","Bronx","EAST 141 STREET","BROOK AVENUE","ST ANNS AVENUE","2021-04-10T00:00:00.000","9.11"
"225890215720265620","Bronx","EAST 141 STREET","BROOK AVENUE","ST ANNS AVENUE","2021-08-07T00:00:00.000","9.93"
"225890215720265620","Bronx","EAST 141 STREET","BROOK AVENUE","ST ANNS AVENUE","2022-08-23T00:00:00.000","9.93"
"225890215720265620","Bronx","EAST 141 STREET","BROOK AVENUE","ST ANNS AVENUE","2023-09-14T00:00:00.000","7.47"
"225890215720265620","Bronx","EAST 141 STREET","BROOK AVENUE","ST ANNS AVENUE","2025-03-09T00:00:00.000","7.41"
"225890215720265620","Bronx","EAST 141 STREET","BROOK AVENUE","ST ANNS AVENUE","2026-05-28T00:00:00.000","7.37"
"225890223020259320","Bronx","EAST 141 STREET","CYPRESS AVENUE","POWERS AVENUE","2018-05-22T00:00:00.000","5.13"
"225890223020259320","Bronx","EAST 141 STREET","CYPRESS AVENUE","POWERS AVENUE","2018-07-10T00:00:00.000","5.38"
"225890223020259320","Bronx","EAST 141 STREET","CYPRESS AVENUE","POWERS AVENUE","2019-08-05T00:00:00.000","6.45"
"225890223020259320","Bronx","EAST 141 STREET","CYPRESS AVENUE","POWERS AVENUE","2021-04-10T00:00:00.000","9.93"
"225890223020259320","Bronx","EAST 141 STREET","CYPRESS AVENUE","POWERS AVENUE","2021-08-07T00:00:00.000","9.11"
"225890223020259320","Bronx","EAST 141 STREET","CYPRESS AVENUE","POWERS AVENUE","2022-08-23T00:00:00.000","9.83"
"225890223020259320","Bronx","EAST 141 STREET","CYPRESS AVENUE","POWERS AVENUE","2023-09-14T00:00:00.000","9.93"
"225890223020259320","Bronx","EAST 141 STREET","CYPRESS AVENUE","POWERS AVENUE","2025-03-09T00:00:00.000","7.86"
"225890223020259320","Bronx","EAST 141 STREET","CYPRESS AVENUE","POWERS AVENUE","2026-05-26T00:00:00.000","6.75"
"225890242420259320","Bronx","EAST 141 STREET","JACKSON AVENUE","POWERS AVENUE","2018-05-22T00:00:00.000","6.26"
"225890242420259320","Bronx","EAST 141 STREET","JACKSON AVENUE","POWERS AVENUE","2018-07-10T00:00:00.000","4.46"
"225890242420259320","Bronx","EAST 141 STREET","JACKSON AVENUE","POWERS AVENUE","2019-08-05T00:00:00.000","2.6"
"225890242420259320","Bronx","EAST 141 STREET","JACKSON AVENUE","POWERS AVENUE","2021-04-10T00:00:00.000","9.11"
"225890242420259320","Bronx","EAST 141 STREET","JACKSON AVENUE","POWERS AVENUE","2021-08-07T00:00:00.000","9.11"
"225890242420259320","Bronx","EAST 141 STREET","JACKSON AVENUE","POWERS AVENUE","2022-08-23T00:00:00.000","7.61"
"225890242420259320","Bronx","EAST 141 STREET","JACKSON AVENUE","POWERS AVENUE","2023-09-14T00:00:00.000","7.86"
"225890242420259320","Bronx","EAST 141 STREET","JACKSON AVENUE","POWERS AVENUE","2025-03-09T00:00:00.000","7.52"
"225890242420259320","Bronx","EAST 141 STREET","JACKSON AVENUE","POWERS AVENUE","2026-08-07T00:00:00.000","7.52"
"225920208120268020","Bronx","EAST 142 STREET","ALEXANDER AVENUE","3 AVENUE","2018-05-22T00:00:00.000","6.27"
"225920208120268020","Bronx","EAST 142 STREET","ALEXANDER AVENUE","3 AVENUE","2018-07-14T00:00:00.000","4.16"
"225920208120268020","Bronx","EAST 142 STREET","ALEXANDER AVENUE","3 AVENUE","2019-08-10T00:00:00.000","10.0"
"225920208120268020","Bronx","EAST 142 STREET","ALEXANDER AVENUE","3 AVENUE","2021-04-10T00:00:00.000","10.0"
"225920208120268020","Bronx","EAST 142 STREET","ALEXANDER AVENUE","3 AVENUE","2021-08-07T00:00:00.000","9.71"
"225920208120268020","Bronx","EAST 142 STREET","ALEXANDER AVENUE","3 AVENUE","2022-08-23T00:00:00.000","9.93"
"225920208120268020","Bronx","EAST 142 STREET","ALEXANDER AVENUE","3 AVENUE","2023-09-14T00:00:00.000","9.11"
"225920208120268020","Bronx","EAST 142 STREET","ALEXANDER AVENUE","3 AVENUE","2024-09-10T00:00:00.000","9.93"
"225920208120268020","Bronx","EAST 142 STREET","ALEXANDER AVENUE","3 AVENUE","2026-05-26T00:00:00.000","7.76"
"225980215720265620","Bronx","EAST 144 STREET","BROOK AVENUE","ST ANNS AVENUE","2018-05-22T00:00:00.000","9.93"
"225980215720265620","Bronx","EAST 144 STREET","BROOK AVENUE","ST ANNS AVENUE","2018-07-12T00:00:00.000","6.69"
"225980215720265620","Bronx","EAST 144 STREET","BROOK AVENUE","ST ANNS AVENUE","2019-08-07T00:00:00.000","6.99"
"225980215720265620","Bronx","EAST 144 STREET","BROOK AVENUE","ST ANNS AVENUE","2021-04-10T00:00:00.000","6.7"
"225980215720265620","Bronx","EAST 144 STREET","BROOK AVENUE","ST ANNS AVENUE","2021-08-07T00:00:00.000","6.11"
"225980215720265620","Bronx","EAST 144 STREET","BROOK AVENUE","ST ANNS AVENUE","2022-08-23T00:00:00.000","9.54"
"225980215720265620","Bronx","EAST 144 STREET","BROOK AVENUE","ST ANNS AVENUE","2023-09-14T00:00:00.000","6.39"
"225980215720265620","Bronx","EAST 144 STREET","BROOK AVENUE","ST ANNS AVENUE","2024-09-10T00:00:00.000","5.58"
"225980215720265620","Bronx","EAST 144 STREET","BROOK AVENUE","ST ANNS AVENUE","2025-11-12T00:00:00.000","4.71"
"225980215720278150","Bronx","EAST 144 STREET","BROOK AVENUE","WILLIS AVENUE","2018-05-22T00:00:00.000","7.44"
"225980215720278150","Bronx","EAST 144 STREET","BROOK AVENUE","WILLIS AVENUE","2018-07-12T00:00:00.000","9.19"
"225980215720278150","Bronx","EAST 144 STREET","BROOK AVENUE","WILLIS AVENUE","2019-08-07T00:00:00.000","9.93"
"225980215720278150","Bronx","EAST 144 STREET","BROOK AVENUE","WILLIS AVENUE","2021-04-10T00:00:00.000","9.11"
"225980215720278150","Bronx","EAST 144 STREET","BROOK AVENUE","WILLIS AVENUE","2021-08-07T00:00:00.000","9.69"
"225980215720278150","Bronx","EAST 144 STREET","BROOK AVENUE","WILLIS AVENUE","2022-08-23T00:00:00.000","9.93"
"225980215720278150","Bronx","EAST 144 STREET","BROOK AVENUE","WILLIS AVENUE","2023-09-14T00:00:00.000","9.11"
"225980215720278150","Bronx","EAST 144 STREET","BROOK AVENUE","WILLIS AVENUE","2024-09-10T00:00:00.000","9.11"
"225980215720278150","Bronx","EAST 144 STREET","BROOK AVENUE","WILLIS AVENUE","2025-11-12T00:00:00.000","7.0"
"225980268020278150","Bronx","EAST 144 STREET","3 AVENUE","WILLIS AVENUE","2018-05-22T00:00:00.000","8.05"
"225980268020278150","Bronx","EAST 144 STREET","3 AVENUE","WILLIS AVENUE","2018-07-12T00:00:00.000","9.93"
"225980268020278150","Bronx","EAST 144 STREET","3 AVENUE","WILLIS AVENUE","2019-08-07T00:00:00.000","8.49"
"225980268020278150","Bronx","EAST 144 STREET","3 AVENUE","WILLIS AVENUE","2021-04-10T00:00:00.000","6.75"
"225980268020278150","Bronx","EAST 144 STREET","3 AVENUE","WILLIS AVENUE","2021-08-07T00:00:00.000","9.11"
"225980268020278150","Bronx","EAST 144 STREET","3 AVENUE","WILLIS AVENUE","2022-08-23T00:00:00.000","9.93"
"225980268020278150","Bronx","EAST 144 STREET","3 AVENUE","WILLIS AVENUE","2023-09-14T00:00:00.000","7.15"
"225980268020278150","Bronx","EAST 144 STREET","3 AVENUE","WILLIS AVENUE","2024-09-10T00:00:00.000","6.18"
"225980268020278150","Bronx","EAST 144 STREET","3 AVENUE","WILLIS AVENUE","2025-11-12T00:00:00.000","5.43"
"226070242420269720","Bronx","EAST 147 STREET","JACKSON AVENUE","TRINITY AVENUE","2018-05-22T00:00:00.000","7.62"
"226070242420269720","Bronx","EAST 147 STREET","JACKSON AVENUE","TRINITY AVENUE","2018-07-27T00:00:00.000","7.81"
"226070242420269720","Bronx","EAST 147 STREET","JACKSON AVENUE","TRINITY AVENUE","2019-08-07T00:00:00.000","6.57"
"226070242420269720","Bronx","EAST 147 STREET","JACKSON AVENUE","TRINITY AVENUE","2021-04-10T00:00:00.000","9.11"
"226070242420269720","Bronx","EAST 147 STREET","JACKSON AVENUE","TRINITY AVENUE","2021-08-07T00:00:00.000","6.05"
"226070242420269720","Bronx","EAST 147 STREET","JACKSON AVENUE","TRINITY AVENUE","2022-08-23T00:00:00.000","10.0"
"226070242420269720","Bronx","EAST 147 STREET","JACKSON AVENUE","TRINITY AVENUE","2023-09-14T00:00:00.000","10.0"
"226070242420269720","Bronx","EAST 147 STREET","JACKSON AVENUE","TRINITY AVENUE","2024-09-10T00:00:00.000","10.0"
"226070242420269720","Bronx","EAST 147 STREET","JACKSON AVENUE","TRINITY AVENUE","2025-11-14T00:00:00.000","10.0"
"226340218620269720","Bronx","EAST 156 STREET","CAULDWELL AVENUE","TRINITY AVENUE","2018-03-20T00:00:00.000","9.93"
"226340218620269720","Bronx","EAST 156 STREET","CAULDWELL AVENUE","TRINITY AVENUE","2018-07-26T00:00:00.000","9.93"
"226340218620269720","Bronx","EAST 156 STREET","CAULDWELL AVENUE","TRINITY AVENUE","2019-08-07T00:00:00.000","9.93"
"226340218620269720","Bronx","EAST 156 STREET","CAULDWELL AVENUE","TRINITY AVENUE","2021-04-03T00:00:00.000","6.99"
"226340218620269720","Bronx","EAST 156 STREET","CAULDWELL AVENUE","TRINITY AVENUE","2021-08-07T00:00:00.000","8.49"
"226340218620269720","Bronx","EAST 156 STREET","CAULDWELL AVENUE","TRINITY AVENUE","2022-08-23T00:00:00.000","9.93"
"226340218620269720","Bronx","EAST 156 STREET","CAULDWELL AVENUE","TRINITY AVENUE","2023-09-12T00:00:00.000","8.24"
"226340218620269720","Bronx","EAST 156 STREET","CAULDWELL AVENUE","TRINITY AVENUE","2024-09-10T00:00:00.000","6.75"
"226340218620269720","Bronx","EAST 156 STREET","CAULDWELL AVENUE","TRINITY AVENUE","2025-11-14T00:00:00.000","6.99"
"226340233320242420","Bronx","EAST 156 STREET","FOREST AVENUE","JACKSON AVENUE","2018-03-20T00:00:00.000","8.24"
"226340233320242420","Bronx","EAST 156 STREET","FOREST AVENUE","JACKSON AVENUE","2018-07-27T00:00:00.000","9.11"
"226340233320242420","Bronx","EAST 156 STREET","FOREST AVENUE","JACKSON AVENUE","2019-08-07T00:00:00.000","8.05"
"226340233320242420","Bronx","EAST 156 STREET","FOREST AVENUE","JACKSON AVENUE","2021-04-03T00:00:00.000","6.75"
"226340233320242420","Bronx","EAST 156 STREET","FOREST AVENUE","JACKSON AVENUE","2021-08-07T00:00:00.000","9.59"
"226340233320242420","Bronx","EAST 156 STREET","FOREST AVENUE","JACKSON AVENUE","2022-08-23T00:00:00.000","8.05"
"226340233320242420","Bronx","EAST 156 STREET","FOREST AVENUE","JACKSON AVENUE","2023-09-12T00:00:00.000","8.86"
"226340233320242420","Bronx","EAST 156 STREET","FOREST AVENUE","JACKSON AVENUE","2024-09-10T00:00:00.000","6.99"
"226340233320242420","Bronx","EAST 156 STREET","FOREST AVENUE","JACKSON AVENUE","2025-11-12T00:00:00.000","6.81"
"226340233320252710","Bronx","EAST 156 STREET","FOREST AVENUE","NYCTA SUBWAY","2018-03-20T00:00:00.000","9.93"
"226340233320252710","Bronx","EAST 156 STREET","FOREST AVENUE","NYCTA SUBWAY","2018-07-27T00:00:00.000","9.93"
"226340233320252710","Bronx","EAST 156 STREET","FOREST AVENUE","NYCTA SUBWAY","2019-08-07T00:00:00.000","7.24"
"226340233320252710","Bronx","EAST 156 STREET","FOREST AVENUE","NYCTA SUBWAY","2021-04-03T00:00:00.000","6.9"
"226340233320252710","Bronx","EAST 156 STREET","FOREST AVENUE","NYCTA SUBWAY","2021-08-07T00:00:00.000","6.9"
"226340233320252710","Bronx","EAST 156 STREET","FOREST AVENUE","NYCTA SUBWAY","2022-08-23T00:00:00.000","9.69"
"226340233320252710","Bronx","EAST 156 STREET","FOREST AVENUE","NYCTA SUBWAY","2023-09-12T00:00:00.000","7.15"
"226340233320252710","Bronx","EAST 156 STREET","FOREST AVENUE","NYCTA SUBWAY","2024-09-10T00:00:00.000","6.34"
"226340233320252710","Bronx","EAST 156 STREET","FOREST AVENUE","NYCTA SUBWAY","2025-11-12T00:00:00.000","5.64"
"226340242420269720","Bronx","EAST 156 STREET","JACKSON AVENUE","TRINITY AVENUE","2018-03-20T00:00:00.000","9.93"
"226340242420269720","Bronx","EAST 156 STREET","JACKSON AVENUE","TRINITY AVENUE","2018-07-26T00:00:00.000","9.93"
"226340242420269720","Bronx","EAST 156 STREET","JACKSON AVENUE","TRINITY AVENUE","2019-08-07T00:00:00.000","9.93"
"226340242420269720","Bronx","EAST 156 STREET","JACKSON AVENUE","TRINITY AVENUE","2021-04-03T00:00:00.000","9.59"
"226340242420269720","Bronx","EAST 156 STREET","JACKSON AVENUE","TRINITY AVENUE","2021-08-07T00:00:00.000","9.93"
"226340242420269720","Bronx","EAST 156 STREET","JACKSON AVENUE","TRINITY AVENUE","2022-08-23T00:00:00.000","9.93"
"226340242420269720","Bronx","EAST 156 STREET","JACKSON AVENUE","TRINITY AVENUE","2023-09-12T00:00:00.000","9.84"
"226340242420269720","Bronx","EAST 156 STREET","JACKSON AVENUE","TRINITY AVENUE","2024-09-10T00:00:00.000","6.99"
"226340242420269720","Bronx","EAST 156 STREET","JACKSON AVENUE","TRINITY AVENUE","2025-11-12T00:00:00.000","6.99"
"226460218620269720","Bronx","EAST 160 STREET","CAULDWELL AVENUE","TRINITY AVENUE","2018-03-20T00:00:00.000","9.93"
"226460218620269720","Bronx","EAST 160 STREET","CAULDWELL AVENUE","TRINITY AVENUE","2018-07-26T00:00:00.000","9.93"
"226460218620269720","Bronx","EAST 160 STREET","CAULDWELL AVENUE","TRINITY AVENUE","2019-08-07T00:00:00.000","9.93"
"226460218620269720","Bronx","EAST 160 STREET","CAULDWELL AVENUE","TRINITY AVENUE","2021-04-03T00:00:00.000","9.11"
"226460218620269720","Bronx","EAST 160 STREET","CAULDWELL AVENUE","TRINITY AVENUE","2021-08-07T00:00:00.000","9.01"
"226460218620269720","Bronx","EAST 160 STREET","CAULDWELL AVENUE","TRINITY AVENUE","2022-08-23T00:00:00.000","9.93"
"226460218620269720","Bronx","EAST 160 STREET","CAULDWELL AVENUE","TRINITY AVENUE","2023-09-12T00:00:00.000","6.75"
"226460218620269720","Bronx","EAST 160 STREET","CAULDWELL AVENUE","TRINITY AVENUE","2024-09-10T00:00:00.000","6.87"
"226460218620269720","Bronx","EAST 160 STREET","CAULDWELL AVENUE","TRINITY AVENUE","2025-11-12T00:00:00.000","9.75"
"226460233320242420","Bronx","EAST 160 STREET","FOREST AVENUE","JACKSON AVENUE","2018-03-20T00:00:00.000","9.93"
"226460233320242420","Bronx","EAST 160 STREET","FOREST AVENUE","JACKSON AVENUE","2018-07-26T00:00:00.000","10.0"
"226460233320242420","Bronx","EAST 160 STREET","FOREST AVENUE","JACKSON AVENUE","2019-08-07T00:00:00.000","9.93"
"226460233320242420","Bronx","EAST 160 STREET","FOREST AVENUE","JACKSON AVENUE","2021-04-03T00:00:00.000","9.93"
"226460233320242420","Bronx","EAST 160 STREET","FOREST AVENUE","JACKSON AVENUE","2021-08-07T00:00:00.000","9.93"
"226460233320242420","Bronx","EAST 160 STREET","FOREST AVENUE","JACKSON AVENUE","2022-08-23T00:00:00.000","9.93"
"226460233320242420","Bronx","EAST 160 STREET","FOREST AVENUE","JACKSON AVENUE","2023-09-12T00:00:00.000","9.93"
"226460233320242420","Bronx","EAST 160 STREET","FOREST AVENUE","JACKSON AVENUE","2024-09-10T00:00:00.000","9.93"
"226460233320242420","Bronx","EAST 160 STREET","FOREST AVENUE","JACKSON AVENUE","2025-11-12T00:00:00.000","9.93"
"226460233320269020","Bronx","EAST 160 STREET","FOREST AVENUE","TINTON AVENUE","2018-03-20T00:00:00.000","9.11"
"226460233320269020","Bronx","EAST 160 STREET","FOREST AVENUE","TINTON AVENUE","2018-07-26T00:00:00.000","9.11"
"226460233320269020","Bronx","EAST 160 STREET","FOREST AVENUE","TINTON AVENUE","2019-08-07T00:00:00.000","9.11"
"226460233320269020","Bronx","EAST 160 STREET","FOREST AVENUE","TINTON AVENUE","2021-04-03T00:00:00.000","8.87"
"226460233320269020","Bronx","EAST 160 STREET","FOREST AVENUE","TINTON AVENUE","2021-08-07T00:00:00.000","8.49"
"226460233320269020","Bronx","EAST 160 STREET","FOREST AVENUE","TINTON AVENUE","2022-08-23T00:00:00.000","8.56"
"226460233320269020","Bronx","EAST 160 STREET","FOREST AVENUE","TINTON AVENUE","2023-09-12T00:00:00.000","7.62"
"226460233320269020","Bronx","EAST 160 STREET","FOREST AVENUE","TINTON AVENUE","2024-09-10T00:00:00.000","8.0"
"226460233320269020","Bronx","EAST 160 STREET","FOREST AVENUE","TINTON AVENUE","2025-11-12T00:00:00.000","7.86"
"226460242420269720","Bronx","EAST 160 STREET","JACKSON AVENUE","TRINITY AVENUE","2018-03-20T00:00:00.000","9.93"
"226460242420269720","Bronx","EAST 160 STREET","JACKSON AVENUE","TRINITY AVENUE","2018-07-26T00:00:00.000","10.0"
"226460242420269720","Bronx","EAST 160 STREET","JACKSON AVENUE","TRINITY AVENUE","2019-08-07T00:00:00.000","10.0"
"226460242420269720","Bronx","EAST 160 STREET","JACKSON AVENUE","TRINITY AVENUE","2021-04-03T00:00:00.000","9.93"
"226460242420269720","Bronx","EAST 160 STREET","JACKSON AVENUE","TRINITY AVENUE","2021-08-07T00:00:00.000","8.05"
"226460242420269720","Bronx","EAST 160 STREET","JACKSON AVENUE","TRINITY AVENUE","2022-08-23T00:00:00.000","9.93"
"226460242420269720","Bronx","EAST 160 STREET","JACKSON AVENUE","TRINITY AVENUE","2023-09-12T00:00:00.000","9.11"
"226460242420269720","Bronx","EAST 160 STREET","JACKSON AVENUE","TRINITY AVENUE","2024-09-10T00:00:00.000","9.11"
"226460242420269720","Bronx","EAST 160 STREET","JACKSON AVENUE","TRINITY AVENUE","2025-11-12T00:00:00.000","8.05"
"226460269020270420","Bronx","EAST 160 STREET","TINTON AVENUE","UNION AVENUE","2018-03-20T00:00:00.000","9.93"
"226460269020270420","Bronx","EAST 160 STREET","TINTON AVENUE","UNION AVENUE","2018-07-26T00:00:00.000","8.49"
"226460269020270420","Bronx","EAST 160 STREET","TINTON AVENUE","UNION AVENUE","2019-08-07T00:00:00.000","9.93"
"226460269020270420","Bronx","EAST 160 STREET","TINTON AVENUE","UNION AVENUE","2021-04-03T00:00:00.000","8.0"
"226460269020270420","Bronx","EAST 160 STREET","TINTON AVENUE","UNION AVENUE","2021-08-07T00:00:00.000","8.0"
"226460269020270420","Bronx","EAST 160 STREET","TINTON AVENUE","UNION AVENUE","2022-08-23T00:00:00.000","9.93"
"226460269020270420","Bronx","EAST 160 STREET","TINTON AVENUE","UNION AVENUE","2023-09-12T00:00:00.000","8.87"
"226460269020270420","Bronx","EAST 160 STREET","TINTON AVENUE","UNION AVENUE","2024-09-10T00:00:00.000","6.99"
"226460269020270420","Bronx","EAST 160 STREET","TINTON AVENUE","UNION AVENUE","2025-11-12T00:00:00.000","7.2"
"226490218620269720","Bronx","EAST 161 STREET","CAULDWELL AVENUE","TRINITY AVENUE","2018-03-20T00:00:00.000","7.86"
"226490218620269720","Bronx","EAST 161 STREET","CAULDWELL AVENUE","TRINITY AVENUE","2018-08-29T00:00:00.000","7.36"
"226490218620269720","Bronx","EAST 161 STREET","CAULDWELL AVENUE","TRINITY AVENUE","2019-08-09T00:00:00.000","7.78"
"226490218620269720","Bronx","EAST 161 STREET","CAULDWELL AVENUE","TRINITY AVENUE","2021-05-03T00:00:00.000","7.14"
"226490218620269720","Bronx","EAST 161 STREET","CAULDWELL AVENUE","TRINITY AVENUE","2021-10-08T00:00:00.000","7.37"
"226490218620269720","Bronx","EAST 161 STREET","CAULDWELL AVENUE","TRINITY AVENUE","2022-12-20T00:00:00.000","6.05"
"226490218620269720","Bronx","EAST 161 STREET","CAULDWELL AVENUE","TRINITY AVENUE","2023-12-08T00:00:00.000","6.05"
"226490218620269720","Bronx","EAST 161 STREET","CAULDWELL AVENUE","TRINITY AVENUE","2025-01-15T00:00:00.000","6.67"
"226490218620269720","Bronx","EAST 161 STREET","CAULDWELL AVENUE","TRINITY AVENUE","2026-01-14T00:00:00.000","5.67"
"226490233320242420","Bronx","EAST 161 STREET","FOREST AVENUE","JACKSON AVENUE","2018-03-20T00:00:00.000","7.61"
"226490233320242420","Bronx","EAST 161 STREET","FOREST AVENUE","JACKSON AVENUE","2018-08-29T00:00:00.000","10.0"
"226490233320242420","Bronx","EAST 161 STREET","FOREST AVENUE","JACKSON AVENUE","2019-08-09T00:00:00.000","10.0"
"226490233320242420","Bronx","EAST 161 STREET","FOREST AVENUE","JACKSON AVENUE","2021-05-03T00:00:00.000","8.49"
"226490233320242420","Bronx","EAST 161 STREET","FOREST AVENUE","JACKSON AVENUE","2021-10-08T00:00:00.000","9.37"
"226490233320242420","Bronx","EAST 161 STREET","FOREST AVENUE","JACKSON AVENUE","2022-12-20T00:00:00.000","7.86"
"226490233320242420","Bronx","EAST 161 STREET","FOREST AVENUE","JACKSON AVENUE","2023-12-08T00:00:00.000","7.37"
"226490233320242420","Bronx","EAST 161 STREET","FOREST AVENUE","JACKSON AVENUE","2025-01-15T00:00:00.000","7.62"
"226490233320242420","Bronx","EAST 161 STREET","FOREST AVENUE","JACKSON AVENUE","2026-01-14T00:00:00.000","5.37"
"226490233320269020","Bronx","EAST 161 STREET","FOREST AVENUE","TINTON AVENUE","2018-03-20T00:00:00.000","6.91"
"226490233320269020","Bronx","EAST 161 STREET","FOREST AVENUE","TINTON AVENUE","2018-08-29T00:00:00.000","10.0"
"226490233320269020","Bronx","EAST 161 STREET","FOREST AVENUE","TINTON AVENUE","2019-08-09T00:00:00.000","10.0"
"226490233320269020","Bronx","EAST 161 STREET","FOREST AVENUE","TINTON AVENUE","2021-05-03T00:00:00.000","9.93"
"226490233320269020","Bronx","EAST 161 STREET","FOREST AVENUE","TINTON AVENUE","2021-10-08T00:00:00.000","9.93"
"226490233320269020","Bronx","EAST 161 STREET","FOREST AVENUE","TINTON AVENUE","2022-12-20T00:00:00.000","9.11"
"226490233320269020","Bronx","EAST 161 STREET","FOREST AVENUE","TINTON AVENUE","2023-12-08T00:00:00.000","8.77"
"226490233320269020","Bronx","EAST 161 STREET","FOREST AVENUE","TINTON AVENUE","2025-01-15T00:00:00.000","8.95"
"226490233320269020","Bronx","EAST 161 STREET","FOREST AVENUE","TINTON AVENUE","2026-01-14T00:00:00.000","6.75"
"226490259520270420","Bronx","EAST 161 STREET","PROSPECT AVENUE","UNION AVENUE","2018-03-20T00:00:00.000","6.63"
"226490259520270420","Bronx","EAST 161 STREET","PROSPECT AVENUE","UNION AVENUE","2018-08-29T00:00:00.000","10.0"
"226490259520270420","Bronx","EAST 161 STREET","PROSPECT AVENUE","UNION AVENUE","2019-08-09T00:00:00.000","10.0"
"226490259520270420","Bronx","EAST 161 STREET","PROSPECT AVENUE","UNION AVENUE","2021-05-03T00:00:00.000","10.0"
"226490259520270420","Bronx","EAST 161 STREET","PROSPECT AVENUE","UNION AVENUE","2021-10-08T00:00:00.000","10.0"
"226490259520270420","Bronx","EAST 161 STREET","PROSPECT AVENUE","UNION AVENUE","2022-12-20T00:00:00.000","9.19"
"226490259520270420","Bronx","EAST 161 STREET","PROSPECT AVENUE","UNION AVENUE","2023-12-08T00:00:00.000","9.11"
"226490259520270420","Bronx","EAST 161 STREET","PROSPECT AVENUE","UNION AVENUE","2025-01-15T00:00:00.000","8.05"
"226490259520270420","Bronx","EAST 161 STREET","PROSPECT AVENUE","UNION AVENUE","2026-01-14T00:00:00.000","6.57"
"226490269020270420","Bronx","EAST 161 STREET","TINTON AVENUE","UNION AVENUE","2018-03-20T00:00:00.000","5.58"
"226490269020270420","Bronx","EAST 161 STREET","TINTON AVENUE","UNION AVENUE","2018-08-29T00:00:00.000","10.0"
"226490269020270420","Bronx","EAST 161 STREET","TINTON AVENUE","UNION AVENUE","2019-08-09T00:00:00.000","10.0"
"226490269020270420","Bronx","EAST 161 STREET","TINTON AVENUE","UNION AVENUE","2021-05-03T00:00:00.000","9.93"
"226490269020270420","Bronx","EAST 161 STREET","TINTON AVENUE","UNION AVENUE","2021-10-08T00:00:00.000","10.0"
"226490269020270420","Bronx","EAST 161 STREET","TINTON AVENUE","UNION AVENUE","2022-12-20T00:00:00.000","9.11"
"226490269020270420","Bronx","EAST 161 STREET","TINTON AVENUE","UNION AVENUE","2023-12-08T00:00:00.000","9.01"
"226490269020270420","Bronx","EAST 161 STREET","TINTON AVENUE","UNION AVENUE","2025-01-15T00:00:00.000","9.11"
"226490269020270420","Bronx","EAST 161 STREET","TINTON AVENUE","UNION AVENUE","2026-01-14T00:00:00.000","7.8"
"226700259520270420","Bronx","EAST 168 STREET","PROSPECT AVENUE","UNION AVENUE","2018-03-20T00:00:00.000","9.11"
"226700259520270420","Bronx","EAST 168 STREET","PROSPECT AVENUE","UNION AVENUE","2018-08-29T00:00:00.000","7.61"
"226700259520270420","Bronx","EAST 168 STREET","PROSPECT AVENUE","UNION AVENUE","2019-09-13T00:00:00.000","6.76"
"226700259520270420","Bronx","EAST 168 STREET","PROSPECT AVENUE","UNION AVENUE","2021-05-03T00:00:00.000","5.83"
"226700259520270420","Bronx","EAST 168 STREET","PROSPECT AVENUE","UNION AVENUE","2021-10-08T00:00:00.000","5.45"
"226700259520270420","Bronx","EAST 168 STREET","PROSPECT AVENUE","UNION AVENUE","2022-12-20T00:00:00.000","5.33"
"226700259520270420","Bronx","EAST 168 STREET","PROSPECT AVENUE","UNION AVENUE","2023-12-08T00:00:00.000","4.89"
"226700259520270420","Bronx","EAST 168 STREET","PROSPECT AVENUE","UNION AVENUE","2025-02-22T00:00:00.000","6.0"
"226700259520270420","Bronx","EAST 168 STREET","PROSPECT AVENUE","UNION AVENUE","2026-08-06T00:00:00.000","4.45"
"226700269020270420","Bronx","EAST 168 STREET","TINTON AVENUE","UNION AVENUE","2018-03-20T00:00:00.000","8.05"
"226700269020270420","Bronx","EAST 168 STREET","TINTON AVENUE","UNION AVENUE","2018-08-29T00:00:00.000","7.61"
"226700269020270420","Bronx","EAST 168 STREET","TINTON AVENUE","UNION AVENUE","2019-09-13T00:00:00.000","6.64"
"226700269020270420","Bronx","EAST 168 STREET","TINTON AVENUE","UNION AVENUE","2021-05-03T00:00:00.000","6.91"
"226700269020270420","Bronx","EAST 168 STREET","TINTON AVENUE","UNION AVENUE","2021-10-08T00:00:00.000","7.76"
"226700269020270420","Bronx","EAST 168 STREET","TINTON AVENUE","UNION AVENUE","2022-12-20T00:00:00.000","7.85"
"226700269020270420","Bronx","EAST 168 STREET","TINTON AVENUE","UNION AVENUE","2023-12-08T00:00:00.000","8.87"
"226700269020270420","Bronx","EAST 168 STREET","TINTON AVENUE","UNION AVENUE","2025-01-15T00:00:00.000","8.51"
"226700269020270420","Bronx","EAST 168 STREET","TINTON AVENUE","UNION AVENUE","2026-01-14T00:00:00.000","6.25"
"226730213820269020","Bronx","EAST 169 STREET","BOSTON ROAD","TINTON AVENUE","2018-03-20T00:00:00.000","9.93"
"226730213820269020","Bronx","EAST 169 STREET","BOSTON ROAD","TINTON AVENUE","2018-08-27T00:00:00.000","9.49"
"226730213820269020","Bronx","EAST 169 STREET","BOSTON ROAD","TINTON AVENUE","2019-09-13T00:00:00.000","9.59"
"226730213820269020","Bronx","EAST 169 STREET","BOSTON ROAD","TINTON AVENUE","2021-05-03T00:00:00.000","7.9"
"226730213820269020","Bronx","EAST 169 STREET","BOSTON ROAD","TINTON AVENUE","2021-10-08T00:00:00.000","8.32"
"226730213820269020","Bronx","EAST 169 STREET","BOSTON ROAD","TINTON AVENUE","2022-12-20T00:00:00.000","7.61"
"226730213820269020","Bronx","EAST 169 STREET","BOSTON ROAD","TINTON AVENUE","2023-12-08T00:00:00.000","8.86"
"226730213820269020","Bronx","EAST 169 STREET","BOSTON ROAD","TINTON AVENUE","2025-01-15T00:00:00.000","5.8"
"226730213820269020","Bronx","EAST 169 STREET","BOSTON ROAD","TINTON AVENUE","2026-01-14T00:00:00.000","4.95"
"226730259520270420","Bronx","EAST 169 STREET","PROSPECT AVENUE","UNION AVENUE","2018-03-20T00:00:00.000","9.03"
"226730259520270420","Bronx","EAST 169 STREET","PROSPECT AVENUE","UNION AVENUE","2018-08-27T00:00:00.000","10.0"
"226730259520270420","Bronx","EAST 169 STREET","PROSPECT AVENUE","UNION AVENUE","2019-09-13T00:00:00.000","7.71"
"226730259520270420","Bronx","EAST 169 STREET","PROSPECT AVENUE","UNION AVENUE","2021-05-03T00:00:00.000","6.15"
"226730259520270420","Bronx","EAST 169 STREET","PROSPECT AVENUE","UNION AVENUE","2021-10-08T00:00:00.000","6.81"
"226730259520270420","Bronx","EAST 169 STREET","PROSPECT AVENUE","UNION AVENUE","2022-12-20T00:00:00.000","6.18"
"226730259520270420","Bronx","EAST 169 STREET","PROSPECT AVENUE","UNION AVENUE","2023-12-08T00:00:00.000","6.5"
"226730259520270420","Bronx","EAST 169 STREET","PROSPECT AVENUE","UNION AVENUE","2025-01-15T00:00:00.000","4.53"
"226730259520270420","Bronx","EAST 169 STREET","PROSPECT AVENUE","UNION AVENUE","2026-01-14T00:00:00.000","4.45"
"226730269020270420","Bronx","EAST 169 STREET","TINTON AVENUE","UNION AVENUE","2018-03-20T00:00:00.000","9.11"
"226730269020270420","Bronx","EAST 169 STREET","TINTON AVENUE","UNION AVENUE","2018-08-27T00:00:00.000","9.03"
"226730269020270420","Bronx","EAST 169 STREET","TINTON AVENUE","UNION AVENUE","2019-09-13T00:00:00.000","6.45"
"226730269020270420","Bronx","EAST 169 STREET","TINTON AVENUE","UNION AVENUE","2021-05-03T00:00:00.000","7.15"
"226730269020270420","Bronx","EAST 169 STREET","TINTON AVENUE","UNION AVENUE","2021-10-08T00:00:00.000","7.37"
"226730269020270420","Bronx","EAST 169 STREET","TINTON AVENUE","UNION AVENUE","2022-12-20T00:00:00.000","7.63"
"226730269020270420","Bronx","EAST 169 STREET","TINTON AVENUE","UNION AVENUE","2023-12-08T00:00:00.000","6.85"
"226730269020270420","Bronx","EAST 169 STREET","TINTON AVENUE","UNION AVENUE","2025-01-15T00:00:00.000","4.49"
"226730269020270420","Bronx","EAST 169 STREET","TINTON AVENUE","UNION AVENUE","2026-01-14T00:00:00.000","5.52"
"230120210520236720","Bronx","EDISON AVENUE","BARKLEY AVENUE","GREENE PLACE","2018-09-14T00:00:00.000","6.3"
"230120210520236720","Bronx","EDISON AVENUE","BARKLEY AVENUE","GREENE PLACE","2019-10-11T00:00:00.000","7.14"
"230120210520236720","Bronx","EDISON AVENUE","BARKLEY AVENUE","GREENE PLACE","2021-06-28T00:00:00.000","6.33"
"230120210520236720","Bronx","EDISON AVENUE","BARKLEY AVENUE","GREENE PLACE","2021-07-19T00:00:00.000","5.58"
"230120210520236720","Bronx","EDISON AVENUE","BARKLEY AVENUE","GREENE PLACE","2022-07-23T00:00:00.000","5.43"
"230120210520236720","Bronx","EDISON AVENUE","BARKLEY AVENUE","GREENE PLACE","2023-08-14T00:00:00.000","3.96"
"230120210520236720","Bronx","EDISON AVENUE","BARKLEY AVENUE","GREENE PLACE","2024-08-12T00:00:00.000","5.29"
"230120210520236720","Bronx","EDISON AVENUE","BARKLEY AVENUE","GREENE PLACE","2025-08-19T00:00:00.000","4.85"
"230120210520236720","Bronx","EDISON AVENUE","BARKLEY AVENUE","GREENE PLACE","2026-07-08T00:00:00.000","5.24"
"230120210520265060","Bronx","EDISON AVENUE","BARKLEY AVENUE","SOMMER PLACE","2018-09-14T00:00:00.000","7.95"
"230120210520265060","Bronx","EDISON AVENUE","BARKLEY AVENUE","SOMMER PLACE","2019-10-11T00:00:00.000","8.59"
"230120210520265060","Bronx","EDISON AVENUE","BARKLEY AVENUE","SOMMER PLACE","2021-06-28T00:00:00.000","7.3"
"230120210520265060","Bronx","EDISON AVENUE","BARKLEY AVENUE","SOMMER PLACE","2021-07-19T00:00:00.000","6.18"
"230120210520265060","Bronx","EDISON AVENUE","BARKLEY AVENUE","SOMMER PLACE","2022-07-23T00:00:00.000","6.99"
"230120210520265060","Bronx","EDISON AVENUE","BARKLEY AVENUE","SOMMER PLACE","2023-08-14T00:00:00.000","5.74"
"230120210520265060","Bronx","EDISON AVENUE","BARKLEY AVENUE","SOMMER PLACE","2024-08-12T00:00:00.000","6.9"
"230120210520265060","Bronx","EDISON AVENUE","BARKLEY AVENUE","SOMMER PLACE","2025-08-19T00:00:00.000","7.14"
"230120210520265060","Bronx","EDISON AVENUE","BARKLEY AVENUE","SOMMER PLACE","2026-07-08T00:00:00.000","6.81"
"230120215920256320","Bronx","EDISON AVENUE","BRUCKNER BOULEVARD","OTIS AVENUE","2018-09-14T00:00:00.000","9.83"
"230120215920256320","Bronx","EDISON AVENUE","BRUCKNER BOULEVARD","OTIS AVENUE","2019-10-11T00:00:00.000","9.01"
"230120215920256320","Bronx","EDISON AVENUE","BRUCKNER BOULEVARD","OTIS AVENUE","2021-06-28T00:00:00.000","9.83"
"230120215920256320","Bronx","EDISON AVENUE","BRUCKNER BOULEVARD","OTIS AVENUE","2021-07-19T00:00:00.000","6.81"
"230120215920256320","Bronx","EDISON AVENUE","BRUCKNER BOULEVARD","OTIS AVENUE","2022-07-23T00:00:00.000","6.99"
"230120215920256320","Bronx","EDISON AVENUE","BRUCKNER BOULEVARD","OTIS AVENUE","2023-08-14T00:00:00.000","6.45"
"230120215920256320","Bronx","EDISON AVENUE","BRUCKNER BOULEVARD","OTIS AVENUE","2024-08-12T00:00:00.000","7.05"
"230120215920256320","Bronx","EDISON AVENUE","BRUCKNER BOULEVARD","OTIS AVENUE","2025-08-19T00:00:00.000","5.65"
"230120215920256320","Bronx","EDISON AVENUE","BRUCKNER BOULEVARD","OTIS AVENUE","2026-07-08T00:00:00.000","3.72"
"230120236720256320","Bronx","EDISON AVENUE","GREENE PLACE","OTIS AVENUE","2018-09-14T00:00:00.000","7.8"
"230120236720256320","Bronx","EDISON AVENUE","GREENE PLACE","OTIS AVENUE","2019-10-11T00:00:00.000","7.99"
"230120236720256320","Bronx","EDISON AVENUE","GREENE PLACE","OTIS AVENUE","2021-06-28T00:00:00.000","9.84"
"230120236720256320","Bronx","EDISON AVENUE","GREENE PLACE","OTIS AVENUE","2021-07-19T00:00:00.000","6.99"
"230120236720256320","Bronx","EDISON AVENUE","GREENE PLACE","OTIS AVENUE","2022-07-23T00:00:00.000","7.24"
"230120236720256320","Bronx","EDISON AVENUE","GREENE PLACE","OTIS AVENUE","2023-08-14T00:00:00.000","5.88"
"230120236720256320","Bronx","EDISON AVENUE","GREENE PLACE","OTIS AVENUE","2024-08-12T00:00:00.000","5.8"
"230120236720256320","Bronx","EDISON AVENUE","GREENE PLACE","OTIS AVENUE","2025-08-19T00:00:00.000","5.94"
"230120236720256320","Bronx","EDISON AVENUE","GREENE PLACE","OTIS AVENUE","2026-07-08T00:00:00.000","4.65"
"230120245120265060","Bronx","EDISON AVENUE","LAFAYETTE AVENUE","SOMMER PLACE","2018-09-14T00:00:00.000","9.83"
"230120245120265060","Bronx","EDISON AVENUE","LAFAYETTE AVENUE","SOMMER PLACE","2019-10-11T00:00:00.000","9.93"
"230120245120265060","Bronx","EDISON AVENUE","LAFAYETTE AVENUE","SOMMER PLACE","2021-06-28T00:00:00.000","9.83"
"230120245120265060","Bronx","EDISON AVENUE","LAFAYETTE AVENUE","SOMMER PLACE","2021-07-19T00:00:00.000","9.11"
"230120245120265060","Bronx","EDISON AVENUE","LAFAYETTE AVENUE","SOMMER PLACE","2022-07-23T00:00:00.000","6.18"
"230120245120265060","Bronx","EDISON AVENUE","LAFAYETTE AVENUE","SOMMER PLACE","2023-08-14T00:00:00.000","5.29"
"230120245120265060","Bronx","EDISON AVENUE","LAFAYETTE AVENUE","SOMMER PLACE","2024-08-12T00:00:00.000","6.85"
"230120245120265060","Bronx","EDISON AVENUE","LAFAYETTE AVENUE","SOMMER PLACE","2025-08-19T00:00:00.000","6.18"
"230120245120265060","Bronx","EDISON AVENUE","LAFAYETTE AVENUE","SOMMER PLACE","2026-07-08T00:00:00.000","6.04"
"230120245120267400","Bronx","EDISON AVENUE","LAFAYETTE AVENUE","SULLIVAN PLACE","2018-09-14T00:00:00.000","6.81"
"230120245120267400","Bronx","EDISON AVENUE","LAFAYETTE AVENUE","SULLIVAN PLACE","2019-10-11T00:00:00.000","7.62"
"230120245120267400","Bronx","EDISON AVENUE","LAFAYETTE AVENUE","SULLIVAN PLACE","2021-06-28T00:00:00.000","6.87"
"230120245120267400","Bronx","EDISON AVENUE","LAFAYETTE AVENUE","SULLIVAN PLACE","2021-07-19T00:00:00.000","8.05"
"230120245120267400","Bronx","EDISON AVENUE","LAFAYETTE AVENUE","SULLIVAN PLACE","2022-07-23T00:00:00.000","9.38"
"230120245120267400","Bronx","EDISON AVENUE","LAFAYETTE AVENUE","SULLIVAN PLACE","2023-08-14T00:00:00.000","9.2"
"230120245120267400","Bronx","EDISON AVENUE","LAFAYETTE AVENUE","SULLIVAN PLACE","2024-08-12T00:00:00.000","7.62"
"230120245120267400","Bronx","EDISON AVENUE","LAFAYETTE AVENUE","SULLIVAN PLACE","2025-08-19T00:00:00.000","6.69"
"230120245120267400","Bronx","EDISON AVENUE","LAFAYETTE AVENUE","SULLIVAN PLACE","2026-07-08T00:00:00.000","7.3"
"232020219820223820","Bronx","FAIRMOUNT AVENUE","CLARENCE AVENUE","DEAN AVENUE","2018-09-14T00:00:00.000","9.93"
"232020219820223820","Bronx","FAIRMOUNT AVENUE","CLARENCE AVENUE","DEAN AVENUE","2019-10-11T00:00:00.000","9.93"
"232020219820223820","Bronx","FAIRMOUNT AVENUE","CLARENCE AVENUE","DEAN AVENUE","2021-06-28T00:00:00.000","10.0"
"232020219820223820","Bronx","FAIRMOUNT AVENUE","CLARENCE AVENUE","DEAN AVENUE","2021-07-20T00:00:00.000","9.4"
"232020219820223820","Bronx","FAIRMOUNT AVENUE","CLARENCE AVENUE","DEAN AVENUE","2022-07-23T00:00:00.000","9.84"
"232020219820223820","Bronx","FAIRMOUNT AVENUE","CLARENCE AVENUE","DEAN AVENUE","2023-08-17T00:00:00.000","9.54"
"232020219820223820","Bronx","FAIRMOUNT AVENUE","CLARENCE AVENUE","DEAN AVENUE","2024-08-12T00:00:00.000","5.29"
"232020219820223820","Bronx","FAIRMOUNT AVENUE","CLARENCE AVENUE","DEAN AVENUE","2025-08-19T00:00:00.000","6.85"
"232020219820223820","Bronx","FAIRMOUNT AVENUE","CLARENCE AVENUE","DEAN AVENUE","2026-07-10T00:00:00.000","6.04"
"236420226940252720","Bronx","GRAND CONCOURSE","EAST 176 STREET","MT HOPE PLACE","2019-11-28T00:00:00.000","8.47"
"236420226940252720","Bronx","GRAND CONCOURSE","EAST 176 STREET","MT HOPE PLACE","2019-11-28T00:00:00.000","9.14"
"236420226940252720","Bronx","GRAND CONCOURSE","EAST 176 STREET","MT HOPE PLACE","2019-11-28T00:00:00.000","6.15"
"236420226940252720","Bronx","GRAND CONCOURSE","EAST 176 STREET","MT HOPE PLACE","2019-11-28T00:00:00.000","8.32"
"236420226940252720","Bronx","GRAND CONCOURSE","EAST 176 STREET","MT HOPE PLACE","2021-12-22T00:00:00.000","6.06"
"236420226940252720","Bronx","GRAND CONCOURSE","EAST 176 STREET","MT HOPE PLACE","2021-12-22T00:00:00.000","7.96"
"236420226940252720","Bronx","GRAND CONCOURSE","EAST 176 STREET","MT HOPE PLACE","2021-12-22T00:00:00.000","5.2"
"236420226940252720","Bronx","GRAND CONCOURSE","EAST 176 STREET","MT HOPE PLACE","2023-03-28T00:00:00.000","9.93"
"236420226940252720","Bronx","GRAND CONCOURSE","EAST 176 STREET","MT HOPE PLACE","2023-06-09T00:00:00.000","10.0"
"236420226940252720","Bronx","GRAND CONCOURSE","EAST 176 STREET","MT HOPE PLACE","2023-10-12T00:00:00.000","9.19"
"236420226940252720","Bronx","GRAND CONCOURSE","EAST 176 STREET","MT HOPE PLACE","2023-10-12T00:00:00.000","10.0"
"236420226940252720","Bronx","GRAND CONCOURSE","EAST 176 STREET","MT HOPE PLACE","2023-10-13T00:00:00.000","10.0"
"236420226940252720","Bronx","GRAND CONCOURSE","EAST 176 STREET","MT HOPE PLACE","2023-10-13T00:00:00.000","10.0"
"236420226940252720","Bronx","GRAND CONCOURSE","EAST 176 STREET","MT HOPE PLACE","2024-12-02T00:00:00.000","9.93"
"236420226940252720","Bronx","GRAND CONCOURSE","EAST 176 STREET","MT HOPE PLACE","2025-01-15T00:00:00.000","10.0"
"236420226940252720","Bronx","GRAND CONCOURSE","EAST 176 STREET","MT HOPE PLACE","2026-08-10T00:00:00.000","9.83"
"236420227060229120","Bronx","GRAND CONCOURSE","EAST 180 STREET","EAST BURNSIDE AVENUE","2018-03-14T00:00:00.000","9.11"
"236420227060229120","Bronx","GRAND CONCOURSE","EAST 180 STREET","EAST BURNSIDE AVENUE","2019-11-28T00:00:00.000","5.58"
"236420227060229120","Bronx","GRAND CONCOURSE","EAST 180 STREET","EAST BURNSIDE AVENUE","2019-11-28T00:00:00.000","8.71"
"236420227060229120","Bronx","GRAND CONCOURSE","EAST 180 STREET","EAST BURNSIDE AVENUE","2021-11-15T00:00:00.000","9.49"
"236420227060229120","Bronx","GRAND CONCOURSE","EAST 180 STREET","EAST BURNSIDE AVENUE","2021-11-15T00:00:00.000","9.33"
"236420227060229120","Bronx","GRAND CONCOURSE","EAST 180 STREET","EAST BURNSIDE AVENUE","2023-03-28T00:00:00.000","9.93"
"236420227060229120","Bronx","GRAND CONCOURSE","EAST 180 STREET","EAST BURNSIDE AVENUE","2023-10-12T00:00:00.000","10.0"
"236420227060229120","Bronx","GRAND CONCOURSE","EAST 180 STREET","EAST BURNSIDE AVENUE","2023-10-13T00:00:00.000","9.19"
"236420227060229120","Bronx","GRAND CONCOURSE","EAST 180 STREET","EAST BURNSIDE AVENUE","2025-01-14T00:00:00.000","9.19"
"236420227060229120","Bronx","GRAND CONCOURSE","EAST 180 STREET","EAST BURNSIDE AVENUE","2025-01-15T00:00:00.000","10.0"
"236420227060229120","Bronx","GRAND CONCOURSE","EAST 180 STREET","EAST BURNSIDE AVENUE","2026-08-10T00:00:00.000","9.83"
"236420227090227120","Bronx","GRAND CONCOURSE","EAST 181 STREET","EAST 182 STREET","2019-11-28T00:00:00.000","9.93"
"236420227090227120","Bronx","GRAND CONCOURSE","EAST 181 STREET","EAST 182 STREET","2019-11-28T00:00:00.000","7.96"
"236420227090227120","Bronx","GRAND CONCOURSE","EAST 181 STREET","EAST 182 STREET","2021-11-15T00:00:00.000","9.93"
"236420227090227120","Bronx","GRAND CONCOURSE","EAST 181 STREET","EAST 182 STREET","2021-11-15T00:00:00.000","9.93"
"236420227090227120","Bronx","GRAND CONCOURSE","EAST 181 STREET","EAST 182 STREET","2022-01-18T00:00:00.000","7.09"
"236420227090227120","Bronx","GRAND CONCOURSE","EAST 181 STREET","EAST 182 STREET","2023-03-07T00:00:00.000","5.5"
"236420227090227120","Bronx","GRAND CONCOURSE","EAST 181 STREET","EAST 182 STREET","2023-06-09T00:00:00.000","10.0"
"236420227090227120","Bronx","GRAND CONCOURSE","EAST 181 STREET","EAST 182 STREET","2023-06-09T00:00:00.000","10.0"
"236420227090227120","Bronx","GRAND CONCOURSE","EAST 181 STREET","EAST 182 STREET","2023-10-12T00:00:00.000","10.0"
"236420227090227120","Bronx","GRAND CONCOURSE","EAST 181 STREET","EAST 182 STREET","2023-10-12T00:00:00.000","10.0"
"236420227090227120","Bronx","GRAND CONCOURSE","EAST 181 STREET","EAST 182 STREET","2023-10-12T00:00:00.000","10.0"
"236420227090227120","Bronx","GRAND CONCOURSE","EAST 181 STREET","EAST 182 STREET","2025-01-14T00:00:00.000","10.0"
"236420227090227120","Bronx","GRAND CONCOURSE","EAST 181 STREET","EAST 182 STREET","2025-01-15T00:00:00.000","10.0"
"236420227090227120","Bronx","GRAND CONCOURSE","EAST 181 STREET","EAST 182 STREET","2025-01-15T00:00:00.000","10.0"
"236420227090227120","Bronx","GRAND CONCOURSE","EAST 181 STREET","EAST 182 STREET","2026-08-10T00:00:00.000","9.93"
"236420227180232520","Bronx","GRAND CONCOURSE","EAST 184 STREET","FIELD PLACE","2018-03-14T00:00:00.000","9.93"
"236420227180232520","Bronx","GRAND CONCOURSE","EAST 184 STREET","FIELD PLACE","2019-11-28T00:00:00.000","9.69"
"236420227180232520","Bronx","GRAND CONCOURSE","EAST 184 STREET","FIELD PLACE","2019-11-28T00:00:00.000","9.59"
"236420227180232520","Bronx","GRAND CONCOURSE","EAST 184 STREET","FIELD PLACE","2019-11-28T00:00:00.000","9.83"
"236420227180232520","Bronx","GRAND CONCOURSE","EAST 184 STREET","FIELD PLACE","2019-11-28T00:00:00.000","9.69"
"236420227180232520","Bronx","GRAND CONCOURSE","EAST 184 STREET","FIELD PLACE","2021-11-15T00:00:00.000","9.68"
"236420227180232520","Bronx","GRAND CONCOURSE","EAST 184 STREET","FIELD PLACE","2021-11-15T00:00:00.000","9.68"
"236420227180232520","Bronx","GRAND CONCOURSE","EAST 184 STREET","FIELD PLACE","2021-11-15T00:00:00.000","6.05"
"236420227180232520","Bronx","GRAND CONCOURSE","EAST 184 STREET","FIELD PLACE","2023-03-07T00:00:00.000","4.2"
"236420227180232520","Bronx","GRAND CONCOURSE","EAST 184 STREET","FIELD PLACE","2023-03-28T00:00:00.000","10.0"
"236420227180232520","Bronx","GRAND CONCOURSE","EAST 184 STREET","FIELD PLACE","2023-06-05T00:00:00.000","10.0"
"236420227180232520","Bronx","GRAND CONCOURSE","EAST 184 STREET","FIELD PLACE","2023-06-05T00:00:00.000","10.0"
"236420227180232520","Bronx","GRAND CONCOURSE","EAST 184 STREET","FIELD PLACE","2023-06-05T00:00:00.000","10.0"
"236420227180232520","Bronx","GRAND CONCOURSE","EAST 184 STREET","FIELD PLACE","2023-06-05T00:00:00.000","10.0"
"236420227180232520","Bronx","GRAND CONCOURSE","EAST 184 STREET","FIELD PLACE","2025-01-14T00:00:00.000","10.0"
"236420227180232520","Bronx","GRAND CONCOURSE","EAST 184 STREET","FIELD PLACE","2025-01-15T00:00:00.000","9.93"
"236420227180232520","Bronx","GRAND CONCOURSE","EAST 184 STREET","FIELD PLACE","2025-01-15T00:00:00.000","10.0"
"236420227180232520","Bronx","GRAND CONCOURSE","EAST 184 STREET","FIELD PLACE","2026-08-10T00:00:00.000","9.93"
"236420227540229020","Bronx","GRAND CONCOURSE","EAST 196 STREET","EAST KINGSBRIDGE ROAD","2019-11-28T00:00:00.000","9.59"
"236420227540229020","Bronx","GRAND CONCOURSE","EAST 196 STREET","EAST KINGSBRIDGE ROAD","2019-11-28T00:00:00.000","6.09"
"236420227540229020","Bronx","GRAND CONCOURSE","EAST 196 STREET","EAST KINGSBRIDGE ROAD","2019-11-28T00:00:00.000","6.75"
"236420227540229020","Bronx","GRAND CONCOURSE","EAST 196 STREET","EAST KINGSBRIDGE ROAD","2019-11-28T00:00:00.000","8.05"
"236420227540229020","Bronx","GRAND CONCOURSE","EAST 196 STREET","EAST KINGSBRIDGE ROAD","2021-10-29T00:00:00.000","6.3"
"236420227540229020","Bronx","GRAND CONCOURSE","EAST 196 STREET","EAST KINGSBRIDGE ROAD","2021-10-29T00:00:00.000","6.45"
"236420227540229020","Bronx","GRAND CONCOURSE","EAST 196 STREET","EAST KINGSBRIDGE ROAD","2021-11-19T00:00:00.000","7.05"
"236420227540229020","Bronx","GRAND CONCOURSE","EAST 196 STREET","EAST KINGSBRIDGE ROAD","2021-11-19T00:00:00.000","6.0"
"236420227540229020","Bronx","GRAND CONCOURSE","EAST 196 STREET","EAST KINGSBRIDGE ROAD","2022-11-18T00:00:00.000","9.33"
"236420227540229020","Bronx","GRAND CONCOURSE","EAST 196 STREET","EAST KINGSBRIDGE ROAD","2022-12-20T00:00:00.000","4.17"
"236420227540229020","Bronx","GRAND CONCOURSE","EAST 196 STREET","EAST KINGSBRIDGE ROAD","2022-12-28T00:00:00.000","5.8"
"236420227540229020","Bronx","GRAND CONCOURSE","EAST 196 STREET","EAST KINGSBRIDGE ROAD","2023-06-05T00:00:00.000","6.5"
"236420227540229020","Bronx","GRAND CONCOURSE","EAST 196 STREET","EAST KINGSBRIDGE ROAD","2023-06-07T00:00:00.000","5.1"
"236420227540229020","Bronx","GRAND CONCOURSE","EAST 196 STREET","EAST KINGSBRIDGE ROAD","2023-06-07T00:00:00.000","5.69"
"236420227540229020","Bronx","GRAND CONCOURSE","EAST 196 STREET","EAST KINGSBRIDGE ROAD","2023-06-07T00:00:00.000","8.46"
"236420227540229020","Bronx","GRAND CONCOURSE","EAST 196 STREET","EAST KINGSBRIDGE ROAD","2025-01-14T00:00:00.000","7.31"
"236720229620230120","Bronx","GREENE PLACE","EAST TREMONT AVENUE","EDISON AVENUE","2018-09-14T00:00:00.000","6.99"
"236720229620230120","Bronx","GREENE PLACE","EAST TREMONT AVENUE","EDISON AVENUE","2019-10-11T00:00:00.000","8.14"
"236720229620230120","Bronx","GREENE PLACE","EAST TREMONT AVENUE","EDISON AVENUE","2021-06-28T00:00:00.000","7.3"
"236720229620230120","Bronx","GREENE PLACE","EAST TREMONT AVENUE","EDISON AVENUE","2021-07-19T00:00:00.000","6.15"
"236720229620230120","Bronx","GREENE PLACE","EAST TREMONT AVENUE","EDISON AVENUE","2022-07-23T00:00:00.000","7.05"
"236720229620230120","Bronx","GREENE PLACE","EAST TREMONT AVENUE","EDISON AVENUE","2023-08-14T00:00:00.000","5.59"
"236720229620230120","Bronx","GREENE PLACE","EAST TREMONT AVENUE","EDISON AVENUE","2024-08-12T00:00:00.000","6.41"
"236720229620230120","Bronx","GREENE PLACE","EAST TREMONT AVENUE","EDISON AVENUE","2025-08-19T00:00:00.000","5.94"
"236720229620230120","Bronx","GREENE PLACE","EAST TREMONT AVENUE","EDISON AVENUE","2026-07-10T00:00:00.000","6.18"
"237420207720209320","Bronx","GUNTHER AVENUE","ADEE AVENUE","ARNOW AVENUE","2018-04-03T00:00:00.000","8.87"
"237420207720209320","Bronx","GUNTHER AVENUE","ADEE AVENUE","ARNOW AVENUE","2018-04-05T00:00:00.000","8.87"
"237420207720209320","Bronx","GUNTHER AVENUE","ADEE AVENUE","ARNOW AVENUE","2019-03-25T00:00:00.000","7.64"
"237420207720209320","Bronx","GUNTHER AVENUE","ADEE AVENUE","ARNOW AVENUE","2020-12-15T00:00:00.000","10.0"
"237420207720209320","Bronx","GUNTHER AVENUE","ADEE AVENUE","ARNOW AVENUE","2022-04-11T00:00:00.000","9.83"
"237420207720209320","Bronx","GUNTHER AVENUE","ADEE AVENUE","ARNOW AVENUE","2023-05-24T00:00:00.000","9.11"
"237420207720209320","Bronx","GUNTHER AVENUE","ADEE AVENUE","ARNOW AVENUE","2024-05-20T00:00:00.000","9.11"
"237420207720209320","Bronx","GUNTHER AVENUE","ADEE AVENUE","ARNOW AVENUE","2025-05-23T00:00:00.000","9.11"
"237420207720209320","Bronx","GUNTHER AVENUE","ADEE AVENUE","ARNOW AVENUE","2026-07-20T00:00:00.000","8.14"
"237420207720237920","Bronx","GUNTHER AVENUE","ADEE AVENUE","HAMMERSLEY AVENUE","2018-04-03T00:00:00.000","7.91"
"237420207720237920","Bronx","GUNTHER AVENUE","ADEE AVENUE","HAMMERSLEY AVENUE","2018-04-05T00:00:00.000","6.86"
"237420207720237920","Bronx","GUNTHER AVENUE","ADEE AVENUE","HAMMERSLEY AVENUE","2019-03-25T00:00:00.000","7.7"
"237420207720237920","Bronx","GUNTHER AVENUE","ADEE AVENUE","HAMMERSLEY AVENUE","2020-12-15T00:00:00.000","10.0"
"237420207720237920","Bronx","GUNTHER AVENUE","ADEE AVENUE","HAMMERSLEY AVENUE","2022-04-11T00:00:00.000","9.01"
"237420207720237920","Bronx","GUNTHER AVENUE","ADEE AVENUE","HAMMERSLEY AVENUE","2023-05-24T00:00:00.000","9.11"
"237420207720237920","Bronx","GUNTHER AVENUE","ADEE AVENUE","HAMMERSLEY AVENUE","2024-05-20T00:00:00.000","8.87"
"237420207720237920","Bronx","GUNTHER AVENUE","ADEE AVENUE","HAMMERSLEY AVENUE","2025-05-23T00:00:00.000","9.01"
"237420207720237920","Bronx","GUNTHER AVENUE","ADEE AVENUE","HAMMERSLEY AVENUE","2026-07-20T00:00:00.000","6.96"
"237420209320211140","Bronx","GUNTHER AVENUE","ARNOW AVENUE","BARTOW AVENUE","2018-04-03T00:00:00.000","8.79"
"237420209320211140","Bronx","GUNTHER AVENUE","ARNOW AVENUE","BARTOW AVENUE","2018-04-05T00:00:00.000","8.22"
"237420209320211140","Bronx","GUNTHER AVENUE","ARNOW AVENUE","BARTOW AVENUE","2019-03-25T00:00:00.000","6.15"
"237420209320211140","Bronx","GUNTHER AVENUE","ARNOW AVENUE","BARTOW AVENUE","2020-12-15T00:00:00.000","9.19"
"237420209320211140","Bronx","GUNTHER AVENUE","ARNOW AVENUE","BARTOW AVENUE","2022-05-17T00:00:00.000","9.19"
"237420209320211140","Bronx","GUNTHER AVENUE","ARNOW AVENUE","BARTOW AVENUE","2023-05-13T00:00:00.000","9.11"
"237420209320211140","Bronx","GUNTHER AVENUE","ARNOW AVENUE","BARTOW AVENUE","2024-05-20T00:00:00.000","9.11"
"237420209320211140","Bronx","GUNTHER AVENUE","ARNOW AVENUE","BARTOW AVENUE","2025-05-23T00:00:00.000","9.11"
"237420209320211140","Bronx","GUNTHER AVENUE","ARNOW AVENUE","BARTOW AVENUE","2026-07-20T00:00:00.000","8.87"
"237420216620237920","Bronx","GUNTHER AVENUE","BURKE AVENUE","HAMMERSLEY AVENUE","2018-04-03T00:00:00.000","7.86"
"237420216620237920","Bronx","GUNTHER AVENUE","BURKE AVENUE","HAMMERSLEY AVENUE","2018-04-05T00:00:00.000","9.11"
"237420216620237920","Bronx","GUNTHER AVENUE","BURKE AVENUE","HAMMERSLEY AVENUE","2019-03-25T00:00:00.000","8.4"
"237420216620237920","Bronx","GUNTHER AVENUE","BURKE AVENUE","HAMMERSLEY AVENUE","2020-12-15T00:00:00.000","10.0"
"237420216620237920","Bronx","GUNTHER AVENUE","BURKE AVENUE","HAMMERSLEY AVENUE","2022-05-23T00:00:00.000","7.31"
"237420216620237920","Bronx","GUNTHER AVENUE","BURKE AVENUE","HAMMERSLEY AVENUE","2023-05-13T00:00:00.000","9.11"
"237420216620237920","Bronx","GUNTHER AVENUE","BURKE AVENUE","HAMMERSLEY AVENUE","2024-05-20T00:00:00.000","9.11"
"237420216620237920","Bronx","GUNTHER AVENUE","BURKE AVENUE","HAMMERSLEY AVENUE","2025-05-23T00:00:00.000","9.83"
"237420216620237920","Bronx","GUNTHER AVENUE","BURKE AVENUE","HAMMERSLEY AVENUE","2026-07-20T00:00:00.000","8.14"
"237420216620264320","Bronx","GUNTHER AVENUE","BURKE AVENUE","SEXTON PLACE","2018-04-03T00:00:00.000","9.01"
"237420216620264320","Bronx","GUNTHER AVENUE","BURKE AVENUE","SEXTON PLACE","2018-04-05T00:00:00.000","9.11"
"237420216620264320","Bronx","GUNTHER AVENUE","BURKE AVENUE","SEXTON PLACE","2019-03-25T00:00:00.000","7.8"
"237420216620264320","Bronx","GUNTHER AVENUE","BURKE AVENUE","SEXTON PLACE","2020-12-15T00:00:00.000","10.0"
"237420216620264320","Bronx","GUNTHER AVENUE","BURKE AVENUE","SEXTON PLACE","2022-05-23T00:00:00.000","9.93"
"237420216620264320","Bronx","GUNTHER AVENUE","BURKE AVENUE","SEXTON PLACE","2023-05-13T00:00:00.000","9.69"
"237420216620264320","Bronx","GUNTHER AVENUE","BURKE AVENUE","SEXTON PLACE","2024-05-20T00:00:00.000","9.01"
"237420216620264320","Bronx","GUNTHER AVENUE","BURKE AVENUE","SEXTON PLACE","2025-05-23T00:00:00.000","9.83"
"237420216620264320","Bronx","GUNTHER AVENUE","BURKE AVENUE","SEXTON PLACE","2026-07-20T00:00:00.000","9.83"
"240420210520245120","Bronx","HOLLYWOOD AVENUE","BARKLEY AVENUE","LAFAYETTE AVENUE","2018-09-14T00:00:00.000","6.33"
"240420210520245120","Bronx","HOLLYWOOD AVENUE","BARKLEY AVENUE","LAFAYETTE AVENUE","2019-10-11T00:00:00.000","7.14"
"240420210520245120","Bronx","HOLLYWOOD AVENUE","BARKLEY AVENUE","LAFAYETTE AVENUE","2021-06-28T00:00:00.000","6.53"
"240420210520245120","Bronx","HOLLYWOOD AVENUE","BARKLEY AVENUE","LAFAYETTE AVENUE","2021-07-19T00:00:00.000","5.66"
"240420210520245120","Bronx","HOLLYWOOD AVENUE","BARKLEY AVENUE","LAFAYETTE AVENUE","2022-07-23T00:00:00.000","6.18"
"240420210520245120","Bronx","HOLLYWOOD AVENUE","BARKLEY AVENUE","LAFAYETTE AVENUE","2023-08-14T00:00:00.000","6.18"
"240420210520245120","Bronx","HOLLYWOOD AVENUE","BARKLEY AVENUE","LAFAYETTE AVENUE","2024-08-12T00:00:00.000","5.01"
"240420210520245120","Bronx","HOLLYWOOD AVENUE","BARKLEY AVENUE","LAFAYETTE AVENUE","2025-08-19T00:00:00.000","5.19"
"240420210520245120","Bronx","HOLLYWOOD AVENUE","BARKLEY AVENUE","LAFAYETTE AVENUE","2026-07-08T00:00:00.000","6.18"
"240420210520256320","Bronx","HOLLYWOOD AVENUE","BARKLEY AVENUE","OTIS AVENUE","2018-09-14T00:00:00.000","9.93"
"240420210520256320","Bronx","HOLLYWOOD AVENUE","BARKLEY AVENUE","OTIS AVENUE","2019-10-11T00:00:00.000","9.11"
"240420210520256320","Bronx","HOLLYWOOD AVENUE","BARKLEY AVENUE","OTIS AVENUE","2021-06-28T00:00:00.000","8.14"
"240420210520256320","Bronx","HOLLYWOOD AVENUE","BARKLEY AVENUE","OTIS AVENUE","2021-07-19T00:00:00.000","8.87"
"240420210520256320","Bronx","HOLLYWOOD AVENUE","BARKLEY AVENUE","OTIS AVENUE","2022-07-23T00:00:00.000","9.11"
"240420210520256320","Bronx","HOLLYWOOD AVENUE","BARKLEY AVENUE","OTIS AVENUE","2023-08-14T00:00:00.000","9.01"
"240420210520256320","Bronx","HOLLYWOOD AVENUE","BARKLEY AVENUE","OTIS AVENUE","2024-08-12T00:00:00.000","7.0"
"240420210520256320","Bronx","HOLLYWOOD AVENUE","BARKLEY AVENUE","OTIS AVENUE","2025-08-19T00:00:00.000","6.6"
"240420210520256320","Bronx","HOLLYWOOD AVENUE","BARKLEY AVENUE","OTIS AVENUE","2026-07-08T00:00:00.000","6.12"
"240420215920256320","Bronx","HOLLYWOOD AVENUE","BRUCKNER BOULEVARD","OTIS AVENUE","2018-09-14T00:00:00.000","8.1"
"240420215920256320","Bronx","HOLLYWOOD AVENUE","BRUCKNER BOULEVARD","OTIS AVENUE","2019-10-11T00:00:00.000","6.98"
"240420215920256320","Bronx","HOLLYWOOD AVENUE","BRUCKNER BOULEVARD","OTIS AVENUE","2021-06-28T00:00:00.000","6.48"
"240420215920256320","Bronx","HOLLYWOOD AVENUE","BRUCKNER BOULEVARD","OTIS AVENUE","2021-07-19T00:00:00.000","6.5"
"240420215920256320","Bronx","HOLLYWOOD AVENUE","BRUCKNER BOULEVARD","OTIS AVENUE","2022-07-23T00:00:00.000","7.86"
"240420215920256320","Bronx","HOLLYWOOD AVENUE","BRUCKNER BOULEVARD","OTIS AVENUE","2023-08-14T00:00:00.000","5.76"
"240420215920256320","Bronx","HOLLYWOOD AVENUE","BRUCKNER BOULEVARD","OTIS AVENUE","2024-08-12T00:00:00.000","6.22"
"240420215920256320","Bronx","HOLLYWOOD AVENUE","BRUCKNER BOULEVARD","OTIS AVENUE","2025-08-19T00:00:00.000","4.41"
"240420215920256320","Bronx","HOLLYWOOD AVENUE","BRUCKNER BOULEVARD","OTIS AVENUE","2026-07-08T00:00:00.000","3.81"
"242420225800225830","Bronx","JACKSON AVENUE","EAST 138 STREET","EAST 139 STREET","2018-05-22T00:00:00.000","5.82"
"242420225800225830","Bronx","JACKSON AVENUE","EAST 138 STREET","EAST 139 STREET","2018-08-07T00:00:00.000","7.11"
"242420225800225830","Bronx","JACKSON AVENUE","EAST 138 STREET","EAST 139 STREET","2019-09-03T00:00:00.000","6.69"
"242420225800225830","Bronx","JACKSON AVENUE","EAST 138 STREET","EAST 139 STREET","2021-04-10T00:00:00.000","7.69"
"242420225800225830","Bronx","JACKSON AVENUE","EAST 138 STREET","EAST 139 STREET","2021-08-07T00:00:00.000","5.91"
"242420225800225830","Bronx","JACKSON AVENUE","EAST 138 STREET","EAST 139 STREET","2022-08-23T00:00:00.000","4.92"
"242420225800225830","Bronx","JACKSON AVENUE","EAST 138 STREET","EAST 139 STREET","2023-09-14T00:00:00.000","4.89"
"242420225800225830","Bronx","JACKSON AVENUE","EAST 138 STREET","EAST 139 STREET","2025-02-23T00:00:00.000","4.27"
"242420225800225830","Bronx","JACKSON AVENUE","EAST 138 STREET","EAST 139 STREET","2026-08-07T00:00:00.000","3.9"
"242420225830225860","Bronx","JACKSON AVENUE","EAST 139 STREET","EAST 140 STREET","2018-05-22T00:00:00.000","6.18"
"242420225830225860","Bronx","JACKSON AVENUE","EAST 139 STREET","EAST 140 STREET","2018-08-07T00:00:00.000","6.98"
"242420225830225860","Bronx","JACKSON AVENUE","EAST 139 STREET","EAST 140 STREET","2019-09-04T00:00:00.000","5.29"
"242420225830225860","Bronx","JACKSON AVENUE","EAST 139 STREET","EAST 140 STREET","2021-04-10T00:00:00.000","6.69"
"242420225830225860","Bronx","JACKSON AVENUE","EAST 139 STREET","EAST 140 STREET","2021-08-07T00:00:00.000","4.89"
"242420225830225860","Bronx","JACKSON AVENUE","EAST 139 STREET","EAST 140 STREET","2022-08-23T00:00:00.000","5.43"
"242420225830225860","Bronx","JACKSON AVENUE","EAST 139 STREET","EAST 140 STREET","2023-09-14T00:00:00.000","5.04"
"242420225830225860","Bronx","JACKSON AVENUE","EAST 139 STREET","EAST 140 STREET","2025-02-23T00:00:00.000","5.12"
"242420225830225860","Bronx","JACKSON AVENUE","EAST 139 STREET","EAST 140 STREET","2026-08-07T00:00:00.000","3.9"
"242420225860225890","Bronx","JACKSON AVENUE","EAST 140 STREET","EAST 141 STREET","2018-05-22T00:00:00.000","5.88"
"242420225860225890","Bronx","JACKSON AVENUE","EAST 140 STREET","EAST 141 STREET","2018-08-07T00:00:00.000","8.58"
"242420225860225890","Bronx","JACKSON AVENUE","EAST 140 STREET","EAST 141 STREET","2019-09-04T00:00:00.000","8.86"
"242420225860225890","Bronx","JACKSON AVENUE","EAST 140 STREET","EAST 141 STREET","2021-04-10T00:00:00.000","7.11"
"242420225860225890","Bronx","JACKSON AVENUE","EAST 140 STREET","EAST 141 STREET","2021-08-07T00:00:00.000","6.99"
"242420225860225890","Bronx","JACKSON AVENUE","EAST 140 STREET","EAST 141 STREET","2022-08-23T00:00:00.000","6.18"
"242420225860225890","Bronx","JACKSON AVENUE","EAST 140 STREET","EAST 141 STREET","2023-09-14T00:00:00.000","6.46"
"242420225860225890","Bronx","JACKSON AVENUE","EAST 140 STREET","EAST 141 STREET","2025-02-23T00:00:00.000","5.04"
"242420225860225890","Bronx","JACKSON AVENUE","EAST 140 STREET","EAST 141 STREET","2026-08-07T00:00:00.000","6.81"
"242420225890225920","Bronx","JACKSON AVENUE","EAST 141 STREET","EAST 142 STREET","2018-05-22T00:00:00.000","6.05"
"242420225890225920","Bronx","JACKSON AVENUE","EAST 141 STREET","EAST 142 STREET","2018-08-07T00:00:00.000","6.18"
"242420225890225920","Bronx","JACKSON AVENUE","EAST 141 STREET","EAST 142 STREET","2019-09-04T00:00:00.000","6.87"
"242420225890225920","Bronx","JACKSON AVENUE","EAST 141 STREET","EAST 142 STREET","2021-04-10T00:00:00.000","4.65"
"242420225890225920","Bronx","JACKSON AVENUE","EAST 141 STREET","EAST 142 STREET","2021-08-07T00:00:00.000","5.42"
"242420225890225920","Bronx","JACKSON AVENUE","EAST 141 STREET","EAST 142 STREET","2022-08-23T00:00:00.000","5.04"
"242420225890225920","Bronx","JACKSON AVENUE","EAST 141 STREET","EAST 142 STREET","2023-09-14T00:00:00.000","8.53"
"242420225890225920","Bronx","JACKSON AVENUE","EAST 141 STREET","EAST 142 STREET","2025-02-23T00:00:00.000","4.54"
"242420225890225920","Bronx","JACKSON AVENUE","EAST 141 STREET","EAST 142 STREET","2026-08-07T00:00:00.000","5.51"
"242420225920265920","Bronx","JACKSON AVENUE","EAST 142 STREET","ST MARYS STREET","2018-05-22T00:00:00.000","6.99"
"242420225920265920","Bronx","JACKSON AVENUE","EAST 142 STREET","ST MARYS STREET","2018-08-07T00:00:00.000","6.18"
"242420225920265920","Bronx","JACKSON AVENUE","EAST 142 STREET","ST MARYS STREET","2019-09-04T00:00:00.000","7.6"
"242420225920265920","Bronx","JACKSON AVENUE","EAST 142 STREET","ST MARYS STREET","2021-04-10T00:00:00.000","6.3"
"242420225920265920","Bronx","JACKSON AVENUE","EAST 142 STREET","ST MARYS STREET","2021-08-07T00:00:00.000","5.9"
"242420225920265920","Bronx","JACKSON AVENUE","EAST 142 STREET","ST MARYS STREET","2022-08-23T00:00:00.000","6.18"
"242420225920265920","Bronx","JACKSON AVENUE","EAST 142 STREET","ST MARYS STREET","2023-09-14T00:00:00.000","7.0"
"242420225920265920","Bronx","JACKSON AVENUE","EAST 142 STREET","ST MARYS STREET","2025-02-23T00:00:00.000","5.22"
"242420225920265920","Bronx","JACKSON AVENUE","EAST 142 STREET","ST MARYS STREET","2026-08-07T00:00:00.000","5.64"
"242420225980226010","Bronx","JACKSON AVENUE","EAST 144 STREET","EAST 145 STREET","2018-05-22T00:00:00.000","5.16"
"242420225980226010","Bronx","JACKSON AVENUE","EAST 144 STREET","EAST 145 STREET","2018-07-28T00:00:00.000","5.06"
"242420225980226010","Bronx","JACKSON AVENUE","EAST 144 STREET","EAST 145 STREET","2019-08-07T00:00:00.000","6.0"
"242420225980226010","Bronx","JACKSON AVENUE","EAST 144 STREET","EAST 145 STREET","2021-04-10T00:00:00.000","6.46"
"242420225980226010","Bronx","JACKSON AVENUE","EAST 144 STREET","EAST 145 STREET","2021-08-07T00:00:00.000","3.83"
"242420225980226010","Bronx","JACKSON AVENUE","EAST 144 STREET","EAST 145 STREET","2022-11-18T00:00:00.000","10.0"
"242420225980226010","Bronx","JACKSON AVENUE","EAST 144 STREET","EAST 145 STREET","2023-12-20T00:00:00.000","9.93"
"242420225980226010","Bronx","JACKSON AVENUE","EAST 144 STREET","EAST 145 STREET","2025-03-09T00:00:00.000","9.93"
"242420225980226010","Bronx","JACKSON AVENUE","EAST 144 STREET","EAST 145 STREET","2026-05-26T00:00:00.000","7.05"
"242420226070226130","Bronx","JACKSON AVENUE","EAST 147 STREET","EAST 149 STREET","2018-05-22T00:00:00.000","5.86"
"242420226070226130","Bronx","JACKSON AVENUE","EAST 147 STREET","EAST 149 STREET","2018-07-27T00:00:00.000","7.97"
"242420226070226130","Bronx","JACKSON AVENUE","EAST 147 STREET","EAST 149 STREET","2019-08-07T00:00:00.000","6.0"
"242420226070226130","Bronx","JACKSON AVENUE","EAST 147 STREET","EAST 149 STREET","2021-04-10T00:00:00.000","6.72"
"242420226070226130","Bronx","JACKSON AVENUE","EAST 147 STREET","EAST 149 STREET","2021-08-07T00:00:00.000","5.7"
"242420226070226130","Bronx","JACKSON AVENUE","EAST 147 STREET","EAST 149 STREET","2022-08-23T00:00:00.000","10.0"
"242420226070226130","Bronx","JACKSON AVENUE","EAST 147 STREET","EAST 149 STREET","2023-09-14T00:00:00.000","9.69"
"242420226070226130","Bronx","JACKSON AVENUE","EAST 147 STREET","EAST 149 STREET","2024-09-10T00:00:00.000","9.93"
"242420226070226130","Bronx","JACKSON AVENUE","EAST 147 STREET","EAST 149 STREET","2026-05-26T00:00:00.000","7.15"
"244120207720237920","Bronx","KINGSLAND AVENUE","ADEE AVENUE","HAMMERSLEY AVENUE","2018-04-03T00:00:00.000","8.16"
"244120207720237920","Bronx","KINGSLAND AVENUE","ADEE AVENUE","HAMMERSLEY AVENUE","2018-04-05T00:00:00.000","7.0"
"244120207720237920","Bronx","KINGSLAND AVENUE","ADEE AVENUE","HAMMERSLEY AVENUE","2019-03-25T00:00:00.000","6.87"
"244120207720237920","Bronx","KINGSLAND AVENUE","ADEE AVENUE","HAMMERSLEY AVENUE","2020-12-15T00:00:00.000","5.21"
"244120207720237920","Bronx","KINGSLAND AVENUE","ADEE AVENUE","HAMMERSLEY AVENUE","2022-04-11T00:00:00.000","9.11"
"244120207720237920","Bronx","KINGSLAND AVENUE","ADEE AVENUE","HAMMERSLEY AVENUE","2023-05-24T00:00:00.000","8.87"
"244120207720237920","Bronx","KINGSLAND AVENUE","ADEE AVENUE","HAMMERSLEY AVENUE","2024-05-23T00:00:00.000","8.24"
"244120207720237920","Bronx","KINGSLAND AVENUE","ADEE AVENUE","HAMMERSLEY AVENUE","2025-05-23T00:00:00.000","9.11"
"244120207720237920","Bronx","KINGSLAND AVENUE","ADEE AVENUE","HAMMERSLEY AVENUE","2026-07-20T00:00:00.000","6.9"
"244120216620237920","Bronx","KINGSLAND AVENUE","BURKE AVENUE","HAMMERSLEY AVENUE","2018-04-03T00:00:00.000","9.93"
"244120216620237920","Bronx","KINGSLAND AVENUE","BURKE AVENUE","HAMMERSLEY AVENUE","2018-04-05T00:00:00.000","9.93"
"244120216620237920","Bronx","KINGSLAND AVENUE","BURKE AVENUE","HAMMERSLEY AVENUE","2019-03-25T00:00:00.000","6.99"
"244120216620237920","Bronx","KINGSLAND AVENUE","BURKE AVENUE","HAMMERSLEY AVENUE","2020-12-15T00:00:00.000","7.04"
"244120216620237920","Bronx","KINGSLAND AVENUE","BURKE AVENUE","HAMMERSLEY AVENUE","2022-04-11T00:00:00.000","5.88"
"244120216620237920","Bronx","KINGSLAND AVENUE","BURKE AVENUE","HAMMERSLEY AVENUE","2023-05-24T00:00:00.000","7.31"
"244120216620237920","Bronx","KINGSLAND AVENUE","BURKE AVENUE","HAMMERSLEY AVENUE","2024-05-23T00:00:00.000","3.63"
"244120216620237920","Bronx","KINGSLAND AVENUE","BURKE AVENUE","HAMMERSLEY AVENUE","2025-05-23T00:00:00.000","4.23"
"244120216620237920","Bronx","KINGSLAND AVENUE","BURKE AVENUE","HAMMERSLEY AVENUE","2026-07-20T00:00:00.000","4.3"
"245120219820223820","Bronx","LAFAYETTE AVENUE","CLARENCE AVENUE","DEAN AVENUE","2018-09-14T00:00:00.000","9.68"
"245120219820223820","Bronx","LAFAYETTE AVENUE","CLARENCE AVENUE","DEAN AVENUE","2019-10-11T00:00:00.000","9.65"
"245120219820223820","Bronx","LAFAYETTE AVENUE","CLARENCE AVENUE","DEAN AVENUE","2021-06-28T00:00:00.000","8.04"
"245120219820223820","Bronx","LAFAYETTE AVENUE","CLARENCE AVENUE","DEAN AVENUE","2021-07-20T00:00:00.000","9.44"
"245120219820223820","Bronx","LAFAYETTE AVENUE","CLARENCE AVENUE","DEAN AVENUE","2022-07-23T00:00:00.000","9.65"
"245120219820223820","Bronx","LAFAYETTE AVENUE","CLARENCE AVENUE","DEAN AVENUE","2023-08-14T00:00:00.000","9.5"
"245120219820223820","Bronx","LAFAYETTE AVENUE","CLARENCE AVENUE","DEAN AVENUE","2024-08-12T00:00:00.000","7.32"
"245120219820223820","Bronx","LAFAYETTE AVENUE","CLARENCE AVENUE","DEAN AVENUE","2025-08-19T00:00:00.000","4.51"
"245120219820223820","Bronx","LAFAYETTE AVENUE","CLARENCE AVENUE","DEAN AVENUE","2026-07-10T00:00:00.000","5.58"
"245120219820277550","Bronx","LAFAYETTE AVENUE","CLARENCE AVENUE","WILCOX AVENUE","2018-09-14T00:00:00.000","9.68"
"245120219820277550","Bronx","LAFAYETTE AVENUE","CLARENCE AVENUE","WILCOX AVENUE","2019-10-11T00:00:00.000","9.68"
"245120219820277550","Bronx","LAFAYETTE AVENUE","CLARENCE AVENUE","WILCOX AVENUE","2021-06-28T00:00:00.000","9.11"
"245120219820277550","Bronx","LAFAYETTE AVENUE","CLARENCE AVENUE","WILCOX AVENUE","2021-07-20T00:00:00.000","9.3"
"245120219820277550","Bronx","LAFAYETTE AVENUE","CLARENCE AVENUE","WILCOX AVENUE","2022-07-23T00:00:00.000","9.65"
"245120219820277550","Bronx","LAFAYETTE AVENUE","CLARENCE AVENUE","WILCOX AVENUE","2023-08-14T00:00:00.000","9.38"
"245120219820277550","Bronx","LAFAYETTE AVENUE","CLARENCE AVENUE","WILCOX AVENUE","2024-08-12T00:00:00.000","6.99"
"245120219820277550","Bronx","LAFAYETTE AVENUE","CLARENCE AVENUE","WILCOX AVENUE","2025-08-19T00:00:00.000","5.88"
"245120219820277550","Bronx","LAFAYETTE AVENUE","CLARENCE AVENUE","WILCOX AVENUE","2026-07-10T00:00:00.000","6.4"
"245120223820264740","Bronx","LAFAYETTE AVENUE","DEAN AVENUE","SHORE DRIVE","2018-09-14T00:00:00.000","9.38"
"245120223820264740","Bronx","LAFAYETTE AVENUE","DEAN AVENUE","SHORE DRIVE","2019-10-11T00:00:00.000","9.68"
"245120223820264740","Bronx","LAFAYETTE AVENUE","DEAN AVENUE","SHORE DRIVE","2021-06-28T00:00:00.000","9.68"
"245120223820264740","Bronx","LAFAYETTE AVENUE","DEAN AVENUE","SHORE DRIVE","2021-07-20T00:00:00.000","9.03"
"245120223820264740","Bronx","LAFAYETTE AVENUE","DEAN AVENUE","SHORE DRIVE","2022-07-23T00:00:00.000","5.59"
"245120223820264740","Bronx","LAFAYETTE AVENUE","DEAN AVENUE","SHORE DRIVE","2023-08-14T00:00:00.000","6.85"
"245120223820264740","Bronx","LAFAYETTE AVENUE","DEAN AVENUE","SHORE DRIVE","2024-08-12T00:00:00.000","6.04"
"245120223820264740","Bronx","LAFAYETTE AVENUE","DEAN AVENUE","SHORE DRIVE","2025-08-19T00:00:00.000","4.6"
"245120223820264740","Bronx","LAFAYETTE AVENUE","DEAN AVENUE","SHORE DRIVE","2026-07-10T00:00:00.000","4.05"
"245120229620230120","Bronx","LAFAYETTE AVENUE","EAST TREMONT AVENUE","EDISON AVENUE","2018-09-14T00:00:00.000","8.24"
"245120229620230120","Bronx","LAFAYETTE AVENUE","EAST TREMONT AVENUE","EDISON AVENUE","2019-10-11T00:00:00.000","8.14"
"245120229620230120","Bronx","LAFAYETTE AVENUE","EAST TREMONT AVENUE","EDISON AVENUE","2021-06-28T00:00:00.000","7.33"
"245120229620230120","Bronx","LAFAYETTE AVENUE","EAST TREMONT AVENUE","EDISON AVENUE","2021-07-19T00:00:00.000","7.0"
"245120229620230120","Bronx","LAFAYETTE AVENUE","EAST TREMONT AVENUE","EDISON AVENUE","2022-07-23T00:00:00.000","6.33"
"245120229620230120","Bronx","LAFAYETTE AVENUE","EAST TREMONT AVENUE","EDISON AVENUE","2023-08-14T00:00:00.000","6.99"
"245120229620230120","Bronx","LAFAYETTE AVENUE","EAST TREMONT AVENUE","EDISON AVENUE","2024-08-12T00:00:00.000","5.43"
"245120229620230120","Bronx","LAFAYETTE AVENUE","EAST TREMONT AVENUE","EDISON AVENUE","2025-08-19T00:00:00.000","5.94"
"245120229620230120","Bronx","LAFAYETTE AVENUE","EAST TREMONT AVENUE","EDISON AVENUE","2026-07-08T00:00:00.000","5.1"
"245120230120246520","Bronx","LAFAYETTE AVENUE","EDISON AVENUE","LOGAN AVENUE","2018-09-14T00:00:00.000","9.01"
"245120230120246520","Bronx","LAFAYETTE AVENUE","EDISON AVENUE","LOGAN AVENUE","2019-10-11T00:00:00.000","7.96"
"245120230120246520","Bronx","LAFAYETTE AVENUE","EDISON AVENUE","LOGAN AVENUE","2021-06-28T00:00:00.000","9.93"
"245120230120246520","Bronx","LAFAYETTE AVENUE","EDISON AVENUE","LOGAN AVENUE","2021-07-19T00:00:00.000","8.93"
"245120230120246520","Bronx","LAFAYETTE AVENUE","EDISON AVENUE","LOGAN AVENUE","2022-07-23T00:00:00.000","9.11"
"245120230120246520","Bronx","LAFAYETTE AVENUE","EDISON AVENUE","LOGAN AVENUE","2023-08-14T00:00:00.000","6.84"
"245120230120246520","Bronx","LAFAYETTE AVENUE","EDISON AVENUE","LOGAN AVENUE","2024-08-12T00:00:00.000","9.68"
"245120230120246520","Bronx","LAFAYETTE AVENUE","EDISON AVENUE","LOGAN AVENUE","2025-08-19T00:00:00.000","6.99"
"245120230120246520","Bronx","LAFAYETTE AVENUE","EDISON AVENUE","LOGAN AVENUE","2026-07-08T00:00:00.000","6.81"
"245120230750271920","Bronx","LAFAYETTE AVENUE","ELLSWORTH AVENUE","VINCENT AVENUE","2018-09-14T00:00:00.000","9.65"
"245120230750271920","Bronx","LAFAYETTE AVENUE","ELLSWORTH AVENUE","VINCENT AVENUE","2019-10-11T00:00:00.000","9.68"
"245120230750271920","Bronx","LAFAYETTE AVENUE","ELLSWORTH AVENUE","VINCENT AVENUE","2021-06-28T00:00:00.000","9.65"
"245120230750271920","Bronx","LAFAYETTE AVENUE","ELLSWORTH AVENUE","VINCENT AVENUE","2021-07-20T00:00:00.000","9.68"
"245120230750271920","Bronx","LAFAYETTE AVENUE","ELLSWORTH AVENUE","VINCENT AVENUE","2022-07-23T00:00:00.000","9.65"
"245120230750271920","Bronx","LAFAYETTE AVENUE","ELLSWORTH AVENUE","VINCENT AVENUE","2023-08-14T00:00:00.000","9.68"
"245120230750271920","Bronx","LAFAYETTE AVENUE","ELLSWORTH AVENUE","VINCENT AVENUE","2024-08-12T00:00:00.000","8.56"
"245120230750271920","Bronx","LAFAYETTE AVENUE","ELLSWORTH AVENUE","VINCENT AVENUE","2025-08-19T00:00:00.000","6.6"
"245120230750271920","Bronx","LAFAYETTE AVENUE","ELLSWORTH AVENUE","VINCENT AVENUE","2026-07-10T00:00:00.000","6.85"
"245120230820240420","Bronx","LAFAYETTE AVENUE","THROGS NECK EXPRESSWAY","HOLLYWOOD AVENUE","2018-09-14T00:00:00.000","7.14"
"245120230820240420","Bronx","LAFAYETTE AVENUE","THROGS NECK EXPRESSWAY","HOLLYWOOD AVENUE","2019-10-11T00:00:00.000","8.86"
"245120230820240420","Bronx","LAFAYETTE AVENUE","THROGS NECK EXPRESSWAY","HOLLYWOOD AVENUE","2021-06-28T00:00:00.000","9.73"
"245120230820240420","Bronx","LAFAYETTE AVENUE","THROGS NECK EXPRESSWAY","HOLLYWOOD AVENUE","2021-07-19T00:00:00.000","7.05"
"245120230820240420","Bronx","LAFAYETTE AVENUE","THROGS NECK EXPRESSWAY","HOLLYWOOD AVENUE","2022-07-23T00:00:00.000","6.33"
"245120230820240420","Bronx","LAFAYETTE AVENUE","THROGS NECK EXPRESSWAY","HOLLYWOOD AVENUE","2023-08-14T00:00:00.000","5.43"
"245120230820240420","Bronx","LAFAYETTE AVENUE","THROGS NECK EXPRESSWAY","HOLLYWOOD AVENUE","2024-08-12T00:00:00.000","5.29"
"245120230820240420","Bronx","LAFAYETTE AVENUE","THROGS NECK EXPRESSWAY","HOLLYWOOD AVENUE","2025-08-19T00:00:00.000","5.8"
"245120230820240420","Bronx","LAFAYETTE AVENUE","THROGS NECK EXPRESSWAY","HOLLYWOOD AVENUE","2026-07-08T00:00:00.000","5.1"
"245120240420246520","Bronx","LAFAYETTE AVENUE","HOLLYWOOD AVENUE","LOGAN AVENUE","2018-09-14T00:00:00.000","9.01"
"245120240420246520","Bronx","LAFAYETTE AVENUE","HOLLYWOOD AVENUE","LOGAN AVENUE","2019-10-11T00:00:00.000","8.86"
"245120240420246520","Bronx","LAFAYETTE AVENUE","HOLLYWOOD AVENUE","LOGAN AVENUE","2021-06-28T00:00:00.000","9.8"
"245120240420246520","Bronx","LAFAYETTE AVENUE","HOLLYWOOD AVENUE","LOGAN AVENUE","2021-07-19T00:00:00.000","9.03"
"245120240420246520","Bronx","LAFAYETTE AVENUE","HOLLYWOOD AVENUE","LOGAN AVENUE","2022-07-23T00:00:00.000","9.11"
"245120240420246520","Bronx","LAFAYETTE AVENUE","HOLLYWOOD AVENUE","LOGAN AVENUE","2023-08-14T00:00:00.000","6.69"
"245120240420246520","Bronx","LAFAYETTE AVENUE","HOLLYWOOD AVENUE","LOGAN AVENUE","2024-08-12T00:00:00.000","6.61"
"245120240420246520","Bronx","LAFAYETTE AVENUE","HOLLYWOOD AVENUE","LOGAN AVENUE","2025-08-19T00:00:00.000","6.99"
"245120240420246520","Bronx","LAFAYETTE AVENUE","HOLLYWOOD AVENUE","LOGAN AVENUE","2026-07-08T00:00:00.000","6.04"
"245120271920277550","Bronx","LAFAYETTE AVENUE","VINCENT AVENUE","WILCOX AVENUE","2018-09-14T00:00:00.000","6.33"
"245120271920277550","Bronx","LAFAYETTE AVENUE","VINCENT AVENUE","WILCOX AVENUE","2019-10-11T00:00:00.000","9.68"
"245120271920277550","Bronx","LAFAYETTE AVENUE","VINCENT AVENUE","WILCOX AVENUE","2021-06-28T00:00:00.000","7.14"
"245120271920277550","Bronx","LAFAYETTE AVENUE","VINCENT AVENUE","WILCOX AVENUE","2021-07-20T00:00:00.000","7.06"
"245120271920277550","Bronx","LAFAYETTE AVENUE","VINCENT AVENUE","WILCOX AVENUE","2022-07-23T00:00:00.000","6.75"
"245120271920277550","Bronx","LAFAYETTE AVENUE","VINCENT AVENUE","WILCOX AVENUE","2023-08-14T00:00:00.000","9.54"
"245120271920277550","Bronx","LAFAYETTE AVENUE","VINCENT AVENUE","WILCOX AVENUE","2024-08-12T00:00:00.000","6.18"
"245120271920277550","Bronx","LAFAYETTE AVENUE","VINCENT AVENUE","WILCOX AVENUE","2025-08-19T00:00:00.000","5.19"
"245120271920277550","Bronx","LAFAYETTE AVENUE","VINCENT AVENUE","WILCOX AVENUE","2026-07-10T00:00:00.000","6.04"
"245520219820277550","Bronx","LAYTON AVENUE","CLARENCE AVENUE","WILCOX AVENUE","2018-09-14T00:00:00.000","9.19"
"245520219820277550","Bronx","LAYTON AVENUE","CLARENCE AVENUE","WILCOX AVENUE","2019-10-11T00:00:00.000","9.11"
"245520219820277550","Bronx","LAYTON AVENUE","CLARENCE AVENUE","WILCOX AVENUE","2021-06-28T00:00:00.000","9.11"
"245520219820277550","Bronx","LAYTON AVENUE","CLARENCE AVENUE","WILCOX AVENUE","2021-07-20T00:00:00.000","9.11"
"245520219820277550","Bronx","LAYTON AVENUE","CLARENCE AVENUE","WILCOX AVENUE","2022-07-23T00:00:00.000","9.11"
"245520219820277550","Bronx","LAYTON AVENUE","CLARENCE AVENUE","WILCOX AVENUE","2023-08-17T00:00:00.000","9.83"
"245520219820277550","Bronx","LAYTON AVENUE","CLARENCE AVENUE","WILCOX AVENUE","2024-08-12T00:00:00.000","9.11"
"245520219820277550","Bronx","LAYTON AVENUE","CLARENCE AVENUE","WILCOX AVENUE","2025-08-19T00:00:00.000","9.11"
"245520219820277550","Bronx","LAYTON AVENUE","CLARENCE AVENUE","WILCOX AVENUE","2026-07-10T00:00:00.000","6.04"
"248020229820278510","Bronx","MACE AVENUE","EASTCHESTER ROAD","WOODHULL AVENUE","2018-02-23T00:00:00.000","3.83"
"248020229820278510","Bronx","MACE AVENUE","EASTCHESTER ROAD","WOODHULL AVENUE","2018-03-12T00:00:00.000","5.58"
"248020229820278510","Bronx","MACE AVENUE","EASTCHESTER ROAD","WOODHULL AVENUE","2019-04-01T00:00:00.000","9.11"
"248020229820278510","Bronx","MACE AVENUE","EASTCHESTER ROAD","WOODHULL AVENUE","2020-12-15T00:00:00.000","10.0"
"248020229820278510","Bronx","MACE AVENUE","EASTCHESTER ROAD","WOODHULL AVENUE","2022-04-11T00:00:00.000","9.83"
"248020229820278510","Bronx","MACE AVENUE","EASTCHESTER ROAD","WOODHULL AVENUE","2023-05-08T00:00:00.000","9.01"
"248020229820278510","Bronx","MACE AVENUE","EASTCHESTER ROAD","WOODHULL AVENUE","2024-05-21T00:00:00.000","9.01"
"248020229820278510","Bronx","MACE AVENUE","EASTCHESTER ROAD","WOODHULL AVENUE","2025-05-19T00:00:00.000","6.64"
"248020229820278510","Bronx","MACE AVENUE","EASTCHESTER ROAD","WOODHULL AVENUE","2026-04-27T00:00:00.000","6.86"
"248020250820276970","Bronx","MACE AVENUE","MICKLE AVENUE","WESTERVELT AVENUE","2018-02-23T00:00:00.000","3.71"
"248020250820276970","Bronx","MACE AVENUE","MICKLE AVENUE","WESTERVELT AVENUE","2018-03-12T00:00:00.000","4.89"
"248020250820276970","Bronx","MACE AVENUE","MICKLE AVENUE","WESTERVELT AVENUE","2019-03-25T00:00:00.000","6.99"
"248020250820276970","Bronx","MACE AVENUE","MICKLE AVENUE","WESTERVELT AVENUE","2020-12-15T00:00:00.000","10.0"
"248020250820276970","Bronx","MACE AVENUE","MICKLE AVENUE","WESTERVELT AVENUE","2022-05-17T00:00:00.000","9.11"
"248020250820276970","Bronx","MACE AVENUE","MICKLE AVENUE","WESTERVELT AVENUE","2023-05-08T00:00:00.000","9.93"
"248020250820276970","Bronx","MACE AVENUE","MICKLE AVENUE","WESTERVELT AVENUE","2024-05-21T00:00:00.000","8.72"
"248020250820276970","Bronx","MACE AVENUE","MICKLE AVENUE","WESTERVELT AVENUE","2025-05-19T00:00:00.000","6.64"
"248020250820276970","Bronx","MACE AVENUE","MICKLE AVENUE","WESTERVELT AVENUE","2026-04-27T00:00:00.000","6.9"
"248020250820278510","Bronx","MACE AVENUE","MICKLE AVENUE","WOODHULL AVENUE","2018-02-23T00:00:00.000","3.78"
"248020250820278510","Bronx","MACE AVENUE","MICKLE AVENUE","WOODHULL AVENUE","2018-03-12T00:00:00.000","4.53"
"248020250820278510","Bronx","MACE AVENUE","MICKLE AVENUE","WOODHULL AVENUE","2019-03-25T00:00:00.000","10.0"
"248020250820278510","Bronx","MACE AVENUE","MICKLE AVENUE","WOODHULL AVENUE","2020-12-15T00:00:00.000","10.0"
"248020250820278510","Bronx","MACE AVENUE","MICKLE AVENUE","WOODHULL AVENUE","2022-04-11T00:00:00.000","9.93"
"248020250820278510","Bronx","MACE AVENUE","MICKLE AVENUE","WOODHULL AVENUE","2023-05-08T00:00:00.000","9.83"
"248020250820278510","Bronx","MACE AVENUE","MICKLE AVENUE","WOODHULL AVENUE","2024-05-21T00:00:00.000","9.83"
"248020250820278510","Bronx","MACE AVENUE","MICKLE AVENUE","WOODHULL AVENUE","2025-05-19T00:00:00.000","7.43"
"248020250820278510","Bronx","MACE AVENUE","MICKLE AVENUE","WOODHULL AVENUE","2026-04-27T00:00:00.000","7.43"
"259520226520226550","Bronx","PROSPECT AVENUE","EAST 162 STREET","EAST 163 STREET","2018-03-20T00:00:00.000","7.78"
"259520226520226550","Bronx","PROSPECT AVENUE","EAST 162 STREET","EAST 163 STREET","2018-03-20T00:00:00.000","7.78"
"259520226520226550","Bronx","PROSPECT AVENUE","EAST 162 STREET","EAST 163 STREET","2020-08-11T00:00:00.000","7.27"
"259520226520226550","Bronx","PROSPECT AVENUE","EAST 162 STREET","EAST 163 STREET","2020-08-11T00:00:00.000","7.27"
"259520226520226550","Bronx","PROSPECT AVENUE","EAST 162 STREET","EAST 163 STREET","2021-10-08T00:00:00.000","10.0"
"259520226520226550","Bronx","PROSPECT AVENUE","EAST 162 STREET","EAST 163 STREET","2021-10-08T00:00:00.000","10.0"
"259520226520226550","Bronx","PROSPECT AVENUE","EAST 162 STREET","EAST 163 STREET","2022-08-02T00:00:00.000","10.0"
"259520226520226550","Bronx","PROSPECT AVENUE","EAST 162 STREET","EAST 163 STREET","2022-08-02T00:00:00.000","10.0"
"259520226520226550","Bronx","PROSPECT AVENUE","EAST 162 STREET","EAST 163 STREET","2022-12-20T00:00:00.000","10.0"
"259520226520226550","Bronx","PROSPECT AVENUE","EAST 162 STREET","EAST 163 STREET","2022-12-20T00:00:00.000","10.0"
"259520226520226550","Bronx","PROSPECT AVENUE","EAST 162 STREET","EAST 163 STREET","2023-09-12T00:00:00.000","10.0"
"259520226520226550","Bronx","PROSPECT AVENUE","EAST 162 STREET","EAST 163 STREET","2023-09-12T00:00:00.000","10.0"
"259520226520226550","Bronx","PROSPECT AVENUE","EAST 162 STREET","EAST 163 STREET","2023-12-08T00:00:00.000","9.11"
"259520226520226550","Bronx","PROSPECT AVENUE","EAST 162 STREET","EAST 163 STREET","2023-12-08T00:00:00.000","9.11"
"259520226520226550","Bronx","PROSPECT AVENUE","EAST 162 STREET","EAST 163 STREET","2024-09-10T00:00:00.000","9.93"
"259520226520226550","Bronx","PROSPECT AVENUE","EAST 162 STREET","EAST 163 STREET","2024-09-10T00:00:00.000","9.93"
"259520226520226550","Bronx","PROSPECT AVENUE","EAST 162 STREET","EAST 163 STREET","2025-01-15T00:00:00.000","9.11"
"259520226520226550","Bronx","PROSPECT AVENUE","EAST 162 STREET","EAST 163 STREET","2025-01-15T00:00:00.000","9.11"
"259520226520226550","Bronx","PROSPECT AVENUE","EAST 162 STREET","EAST 163 STREET","2025-10-23T00:00:00.000","9.01"
"259520226520226550","Bronx","PROSPECT AVENUE","EAST 162 STREET","EAST 163 STREET","2025-10-23T00:00:00.000","9.01"
"259520226520226550","Bronx","PROSPECT AVENUE","EAST 162 STREET","EAST 163 STREET","2026-01-14T00:00:00.000","7.54"
"259520226520226550","Bronx","PROSPECT AVENUE","EAST 162 STREET","EAST 163 STREET","2026-01-14T00:00:00.000","7.54"
"259520226580226610","Bronx","PROSPECT AVENUE","EAST 164 STREET","EAST 165 STREET","2018-03-20T00:00:00.000","7.78"
"259520226580226610","Bronx","PROSPECT AVENUE","EAST 164 STREET","EAST 165 STREET","2018-03-20T00:00:00.000","7.78"
"259520226580226610","Bronx","PROSPECT AVENUE","EAST 164 STREET","EAST 165 STREET","2020-08-11T00:00:00.000","7.51"
"259520226580226610","Bronx","PROSPECT AVENUE","EAST 164 STREET","EAST 165 STREET","2020-08-11T00:00:00.000","7.51"
"259520226580226610","Bronx","PROSPECT AVENUE","EAST 164 STREET","EAST 165 STREET","2021-10-08T00:00:00.000","10.0"
"259520226580226610","Bronx","PROSPECT AVENUE","EAST 164 STREET","EAST 165 STREET","2021-10-08T00:00:00.000","10.0"
"259520226580226610","Bronx","PROSPECT AVENUE","EAST 164 STREET","EAST 165 STREET","2022-08-02T00:00:00.000","10.0"
"259520226580226610","Bronx","PROSPECT AVENUE","EAST 164 STREET","EAST 165 STREET","2022-08-02T00:00:00.000","10.0"
"259520226580226610","Bronx","PROSPECT AVENUE","EAST 164 STREET","EAST 165 STREET","2022-12-20T00:00:00.000","10.0"
"259520226580226610","Bronx","PROSPECT AVENUE","EAST 164 STREET","EAST 165 STREET","2022-12-20T00:00:00.000","10.0"
"259520226580226610","Bronx","PROSPECT AVENUE","EAST 164 STREET","EAST 165 STREET","2023-09-12T00:00:00.000","10.0"
"259520226580226610","Bronx","PROSPECT AVENUE","EAST 164 STREET","EAST 165 STREET","2023-09-12T00:00:00.000","10.0"
"259520226580226610","Bronx","PROSPECT AVENUE","EAST 164 STREET","EAST 165 STREET","2023-12-08T00:00:00.000","9.93"
"259520226580226610","Bronx","PROSPECT AVENUE","EAST 164 STREET","EAST 165 STREET","2023-12-08T00:00:00.000","9.93"
"259520226580226610","Bronx","PROSPECT AVENUE","EAST 164 STREET","EAST 165 STREET","2024-09-10T00:00:00.000","9.93"
"259520226580226610","Bronx","PROSPECT AVENUE","EAST 164 STREET","EAST 165 STREET","2024-09-10T00:00:00.000","9.93"
"259520226580226610","Bronx","PROSPECT AVENUE","EAST 164 STREET","EAST 165 STREET","2025-01-15T00:00:00.000","9.69"
"259520226580226610","Bronx","PROSPECT AVENUE","EAST 164 STREET","EAST 165 STREET","2025-01-15T00:00:00.000","9.69"
"259520226580226610","Bronx","PROSPECT AVENUE","EAST 164 STREET","EAST 165 STREET","2025-10-23T00:00:00.000","9.19"
"259520226580226610","Bronx","PROSPECT AVENUE","EAST 164 STREET","EAST 165 STREET","2025-10-23T00:00:00.000","9.19"
"259520226580226610","Bronx","PROSPECT AVENUE","EAST 164 STREET","EAST 165 STREET","2026-01-14T00:00:00.000","9.83"
"259520226580226610","Bronx","PROSPECT AVENUE","EAST 164 STREET","EAST 165 STREET","2026-01-14T00:00:00.000","9.83"
"259520226670240520","Bronx","PROSPECT AVENUE","EAST 167 STREET","HOME STREET","2018-03-20T00:00:00.000","5.96"
"259520226670240520","Bronx","PROSPECT AVENUE","EAST 167 STREET","HOME STREET","2018-08-29T00:00:00.000","3.66"
"259520226670240520","Bronx","PROSPECT AVENUE","EAST 167 STREET","HOME STREET","2019-09-12T00:00:00.000","4.18"
"259520226670240520","Bronx","PROSPECT AVENUE","EAST 167 STREET","HOME STREET","2021-05-03T00:00:00.000","9.93"
"259520226670240520","Bronx","PROSPECT AVENUE","EAST 167 STREET","HOME STREET","2021-10-08T00:00:00.000","9.93"
"259520226670240520","Bronx","PROSPECT AVENUE","EAST 167 STREET","HOME STREET","2022-12-20T00:00:00.000","9.11"
"259520226670240520","Bronx","PROSPECT AVENUE","EAST 167 STREET","HOME STREET","2023-12-08T00:00:00.000","8.77"
"259520226670240520","Bronx","PROSPECT AVENUE","EAST 167 STREET","HOME STREET","2025-01-15T00:00:00.000","9.69"
"259520226670240520","Bronx","PROSPECT AVENUE","EAST 167 STREET","HOME STREET","2026-01-14T00:00:00.000","8.7"
"259520226670266690","Bronx","PROSPECT AVENUE","EAST 167 STREET","MSGR JOHN STELTZ SQUARE","2018-03-20T00:00:00.000","7.89"
"259520226670266690","Bronx","PROSPECT AVENUE","EAST 167 STREET","MSGR JOHN STELTZ SQUARE","2018-08-29T00:00:00.000","8.25"
"259520226670266690","Bronx","PROSPECT AVENUE","EAST 167 STREET","MSGR JOHN STELTZ SQUARE","2019-09-12T00:00:00.000","8.72"
"259520226670266690","Bronx","PROSPECT AVENUE","EAST 167 STREET","MSGR JOHN STELTZ SQUARE","2021-05-03T00:00:00.000","10.0"
"259520226670266690","Bronx","PROSPECT AVENUE","EAST 167 STREET","MSGR JOHN STELTZ SQUARE","2021-10-08T00:00:00.000","10.0"
"259520226670266690","Bronx","PROSPECT AVENUE","EAST 167 STREET","MSGR JOHN STELTZ SQUARE","2022-12-20T00:00:00.000","9.93"
"259520226670266690","Bronx","PROSPECT AVENUE","EAST 167 STREET","MSGR JOHN STELTZ SQUARE","2023-12-08T00:00:00.000","9.59"
"259520226670266690","Bronx","PROSPECT AVENUE","EAST 167 STREET","MSGR JOHN STELTZ SQUARE","2025-01-15T00:00:00.000","9.69"
"259520226670266690","Bronx","PROSPECT AVENUE","EAST 167 STREET","MSGR JOHN STELTZ SQUARE","2026-01-14T00:00:00.000","8.62"
"259520226700240520","Bronx","PROSPECT AVENUE","EAST 168 STREET","HOME STREET","2018-03-20T00:00:00.000","7.89"
"259520226700240520","Bronx","PROSPECT AVENUE","EAST 168 STREET","HOME STREET","2018-03-20T00:00:00.000","7.89"
"259520226700240520","Bronx","PROSPECT AVENUE","EAST 168 STREET","HOME STREET","2020-08-11T00:00:00.000","10.0"
"259520226700240520","Bronx","PROSPECT AVENUE","EAST 168 STREET","HOME STREET","2020-08-11T00:00:00.000","10.0"
"259520226700240520","Bronx","PROSPECT AVENUE","EAST 168 STREET","HOME STREET","2021-10-08T00:00:00.000","10.0"
"259520226700240520","Bronx","PROSPECT AVENUE","EAST 168 STREET","HOME STREET","2021-10-08T00:00:00.000","10.0"
"259520226700240520","Bronx","PROSPECT AVENUE","EAST 168 STREET","HOME STREET","2022-04-13T00:00:00.000","9.93"
"259520226700240520","Bronx","PROSPECT AVENUE","EAST 168 STREET","HOME STREET","2022-04-13T00:00:00.000","9.93"
"259520226700240520","Bronx","PROSPECT AVENUE","EAST 168 STREET","HOME STREET","2022-12-20T00:00:00.000","9.93"
"259520226700240520","Bronx","PROSPECT AVENUE","EAST 168 STREET","HOME STREET","2022-12-20T00:00:00.000","9.93"
"259520226700240520","Bronx","PROSPECT AVENUE","EAST 168 STREET","HOME STREET","2023-07-10T00:00:00.000","9.11"
"259520226700240520","Bronx","PROSPECT AVENUE","EAST 168 STREET","HOME STREET","2023-07-10T00:00:00.000","9.11"
"259520226700240520","Bronx","PROSPECT AVENUE","EAST 168 STREET","HOME STREET","2023-12-08T00:00:00.000","9.93"
"259520226700240520","Bronx","PROSPECT AVENUE","EAST 168 STREET","HOME STREET","2023-12-08T00:00:00.000","9.93"
"259520226700240520","Bronx","PROSPECT AVENUE","EAST 168 STREET","HOME STREET","2024-08-27T00:00:00.000","9.54"
"259520226700240520","Bronx","PROSPECT AVENUE","EAST 168 STREET","HOME STREET","2024-08-27T00:00:00.000","9.54"
"259520226700240520","Bronx","PROSPECT AVENUE","EAST 168 STREET","HOME STREET","2025-01-15T00:00:00.000","8.87"
"259520226700240520","Bronx","PROSPECT AVENUE","EAST 168 STREET","HOME STREET","2025-01-15T00:00:00.000","8.87"
"259520226700240520","Bronx","PROSPECT AVENUE","EAST 168 STREET","HOME STREET","2025-10-24T00:00:00.000","7.65"
"259520226700240520","Bronx","PROSPECT AVENUE","EAST 168 STREET","HOME STREET","2025-10-24T00:00:00.000","7.65"
"259520226700240520","Bronx","PROSPECT AVENUE","EAST 168 STREET","HOME STREET","2026-01-14T00:00:00.000","6.81"
"259520226700240520","Bronx","PROSPECT AVENUE","EAST 168 STREET","HOME STREET","2026-01-14T00:00:00.000","6.81"
"259520226730233720","Bronx","PROSPECT AVENUE","EAST 169 STREET","FREEMAN STREET","2018-03-20T00:00:00.000","7.62"
"259520226730233720","Bronx","PROSPECT AVENUE","EAST 169 STREET","FREEMAN STREET","2018-08-27T00:00:00.000","6.75"
"259520226730233720","Bronx","PROSPECT AVENUE","EAST 169 STREET","FREEMAN STREET","2019-09-12T00:00:00.000","5.8"
"259520226730233720","Bronx","PROSPECT AVENUE","EAST 169 STREET","FREEMAN STREET","2021-05-03T00:00:00.000","6.63"
"259520226730233720","Bronx","PROSPECT AVENUE","EAST 169 STREET","FREEMAN STREET","2021-10-08T00:00:00.000","8.9"
"259520226730233720","Bronx","PROSPECT AVENUE","EAST 169 STREET","FREEMAN STREET","2022-12-20T00:00:00.000","3.46"
"259520226730233720","Bronx","PROSPECT AVENUE","EAST 169 STREET","FREEMAN STREET","2023-12-08T00:00:00.000","8.04"
"259520226730233720","Bronx","PROSPECT AVENUE","EAST 169 STREET","FREEMAN STREET","2025-01-15T00:00:00.000","3.55"
"259520226730233720","Bronx","PROSPECT AVENUE","EAST 169 STREET","FREEMAN STREET","2026-01-14T00:00:00.000","4.4"
"259520266625266690","Bronx","PROSPECT AVENUE","REV EDLER HAWKINS SQUARE","MSGR JOHN STELTZ SQUARE","2018-03-20T00:00:00.000","7.89"
"259520266625266690","Bronx","PROSPECT AVENUE","REV EDLER HAWKINS SQUARE","MSGR JOHN STELTZ SQUARE","2018-08-29T00:00:00.000","6.7"
"259520266625266690","Bronx","PROSPECT AVENUE","REV EDLER HAWKINS SQUARE","MSGR JOHN STELTZ SQUARE","2019-09-12T00:00:00.000","6.27"
"259520266625266690","Bronx","PROSPECT AVENUE","REV EDLER HAWKINS SQUARE","MSGR JOHN STELTZ SQUARE","2021-05-03T00:00:00.000","10.0"
"259520266625266690","Bronx","PROSPECT AVENUE","REV EDLER HAWKINS SQUARE","MSGR JOHN STELTZ SQUARE","2021-10-08T00:00:00.000","10.0"
"259520266625266690","Bronx","PROSPECT AVENUE","REV EDLER HAWKINS SQUARE","MSGR JOHN STELTZ SQUARE","2022-12-20T00:00:00.000","9.83"
"259520266625266690","Bronx","PROSPECT AVENUE","REV EDLER HAWKINS SQUARE","MSGR JOHN STELTZ SQUARE","2023-12-08T00:00:00.000","8.77"
"259520266625266690","Bronx","PROSPECT AVENUE","REV EDLER HAWKINS SQUARE","MSGR JOHN STELTZ SQUARE","2025-01-15T00:00:00.000","9.93"
"259520266625266690","Bronx","PROSPECT AVENUE","REV EDLER HAWKINS SQUARE","MSGR JOHN STELTZ SQUARE","2026-01-14T00:00:00.000","8.94"
"264740210520245120","Bronx","SHORE DRIVE","BARKLEY AVENUE","LAFAYETTE AVENUE","2018-09-14T00:00:00.000","9.93"
"264740210520245120","Bronx","SHORE DRIVE","BARKLEY AVENUE","LAFAYETTE AVENUE","2019-10-11T00:00:00.000","9.93"
"264740210520245120","Bronx","SHORE DRIVE","BARKLEY AVENUE","LAFAYETTE AVENUE","2021-06-28T00:00:00.000","9.68"
"264740210520245120","Bronx","SHORE DRIVE","BARKLEY AVENUE","LAFAYETTE AVENUE","2021-07-20T00:00:00.000","9.59"
"264740210520245120","Bronx","SHORE DRIVE","BARKLEY AVENUE","LAFAYETTE AVENUE","2022-07-23T00:00:00.000","9.54"
"264740210520245120","Bronx","SHORE DRIVE","BARKLEY AVENUE","LAFAYETTE AVENUE","2023-08-17T00:00:00.000","6.85"
"264740210520245120","Bronx","SHORE DRIVE","BARKLEY AVENUE","LAFAYETTE AVENUE","2024-08-12T00:00:00.000","5.8"
"264740210520245120","Bronx","SHORE DRIVE","BARKLEY AVENUE","LAFAYETTE AVENUE","2025-08-19T00:00:00.000","5.05"
"264740210520245120","Bronx","SHORE DRIVE","BARKLEY AVENUE","LAFAYETTE AVENUE","2026-07-10T00:00:00.000","5.29"
"265060229620230120","Bronx","SOMMER PLACE","EAST TREMONT AVENUE","EDISON AVENUE","2018-09-14T00:00:00.000","6.99"
"265060229620230120","Bronx","SOMMER PLACE","EAST TREMONT AVENUE","EDISON AVENUE","2019-10-11T00:00:00.000","7.2"
"265060229620230120","Bronx","SOMMER PLACE","EAST TREMONT AVENUE","EDISON AVENUE","2021-06-28T00:00:00.000","7.2"
"265060229620230120","Bronx","SOMMER PLACE","EAST TREMONT AVENUE","EDISON AVENUE","2021-07-19T00:00:00.000","8.49"
"265060229620230120","Bronx","SOMMER PLACE","EAST TREMONT AVENUE","EDISON AVENUE","2022-07-23T00:00:00.000","6.99"
"265060229620230120","Bronx","SOMMER PLACE","EAST TREMONT AVENUE","EDISON AVENUE","2023-08-14T00:00:00.000","5.43"
"265060229620230120","Bronx","SOMMER PLACE","EAST TREMONT AVENUE","EDISON AVENUE","2024-08-12T00:00:00.000","6.18"
"265060229620230120","Bronx","SOMMER PLACE","EAST TREMONT AVENUE","EDISON AVENUE","2025-08-19T00:00:00.000","5.05"
"265060229620230120","Bronx","SOMMER PLACE","EAST TREMONT AVENUE","EDISON AVENUE","2026-07-10T00:00:00.000","5.29"
"265620225800225830","Bronx","ST ANNS AVENUE","EAST 138 STREET","EAST 139 STREET","2018-05-22T00:00:00.000","8.05"
"265620225800225830","Bronx","ST ANNS AVENUE","EAST 138 STREET","EAST 139 STREET","2018-07-24T00:00:00.000","8.05"
"265620225800225830","Bronx","ST ANNS AVENUE","EAST 138 STREET","EAST 139 STREET","2019-08-05T00:00:00.000","9.44"
"265620225800225830","Bronx","ST ANNS AVENUE","EAST 138 STREET","EAST 139 STREET","2021-04-10T00:00:00.000","9.59"
"265620225800225830","Bronx","ST ANNS AVENUE","EAST 138 STREET","EAST 139 STREET","2021-08-07T00:00:00.000","7.14"
"265620225800225830","Bronx","ST ANNS AVENUE","EAST 138 STREET","EAST 139 STREET","2022-08-23T00:00:00.000","9.83"
"265620225800225830","Bronx","ST ANNS AVENUE","EAST 138 STREET","EAST 139 STREET","2023-09-14T00:00:00.000","8.49"
"265620225800225830","Bronx","ST ANNS AVENUE","EAST 138 STREET","EAST 139 STREET","2025-02-23T00:00:00.000","6.15"
"265620225800225830","Bronx","ST ANNS AVENUE","EAST 138 STREET","EAST 139 STREET","2026-05-26T00:00:00.000","8.62"
"266420223820273220","Bronx","STADIUM AVENUE","DEAN AVENUE","WATERBURY AVENUE","2018-09-14T00:00:00.000","9.11"
"266420223820273220","Bronx","STADIUM AVENUE","DEAN AVENUE","WATERBURY AVENUE","2019-10-11T00:00:00.000","9.93"
"266420223820273220","Bronx","STADIUM AVENUE","DEAN AVENUE","WATERBURY AVENUE","2021-06-28T00:00:00.000","8.24"
"266420223820273220","Bronx","STADIUM AVENUE","DEAN AVENUE","WATERBURY AVENUE","2021-07-20T00:00:00.000","9.83"
"266420223820273220","Bronx","STADIUM AVENUE","DEAN AVENUE","WATERBURY AVENUE","2022-07-23T00:00:00.000","9.83"
"266420223820273220","Bronx","STADIUM AVENUE","DEAN AVENUE","WATERBURY AVENUE","2023-08-17T00:00:00.000","9.93"
"266420223820273220","Bronx","STADIUM AVENUE","DEAN AVENUE","WATERBURY AVENUE","2024-08-12T00:00:00.000","9.84"
"266420223820273220","Bronx","STADIUM AVENUE","DEAN AVENUE","WATERBURY AVENUE","2025-08-19T00:00:00.000","7.8"
"266420223820273220","Bronx","STADIUM AVENUE","DEAN AVENUE","WATERBURY AVENUE","2026-07-10T00:00:00.000","6.25"
"268720216720265520","Bronx","TIFFANY STREET","BURNETT PLACE","SPOFFORD AVENUE","2018-03-05T00:00:00.000","5.29"
"268720216720265520","Bronx","TIFFANY STREET","BURNETT PLACE","SPOFFORD AVENUE","2018-08-22T00:00:00.000","10.0"
"268720216720265520","Bronx","TIFFANY STREET","BURNETT PLACE","SPOFFORD AVENUE","2019-09-11T00:00:00.000","9.93"
"268720216720265520","Bronx","TIFFANY STREET","BURNETT PLACE","SPOFFORD AVENUE","2021-04-03T00:00:00.000","5.94"
"268720216720265520","Bronx","TIFFANY STREET","BURNETT PLACE","SPOFFORD AVENUE","2022-04-14T00:00:00.000","5.89"
"268720216720265520","Bronx","TIFFANY STREET","BURNETT PLACE","SPOFFORD AVENUE","2023-05-13T00:00:00.000","5.04"
"268720216720265520","Bronx","TIFFANY STREET","BURNETT PLACE","SPOFFORD AVENUE","2024-06-03T00:00:00.000","8.66"
"268720216720265520","Bronx","TIFFANY STREET","BURNETT PLACE","SPOFFORD AVENUE","2025-07-01T00:00:00.000","5.49"
"268720216720265520","Bronx","TIFFANY STREET","BURNETT PLACE","SPOFFORD AVENUE","2026-08-07T00:00:00.000","6.0"
"268720254520260520","Bronx","TIFFANY STREET","OAK POINT AVENUE","RANDALL AVENUE","2018-03-05T00:00:00.000","4.92"
"268720254520260520","Bronx","TIFFANY STREET","OAK POINT AVENUE","RANDALL AVENUE","2018-08-22T00:00:00.000","10.0"
"268720254520260520","Bronx","TIFFANY STREET","OAK POINT AVENUE","RANDALL AVENUE","2019-09-11T00:00:00.000","9.11"
"268720254520260520","Bronx","TIFFANY STREET","OAK POINT AVENUE","RANDALL AVENUE","2021-04-03T00:00:00.000","6.7"
"268720254520260520","Bronx","TIFFANY STREET","OAK POINT AVENUE","RANDALL AVENUE","2022-04-14T00:00:00.000","9.93"
"268720254520260520","Bronx","TIFFANY STREET","OAK POINT AVENUE","RANDALL AVENUE","2023-05-06T00:00:00.000","9.14"
"268720254520260520","Bronx","TIFFANY STREET","OAK POINT AVENUE","RANDALL AVENUE","2024-06-03T00:00:00.000","6.61"
"268720254520260520","Bronx","TIFFANY STREET","OAK POINT AVENUE","RANDALL AVENUE","2025-07-01T00:00:00.000","5.79"
"268720254520260520","Bronx","TIFFANY STREET","OAK POINT AVENUE","RANDALL AVENUE","2026-08-07T00:00:00.000","6.99"
"269020226490226550","Bronx","TINTON AVENUE","EAST 161 STREET","EAST 163 STREET","2018-03-20T00:00:00.000","9.93"
"269020226490226550","Bronx","TINTON AVENUE","EAST 161 STREET","EAST 163 STREET","2018-08-29T00:00:00.000","9.11"
"269020226490226550","Bronx","TINTON AVENUE","EAST 161 STREET","EAST 163 STREET","2019-08-09T00:00:00.000","9.93"
"269020226490226550","Bronx","TINTON AVENUE","EAST 161 STREET","EAST 163 STREET","2021-05-03T00:00:00.000","8.05"
"269020226490226550","Bronx","TINTON AVENUE","EAST 161 STREET","EAST 163 STREET","2021-10-08T00:00:00.000","9.83"
"269020226490226550","Bronx","TINTON AVENUE","EAST 161 STREET","EAST 163 STREET","2022-12-20T00:00:00.000","9.93"
"269020226490226550","Bronx","TINTON AVENUE","EAST 161 STREET","EAST 163 STREET","2023-12-08T00:00:00.000","8.66"
"269020226490226550","Bronx","TINTON AVENUE","EAST 161 STREET","EAST 163 STREET","2025-01-15T00:00:00.000","8.62"
"269020226490226550","Bronx","TINTON AVENUE","EAST 161 STREET","EAST 163 STREET","2026-01-14T00:00:00.000","6.84"
"269720226460226490","Bronx","TRINITY AVENUE","EAST 160 STREET","EAST 161 STREET","2018-03-20T00:00:00.000","9.1"
"269720226460226490","Bronx","TRINITY AVENUE","EAST 160 STREET","EAST 161 STREET","2018-08-07T00:00:00.000","7.06"
"269720226460226490","Bronx","TRINITY AVENUE","EAST 160 STREET","EAST 161 STREET","2019-08-09T00:00:00.000","4.5"
"269720226460226490","Bronx","TRINITY AVENUE","EAST 160 STREET","EAST 161 STREET","2021-04-03T00:00:00.000","6.15"
"269720226460226490","Bronx","TRINITY AVENUE","EAST 160 STREET","EAST 161 STREET","2021-08-07T00:00:00.000","7.13"
"269720226460226490","Bronx","TRINITY AVENUE","EAST 160 STREET","EAST 161 STREET","2022-08-23T00:00:00.000","7.69"
"269720226460226490","Bronx","TRINITY AVENUE","EAST 160 STREET","EAST 161 STREET","2023-09-15T00:00:00.000","7.83"
"269720226460226490","Bronx","TRINITY AVENUE","EAST 160 STREET","EAST 161 STREET","2024-09-10T00:00:00.000","5.53"
"269720226460226490","Bronx","TRINITY AVENUE","EAST 160 STREET","EAST 161 STREET","2025-11-12T00:00:00.000","5.77"
"269720226490226550","Bronx","TRINITY AVENUE","EAST 161 STREET","EAST 163 STREET","2018-03-20T00:00:00.000","7.96"
"269720226490226550","Bronx","TRINITY AVENUE","EAST 161 STREET","EAST 163 STREET","2018-08-29T00:00:00.000","9.01"
"269720226490226550","Bronx","TRINITY AVENUE","EAST 161 STREET","EAST 163 STREET","2019-08-09T00:00:00.000","5.1"
"269720226490226550","Bronx","TRINITY AVENUE","EAST 161 STREET","EAST 163 STREET","2021-05-03T00:00:00.000","7.15"
"269720226490226550","Bronx","TRINITY AVENUE","EAST 161 STREET","EAST 163 STREET","2021-10-08T00:00:00.000","5.8"
"269720226490226550","Bronx","TRINITY AVENUE","EAST 161 STREET","EAST 163 STREET","2022-12-20T00:00:00.000","9.68"
"269720226490226550","Bronx","TRINITY AVENUE","EAST 161 STREET","EAST 163 STREET","2023-12-08T00:00:00.000","6.61"
"269720226490226550","Bronx","TRINITY AVENUE","EAST 161 STREET","EAST 163 STREET","2025-01-15T00:00:00.000","6.99"
"269720226490226550","Bronx","TRINITY AVENUE","EAST 161 STREET","EAST 163 STREET","2026-01-14T00:00:00.000","5.8"
"273620274840274870","Bronx","WEBB AVENUE","WEST 195 STREET","WEST 197 STREET","2019-01-03T00:00:00.000","3.39"
"273620274840274870","Bronx","WEBB AVENUE","WEST 195 STREET","WEST 197 STREET","2020-03-03T00:00:00.000","4.75"
"273620274840274870","Bronx","WEBB AVENUE","WEST 195 STREET","WEST 197 STREET","2021-04-22T00:00:00.000","4.34"
"273620274840274870","Bronx","WEBB AVENUE","WEST 195 STREET","WEST 197 STREET","2022-05-24T00:00:00.000","2.31"
"273620274840274870","Bronx","WEBB AVENUE","WEST 195 STREET","WEST 197 STREET","2023-07-15T00:00:00.000","7.0"
"273620274840274870","Bronx","WEBB AVENUE","WEST 195 STREET","WEST 197 STREET","2023-07-23T00:00:00.000","8.25"
"273620274840274870","Bronx","WEBB AVENUE","WEST 195 STREET","WEST 197 STREET","2023-08-12T00:00:00.000","8.25"
"273620274840274870","Bronx","WEBB AVENUE","WEST 195 STREET","WEST 197 STREET","2024-11-03T00:00:00.000","7.95"
"273620274840274870","Bronx","WEBB AVENUE","WEST 195 STREET","WEST 197 STREET","2025-12-13T00:00:00.000","8.12"
"277450216620264320","Bronx","WICKHAM AVENUE","BURKE AVENUE","SEXTON PLACE","2018-04-03T00:00:00.000","4.12"
"277450216620264320","Bronx","WICKHAM AVENUE","BURKE AVENUE","SEXTON PLACE","2018-04-05T00:00:00.000","5.53"
"277450216620264320","Bronx","WICKHAM AVENUE","BURKE AVENUE","SEXTON PLACE","2019-03-25T00:00:00.000","3.14"
"277450216620264320","Bronx","WICKHAM AVENUE","BURKE AVENUE","SEXTON PLACE","2020-12-15T00:00:00.000","10.0"
"277450216620264320","Bronx","WICKHAM AVENUE","BURKE AVENUE","SEXTON PLACE","2022-05-23T00:00:00.000","10.0"
"277450216620264320","Bronx","WICKHAM AVENUE","BURKE AVENUE","SEXTON PLACE","2023-05-13T00:00:00.000","9.93"
"277450216620264320","Bronx","WICKHAM AVENUE","BURKE AVENUE","SEXTON PLACE","2024-05-23T00:00:00.000","9.83"
"277450216620264320","Bronx","WICKHAM AVENUE","BURKE AVENUE","SEXTON PLACE","2025-05-23T00:00:00.000","7.05"
"277450216620264320","Bronx","WICKHAM AVENUE","BURKE AVENUE","SEXTON PLACE","2026-07-20T00:00:00.000","7.14"
"277550232020245520","Bronx","WILCOX AVENUE","FAIRMOUNT AVENUE","LAYTON AVENUE","2018-09-14T00:00:00.000","9.93"
"277550232020245520","Bronx","WILCOX AVENUE","FAIRMOUNT AVENUE","LAYTON AVENUE","2019-10-11T00:00:00.000","9.93"
"277550232020245520","Bronx","WILCOX AVENUE","FAIRMOUNT AVENUE","LAYTON AVENUE","2021-06-29T00:00:00.000","9.93"
"277550232020245520","Bronx","WILCOX AVENUE","FAIRMOUNT AVENUE","LAYTON AVENUE","2021-07-20T00:00:00.000","9.59"
"277550232020245520","Bronx","WILCOX AVENUE","FAIRMOUNT AVENUE","LAYTON AVENUE","2022-07-23T00:00:00.000","7.14"
"277550232020245520","Bronx","WILCOX AVENUE","FAIRMOUNT AVENUE","LAYTON AVENUE","2023-08-17T00:00:00.000","7.71"
"277550232020245520","Bronx","WILCOX AVENUE","FAIRMOUNT AVENUE","LAYTON AVENUE","2024-08-12T00:00:00.000","6.64"
"277550232020245520","Bronx","WILCOX AVENUE","FAIRMOUNT AVENUE","LAYTON AVENUE","2025-08-19T00:00:00.000","5.94"
"277550232020245520","Bronx","WILCOX AVENUE","FAIRMOUNT AVENUE","LAYTON AVENUE","2026-07-10T00:00:00.000","5.86"
"305280311480311490","Brooklyn","3 AVENUE","99 STREET","100 STREET","2018-10-10T00:00:00.000","4.55"
"305280311480311490","Brooklyn","3 AVENUE","99 STREET","100 STREET","2018-10-10T00:00:00.000","4.55"
"305280311480311490","Brooklyn","3 AVENUE","99 STREET","100 STREET","2019-10-18T00:00:00.000","5.47"
"305280311480311490","Brooklyn","3 AVENUE","99 STREET","100 STREET","2019-10-18T00:00:00.000","5.47"
"305280311480311490","Brooklyn","3 AVENUE","99 STREET","100 STREET","2021-09-27T00:00:00.000","10.0"
"305280311480311490","Brooklyn","3 AVENUE","99 STREET","100 STREET","2021-09-27T00:00:00.000","10.0"
"305280311480311490","Brooklyn","3 AVENUE","99 STREET","100 STREET","2022-02-15T00:00:00.000","10.0"
"305280311480311490","Brooklyn","3 AVENUE","99 STREET","100 STREET","2022-02-15T00:00:00.000","10.0"
"305280311480311490","Brooklyn","3 AVENUE","99 STREET","100 STREET","2022-10-19T00:00:00.000","10.0"
"305280311480311490","Brooklyn","3 AVENUE","99 STREET","100 STREET","2022-10-19T00:00:00.000","10.0"
"305280311480311490","Brooklyn","3 AVENUE","99 STREET","100 STREET","2023-02-27T00:00:00.000","9.84"
"305280311480311490","Brooklyn","3 AVENUE","99 STREET","100 STREET","2023-02-27T00:00:00.000","9.84"
"305280311480311490","Brooklyn","3 AVENUE","99 STREET","100 STREET","2023-10-18T00:00:00.000","9.11"
"305280311480311490","Brooklyn","3 AVENUE","99 STREET","100 STREET","2023-10-18T00:00:00.000","9.11"
"305280311480311490","Brooklyn","3 AVENUE","99 STREET","100 STREET","2024-02-29T00:00:00.000","8.77"
"305280311480311490","Brooklyn","3 AVENUE","99 STREET","100 STREET","2024-02-29T00:00:00.000","8.77"
"305280311480311490","Brooklyn","3 AVENUE","99 STREET","100 STREET","2024-10-09T00:00:00.000","9.01"
"305280311480311490","Brooklyn","3 AVENUE","99 STREET","100 STREET","2024-10-09T00:00:00.000","9.01"
"305280311480311490","Brooklyn","3 AVENUE","99 STREET","100 STREET","2025-06-11T00:00:00.000","6.75"
"305280311480311490","Brooklyn","3 AVENUE","99 STREET","100 STREET","2025-06-11T00:00:00.000","6.75"
"305280311480311490","Brooklyn","3 AVENUE","99 STREET","100 STREET","2025-11-20T00:00:00.000","7.96"
"305280311480311490","Brooklyn","3 AVENUE","99 STREET","100 STREET","2025-11-20T00:00:00.000","7.96"
"305280311480311490","Brooklyn","3 AVENUE","99 STREET","100 STREET","2026-08-13T00:00:00.000","6.99"
"305280311480311490","Brooklyn","3 AVENUE","99 STREET","100 STREET","2026-08-13T00:00:00.000","6.99"
"305280311490311530","Brooklyn","3 AVENUE","100 STREET","101 STREET","2018-10-10T00:00:00.000","6.63"
"305280311490311530","Brooklyn","3 AVENUE","100 STREET","101 STREET","2018-10-10T00:00:00.000","6.63"
"305280311490311530","Brooklyn","3 AVENUE","100 STREET","101 STREET","2019-10-18T00:00:00.000","5.62"
"305280311490311530","Brooklyn","3 AVENUE","100 STREET","101 STREET","2019-10-18T00:00:00.000","5.62"
"305280311490311530","Brooklyn","3 AVENUE","100 STREET","101 STREET","2021-09-27T00:00:00.000","9.93"
"305280311490311530","Brooklyn","3 AVENUE","100 STREET","101 STREET","2021-09-27T00:00:00.000","9.93"
"305280311490311530","Brooklyn","3 AVENUE","100 STREET","101 STREET","2022-02-15T00:00:00.000","10.0"
"305280311490311530","Brooklyn","3 AVENUE","100 STREET","101 STREET","2022-02-15T00:00:00.000","10.0"
"305280311490311530","Brooklyn","3 AVENUE","100 STREET","101 STREET","2022-10-19T00:00:00.000","9.11"
"305280311490311530","Brooklyn","3 AVENUE","100 STREET","101 STREET","2022-10-19T00:00:00.000","9.11"
"305280311490311530","Brooklyn","3 AVENUE","100 STREET","101 STREET","2023-02-27T00:00:00.000","8.42"
"305280311490311530","Brooklyn","3 AVENUE","100 STREET","101 STREET","2023-02-27T00:00:00.000","8.42"
"305280311490311530","Brooklyn","3 AVENUE","100 STREET","101 STREET","2023-10-18T00:00:00.000","8.25"
"305280311490311530","Brooklyn","3 AVENUE","100 STREET","101 STREET","2023-10-18T00:00:00.000","8.25"
"305280311490311530","Brooklyn","3 AVENUE","100 STREET","101 STREET","2024-02-29T00:00:00.000","6.57"
"305280311490311530","Brooklyn","3 AVENUE","100 STREET","101 STREET","2024-02-29T00:00:00.000","6.57"
"305280311490311530","Brooklyn","3 AVENUE","100 STREET","101 STREET","2024-10-09T00:00:00.000","7.72"
"305280311490311530","Brooklyn","3 AVENUE","100 STREET","101 STREET","2024-10-09T00:00:00.000","7.72"
"305280311490311530","Brooklyn","3 AVENUE","100 STREET","101 STREET","2025-06-11T00:00:00.000","5.83"
"305280311490311530","Brooklyn","3 AVENUE","100 STREET","101 STREET","2025-06-11T00:00:00.000","5.83"
"305280311490311530","Brooklyn","3 AVENUE","100 STREET","101 STREET","2025-11-20T00:00:00.000","6.75"
"305280311490311530","Brooklyn","3 AVENUE","100 STREET","101 STREET","2025-11-20T00:00:00.000","6.75"
"305280311490311530","Brooklyn","3 AVENUE","100 STREET","101 STREET","2026-08-13T00:00:00.000","4.34"
"305280311490311530","Brooklyn","3 AVENUE","100 STREET","101 STREET","2026-08-13T00:00:00.000","4.34"
"305430310180310230","Brooklyn","4 AVENUE","72 STREET","73 STREET","2018-03-01T00:00:00.000","10.0"
"305430310180310230","Brooklyn","4 AVENUE","72 STREET","73 STREET","2018-04-12T00:00:00.000","9.93"
"305430310180310230","Brooklyn","4 AVENUE","72 STREET","73 STREET","2019-02-26T00:00:00.000","9.19"
"305430310180310230","Brooklyn","4 AVENUE","72 STREET","73 STREET","2020-12-02T00:00:00.000","9.11"
"305430310180310230","Brooklyn","4 AVENUE","72 STREET","73 STREET","2022-02-17T00:00:00.000","9.11"
"305430310180310230","Brooklyn","4 AVENUE","72 STREET","73 STREET","2023-03-17T00:00:00.000","8.77"
"305430310180310230","Brooklyn","4 AVENUE","72 STREET","73 STREET","2024-03-11T00:00:00.000","8.86"
"305430310180310230","Brooklyn","4 AVENUE","72 STREET","73 STREET","2025-04-28T00:00:00.000","6.6"
"305430310180310230","Brooklyn","4 AVENUE","72 STREET","73 STREET","2026-08-13T00:00:00.000","5.69"
"305430310230310280","Brooklyn","4 AVENUE","73 STREET","74 STREET","2018-03-01T00:00:00.000","10.0"
"305430310230310280","Brooklyn","4 AVENUE","73 STREET","74 STREET","2018-04-12T00:00:00.000","9.93"
"305430310230310280","Brooklyn","4 AVENUE","73 STREET","74 STREET","2019-02-26T00:00:00.000","10.0"
"305430310230310280","Brooklyn","4 AVENUE","73 STREET","74 STREET","2020-12-02T00:00:00.000","9.93"
"305430310230310280","Brooklyn","4 AVENUE","73 STREET","74 STREET","2022-02-17T00:00:00.000","9.83"
"305430310230310280","Brooklyn","4 AVENUE","73 STREET","74 STREET","2023-03-17T00:00:00.000","8.49"
"305430310230310280","Brooklyn","4 AVENUE","73 STREET","74 STREET","2024-03-11T00:00:00.000","7.76"
"305430310230310280","Brooklyn","4 AVENUE","73 STREET","74 STREET","2025-04-28T00:00:00.000","6.75"
"305430310230310280","Brooklyn","4 AVENUE","73 STREET","74 STREET","2026-08-13T00:00:00.000","7.14"
"305430310280310330","Brooklyn","4 AVENUE","74 STREET","BAY RIDGE PARKWAY","2018-03-01T00:00:00.000","10.0"
"305430310280310330","Brooklyn","4 AVENUE","74 STREET","BAY RIDGE PARKWAY","2018-04-12T00:00:00.000","9.11"
"305430310280310330","Brooklyn","4 AVENUE","74 STREET","BAY RIDGE PARKWAY","2019-02-26T00:00:00.000","9.93"
"305430310280310330","Brooklyn","4 AVENUE","74 STREET","BAY RIDGE PARKWAY","2020-12-02T00:00:00.000","9.93"
"305430310280310330","Brooklyn","4 AVENUE","74 STREET","BAY RIDGE PARKWAY","2022-02-17T00:00:00.000","7.8"
"305430310280310330","Brooklyn","4 AVENUE","74 STREET","BAY RIDGE PARKWAY","2023-03-17T00:00:00.000","8.16"
"305430310280310330","Brooklyn","4 AVENUE","74 STREET","BAY RIDGE PARKWAY","2024-03-11T00:00:00.000","6.75"
"305430310280310330","Brooklyn","4 AVENUE","74 STREET","BAY RIDGE PARKWAY","2025-04-28T00:00:00.000","7.37"
"305430310280310330","Brooklyn","4 AVENUE","74 STREET","BAY RIDGE PARKWAY","2026-08-13T00:00:00.000","6.75"
"305430317380368730","Brooklyn","4 AVENUE","BAY RIDGE AVENUE","OVINGTON AVENUE","2018-03-01T00:00:00.000","10.0"
"305430317380368730","Brooklyn","4 AVENUE","BAY RIDGE AVENUE","OVINGTON AVENUE","2018-04-12T00:00:00.000","9.93"
"305430317380368730","Brooklyn","4 AVENUE","BAY RIDGE AVENUE","OVINGTON AVENUE","2019-02-26T00:00:00.000","7.95"
"305430317380368730","Brooklyn","4 AVENUE","BAY RIDGE AVENUE","OVINGTON AVENUE","2020-12-02T00:00:00.000","8.05"
"305430317380368730","Brooklyn","4 AVENUE","BAY RIDGE AVENUE","OVINGTON AVENUE","2022-02-18T00:00:00.000","7.93"
"305430317380368730","Brooklyn","4 AVENUE","BAY RIDGE AVENUE","OVINGTON AVENUE","2023-03-17T00:00:00.000","8.0"
"305430317380368730","Brooklyn","4 AVENUE","BAY RIDGE AVENUE","OVINGTON AVENUE","2024-03-11T00:00:00.000","6.18"
"305430317380368730","Brooklyn","4 AVENUE","BAY RIDGE AVENUE","OVINGTON AVENUE","2025-04-28T00:00:00.000","5.64"
"305430317380368730","Brooklyn","4 AVENUE","BAY RIDGE AVENUE","OVINGTON AVENUE","2026-08-13T00:00:00.000","5.07"
"310380306480306580","Brooklyn","76 STREET","14 AVENUE","15 AVENUE","2018-04-13T00:00:00.000","7.6"
"310380306480306580","Brooklyn","76 STREET","14 AVENUE","15 AVENUE","2018-06-12T00:00:00.000","5.63"
"310380306480306580","Brooklyn","76 STREET","14 AVENUE","15 AVENUE","2018-06-22T00:00:00.000","5.63"
"310380306480306580","Brooklyn","76 STREET","14 AVENUE","15 AVENUE","2018-06-29T00:00:00.000","5.63"
"310380306480306580","Brooklyn","76 STREET","14 AVENUE","15 AVENUE","2019-04-05T00:00:00.000","3.74"
"310380306480306580","Brooklyn","76 STREET","14 AVENUE","15 AVENUE","2021-11-03T00:00:00.000","9.19"
"310380306480306580","Brooklyn","76 STREET","14 AVENUE","15 AVENUE","2023-02-02T00:00:00.000","9.93"
"310380306480306580","Brooklyn","76 STREET","14 AVENUE","15 AVENUE","2024-02-26T00:00:00.000","9.11"
"310380306480306580","Brooklyn","76 STREET","14 AVENUE","15 AVENUE","2025-05-02T00:00:00.000","9.19"
"310880307230316680","Brooklyn","86 STREET","21 AVENUE","BAY 28 STREET","2018-05-09T00:00:00.000","9.11"
"310880307230316680","Brooklyn","86 STREET","21 AVENUE","BAY 28 STREET","2018-05-09T00:00:00.000","9.11"
"310880307230316680","Brooklyn","86 STREET","21 AVENUE","BAY 28 STREET","2020-03-11T00:00:00.000","6.96"
"310880307230316680","Brooklyn","86 STREET","21 AVENUE","BAY 28 STREET","2020-03-11T00:00:00.000","6.96"
"310880307230316680","Brooklyn","86 STREET","21 AVENUE","BAY 28 STREET","2021-08-28T00:00:00.000","7.87"
"310880307230316680","Brooklyn","86 STREET","21 AVENUE","BAY 28 STREET","2021-08-28T00:00:00.000","7.87"
"310880307230316680","Brooklyn","86 STREET","21 AVENUE","BAY 28 STREET","2021-11-03T00:00:00.000","8.83"
"310880307230316680","Brooklyn","86 STREET","21 AVENUE","BAY 28 STREET","2021-11-03T00:00:00.000","8.83"
"310880307230316680","Brooklyn","86 STREET","21 AVENUE","BAY 28 STREET","2022-09-02T00:00:00.000","9.93"
"310880307230316680","Brooklyn","86 STREET","21 AVENUE","BAY 28 STREET","2022-09-02T00:00:00.000","9.93"
"310880307230316680","Brooklyn","86 STREET","21 AVENUE","BAY 28 STREET","2022-11-08T00:00:00.000","9.11"
"310880307230316680","Brooklyn","86 STREET","21 AVENUE","BAY 28 STREET","2022-11-08T00:00:00.000","9.11"
"310880307230316680","Brooklyn","86 STREET","21 AVENUE","BAY 28 STREET","2023-12-12T00:00:00.000","7.11"
"310880307230316680","Brooklyn","86 STREET","21 AVENUE","BAY 28 STREET","2023-12-12T00:00:00.000","7.11"
"310880307230316680","Brooklyn","86 STREET","21 AVENUE","BAY 28 STREET","2025-02-26T00:00:00.000","9.29"
"310880307230316680","Brooklyn","86 STREET","21 AVENUE","BAY 28 STREET","2025-02-26T00:00:00.000","9.29"
"310880307230316680","Brooklyn","86 STREET","21 AVENUE","BAY 28 STREET","2026-04-24T00:00:00.000","7.45"
"310880307230316680","Brooklyn","86 STREET","21 AVENUE","BAY 28 STREET","2026-04-24T00:00:00.000","7.45"
"310880390880390930","Brooklyn","86 STREET","WEST 8 STREET","WEST 9 STREET","2018-05-22T00:00:00.000","8.62"
"310880390880390930","Brooklyn","86 STREET","WEST 8 STREET","WEST 9 STREET","2018-05-22T00:00:00.000","8.62"
"310880390880390930","Brooklyn","86 STREET","WEST 8 STREET","WEST 9 STREET","2021-10-06T00:00:00.000","9.93"
"310880390880390930","Brooklyn","86 STREET","WEST 8 STREET","WEST 9 STREET","2021-10-06T00:00:00.000","9.93"
"310880390880390930","Brooklyn","86 STREET","WEST 8 STREET","WEST 9 STREET","2022-06-10T00:00:00.000","10.0"
"310880390880390930","Brooklyn","86 STREET","WEST 8 STREET","WEST 9 STREET","2022-06-10T00:00:00.000","10.0"
"310880390880390930","Brooklyn","86 STREET","WEST 8 STREET","WEST 9 STREET","2023-01-30T00:00:00.000","10.0"
"310880390880390930","Brooklyn","86 STREET","WEST 8 STREET","WEST 9 STREET","2023-01-30T00:00:00.000","10.0"
"310880390880390930","Brooklyn","86 STREET","WEST 8 STREET","WEST 9 STREET","2023-05-17T00:00:00.000","9.93"
"310880390880390930","Brooklyn","86 STREET","WEST 8 STREET","WEST 9 STREET","2023-05-17T00:00:00.000","9.93"
"310880390880390930","Brooklyn","86 STREET","WEST 8 STREET","WEST 9 STREET","2024-04-23T00:00:00.000","9.93"
"310880390880390930","Brooklyn","86 STREET","WEST 8 STREET","WEST 9 STREET","2024-04-23T00:00:00.000","9.93"
"310880390880390930","Brooklyn","86 STREET","WEST 8 STREET","WEST 9 STREET","2024-06-13T00:00:00.000","8.05"
"310880390880390930","Brooklyn","86 STREET","WEST 8 STREET","WEST 9 STREET","2024-06-13T00:00:00.000","8.05"
"310880390880390930","Brooklyn","86 STREET","WEST 8 STREET","WEST 9 STREET","2025-11-17T00:00:00.000","6.2"
"310880390880390930","Brooklyn","86 STREET","WEST 8 STREET","WEST 9 STREET","2025-11-17T00:00:00.000","6.2"
"310880390880390930","Brooklyn","86 STREET","WEST 8 STREET","WEST 9 STREET","2026-08-12T00:00:00.000","6.99"
"310880390880390930","Brooklyn","86 STREET","WEST 8 STREET","WEST 9 STREET","2026-08-12T00:00:00.000","6.99"
"310880390980391030","Brooklyn","86 STREET","WEST 10 STREET","WEST 11 STREET","2018-06-25T00:00:00.000","5.69"
"310880390980391030","Brooklyn","86 STREET","WEST 10 STREET","WEST 11 STREET","2018-06-25T00:00:00.000","5.69"
"310880390980391030","Brooklyn","86 STREET","WEST 10 STREET","WEST 11 STREET","2021-10-06T00:00:00.000","9.93"
"310880390980391030","Brooklyn","86 STREET","WEST 10 STREET","WEST 11 STREET","2021-10-06T00:00:00.000","9.93"
"310880390980391030","Brooklyn","86 STREET","WEST 10 STREET","WEST 11 STREET","2022-06-10T00:00:00.000","10.0"
"310880390980391030","Brooklyn","86 STREET","WEST 10 STREET","WEST 11 STREET","2022-06-10T00:00:00.000","10.0"
"310880390980391030","Brooklyn","86 STREET","WEST 10 STREET","WEST 11 STREET","2023-01-30T00:00:00.000","10.0"
"310880390980391030","Brooklyn","86 STREET","WEST 10 STREET","WEST 11 STREET","2023-01-30T00:00:00.000","10.0"
"310880390980391030","Brooklyn","86 STREET","WEST 10 STREET","WEST 11 STREET","2023-05-17T00:00:00.000","9.76"
"310880390980391030","Brooklyn","86 STREET","WEST 10 STREET","WEST 11 STREET","2023-05-17T00:00:00.000","9.76"
"310880390980391030","Brooklyn","86 STREET","WEST 10 STREET","WEST 11 STREET","2024-04-23T00:00:00.000","10.0"
"310880390980391030","Brooklyn","86 STREET","WEST 10 STREET","WEST 11 STREET","2024-04-23T00:00:00.000","10.0"
"310880390980391030","Brooklyn","86 STREET","WEST 10 STREET","WEST 11 STREET","2024-06-13T00:00:00.000","9.93"
"310880390980391030","Brooklyn","86 STREET","WEST 10 STREET","WEST 11 STREET","2024-06-13T00:00:00.000","9.93"
"310880390980391030","Brooklyn","86 STREET","WEST 10 STREET","WEST 11 STREET","2025-11-17T00:00:00.000","9.93"
"310880390980391030","Brooklyn","86 STREET","WEST 10 STREET","WEST 11 STREET","2025-11-17T00:00:00.000","9.93"
"310880390980391030","Brooklyn","86 STREET","WEST 10 STREET","WEST 11 STREET","2026-08-12T00:00:00.000","9.83"
"310880390980391030","Brooklyn","86 STREET","WEST 10 STREET","WEST 11 STREET","2026-08-12T00:00:00.000","9.83"
"314480318630335980","Brooklyn","AVENUE R","BEDFORD AVENUE","EAST 26 STREET","2018-05-23T00:00:00.000","7.14"
"314480318630335980","Brooklyn","AVENUE R","BEDFORD AVENUE","EAST 26 STREET","2018-09-06T00:00:00.000","7.95"
"314480318630335980","Brooklyn","AVENUE R","BEDFORD AVENUE","EAST 26 STREET","2019-09-18T00:00:00.000","7.14"
"314480318630335980","Brooklyn","AVENUE R","BEDFORD AVENUE","EAST 26 STREET","2021-06-01T00:00:00.000","6.72"
"314480318630335980","Brooklyn","AVENUE R","BEDFORD AVENUE","EAST 26 STREET","2022-06-23T00:00:00.000","7.24"
"314480318630335980","Brooklyn","AVENUE R","BEDFORD AVENUE","EAST 26 STREET","2022-08-13T00:00:00.000","8.05"
"314480318630335980","Brooklyn","AVENUE R","BEDFORD AVENUE","EAST 26 STREET","2023-10-31T00:00:00.000","9.51"
"314480318630335980","Brooklyn","AVENUE R","BEDFORD AVENUE","EAST 26 STREET","2025-02-08T00:00:00.000","5.35"
"314480318630335980","Brooklyn","AVENUE R","BEDFORD AVENUE","EAST 26 STREET","2026-04-08T00:00:00.000","6.99"
"314480335630335680","Brooklyn","AVENUE R","EAST 18 STREET","EAST 19 STREET","2018-05-23T00:00:00.000","6.3"
"314480335630335680","Brooklyn","AVENUE R","EAST 18 STREET","EAST 19 STREET","2018-09-06T00:00:00.000","7.87"
"314480335630335680","Brooklyn","AVENUE R","EAST 18 STREET","EAST 19 STREET","2019-11-14T00:00:00.000","7.07"
"314480335630335680","Brooklyn","AVENUE R","EAST 18 STREET","EAST 19 STREET","2021-06-01T00:00:00.000","6.75"
"314480335630335680","Brooklyn","AVENUE R","EAST 18 STREET","EAST 19 STREET","2022-06-23T00:00:00.000","10.0"
"314480335630335680","Brooklyn","AVENUE R","EAST 18 STREET","EAST 19 STREET","2022-08-13T00:00:00.000","9.19"
"314480335630335680","Brooklyn","AVENUE R","EAST 18 STREET","EAST 19 STREET","2023-10-31T00:00:00.000","10.0"
"314480335630335680","Brooklyn","AVENUE R","EAST 18 STREET","EAST 19 STREET","2025-02-08T00:00:00.000","8.76"
"314480335630335680","Brooklyn","AVENUE R","EAST 18 STREET","EAST 19 STREET","2026-04-08T00:00:00.000","6.57"
"314480335980336030","Brooklyn","AVENUE R","EAST 26 STREET","EAST 27 STREET","2018-05-23T00:00:00.000","8.05"
"314480335980336030","Brooklyn","AVENUE R","EAST 26 STREET","EAST 27 STREET","2018-09-06T00:00:00.000","9.11"
"314480335980336030","Brooklyn","AVENUE R","EAST 26 STREET","EAST 27 STREET","2019-09-18T00:00:00.000","7.8"
"314480335980336030","Brooklyn","AVENUE R","EAST 26 STREET","EAST 27 STREET","2021-06-01T00:00:00.000","7.54"
"314480335980336030","Brooklyn","AVENUE R","EAST 26 STREET","EAST 27 STREET","2022-06-23T00:00:00.000","8.86"
"314480335980336030","Brooklyn","AVENUE R","EAST 26 STREET","EAST 27 STREET","2022-08-13T00:00:00.000","7.8"
"314480335980336030","Brooklyn","AVENUE R","EAST 26 STREET","EAST 27 STREET","2023-10-31T00:00:00.000","7.62"
"314480335980336030","Brooklyn","AVENUE R","EAST 26 STREET","EAST 27 STREET","2025-02-08T00:00:00.000","4.6"
"314480335980336030","Brooklyn","AVENUE R","EAST 26 STREET","EAST 27 STREET","2026-04-08T00:00:00.000","5.86"
"314530318630335880","Brooklyn","AVENUE S","BEDFORD AVENUE","EAST 24 STREET","2018-05-23T00:00:00.000","5.88"
"314530318630335880","Brooklyn","AVENUE S","BEDFORD AVENUE","EAST 24 STREET","2018-09-17T00:00:00.000","10.0"
"314530318630335880","Brooklyn","AVENUE S","BEDFORD AVENUE","EAST 24 STREET","2019-09-18T00:00:00.000","10.0"
"314530318630335880","Brooklyn","AVENUE S","BEDFORD AVENUE","EAST 24 STREET","2021-06-01T00:00:00.000","9.19"
"314530318630335880","Brooklyn","AVENUE S","BEDFORD AVENUE","EAST 24 STREET","2022-06-23T00:00:00.000","9.39"
"314530318630335880","Brooklyn","AVENUE S","BEDFORD AVENUE","EAST 24 STREET","2022-08-13T00:00:00.000","9.93"
"314530318630335880","Brooklyn","AVENUE S","BEDFORD AVENUE","EAST 24 STREET","2023-10-31T00:00:00.000","10.0"
"314530318630335880","Brooklyn","AVENUE S","BEDFORD AVENUE","EAST 24 STREET","2025-02-08T00:00:00.000","7.56"
"314530318630335880","Brooklyn","AVENUE S","BEDFORD AVENUE","EAST 24 STREET","2026-04-08T00:00:00.000","9.75"
"314530318630335980","Brooklyn","AVENUE S","BEDFORD AVENUE","EAST 26 STREET","2018-05-23T00:00:00.000","9.31"
"314530318630335980","Brooklyn","AVENUE S","BEDFORD AVENUE","EAST 26 STREET","2018-09-17T00:00:00.000","10.0"
"314530318630335980","Brooklyn","AVENUE S","BEDFORD AVENUE","EAST 26 STREET","2019-09-18T00:00:00.000","10.0"
"314530318630335980","Brooklyn","AVENUE S","BEDFORD AVENUE","EAST 26 STREET","2021-06-01T00:00:00.000","10.0"
"314530318630335980","Brooklyn","AVENUE S","BEDFORD AVENUE","EAST 26 STREET","2022-06-23T00:00:00.000","10.0"
"314530318630335980","Brooklyn","AVENUE S","BEDFORD AVENUE","EAST 26 STREET","2022-08-13T00:00:00.000","10.0"
"314530318630335980","Brooklyn","AVENUE S","BEDFORD AVENUE","EAST 26 STREET","2023-10-31T00:00:00.000","10.0"
"314530318630335980","Brooklyn","AVENUE S","BEDFORD AVENUE","EAST 26 STREET","2025-02-08T00:00:00.000","9.44"
"314530318630335980","Brooklyn","AVENUE S","BEDFORD AVENUE","EAST 26 STREET","2026-04-08T00:00:00.000","9.83"
"314530335730335780","Brooklyn","AVENUE S","EAST 21 STREET","EAST 22 STREET","2018-05-23T00:00:00.000","6.18"
"314530335730335780","Brooklyn","AVENUE S","EAST 21 STREET","EAST 22 STREET","2018-09-17T00:00:00.000","10.0"
"314530335730335780","Brooklyn","AVENUE S","EAST 21 STREET","EAST 22 STREET","2019-09-18T00:00:00.000","10.0"
"314530335730335780","Brooklyn","AVENUE S","EAST 21 STREET","EAST 22 STREET","2021-06-01T00:00:00.000","9.93"
"314530335730335780","Brooklyn","AVENUE S","EAST 21 STREET","EAST 22 STREET","2022-06-23T00:00:00.000","9.11"
"314530335730335780","Brooklyn","AVENUE S","EAST 21 STREET","EAST 22 STREET","2022-08-13T00:00:00.000","9.11"
"314530335730335780","Brooklyn","AVENUE S","EAST 21 STREET","EAST 22 STREET","2023-10-31T00:00:00.000","9.11"
"314530335730335780","Brooklyn","AVENUE S","EAST 21 STREET","EAST 22 STREET","2025-02-08T00:00:00.000","6.99"
"314530335730335780","Brooklyn","AVENUE S","EAST 21 STREET","EAST 22 STREET","2026-04-08T00:00:00.000","7.96"
"314530335730367530","Brooklyn","AVENUE S","EAST 21 STREET","OCEAN AVENUE","2018-05-23T00:00:00.000","5.45"
"314530335730367530","Brooklyn","AVENUE S","EAST 21 STREET","OCEAN AVENUE","2018-09-17T00:00:00.000","10.0"
"314530335730367530","Brooklyn","AVENUE S","EAST 21 STREET","OCEAN AVENUE","2019-09-18T00:00:00.000","9.19"
"314530335730367530","Brooklyn","AVENUE S","EAST 21 STREET","OCEAN AVENUE","2021-06-01T00:00:00.000","9.11"
"314530335730367530","Brooklyn","AVENUE S","EAST 21 STREET","OCEAN AVENUE","2022-06-23T00:00:00.000","9.93"
"314530335730367530","Brooklyn","AVENUE S","EAST 21 STREET","OCEAN AVENUE","2022-08-13T00:00:00.000","9.93"
"314530335730367530","Brooklyn","AVENUE S","EAST 21 STREET","OCEAN AVENUE","2023-10-31T00:00:00.000","8.13"
"314530335730367530","Brooklyn","AVENUE S","EAST 21 STREET","OCEAN AVENUE","2025-02-08T00:00:00.000","7.26"
"314530335730367530","Brooklyn","AVENUE S","EAST 21 STREET","OCEAN AVENUE","2026-04-08T00:00:00.000","9.93"
"314530335780335830","Brooklyn","AVENUE S","EAST 22 STREET","EAST 23 STREET","2018-05-23T00:00:00.000","6.18"
"314530335780335830","Brooklyn","AVENUE S","EAST 22 STREET","EAST 23 STREET","2018-09-17T00:00:00.000","10.0"
"314530335780335830","Brooklyn","AVENUE S","EAST 22 STREET","EAST 23 STREET","2019-09-18T00:00:00.000","9.19"
"314530335780335830","Brooklyn","AVENUE S","EAST 22 STREET","EAST 23 STREET","2021-06-01T00:00:00.000","9.11"
"314530335780335830","Brooklyn","AVENUE S","EAST 22 STREET","EAST 23 STREET","2022-06-23T00:00:00.000","9.11"
"314530335780335830","Brooklyn","AVENUE S","EAST 22 STREET","EAST 23 STREET","2022-08-13T00:00:00.000","9.11"
"314530335780335830","Brooklyn","AVENUE S","EAST 22 STREET","EAST 23 STREET","2023-10-31T00:00:00.000","9.11"
"314530335780335830","Brooklyn","AVENUE S","EAST 22 STREET","EAST 23 STREET","2025-02-08T00:00:00.000","6.64"
"314530335780335830","Brooklyn","AVENUE S","EAST 22 STREET","EAST 23 STREET","2026-04-08T00:00:00.000","7.99"
"314530335830335880","Brooklyn","AVENUE S","EAST 23 STREET","EAST 24 STREET","2018-05-23T00:00:00.000","6.18"
"314530335830335880","Brooklyn","AVENUE S","EAST 23 STREET","EAST 24 STREET","2018-09-17T00:00:00.000","10.0"
"314530335830335880","Brooklyn","AVENUE S","EAST 23 STREET","EAST 24 STREET","2019-09-18T00:00:00.000","10.0"
"314530335830335880","Brooklyn","AVENUE S","EAST 23 STREET","EAST 24 STREET","2021-06-01T00:00:00.000","9.93"
"314530335830335880","Brooklyn","AVENUE S","EAST 23 STREET","EAST 24 STREET","2022-06-23T00:00:00.000","9.93"
"314530335830335880","Brooklyn","AVENUE S","EAST 23 STREET","EAST 24 STREET","2022-08-13T00:00:00.000","9.93"
"314530335830335880","Brooklyn","AVENUE S","EAST 23 STREET","EAST 24 STREET","2023-10-31T00:00:00.000","9.69"
"314530335830335880","Brooklyn","AVENUE S","EAST 23 STREET","EAST 24 STREET","2025-02-08T00:00:00.000","6.75"
"314530335830335880","Brooklyn","AVENUE S","EAST 23 STREET","EAST 24 STREET","2026-04-08T00:00:00.000","9.93"
"314530335980336030","Brooklyn","AVENUE S","EAST 26 STREET","EAST 27 STREET","2018-05-23T00:00:00.000","5.88"
"314530335980336030","Brooklyn","AVENUE S","EAST 26 STREET","EAST 27 STREET","2018-09-17T00:00:00.000","10.0"
"314530335980336030","Brooklyn","AVENUE S","EAST 26 STREET","EAST 27 STREET","2019-09-18T00:00:00.000","10.0"
"314530335980336030","Brooklyn","AVENUE S","EAST 26 STREET","EAST 27 STREET","2021-06-01T00:00:00.000","10.0"
"314530335980336030","Brooklyn","AVENUE S","EAST 26 STREET","EAST 27 STREET","2022-06-23T00:00:00.000","9.93"
"314530335980336030","Brooklyn","AVENUE S","EAST 26 STREET","EAST 27 STREET","2022-08-13T00:00:00.000","10.0"
"314530335980336030","Brooklyn","AVENUE S","EAST 26 STREET","EAST 27 STREET","2023-10-31T00:00:00.000","9.93"
"314530335980336030","Brooklyn","AVENUE S","EAST 26 STREET","EAST 27 STREET","2025-02-08T00:00:00.000","9.59"
"314530335980336030","Brooklyn","AVENUE S","EAST 26 STREET","EAST 27 STREET","2026-04-08T00:00:00.000","9.68"
"314530336030336080","Brooklyn","AVENUE S","EAST 27 STREET","EAST 28 STREET","2018-05-23T00:00:00.000","6.81"
"314530336030336080","Brooklyn","AVENUE S","EAST 27 STREET","EAST 28 STREET","2018-09-17T00:00:00.000","10.0"
"314530336030336080","Brooklyn","AVENUE S","EAST 27 STREET","EAST 28 STREET","2019-09-18T00:00:00.000","10.0"
"314530336030336080","Brooklyn","AVENUE S","EAST 27 STREET","EAST 28 STREET","2021-06-01T00:00:00.000","7.14"
"314530336030336080","Brooklyn","AVENUE S","EAST 27 STREET","EAST 28 STREET","2022-06-23T00:00:00.000","8.93"
"314530336030336080","Brooklyn","AVENUE S","EAST 27 STREET","EAST 28 STREET","2022-08-13T00:00:00.000","9.11"
"314530336030336080","Brooklyn","AVENUE S","EAST 27 STREET","EAST 28 STREET","2023-10-31T00:00:00.000","9.93"
"314530336030336080","Brooklyn","AVENUE S","EAST 27 STREET","EAST 28 STREET","2025-02-08T00:00:00.000","8.62"
"314530336030336080","Brooklyn","AVENUE S","EAST 27 STREET","EAST 28 STREET","2026-04-08T00:00:00.000","8.15"
"314530336080336130","Brooklyn","AVENUE S","EAST 28 STREET","EAST 29 STREET","2018-05-23T00:00:00.000","10.0"
"314530336080336130","Brooklyn","AVENUE S","EAST 28 STREET","EAST 29 STREET","2018-09-07T00:00:00.000","9.19"
"314530336080336130","Brooklyn","AVENUE S","EAST 28 STREET","EAST 29 STREET","2019-09-18T00:00:00.000","9.19"
"314530336080336130","Brooklyn","AVENUE S","EAST 28 STREET","EAST 29 STREET","2021-06-01T00:00:00.000","9.01"
"314530336080336130","Brooklyn","AVENUE S","EAST 28 STREET","EAST 29 STREET","2022-06-23T00:00:00.000","9.01"
"314530336080336130","Brooklyn","AVENUE S","EAST 28 STREET","EAST 29 STREET","2022-08-13T00:00:00.000","9.93"
"314530336080336130","Brooklyn","AVENUE S","EAST 28 STREET","EAST 29 STREET","2023-10-31T00:00:00.000","8.77"
"314530336080336130","Brooklyn","AVENUE S","EAST 28 STREET","EAST 29 STREET","2025-02-08T00:00:00.000","6.6"
"314530336080336130","Brooklyn","AVENUE S","EAST 28 STREET","EAST 29 STREET","2026-04-08T00:00:00.000","8.39"
"314530336130367030","Brooklyn","AVENUE S","EAST 29 STREET","NOSTRAND AVENUE","2018-05-23T00:00:00.000","8.56"
"314530336130367030","Brooklyn","AVENUE S","EAST 29 STREET","NOSTRAND AVENUE","2018-09-17T00:00:00.000","10.0"
"314530336130367030","Brooklyn","AVENUE S","EAST 29 STREET","NOSTRAND AVENUE","2019-09-18T00:00:00.000","10.0"
"314530336130367030","Brooklyn","AVENUE S","EAST 29 STREET","NOSTRAND AVENUE","2021-06-01T00:00:00.000","8.49"
"314530336130367030","Brooklyn","AVENUE S","EAST 29 STREET","NOSTRAND AVENUE","2022-06-23T00:00:00.000","8.57"
"314530336130367030","Brooklyn","AVENUE S","EAST 29 STREET","NOSTRAND AVENUE","2022-08-13T00:00:00.000","9.93"
"314530336130367030","Brooklyn","AVENUE S","EAST 29 STREET","NOSTRAND AVENUE","2023-10-31T00:00:00.000","9.11"
"314530336130367030","Brooklyn","AVENUE S","EAST 29 STREET","NOSTRAND AVENUE","2025-02-08T00:00:00.000","6.48"
"314530336130367030","Brooklyn","AVENUE S","EAST 29 STREET","NOSTRAND AVENUE","2026-04-08T00:00:00.000","6.77"
"314530381830391130","Brooklyn","AVENUE S","STILLWELL AVENUE","WEST 13 STREET","2018-05-07T00:00:00.000","9.84"
"314530381830391130","Brooklyn","AVENUE S","STILLWELL AVENUE","WEST 13 STREET","2018-05-21T00:00:00.000","9.68"
"314530381830391130","Brooklyn","AVENUE S","STILLWELL AVENUE","WEST 13 STREET","2019-03-20T00:00:00.000","8.93"
"314530381830391130","Brooklyn","AVENUE S","STILLWELL AVENUE","WEST 13 STREET","2020-11-09T00:00:00.000","10.0"
"314530381830391130","Brooklyn","AVENUE S","STILLWELL AVENUE","WEST 13 STREET","2021-11-06T00:00:00.000","10.0"
"314530381830391130","Brooklyn","AVENUE S","STILLWELL AVENUE","WEST 13 STREET","2023-03-01T00:00:00.000","9.83"
"314530381830391130","Brooklyn","AVENUE S","STILLWELL AVENUE","WEST 13 STREET","2024-02-26T00:00:00.000","10.0"
"314530381830391130","Brooklyn","AVENUE S","STILLWELL AVENUE","WEST 13 STREET","2025-03-18T00:00:00.000","9.93"
"314530381830391130","Brooklyn","AVENUE S","STILLWELL AVENUE","WEST 13 STREET","2026-04-20T00:00:00.000","9.93"
"314530390630390680","Brooklyn","AVENUE S","WEST 3 STREET","WEST 4 STREET","2018-05-07T00:00:00.000","7.38"
"314530390630390680","Brooklyn","AVENUE S","WEST 3 STREET","WEST 4 STREET","2018-05-21T00:00:00.000","6.18"
"314530390630390680","Brooklyn","AVENUE S","WEST 3 STREET","WEST 4 STREET","2019-03-20T00:00:00.000","8.24"
"314530390630390680","Brooklyn","AVENUE S","WEST 3 STREET","WEST 4 STREET","2020-11-09T00:00:00.000","10.0"
"314530390630390680","Brooklyn","AVENUE S","WEST 3 STREET","WEST 4 STREET","2021-11-06T00:00:00.000","10.0"
"314530390630390680","Brooklyn","AVENUE S","WEST 3 STREET","WEST 4 STREET","2023-03-01T00:00:00.000","9.83"
"314530390630390680","Brooklyn","AVENUE S","WEST 3 STREET","WEST 4 STREET","2024-02-26T00:00:00.000","9.93"
"314530390630390680","Brooklyn","AVENUE S","WEST 3 STREET","WEST 4 STREET","2025-03-18T00:00:00.000","9.11"
"314530390630390680","Brooklyn","AVENUE S","WEST 3 STREET","WEST 4 STREET","2026-04-20T00:00:00.000","7.61"
"314530390680390730","Brooklyn","AVENUE S","WEST 4 STREET","WEST 5 STREET","2018-05-07T00:00:00.000","7.56"
"314530390680390730","Brooklyn","AVENUE S","WEST 4 STREET","WEST 5 STREET","2018-05-21T00:00:00.000","8.24"
"314530390680390730","Brooklyn","AVENUE S","WEST 4 STREET","WEST 5 STREET","2019-03-20T00:00:00.000","7.5"
"314530390680390730","Brooklyn","AVENUE S","WEST 4 STREET","WEST 5 STREET","2020-11-09T00:00:00.000","10.0"
"314530390680390730","Brooklyn","AVENUE S","WEST 4 STREET","WEST 5 STREET","2021-11-06T00:00:00.000","10.0"
"314530390680390730","Brooklyn","AVENUE S","WEST 4 STREET","WEST 5 STREET","2023-02-27T00:00:00.000","9.11"
"314530390680390730","Brooklyn","AVENUE S","WEST 4 STREET","WEST 5 STREET","2024-02-26T00:00:00.000","9.93"
"314530390680390730","Brooklyn","AVENUE S","WEST 4 STREET","WEST 5 STREET","2025-03-18T00:00:00.000","9.93"
"314530390680390730","Brooklyn","AVENUE S","WEST 4 STREET","WEST 5 STREET","2026-04-20T00:00:00.000","7.95"
"314530390730390780","Brooklyn","AVENUE S","WEST 5 STREET","WEST 6 STREET","2018-05-07T00:00:00.000","8.86"
"314530390730390780","Brooklyn","AVENUE S","WEST 5 STREET","WEST 6 STREET","2018-05-21T00:00:00.000","9.03"
"314530390730390780","Brooklyn","AVENUE S","WEST 5 STREET","WEST 6 STREET","2019-03-20T00:00:00.000","7.78"
"314530390730390780","Brooklyn","AVENUE S","WEST 5 STREET","WEST 6 STREET","2020-11-09T00:00:00.000","10.0"
"314530390730390780","Brooklyn","AVENUE S","WEST 5 STREET","WEST 6 STREET","2021-11-06T00:00:00.000","9.11"
"314530390730390780","Brooklyn","AVENUE S","WEST 5 STREET","WEST 6 STREET","2023-02-27T00:00:00.000","9.93"
"314530390730390780","Brooklyn","AVENUE S","WEST 5 STREET","WEST 6 STREET","2024-02-26T00:00:00.000","9.11"
"314530390730390780","Brooklyn","AVENUE S","WEST 5 STREET","WEST 6 STREET","2025-03-18T00:00:00.000","9.11"
"314530390730390780","Brooklyn","AVENUE S","WEST 5 STREET","WEST 6 STREET","2026-04-20T00:00:00.000","8.05"
"314530390780390830","Brooklyn","AVENUE S","WEST 6 STREET","WEST 7 STREET","2018-05-07T00:00:00.000","8.77"
"314530390780390830","Brooklyn","AVENUE S","WEST 6 STREET","WEST 7 STREET","2018-05-21T00:00:00.000","6.18"
"314530390780390830","Brooklyn","AVENUE S","WEST 6 STREET","WEST 7 STREET","2019-03-20T00:00:00.000","9.01"
"314530390780390830","Brooklyn","AVENUE S","WEST 6 STREET","WEST 7 STREET","2020-11-09T00:00:00.000","9.19"
"314530390780390830","Brooklyn","AVENUE S","WEST 6 STREET","WEST 7 STREET","2021-11-06T00:00:00.000","10.0"
"314530390780390830","Brooklyn","AVENUE S","WEST 6 STREET","WEST 7 STREET","2023-02-27T00:00:00.000","7.24"
"314530390780390830","Brooklyn","AVENUE S","WEST 6 STREET","WEST 7 STREET","2024-02-26T00:00:00.000","9.93"
"314530390780390830","Brooklyn","AVENUE S","WEST 6 STREET","WEST 7 STREET","2025-03-18T00:00:00.000","8.05"
"314530390780390830","Brooklyn","AVENUE S","WEST 6 STREET","WEST 7 STREET","2026-04-20T00:00:00.000","8.71"
"314530390880390930","Brooklyn","AVENUE S","WEST 8 STREET","WEST 9 STREET","2018-05-07T00:00:00.000","6.69"
"314530390880390930","Brooklyn","AVENUE S","WEST 8 STREET","WEST 9 STREET","2018-05-21T00:00:00.000","6.81"
"314530390880390930","Brooklyn","AVENUE S","WEST 8 STREET","WEST 9 STREET","2019-03-20T00:00:00.000","7.61"
"314530390880390930","Brooklyn","AVENUE S","WEST 8 STREET","WEST 9 STREET","2020-11-09T00:00:00.000","9.19"
"314530390880390930","Brooklyn","AVENUE S","WEST 8 STREET","WEST 9 STREET","2021-11-06T00:00:00.000","9.11"
"314530390880390930","Brooklyn","AVENUE S","WEST 8 STREET","WEST 9 STREET","2023-02-27T00:00:00.000","8.49"
"314530390880390930","Brooklyn","AVENUE S","WEST 8 STREET","WEST 9 STREET","2024-02-26T00:00:00.000","7.64"
"314530390880390930","Brooklyn","AVENUE S","WEST 8 STREET","WEST 9 STREET","2025-03-18T00:00:00.000","8.72"
"314530390880390930","Brooklyn","AVENUE S","WEST 8 STREET","WEST 9 STREET","2026-04-20T00:00:00.000","7.54"
"314530390930390980","Brooklyn","AVENUE S","WEST 9 STREET","WEST 10 STREET","2018-05-07T00:00:00.000","5.62"
"314530390930390980","Brooklyn","AVENUE S","WEST 9 STREET","WEST 10 STREET","2018-05-21T00:00:00.000","5.19"
"314530390930390980","Brooklyn","AVENUE S","WEST 9 STREET","WEST 10 STREET","2019-03-20T00:00:00.000","6.18"
"314530390930390980","Brooklyn","AVENUE S","WEST 9 STREET","WEST 10 STREET","2020-11-09T00:00:00.000","10.0"
"314530390930390980","Brooklyn","AVENUE S","WEST 9 STREET","WEST 10 STREET","2021-11-06T00:00:00.000","10.0"
"314530390930390980","Brooklyn","AVENUE S","WEST 9 STREET","WEST 10 STREET","2023-02-27T00:00:00.000","9.83"
"314530390930390980","Brooklyn","AVENUE S","WEST 9 STREET","WEST 10 STREET","2024-02-26T00:00:00.000","9.69"
"314530390930390980","Brooklyn","AVENUE S","WEST 9 STREET","WEST 10 STREET","2025-03-18T00:00:00.000","7.81"
"314530390930390980","Brooklyn","AVENUE S","WEST 9 STREET","WEST 10 STREET","2026-04-20T00:00:00.000","9.93"
"314530390980391030","Brooklyn","AVENUE S","WEST 10 STREET","WEST 11 STREET","2018-05-07T00:00:00.000","4.94"
"314530390980391030","Brooklyn","AVENUE S","WEST 10 STREET","WEST 11 STREET","2018-05-21T00:00:00.000","5.45"
"314530390980391030","Brooklyn","AVENUE S","WEST 10 STREET","WEST 11 STREET","2019-03-20T00:00:00.000","6.57"
"314530390980391030","Brooklyn","AVENUE S","WEST 10 STREET","WEST 11 STREET","2020-11-09T00:00:00.000","10.0"
"314530390980391030","Brooklyn","AVENUE S","WEST 10 STREET","WEST 11 STREET","2021-11-06T00:00:00.000","10.0"
"314530390980391030","Brooklyn","AVENUE S","WEST 10 STREET","WEST 11 STREET","2023-02-27T00:00:00.000","9.03"
"314530390980391030","Brooklyn","AVENUE S","WEST 10 STREET","WEST 11 STREET","2024-02-26T00:00:00.000","9.93"
"314530390980391030","Brooklyn","AVENUE S","WEST 10 STREET","WEST 11 STREET","2025-03-18T00:00:00.000","9.93"
"314530390980391030","Brooklyn","AVENUE S","WEST 10 STREET","WEST 11 STREET","2026-04-20T00:00:00.000","9.83"
"314530391030391080","Brooklyn","AVENUE S","WEST 11 STREET","WEST 12 STREET","2018-05-07T00:00:00.000","7.26"
"314530391030391080","Brooklyn","AVENUE S","WEST 11 STREET","WEST 12 STREET","2018-05-21T00:00:00.000","7.94"
"314530391030391080","Brooklyn","AVENUE S","WEST 11 STREET","WEST 12 STREET","2019-03-20T00:00:00.000","7.31"
"314530391030391080","Brooklyn","AVENUE S","WEST 11 STREET","WEST 12 STREET","2020-11-09T00:00:00.000","10.0"
"314530391030391080","Brooklyn","AVENUE S","WEST 11 STREET","WEST 12 STREET","2021-11-06T00:00:00.000","10.0"
"314530391030391080","Brooklyn","AVENUE S","WEST 11 STREET","WEST 12 STREET","2023-03-01T00:00:00.000","9.93"
"314530391030391080","Brooklyn","AVENUE S","WEST 11 STREET","WEST 12 STREET","2024-02-26T00:00:00.000","9.93"
"314530391030391080","Brooklyn","AVENUE S","WEST 11 STREET","WEST 12 STREET","2025-03-18T00:00:00.000","8.15"
"314530391030391080","Brooklyn","AVENUE S","WEST 11 STREET","WEST 12 STREET","2026-04-20T00:00:00.000","7.95"
"314530391080391130","Brooklyn","AVENUE S","WEST 12 STREET","WEST 13 STREET","2018-05-07T00:00:00.000","6.76"
"314530391080391130","Brooklyn","AVENUE S","WEST 12 STREET","WEST 13 STREET","2018-05-21T00:00:00.000","8.1"
"314530391080391130","Brooklyn","AVENUE S","WEST 12 STREET","WEST 13 STREET","2019-03-20T00:00:00.000","7.43"
"314530391080391130","Brooklyn","AVENUE S","WEST 12 STREET","WEST 13 STREET","2020-11-09T00:00:00.000","10.0"
"314530391080391130","Brooklyn","AVENUE S","WEST 12 STREET","WEST 13 STREET","2021-11-06T00:00:00.000","10.0"
"314530391080391130","Brooklyn","AVENUE S","WEST 12 STREET","WEST 13 STREET","2023-03-01T00:00:00.000","9.83"
"314530391080391130","Brooklyn","AVENUE S","WEST 12 STREET","WEST 13 STREET","2024-02-26T00:00:00.000","9.93"
"314530391080391130","Brooklyn","AVENUE S","WEST 12 STREET","WEST 13 STREET","2025-03-18T00:00:00.000","9.93"
"314530391080391130","Brooklyn","AVENUE S","WEST 12 STREET","WEST 13 STREET","2026-04-20T00:00:00.000","7.95"
"314580318630335880","Brooklyn","AVENUE T","BEDFORD AVENUE","EAST 24 STREET","2018-05-23T00:00:00.000","7.99"
"314580318630335880","Brooklyn","AVENUE T","BEDFORD AVENUE","EAST 24 STREET","2018-09-04T00:00:00.000","8.14"
"314580318630335880","Brooklyn","AVENUE T","BEDFORD AVENUE","EAST 24 STREET","2019-10-22T00:00:00.000","7.69"
"314580318630335880","Brooklyn","AVENUE T","BEDFORD AVENUE","EAST 24 STREET","2021-06-01T00:00:00.000","10.0"
"314580318630335880","Brooklyn","AVENUE T","BEDFORD AVENUE","EAST 24 STREET","2022-06-23T00:00:00.000","10.0"
"314580318630335880","Brooklyn","AVENUE T","BEDFORD AVENUE","EAST 24 STREET","2022-08-13T00:00:00.000","10.0"
"314580318630335880","Brooklyn","AVENUE T","BEDFORD AVENUE","EAST 24 STREET","2023-10-31T00:00:00.000","10.0"
"314580318630335880","Brooklyn","AVENUE T","BEDFORD AVENUE","EAST 24 STREET","2025-02-08T00:00:00.000","9.93"
"314580318630335880","Brooklyn","AVENUE T","BEDFORD AVENUE","EAST 24 STREET","2026-04-08T00:00:00.000","9.93"
"314580335580335630","Brooklyn","AVENUE T","EAST 17 STREET","EAST 18 STREET","2018-05-23T00:00:00.000","8.05"
"314580335580335630","Brooklyn","AVENUE T","EAST 17 STREET","EAST 18 STREET","2018-09-04T00:00:00.000","8.05"
"314580335580335630","Brooklyn","AVENUE T","EAST 17 STREET","EAST 18 STREET","2019-09-18T00:00:00.000","9.01"
"314580335580335630","Brooklyn","AVENUE T","EAST 17 STREET","EAST 18 STREET","2021-06-01T00:00:00.000","5.5"
"314580335580335630","Brooklyn","AVENUE T","EAST 17 STREET","EAST 18 STREET","2022-06-23T00:00:00.000","8.66"
"314580335580335630","Brooklyn","AVENUE T","EAST 17 STREET","EAST 18 STREET","2022-08-13T00:00:00.000","7.61"
"314580335580335630","Brooklyn","AVENUE T","EAST 17 STREET","EAST 18 STREET","2023-10-31T00:00:00.000","6.75"
"314580335580335630","Brooklyn","AVENUE T","EAST 17 STREET","EAST 18 STREET","2025-02-08T00:00:00.000","4.91"
"314580335580335630","Brooklyn","AVENUE T","EAST 17 STREET","EAST 18 STREET","2026-04-08T00:00:00.000","6.6"
"314580335630335680","Brooklyn","AVENUE T","EAST 18 STREET","EAST 19 STREET","2018-05-23T00:00:00.000","9.11"
"314580335630335680","Brooklyn","AVENUE T","EAST 18 STREET","EAST 19 STREET","2018-09-04T00:00:00.000","9.11"
"314580335630335680","Brooklyn","AVENUE T","EAST 18 STREET","EAST 19 STREET","2019-09-18T00:00:00.000","9.11"
"314580335630335680","Brooklyn","AVENUE T","EAST 18 STREET","EAST 19 STREET","2021-06-01T00:00:00.000","7.15"
"314580335630335680","Brooklyn","AVENUE T","EAST 18 STREET","EAST 19 STREET","2022-06-23T00:00:00.000","7.52"
"314580335630335680","Brooklyn","AVENUE T","EAST 18 STREET","EAST 19 STREET","2022-08-13T00:00:00.000","7.86"
"314580335630335680","Brooklyn","AVENUE T","EAST 18 STREET","EAST 19 STREET","2023-10-31T00:00:00.000","5.94"
"314580335630335680","Brooklyn","AVENUE T","EAST 18 STREET","EAST 19 STREET","2025-02-08T00:00:00.000","5.21"
"314580335630335680","Brooklyn","AVENUE T","EAST 18 STREET","EAST 19 STREET","2026-04-08T00:00:00.000","7.15"
"314580335680367530","Brooklyn","AVENUE T","EAST 19 STREET","OCEAN AVENUE","2018-05-23T00:00:00.000","9.01"
"314580335680367530","Brooklyn","AVENUE T","EAST 19 STREET","OCEAN AVENUE","2018-09-04T00:00:00.000","9.93"
"314580335680367530","Brooklyn","AVENUE T","EAST 19 STREET","OCEAN AVENUE","2019-09-18T00:00:00.000","6.3"
"314580335680367530","Brooklyn","AVENUE T","EAST 19 STREET","OCEAN AVENUE","2021-06-01T00:00:00.000","6.2"
"314580335680367530","Brooklyn","AVENUE T","EAST 19 STREET","OCEAN AVENUE","2022-06-23T00:00:00.000","7.41"
"314580335680367530","Brooklyn","AVENUE T","EAST 19 STREET","OCEAN AVENUE","2022-08-13T00:00:00.000","7.51"
"314580335680367530","Brooklyn","AVENUE T","EAST 19 STREET","OCEAN AVENUE","2023-10-31T00:00:00.000","7.37"
"314580335680367530","Brooklyn","AVENUE T","EAST 19 STREET","OCEAN AVENUE","2025-02-08T00:00:00.000","4.29"
"314580335680367530","Brooklyn","AVENUE T","EAST 19 STREET","OCEAN AVENUE","2026-04-08T00:00:00.000","6.76"
"314580335730335780","Brooklyn","AVENUE T","EAST 21 STREET","EAST 22 STREET","2018-05-23T00:00:00.000","9.11"
"314580335730335780","Brooklyn","AVENUE T","EAST 21 STREET","EAST 22 STREET","2018-09-04T00:00:00.000","9.11"
"314580335730335780","Brooklyn","AVENUE T","EAST 21 STREET","EAST 22 STREET","2019-10-22T00:00:00.000","7.32"
"314580335730335780","Brooklyn","AVENUE T","EAST 21 STREET","EAST 22 STREET","2021-06-01T00:00:00.000","10.0"
"314580335730335780","Brooklyn","AVENUE T","EAST 21 STREET","EAST 22 STREET","2022-06-23T00:00:00.000","10.0"
"314580335730335780","Brooklyn","AVENUE T","EAST 21 STREET","EAST 22 STREET","2022-08-13T00:00:00.000","10.0"
"314580335730335780","Brooklyn","AVENUE T","EAST 21 STREET","EAST 22 STREET","2023-10-31T00:00:00.000","9.11"
"314580335730335780","Brooklyn","AVENUE T","EAST 21 STREET","EAST 22 STREET","2025-02-08T00:00:00.000","9.11"
"314580335730335780","Brooklyn","AVENUE T","EAST 21 STREET","EAST 22 STREET","2026-04-08T00:00:00.000","8.06"
"314580335730367530","Brooklyn","AVENUE T","EAST 21 STREET","OCEAN AVENUE","2018-05-23T00:00:00.000","8.86"
"314580335730367530","Brooklyn","AVENUE T","EAST 21 STREET","OCEAN AVENUE","2018-09-04T00:00:00.000","8.86"
"314580335730367530","Brooklyn","AVENUE T","EAST 21 STREET","OCEAN AVENUE","2019-10-22T00:00:00.000","7.69"
"314580335730367530","Brooklyn","AVENUE T","EAST 21 STREET","OCEAN AVENUE","2021-06-01T00:00:00.000","10.0"
"314580335730367530","Brooklyn","AVENUE T","EAST 21 STREET","OCEAN AVENUE","2022-06-23T00:00:00.000","10.0"
"314580335730367530","Brooklyn","AVENUE T","EAST 21 STREET","OCEAN AVENUE","2022-08-13T00:00:00.000","10.0"
"314580335730367530","Brooklyn","AVENUE T","EAST 21 STREET","OCEAN AVENUE","2023-10-31T00:00:00.000","10.0"
"314580335730367530","Brooklyn","AVENUE T","EAST 21 STREET","OCEAN AVENUE","2025-02-08T00:00:00.000","9.93"
"314580335730367530","Brooklyn","AVENUE T","EAST 21 STREET","OCEAN AVENUE","2026-04-08T00:00:00.000","9.93"
"314580335780335830","Brooklyn","AVENUE T","EAST 22 STREET","EAST 23 STREET","2018-05-23T00:00:00.000","7.11"
"314580335780335830","Brooklyn","AVENUE T","EAST 22 STREET","EAST 23 STREET","2018-09-04T00:00:00.000","8.86"
"314580335780335830","Brooklyn","AVENUE T","EAST 22 STREET","EAST 23 STREET","2019-10-22T00:00:00.000","7.5"
"314580335780335830","Brooklyn","AVENUE T","EAST 22 STREET","EAST 23 STREET","2021-06-01T00:00:00.000","10.0"
"314580335780335830","Brooklyn","AVENUE T","EAST 22 STREET","EAST 23 STREET","2022-06-23T00:00:00.000","10.0"
"314580335780335830","Brooklyn","AVENUE T","EAST 22 STREET","EAST 23 STREET","2022-08-13T00:00:00.000","10.0"
"314580335780335830","Brooklyn","AVENUE T","EAST 22 STREET","EAST 23 STREET","2023-10-31T00:00:00.000","10.0"
"314580335780335830","Brooklyn","AVENUE T","EAST 22 STREET","EAST 23 STREET","2025-02-08T00:00:00.000","9.93"
"314580335780335830","Brooklyn","AVENUE T","EAST 22 STREET","EAST 23 STREET","2026-04-08T00:00:00.000","9.93"
"314580335830335880","Brooklyn","AVENUE T","EAST 23 STREET","EAST 24 STREET","2018-05-23T00:00:00.000","7.13"
"314580335830335880","Brooklyn","AVENUE T","EAST 23 STREET","EAST 24 STREET","2018-09-04T00:00:00.000","8.86"
"314580335830335880","Brooklyn","AVENUE T","EAST 23 STREET","EAST 24 STREET","2019-10-22T00:00:00.000","8.49"
"314580335830335880","Brooklyn","AVENUE T","EAST 23 STREET","EAST 24 STREET","2021-06-01T00:00:00.000","10.0"
"314580335830335880","Brooklyn","AVENUE T","EAST 23 STREET","EAST 24 STREET","2022-06-23T00:00:00.000","10.0"
"314580335830335880","Brooklyn","AVENUE T","EAST 23 STREET","EAST 24 STREET","2022-08-13T00:00:00.000","10.0"
"314580335830335880","Brooklyn","AVENUE T","EAST 23 STREET","EAST 24 STREET","2023-10-31T00:00:00.000","10.0"
"314580335830335880","Brooklyn","AVENUE T","EAST 23 STREET","EAST 24 STREET","2025-02-23T00:00:00.000","9.83"
"314580335830335880","Brooklyn","AVENUE T","EAST 23 STREET","EAST 24 STREET","2026-04-08T00:00:00.000","7.95"
"314580390630390680","Brooklyn","AVENUE T","WEST 3 STREET","WEST 4 STREET","2018-05-21T00:00:00.000","9.93"
"314580390630390680","Brooklyn","AVENUE T","WEST 3 STREET","WEST 4 STREET","2018-05-22T00:00:00.000","10.0"
"314580390630390680","Brooklyn","AVENUE T","WEST 3 STREET","WEST 4 STREET","2019-04-17T00:00:00.000","9.93"
"314580390630390680","Brooklyn","AVENUE T","WEST 3 STREET","WEST 4 STREET","2020-11-09T00:00:00.000","8.0"
"314580390630390680","Brooklyn","AVENUE T","WEST 3 STREET","WEST 4 STREET","2021-11-06T00:00:00.000","9.59"
"314580390630390680","Brooklyn","AVENUE T","WEST 3 STREET","WEST 4 STREET","2023-03-01T00:00:00.000","6.18"
"314580390630390680","Brooklyn","AVENUE T","WEST 3 STREET","WEST 4 STREET","2024-02-26T00:00:00.000","8.39"
"314580390630390680","Brooklyn","AVENUE T","WEST 3 STREET","WEST 4 STREET","2025-03-18T00:00:00.000","7.96"
"314580390630390680","Brooklyn","AVENUE T","WEST 3 STREET","WEST 4 STREET","2026-04-24T00:00:00.000","9.83"
"314580390680390730","Brooklyn","AVENUE T","WEST 4 STREET","WEST 5 STREET","2018-05-21T00:00:00.000","9.93"
"314580390680390730","Brooklyn","AVENUE T","WEST 4 STREET","WEST 5 STREET","2018-05-22T00:00:00.000","10.0"
"314580390680390730","Brooklyn","AVENUE T","WEST 4 STREET","WEST 5 STREET","2019-03-20T00:00:00.000","9.11"
"314580390680390730","Brooklyn","AVENUE T","WEST 4 STREET","WEST 5 STREET","2020-11-09T00:00:00.000","9.11"
"314580390680390730","Brooklyn","AVENUE T","WEST 4 STREET","WEST 5 STREET","2021-11-06T00:00:00.000","10.0"
"314580390680390730","Brooklyn","AVENUE T","WEST 4 STREET","WEST 5 STREET","2023-03-01T00:00:00.000","7.81"
"314580390680390730","Brooklyn","AVENUE T","WEST 4 STREET","WEST 5 STREET","2024-02-26T00:00:00.000","9.69"
"314580390680390730","Brooklyn","AVENUE T","WEST 4 STREET","WEST 5 STREET","2025-03-18T00:00:00.000","9.11"
"314580390680390730","Brooklyn","AVENUE T","WEST 4 STREET","WEST 5 STREET","2026-04-24T00:00:00.000","9.93"
"314580390730390780","Brooklyn","AVENUE T","WEST 5 STREET","WEST 6 STREET","2018-05-21T00:00:00.000","9.93"
"314580390730390780","Brooklyn","AVENUE T","WEST 5 STREET","WEST 6 STREET","2018-05-22T00:00:00.000","10.0"
"314580390730390780","Brooklyn","AVENUE T","WEST 5 STREET","WEST 6 STREET","2019-03-20T00:00:00.000","10.0"
"314580390730390780","Brooklyn","AVENUE T","WEST 5 STREET","WEST 6 STREET","2020-11-09T00:00:00.000","10.0"
"314580390730390780","Brooklyn","AVENUE T","WEST 5 STREET","WEST 6 STREET","2021-11-06T00:00:00.000","9.95"
"314580390730390780","Brooklyn","AVENUE T","WEST 5 STREET","WEST 6 STREET","2023-03-01T00:00:00.000","8.75"
"314580390730390780","Brooklyn","AVENUE T","WEST 5 STREET","WEST 6 STREET","2024-02-26T00:00:00.000","9.01"
"314580390730390780","Brooklyn","AVENUE T","WEST 5 STREET","WEST 6 STREET","2025-03-18T00:00:00.000","8.05"
"314580390730390780","Brooklyn","AVENUE T","WEST 5 STREET","WEST 6 STREET","2026-04-24T00:00:00.000","7.9"
"314830334830334880","Brooklyn","AVENUE Y","EAST 1 STREET","EAST 2 STREET","2018-02-21T00:00:00.000","9.11"
"314830334830334880","Brooklyn","AVENUE Y","EAST 1 STREET","EAST 2 STREET","2018-05-22T00:00:00.000","9.83"
"314830334830334880","Brooklyn","AVENUE Y","EAST 1 STREET","EAST 2 STREET","2018-09-04T00:00:00.000","9.93"
"314830334830334880","Brooklyn","AVENUE Y","EAST 1 STREET","EAST 2 STREET","2019-09-17T00:00:00.000","9.93"
"314830334830334880","Brooklyn","AVENUE Y","EAST 1 STREET","EAST 2 STREET","2021-07-30T00:00:00.000","8.87"
"314830334830334880","Brooklyn","AVENUE Y","EAST 1 STREET","EAST 2 STREET","2022-08-04T00:00:00.000","9.93"
"314830334830334880","Brooklyn","AVENUE Y","EAST 1 STREET","EAST 2 STREET","2023-11-03T00:00:00.000","8.62"
"314830334830334880","Brooklyn","AVENUE Y","EAST 1 STREET","EAST 2 STREET","2025-03-19T00:00:00.000","7.8"
"314830334830334880","Brooklyn","AVENUE Y","EAST 1 STREET","EAST 2 STREET","2026-06-10T00:00:00.000","6.18"
"314830334830392430","Brooklyn","AVENUE Y","EAST 1 STREET","WEST STREET","2018-02-21T00:00:00.000","9.11"
"314830334830392430","Brooklyn","AVENUE Y","EAST 1 STREET","WEST STREET","2018-05-22T00:00:00.000","9.69"
"314830334830392430","Brooklyn","AVENUE Y","EAST 1 STREET","WEST STREET","2018-09-04T00:00:00.000","9.11"
"314830334830392430","Brooklyn","AVENUE Y","EAST 1 STREET","WEST STREET","2019-09-17T00:00:00.000","9.83"
"314830334830392430","Brooklyn","AVENUE Y","EAST 1 STREET","WEST STREET","2021-07-30T00:00:00.000","9.11"
"314830334830392430","Brooklyn","AVENUE Y","EAST 1 STREET","WEST STREET","2022-08-04T00:00:00.000","9.93"
"314830334830392430","Brooklyn","AVENUE Y","EAST 1 STREET","WEST STREET","2023-11-03T00:00:00.000","6.85"
"314830334830392430","Brooklyn","AVENUE Y","EAST 1 STREET","WEST STREET","2025-03-19T00:00:00.000","6.18"
"314830334830392430","Brooklyn","AVENUE Y","EAST 1 STREET","WEST STREET","2026-06-10T00:00:00.000","6.04"
"314830334880334930","Brooklyn","AVENUE Y","EAST 2 STREET","EAST 3 STREET","2018-02-21T00:00:00.000","9.93"
"314830334880334930","Brooklyn","AVENUE Y","EAST 2 STREET","EAST 3 STREET","2018-05-22T00:00:00.000","9.83"
"314830334880334930","Brooklyn","AVENUE Y","EAST 2 STREET","EAST 3 STREET","2018-09-04T00:00:00.000","9.93"
"314830334880334930","Brooklyn","AVENUE Y","EAST 2 STREET","EAST 3 STREET","2019-09-17T00:00:00.000","9.83"
"314830334880334930","Brooklyn","AVENUE Y","EAST 2 STREET","EAST 3 STREET","2021-07-30T00:00:00.000","9.41"
"314830334880334930","Brooklyn","AVENUE Y","EAST 2 STREET","EAST 3 STREET","2022-08-05T00:00:00.000","9.93"
"314830334880334930","Brooklyn","AVENUE Y","EAST 2 STREET","EAST 3 STREET","2023-11-03T00:00:00.000","8.71"
"314830334880334930","Brooklyn","AVENUE Y","EAST 2 STREET","EAST 3 STREET","2025-03-19T00:00:00.000","7.05"
"314830334880334930","Brooklyn","AVENUE Y","EAST 2 STREET","EAST 3 STREET","2026-06-10T00:00:00.000","5.88"
"314830334930367730","Brooklyn","AVENUE Y","EAST 3 STREET","OCEAN PARKWAY","2018-02-21T00:00:00.000","9.93"
"314830334930367730","Brooklyn","AVENUE Y","EAST 3 STREET","OCEAN PARKWAY","2018-05-22T00:00:00.000","9.93"
"314830334930367730","Brooklyn","AVENUE Y","EAST 3 STREET","OCEAN PARKWAY","2018-09-04T00:00:00.000","9.93"
"314830334930367730","Brooklyn","AVENUE Y","EAST 3 STREET","OCEAN PARKWAY","2019-09-17T00:00:00.000","9.93"
"314830334930367730","Brooklyn","AVENUE Y","EAST 3 STREET","OCEAN PARKWAY","2021-07-30T00:00:00.000","9.11"
"314830334930367730","Brooklyn","AVENUE Y","EAST 3 STREET","OCEAN PARKWAY","2022-08-04T00:00:00.000","9.11"
"314830334930367730","Brooklyn","AVENUE Y","EAST 3 STREET","OCEAN PARKWAY","2023-11-03T00:00:00.000","9.44"
"314830334930367730","Brooklyn","AVENUE Y","EAST 3 STREET","OCEAN PARKWAY","2025-03-19T00:00:00.000","6.18"
"314830334930367730","Brooklyn","AVENUE Y","EAST 3 STREET","OCEAN PARKWAY","2026-06-10T00:00:00.000","6.99"
"314830390530390580","Brooklyn","AVENUE Y","WEST 1 STREET","WEST 2 STREET","2018-02-21T00:00:00.000","9.11"
"314830390530390580","Brooklyn","AVENUE Y","WEST 1 STREET","WEST 2 STREET","2018-05-22T00:00:00.000","9.93"
"314830390530390580","Brooklyn","AVENUE Y","WEST 1 STREET","WEST 2 STREET","2018-09-04T00:00:00.000","9.11"
"314830390530390580","Brooklyn","AVENUE Y","WEST 1 STREET","WEST 2 STREET","2019-09-17T00:00:00.000","9.93"
"314830390530390580","Brooklyn","AVENUE Y","WEST 1 STREET","WEST 2 STREET","2021-07-30T00:00:00.000","8.24"
"314830390530390580","Brooklyn","AVENUE Y","WEST 1 STREET","WEST 2 STREET","2022-08-05T00:00:00.000","9.93"
"314830390530390580","Brooklyn","AVENUE Y","WEST 1 STREET","WEST 2 STREET","2023-11-03T00:00:00.000","8.86"
"314830390530390580","Brooklyn","AVENUE Y","WEST 1 STREET","WEST 2 STREET","2025-03-26T00:00:00.000","6.99"
"314830390530390580","Brooklyn","AVENUE Y","WEST 1 STREET","WEST 2 STREET","2026-06-10T00:00:00.000","6.33"
"314830390530392430","Brooklyn","AVENUE Y","WEST 1 STREET","WEST STREET","2018-02-21T00:00:00.000","9.11"
"314830390530392430","Brooklyn","AVENUE Y","WEST 1 STREET","WEST STREET","2018-05-22T00:00:00.000","9.11"
"314830390530392430","Brooklyn","AVENUE Y","WEST 1 STREET","WEST STREET","2018-09-04T00:00:00.000","9.93"
"314830390530392430","Brooklyn","AVENUE Y","WEST 1 STREET","WEST STREET","2019-09-17T00:00:00.000","9.83"
"314830390530392430","Brooklyn","AVENUE Y","WEST 1 STREET","WEST STREET","2021-07-30T00:00:00.000","9.93"
"314830390530392430","Brooklyn","AVENUE Y","WEST 1 STREET","WEST STREET","2022-08-05T00:00:00.000","9.93"
"314830390530392430","Brooklyn","AVENUE Y","WEST 1 STREET","WEST STREET","2023-11-03T00:00:00.000","6.85"
"314830390530392430","Brooklyn","AVENUE Y","WEST 1 STREET","WEST STREET","2025-03-19T00:00:00.000","6.18"
"314830390530392430","Brooklyn","AVENUE Y","WEST 1 STREET","WEST STREET","2026-06-10T00:00:00.000","6.18"
"314830390580390630","Brooklyn","AVENUE Y","WEST 2 STREET","WEST 3 STREET","2018-02-21T00:00:00.000","8.4"
"314830390580390630","Brooklyn","AVENUE Y","WEST 2 STREET","WEST 3 STREET","2018-05-22T00:00:00.000","8.49"
"314830390580390630","Brooklyn","AVENUE Y","WEST 2 STREET","WEST 3 STREET","2018-09-04T00:00:00.000","9.93"
"314830390580390630","Brooklyn","AVENUE Y","WEST 2 STREET","WEST 3 STREET","2019-09-17T00:00:00.000","9.11"
"314830390580390630","Brooklyn","AVENUE Y","WEST 2 STREET","WEST 3 STREET","2021-07-30T00:00:00.000","9.01"
"314830390580390630","Brooklyn","AVENUE Y","WEST 2 STREET","WEST 3 STREET","2022-08-05T00:00:00.000","9.93"
"314830390580390630","Brooklyn","AVENUE Y","WEST 2 STREET","WEST 3 STREET","2023-11-03T00:00:00.000","8.49"
"314830390580390630","Brooklyn","AVENUE Y","WEST 2 STREET","WEST 3 STREET","2025-03-26T00:00:00.000","7.99"
"314830390580390630","Brooklyn","AVENUE Y","WEST 2 STREET","WEST 3 STREET","2026-06-10T00:00:00.000","7.54"
"320830313430355830","Brooklyn","BRADFORD STREET","ATLANTIC AVENUE","LIBERTY AVENUE","2018-03-19T00:00:00.000","6.91"
"320830313430355830","Brooklyn","BRADFORD STREET","ATLANTIC AVENUE","LIBERTY AVENUE","2018-03-27T00:00:00.000","9.59"
"320830313430355830","Brooklyn","BRADFORD STREET","ATLANTIC AVENUE","LIBERTY AVENUE","2018-09-21T00:00:00.000","6.81"
"320830313430355830","Brooklyn","BRADFORD STREET","ATLANTIC AVENUE","LIBERTY AVENUE","2019-10-26T00:00:00.000","6.75"
"320830313430355830","Brooklyn","BRADFORD STREET","ATLANTIC AVENUE","LIBERTY AVENUE","2021-06-18T00:00:00.000","5.05"
"320830313430355830","Brooklyn","BRADFORD STREET","ATLANTIC AVENUE","LIBERTY AVENUE","2022-07-03T00:00:00.000","9.93"
"320830313430355830","Brooklyn","BRADFORD STREET","ATLANTIC AVENUE","LIBERTY AVENUE","2023-07-29T00:00:00.000","6.99"
"320830313430355830","Brooklyn","BRADFORD STREET","ATLANTIC AVENUE","LIBERTY AVENUE","2024-08-06T00:00:00.000","6.31"
"320830313430355830","Brooklyn","BRADFORD STREET","ATLANTIC AVENUE","LIBERTY AVENUE","2025-11-28T00:00:00.000","6.87"
"320830318830370930","Brooklyn","BRADFORD STREET","BELMONT AVENUE","PITKIN AVENUE","2018-03-19T00:00:00.000","10.0"
"320830318830370930","Brooklyn","BRADFORD STREET","BELMONT AVENUE","PITKIN AVENUE","2018-03-27T00:00:00.000","10.0"
"320830318830370930","Brooklyn","BRADFORD STREET","BELMONT AVENUE","PITKIN AVENUE","2018-09-21T00:00:00.000","10.0"
"320830318830370930","Brooklyn","BRADFORD STREET","BELMONT AVENUE","PITKIN AVENUE","2019-10-26T00:00:00.000","9.19"
"320830318830370930","Brooklyn","BRADFORD STREET","BELMONT AVENUE","PITKIN AVENUE","2021-06-18T00:00:00.000","9.19"
"320830318830370930","Brooklyn","BRADFORD STREET","BELMONT AVENUE","PITKIN AVENUE","2022-07-03T00:00:00.000","9.93"
"320830318830370930","Brooklyn","BRADFORD STREET","BELMONT AVENUE","PITKIN AVENUE","2023-07-29T00:00:00.000","9.93"
"320830318830370930","Brooklyn","BRADFORD STREET","BELMONT AVENUE","PITKIN AVENUE","2024-08-06T00:00:00.000","8.14"
"320830318830370930","Brooklyn","BRADFORD STREET","BELMONT AVENUE","PITKIN AVENUE","2025-10-07T00:00:00.000","7.62"
"320830318830383730","Brooklyn","BRADFORD STREET","BELMONT AVENUE","SUTTER AVENUE","2018-03-19T00:00:00.000","10.0"
"320830318830383730","Brooklyn","BRADFORD STREET","BELMONT AVENUE","SUTTER AVENUE","2018-03-27T00:00:00.000","10.0"
"320830318830383730","Brooklyn","BRADFORD STREET","BELMONT AVENUE","SUTTER AVENUE","2018-09-21T00:00:00.000","10.0"
"320830318830383730","Brooklyn","BRADFORD STREET","BELMONT AVENUE","SUTTER AVENUE","2019-10-26T00:00:00.000","9.19"
"320830318830383730","Brooklyn","BRADFORD STREET","BELMONT AVENUE","SUTTER AVENUE","2021-06-18T00:00:00.000","9.19"
"320830318830383730","Brooklyn","BRADFORD STREET","BELMONT AVENUE","SUTTER AVENUE","2022-07-03T00:00:00.000","9.19"
"320830318830383730","Brooklyn","BRADFORD STREET","BELMONT AVENUE","SUTTER AVENUE","2023-07-29T00:00:00.000","10.0"
"320830318830383730","Brooklyn","BRADFORD STREET","BELMONT AVENUE","SUTTER AVENUE","2024-08-06T00:00:00.000","9.93"
"320830318830383730","Brooklyn","BRADFORD STREET","BELMONT AVENUE","SUTTER AVENUE","2025-10-07T00:00:00.000","8.51"
"347170328220347155","Brooklyn","HARBOR VIEW TERRACE","COLONIAL COURT","HARBOR LANE","2020-09-03T00:00:00.000","8.86"
"347170328220347155","Brooklyn","HARBOR VIEW TERRACE","COLONIAL COURT","HARBOR LANE","2020-09-03T00:00:00.000","8.86"
"347170328220347155","Brooklyn","HARBOR VIEW TERRACE","COLONIAL COURT","HARBOR LANE","2022-02-15T00:00:00.000","9.11"
"347170328220347155","Brooklyn","HARBOR VIEW TERRACE","COLONIAL COURT","HARBOR LANE","2022-02-15T00:00:00.000","9.11"
"347170328220347155","Brooklyn","HARBOR VIEW TERRACE","COLONIAL COURT","HARBOR LANE","2022-06-10T00:00:00.000","9.19"
"347170328220347155","Brooklyn","HARBOR VIEW TERRACE","COLONIAL COURT","HARBOR LANE","2022-06-10T00:00:00.000","9.19"
"347170328220347155","Brooklyn","HARBOR VIEW TERRACE","COLONIAL COURT","HARBOR LANE","2023-02-27T00:00:00.000","9.03"
"347170328220347155","Brooklyn","HARBOR VIEW TERRACE","COLONIAL COURT","HARBOR LANE","2023-02-27T00:00:00.000","9.03"
"347170328220347155","Brooklyn","HARBOR VIEW TERRACE","COLONIAL COURT","HARBOR LANE","2023-10-18T00:00:00.000","9.19"
"347170328220347155","Brooklyn","HARBOR VIEW TERRACE","COLONIAL COURT","HARBOR LANE","2023-10-18T00:00:00.000","9.19"
"347170328220347155","Brooklyn","HARBOR VIEW TERRACE","COLONIAL COURT","HARBOR LANE","2024-02-29T00:00:00.000","9.11"
"347170328220347155","Brooklyn","HARBOR VIEW TERRACE","COLONIAL COURT","HARBOR LANE","2024-02-29T00:00:00.000","9.11"
"347170328220347155","Brooklyn","HARBOR VIEW TERRACE","COLONIAL COURT","HARBOR LANE","2024-10-09T00:00:00.000","9.11"
"347170328220347155","Brooklyn","HARBOR VIEW TERRACE","COLONIAL COURT","HARBOR LANE","2024-10-09T00:00:00.000","9.11"
"347170328220347155","Brooklyn","HARBOR VIEW TERRACE","COLONIAL COURT","HARBOR LANE","2025-04-30T00:00:00.000","10.0"
"347170328220347155","Brooklyn","HARBOR VIEW TERRACE","COLONIAL COURT","HARBOR LANE","2025-04-30T00:00:00.000","10.0"
"347170328220347155","Brooklyn","HARBOR VIEW TERRACE","COLONIAL COURT","HARBOR LANE","2026-03-19T00:00:00.000","7.8"
"347170328220347155","Brooklyn","HARBOR VIEW TERRACE","COLONIAL COURT","HARBOR LANE","2026-03-19T00:00:00.000","7.8"
"347170328220347155","Brooklyn","HARBOR VIEW TERRACE","COLONIAL COURT","HARBOR LANE","2026-04-23T00:00:00.000","8.05"
"347170328220347155","Brooklyn","HARBOR VIEW TERRACE","COLONIAL COURT","HARBOR LANE","2026-04-23T00:00:00.000","8.05"
"360530368250375760","Brooklyn","METROPOLITAN AVENUE","ONDERDONK AVENUE","SCOTT AVENUE","2018-07-20T00:00:00.000","9.93"
"360530368250375760","Brooklyn","METROPOLITAN AVENUE","ONDERDONK AVENUE","SCOTT AVENUE","2018-07-20T00:00:00.000","9.93"
"360530368250375760","Brooklyn","METROPOLITAN AVENUE","ONDERDONK AVENUE","SCOTT AVENUE","2018-08-08T00:00:00.000","8.62"
"360530368250375760","Brooklyn","METROPOLITAN AVENUE","ONDERDONK AVENUE","SCOTT AVENUE","2018-08-08T00:00:00.000","8.62"
"360530368250375760","Brooklyn","METROPOLITAN AVENUE","ONDERDONK AVENUE","SCOTT AVENUE","2020-01-28T00:00:00.000","6.99"
"360530368250375760","Brooklyn","METROPOLITAN AVENUE","ONDERDONK AVENUE","SCOTT AVENUE","2020-01-28T00:00:00.000","9.03"
"360530368250375760","Brooklyn","METROPOLITAN AVENUE","ONDERDONK AVENUE","SCOTT AVENUE","2020-01-28T00:00:00.000","6.99"
"360530368250375760","Brooklyn","METROPOLITAN AVENUE","ONDERDONK AVENUE","SCOTT AVENUE","2020-01-28T00:00:00.000","9.03"
"360530368250375760","Brooklyn","METROPOLITAN AVENUE","ONDERDONK AVENUE","SCOTT AVENUE","2020-09-28T00:00:00.000","5.94"
"360530368250375760","Brooklyn","METROPOLITAN AVENUE","ONDERDONK AVENUE","SCOTT AVENUE","2020-09-28T00:00:00.000","6.75"
"360530368250375760","Brooklyn","METROPOLITAN AVENUE","ONDERDONK AVENUE","SCOTT AVENUE","2020-09-28T00:00:00.000","5.94"
"360530368250375760","Brooklyn","METROPOLITAN AVENUE","ONDERDONK AVENUE","SCOTT AVENUE","2020-09-28T00:00:00.000","6.75"
"360530368250375760","Brooklyn","METROPOLITAN AVENUE","ONDERDONK AVENUE","SCOTT AVENUE","2021-11-16T00:00:00.000","9.93"
"360530368250375760","Brooklyn","METROPOLITAN AVENUE","ONDERDONK AVENUE","SCOTT AVENUE","2021-11-16T00:00:00.000","9.93"
"360530368250375760","Brooklyn","METROPOLITAN AVENUE","ONDERDONK AVENUE","SCOTT AVENUE","2021-11-16T00:00:00.000","9.93"
"360530368250375760","Brooklyn","METROPOLITAN AVENUE","ONDERDONK AVENUE","SCOTT AVENUE","2021-11-16T00:00:00.000","9.93"
"360530368250375760","Brooklyn","METROPOLITAN AVENUE","ONDERDONK AVENUE","SCOTT AVENUE","2022-04-20T00:00:00.000","9.93"
"360530368250375760","Brooklyn","METROPOLITAN AVENUE","ONDERDONK AVENUE","SCOTT AVENUE","2022-04-20T00:00:00.000","9.93"
"360530368250375760","Brooklyn","METROPOLITAN AVENUE","ONDERDONK AVENUE","SCOTT AVENUE","2022-12-13T00:00:00.000","9.93"
"360530368250375760","Brooklyn","METROPOLITAN AVENUE","ONDERDONK AVENUE","SCOTT AVENUE","2022-12-13T00:00:00.000","9.93"
"360530368250375760","Brooklyn","METROPOLITAN AVENUE","ONDERDONK AVENUE","SCOTT AVENUE","2023-02-08T00:00:00.000","8.31"
"360530368250375760","Brooklyn","METROPOLITAN AVENUE","ONDERDONK AVENUE","SCOTT AVENUE","2023-02-08T00:00:00.000","8.31"
"360530368250375760","Brooklyn","METROPOLITAN AVENUE","ONDERDONK AVENUE","SCOTT AVENUE","2023-02-08T00:00:00.000","10.0"
"360530368250375760","Brooklyn","METROPOLITAN AVENUE","ONDERDONK AVENUE","SCOTT AVENUE","2023-02-08T00:00:00.000","10.0"
"360530368250375760","Brooklyn","METROPOLITAN AVENUE","ONDERDONK AVENUE","SCOTT AVENUE","2024-05-29T00:00:00.000","9.93"
"360530368250375760","Brooklyn","METROPOLITAN AVENUE","ONDERDONK AVENUE","SCOTT AVENUE","2024-05-29T00:00:00.000","9.93"
"360530368250375760","Brooklyn","METROPOLITAN AVENUE","ONDERDONK AVENUE","SCOTT AVENUE","2024-06-23T00:00:00.000","9.69"
"360530368250375760","Brooklyn","METROPOLITAN AVENUE","ONDERDONK AVENUE","SCOTT AVENUE","2024-06-23T00:00:00.000","9.69"
"360530368250375760","Brooklyn","METROPOLITAN AVENUE","ONDERDONK AVENUE","SCOTT AVENUE","2024-06-23T00:00:00.000","9.58"
"360530368250375760","Brooklyn","METROPOLITAN AVENUE","ONDERDONK AVENUE","SCOTT AVENUE","2024-06-23T00:00:00.000","9.58"
"554300531785550410","Staten Island","WASHINGTON AVENUE","HAROLD STREET","SUNSET AVENUE","2018-09-19T00:00:00.000","4.72"
"554300531785550410","Staten Island","WASHINGTON AVENUE","HAROLD STREET","SUNSET AVENUE","2018-09-19T00:00:00.000","4.72"
"554300531785550410","Staten Island","WASHINGTON AVENUE","HAROLD STREET","SUNSET AVENUE","2019-08-15T00:00:00.000","6.16"
"554300531785550410","Staten Island","WASHINGTON AVENUE","HAROLD STREET","SUNSET AVENUE","2019-08-15T00:00:00.000","6.16"
"554300531785550410","Staten Island","WASHINGTON AVENUE","HAROLD STREET","SUNSET AVENUE","2021-08-13T00:00:00.000","10.0"
"554300531785550410","Staten Island","WASHINGTON AVENUE","HAROLD STREET","SUNSET AVENUE","2021-08-13T00:00:00.000","10.0"
"554300531785550410","Staten Island","WASHINGTON AVENUE","HAROLD STREET","SUNSET AVENUE","2022-04-22T00:00:00.000","9.93"
"554300531785550410","Staten Island","WASHINGTON AVENUE","HAROLD STREET","SUNSET AVENUE","2022-04-22T00:00:00.000","9.93"
"554300531785550410","Staten Island","WASHINGTON AVENUE","HAROLD STREET","SUNSET AVENUE","2022-09-20T00:00:00.000","8.08"
"554300531785550410","Staten Island","WASHINGTON AVENUE","HAROLD STREET","SUNSET AVENUE","2022-09-20T00:00:00.000","8.08"
"554300531785550410","Staten Island","WASHINGTON AVENUE","HAROLD STREET","SUNSET AVENUE","2023-07-10T00:00:00.000","10.0"
"554300531785550410","Staten Island","WASHINGTON AVENUE","HAROLD STREET","SUNSET AVENUE","2023-07-10T00:00:00.000","10.0"
"554300531785550410","Staten Island","WASHINGTON AVENUE","HAROLD STREET","SUNSET AVENUE","2023-10-13T00:00:00.000","9.93"
"554300531785550410","Staten Island","WASHINGTON AVENUE","HAROLD STREET","SUNSET AVENUE","2023-10-13T00:00:00.000","9.93"
"554300531785550410","Staten Island","WASHINGTON AVENUE","HAROLD STREET","SUNSET AVENUE","2024-07-26T00:00:00.000","9.93"
"554300531785550410","Staten Island","WASHINGTON AVENUE","HAROLD STREET","SUNSET AVENUE","2024-07-26T00:00:00.000","9.93"
"554300531785550410","Staten Island","WASHINGTON AVENUE","HAROLD STREET","SUNSET AVENUE","2025-04-08T00:00:00.000","9.93"
"554300531785550410","Staten Island","WASHINGTON AVENUE","HAROLD STREET","SUNSET AVENUE","2025-04-08T00:00:00.000","9.93"
"554300531785550410","Staten Island","WASHINGTON AVENUE","HAROLD STREET","SUNSET AVENUE","2026-07-22T00:00:00.000","9.01"
"554300531785550410","Staten Island","WASHINGTON AVENUE","HAROLD STREET","SUNSET AVENUE","2026-07-22T00:00:00.000","9.01"
